Paint_ID,Company,Brand,Product_Line,Product_Line_Code,Paint_Code,Paint_Name,Normalized_Name,Hex,R,G,B,RGB,Paint_Type,Status,Source,Notes,Swatch,GW_Match_Paint_ID,GW_Match_Name,GW_Match_Product_Line,GW_Match_Paint_Type,GW_Match_Hex,GW_Match_RGB,Comparison_Page,Match_Distance,Match_Confidence,Match_Method,AK_Match_Code,AK_Match_Name,Vallejo_Model_Match_Code,Vallejo_Model_Match_Name,Vallejo_Game_Match_Code,Vallejo_Game_Match_Name,Match_Source,Review_Flag,Review_Notes,Normalized_Paint_Type_Helper,Speedpaint_Match_Count,Speedpaint_Resolved_Count,Speedpaint_Hex_Fill_Source,Top_Match_Company,Top_Match_Brand,Top_Match_Product_Line,Top_Match_Paint_Type,Top_Match_Paint_ID,Top_Match_Name,Top_Match_Hex,Top_Match_RGB,Top_Match_Similarity,AP_Internal_Match_Paint_ID,AP_Internal_Match_Name,AP_Internal_Match_Product_Line,AP_Internal_Match_Hex,AP_Internal_Match_RGB,AP_Internal_Match_Similarity,Pro_Acryl_Match_Paint_ID,Pro_Acryl_Match_Name,Pro_Acryl_Match_Hex,Pro_Acryl_Match_RGB,Pro_Acryl_Match_Similarity,Speedpaint_Data_Source,AK_Match_Paint_ID,AK_Match_Hex,AK_Match_RGB,AK_Match_Similarity,Vallejo_Model_Match_Paint_ID,Vallejo_Model_Match_Hex,Vallejo_Model_Match_RGB,Vallejo_Model_Match_Similarity,Vallejo_Game_Match_Paint_ID,Vallejo_Game_Match_Hex,Vallejo_Game_Match_RGB,Vallejo_Game_Match_Similarity
AP_SPEEDPAINT_ABSOLUTION_GREEN,Army Painter,Speedpaint,Speedpaint,SPEEDPAINT,,Absolution Green,ABSOLUTION_GREEN,#00401F,0,64,31,"0,64,31",Speedpaint,Active/Unknown,A3_Speedpaint_Practical_Naming_Chart.pdf,Official Speedpaint 2.0 practical naming chart; relationships deferred Hex/RG...,#00401F,GW_BASE_CALIBAN_GREEN,Caliban Green,Base,Base,#00401F,"0, 64, 31",ArmyCrafter Speedpaint similarity pages (copied to DOCX),0,Medium,95.6% similarity,AK-11146,Dark Green,,,,,ArmyCrafter Speedpaint Similarity,,,Speedpaint,3,3,Inferred from Citadel Base Caliban Green (95.6% similar),Games Workshop,Citadel,Base,Base,GW_BASE_CALIBAN_GREEN,Caliban Green,#00401F,"0, 64, 31",95.6,,,,,,,,,,,,ArmyCrafter Speedpaint similarity pages (copied to DOCX),AK_3GEN_DARK_GREEN,#23461E,35:70:30,95.4,,,,,,,,
AP_SPEEDPAINT_AGED_HIDE,Army Painter,Speedpaint,Speedpaint,SPEEDPAINT,,Aged Hide,AGED_HIDE,#EB5F4D,235,95,77,"235,95,77",Speedpaint,Active/Unknown,A3_Speedpaint_Practical_Naming_Chart.pdf,Official Speedpaint 2.0 practical naming chart; relationships deferred Hex/RG...,#EB5F4D,,,,,,,ArmyCrafter Speedpaint similarity pages (copied to DOCX),,Medium,,,,71.082,Red Fluorescent,,,,,,Speedpaint,4,4,Inferred from Vallejo Model Air Red Fluorescent (96.0% similar),Vallejo,Model Air,Model Air,Acrylic Paint,VAL_MODEL_AIR_RED_FLUORESCENT,Red Fluorescent,#EB5F4D,"235,95,77",96,AP_FANATIC_SACRED_SCARLET,Sacred Scarlet,Fanatic,,,96.4,,,,,,ArmyCrafter Speedpaint similarity pages (copied to DOCX),,,,,VAL_MODEL_AIR_RED_FLUORESCENT,#EB5F4D,"235,95,77",96,,,,
AP_SPEEDPAINT_ALGAE_GREEN,Army Painter,Speedpaint,Speedpaint,SPEEDPAINT,,Algae Green,ALGAE_GREEN,#9DA94B,157,169,75,"157,169,75",Speedpaint,Active/Unknown,A3_Speedpaint_Practical_Naming_Chart.pdf,Official Speedpaint 2.0 practical naming chart; relationships deferred Hex/RG...,#9DA94B,GW_LAYER_OGRYN_CAMO,Ogryn Camo,Layer,Layer,#9DA94B,"157, 169, 75",ArmyCrafter Speedpaint similarity pages (copied to DOCX),0,High,97.3% similarity,,,,,,,ArmyCrafter Speedpaint Similarity,,,Speedpaint,2,2,Inferred from Citadel Layer Ogryn Camo (97.3% similar),Games Workshop,Citadel,Layer,Layer,GW_LAYER_OGRYN_CAMO,Ogryn Camo,#9DA94B,"157, 169, 75",97.3,,,,,,,,,,,,ArmyCrafter Speedpaint similarity pages (copied to DOCX),,,,,,,,,,,,
AP_SPEEDPAINT_ANCIENT_HONEY,Army Painter,Speedpaint,Speedpaint,SPEEDPAINT,,Ancient Honey,ANCIENT_HONEY,#E9BD39,233,189,57,"233,189,57",Speedpaint,Active/Unknown,A3_Speedpaint_Practical_Naming_Chart.pdf,Official Speedpaint 2.0 practical naming chart; relationships deferred Hex/RG...,#E9BD39,GW_CONTRAST_BAD_MOON_YELLOW,Bad Moon Yellow,Contrast,Contrast,#F4D000,"244, 208, 0",ArmyCrafter Speedpaint similarity pages (copied to DOCX),61.08,High,97.6% similarity,AK-11035,Sand Yellow,70.915,Deep Yellow,72.005,Moon Yellow,ArmyCrafter Speedpaint Similarity,,,Speedpaint,12,11,Inferred from AK Interactive 3rd Gen Acrylic Sand Yellow (97.8% similar),AK Interactive,AK 3rd Gen,3rd Gen,Acrylic/Metallic comparison color,AK_3GEN_SAND_YELLOW,Sand Yellow,#E9BD39,233:189:57,97.8,AP_FANATIC_DAEMONIC_YELLOW,Daemonic Yellow,Fanatic,#FADA06,"250,218,6",97.2,PA_PRO_ACRYL_WARM_YELLOW,Warm Yellow,#FCB825,"252,184,37",96.5,ArmyCrafter Speedpaint similarity pages (copied to DOCX),AK_3GEN_SAND_YELLOW,#E9BD39,233:189:57,97.8,VAL_MODEL_COLOR_DEEP_YELLOW,#FFE30C,"255,227,12",96.6,VAL_GAME_COLOR_MOON_YELLOW,#FFF103,"255,241,3",96.9
AP_SPEEDPAINT_ASHEN_STONE,Army Painter,Speedpaint,Speedpaint,SPEEDPAINT,,Ashen Stone,ASHEN_STONE,#B3BEBF,179,190,191,"179,190,191",Speedpaint,Active/Unknown,A3_Speedpaint_Practical_Naming_Chart.pdf,Official Speedpaint 2.0 practical naming chart; relationships deferred Hex/RG...,#B3BEBF,,,,,,,ArmyCrafter Speedpaint similarity pages (copied to DOCX),,High,,AK-11162,Spectrum Blue,70.961,Sky Blue,72.047,Wolf Grey,,,,Speedpaint,11,6,Inferred from AK Interactive 3rd Gen Acrylic Spectrum Blue (98.2% similar),AK Interactive,AK 3rd Gen,3rd Gen,Acrylic/Metallic comparison color,AK_3GEN_SPECTRUM_BLUE,Spectrum Blue,#B3BEBF,179:190:191,98.2,AP_SPEEDPAINT_BATTLESHIP_GREY,Battleship Grey,Speedpaint,,,95.6,,,,,,ArmyCrafter Speedpaint similarity pages (copied to DOCX),AK_3GEN_SPECTRUM_BLUE,#B3BEBF,179:190:191,98.2,VAL_MODEL_COLOR_SKY_BLUE,#86D6F7,"134,214,247",96.4,VAL_GAME_COLOR_WOLF_GREY,#5B8093,"91,128,147",95.6
AP_SPEEDPAINT_AZTEC_GOLD,Army Painter,Speedpaint,Speedpaint,SPEEDPAINT,,Aztec Gold,AZTEC_GOLD,,,,,,Speedpaint Metallic,Active/Unknown,A3_Speedpaint_Practical_Naming_Chart.pdf,Official Speedpaint 2.0 practical naming chart; relationships deferred,,,,,,,,A3_Speedpaint_Practical_Naming_Chart.pdf,,,,,,,,,,,,,Speedpaint,,,,,,,,,,,,,,,,,,,,,,,,,,,,,,,,,,,,
AP_SPEEDPAINT_BATTLESHIP_GREY,Army Painter,Speedpaint,Speedpaint,SPEEDPAINT,,Battleship Grey,BATTLESHIP_GREY,#5B8093,91,128,147,"91,128,147",Speedpaint,Active/Unknown,A3_Speedpaint_Practical_Naming_Chart.pdf,Official Speedpaint 2.0 practical naming chart; relationships deferred Hex/RG...,#5B8093,,,,,,,ArmyCrafter Speedpaint similarity pages (copied to DOCX),,High,,,,70.961,Sky Blue,72.047,Wolf Grey,,,,Speedpaint,7,4,Inferred from Vallejo Game Color Wolf Grey (97.8% similar),Vallejo,Game Color,Game Color,Acrylic Paint,VAL_GAME_COLOR_WOLF_GREY,Wolf Grey,#5B8093,"91,128,147",97.8,AP_SPEEDPAINT_ASHEN_STONE,Ashen Stone,Speedpaint,,,95.6,,,,,,ArmyCrafter Speedpaint similarity pages (copied to DOCX),,,,,VAL_MODEL_COLOR_SKY_BLUE,#86D6F7,"134,214,247",96.5,VAL_GAME_COLOR_WOLF_GREY,#5B8093,"91,128,147",97.8
AP_SPEEDPAINT_BEOWULF_BLUE,Army Painter,Speedpaint,Speedpaint,SPEEDPAINT,,Beowulf Blue,BEOWULF_BLUE,#3F74E0,63,116,224,"63,116,224",Speedpaint,Active/Unknown,A3_Speedpaint_Practical_Naming_Chart.pdf,Official Speedpaint 2.0 practical naming chart; relationships deferred Hex/RG...,#3F74E0,GW_CONTRAST_CELESTIUM_BLUE,Celestium Blue,Contrast,Contrast,#3F74E0,"63, 116, 224",ArmyCrafter Speedpaint similarity pages (copied to DOCX),0,High,97.9% similarity,AK-11182,Deep Blue,,,72.412,Storm Blue,ArmyCrafter Speedpaint Similarity,,,Speedpaint,10,10,Inferred from Citadel Contrast Celestium Blue (97.9% similar),Games Workshop,Citadel,Contrast,Contrast,GW_CONTRAST_CELESTIUM_BLUE,Celestium Blue,#3F74E0,"63, 116, 224",97.9,AP_FANATIC_ULTRAMARINE_BLUE,Ultramarine Blue,Fanatic,#29397B,"41,57,123",97.7,PA_PRO_ACRYL_DARK_GREY_BLUE,Dark Grey Blue,#33A2CF,"51,162,207",95.4,ArmyCrafter Speedpaint similarity pages (copied to DOCX),AK_3GEN_DEEP_BLUE,#1D4167,29:65:103,95.1,,,,,VAL_XPRESS_COLOR_STORM_BLUE,#1E3F78,"30,63,120",95.7
AP_SPEEDPAINT_BLINDING_LIGHT,Army Painter,Speedpaint,Speedpaint,SPEEDPAINT,,Blinding Light,BLINDING_LIGHT,#FFFFFF,255,255,255,"255,255,255",Speedpaint,Active/Unknown,A3_Speedpaint_Practical_Naming_Chart.pdf,Official Speedpaint 2.0 practical naming chart; relationships deferred Hex/RG...,#FFFFFF,GW_SPRAY_WHITE_SCAR,White Scar,Spray,Spray,#FFFFFF,"255, 255, 255",ArmyCrafter Speedpaint similarity pages (copied to DOCX),0,High,99.5% similarity,AK-11001,White,70.951,White,72.001,Dead White,ArmyCrafter Speedpaint Similarity,,,Speedpaint,18,16,Inferred from Vallejo Game Air Dead White (99.9% similar),Vallejo,Game Color,Game Color,Acrylic Paint,VAL_GAME_COLOR_DEAD_WHITE,Dead White,#FFFFFF,"255,255,255",99.9,AP_FANATIC_MATT_WHITE,Matt White,Fanatic,#FFFFFF,"255,255,255",99.5,,,,,,ArmyCrafter Speedpaint similarity pages (copied to DOCX),AK_3GEN_WHITE,#FFFFFF,255:255:255,99.5,VAL_MODEL_COLOR_WHITE,#FFFFFF,"255,255,255",99.5,VAL_GAME_COLOR_DEAD_WHITE,#FFFFFF,"255,255,255",99.9
AP_SPEEDPAINT_BLOOD_RED,Army Painter,Speedpaint,Speedpaint,SPEEDPAINT,11089,Blood Red,BLOOD_RED,#CE0018,206,0,24,"206,0,24",Speedpaint,Active/Unknown,A3_Speedpaint_Practical_Naming_Chart.pdf,Official Speedpaint 2.0 practical naming chart; relationships deferred,#CE0018,GW_BASE_JOKAERO_ORANGE,Jokaero Orange,Base,Base,#EE3823,"238, 56, 35",ArmyCrafter Speedpaint similarity pages (copied to DOCX),65.43,High,98.5% similarity,AK-11088,Deep Red,,,72.009,Hot Orange,ArmyCrafter Speedpaint Similarity,,,Speedpaint,8,4,,Games Workshop,Citadel,Base,Base,GW_BASE_JOKAERO_ORANGE,Jokaero Orange,#EE3823,"238, 56, 35",98.5,,,,,,,,,,,,ArmyCrafter Speedpaint similarity pages (copied to DOCX),AK_3GEN_DEEP_RED,#DC211B,220:33:27,95.6,,,,,VAL_GAME_COLOR_HOT_ORANGE,#E43027,"228,48,39",97.8
AP_SPEEDPAINT_BONY_MATTER,Army Painter,Speedpaint,Speedpaint,SPEEDPAINT,,Bony Matter,BONY_MATTER,#9C8855,156,136,85,"156,136,85",Speedpaint,Active/Unknown,A3_Speedpaint_Practical_Naming_Chart.pdf,Official Speedpaint 2.0 practical naming chart; relationships deferred Hex/RG...,#9C8855,,,,,,,ArmyCrafter Speedpaint similarity pages (copied to DOCX),,High,,,,71.291,US Earth Yellow,72.034,Bone White,,,,Speedpaint,14,8,Inferred from Vallejo Model Air US Earth Yellow (97.1% similar),Vallejo,Model Air,Model Air,Acrylic airbrush paint,VAL_MODEL_AIR_US_EARTH_YELLOW,US Earth Yellow,#9C8855,"156,136,85",97.1,AP_FANATIC_TOMB_KING_TAN,Tomb King Tan,Fanatic,,,95.5,,,,,,ArmyCrafter Speedpaint similarity pages (copied to DOCX),,,,,VAL_MODEL_AIR_US_EARTH_YELLOW,#9C8855,"156,136,85",97.1,VAL_GAME_COLOR_BONE_WHITE,#D3C89D,"211,200,157",97
AP_SPEEDPAINT_BRAZEN_COPPER,Army Painter,Speedpaint,Speedpaint,SPEEDPAINT,,Brazen Copper,BRAZEN_COPPER,,,,,,Speedpaint Metallic,Active/Unknown,A3_Speedpaint_Practical_Naming_Chart.pdf,Official Speedpaint 2.0 practical naming chart; relationships deferred,,,,,,,,A3_Speedpaint_Practical_Naming_Chart.pdf,,,,,,,,,,,,,Speedpaint,,,,,,,,,,,,,,,,,,,,,,,,,,,,,,,,,,,,
AP_SPEEDPAINT_BRIGHT_RED,Army Painter,Speedpaint,Speedpaint,SPEEDPAINT,,Bright Red,BRIGHT_RED,#E1431E,225,67,30,"225,67,30",Speedpaint,Active/Unknown,A3_Speedpaint_Practical_Naming_Chart.pdf,Official Speedpaint 2.0 practical naming chart; relationships deferred Hex/RG...,#E1431E,,,,,,,ArmyCrafter Speedpaint similarity pages (copied to DOCX),,High,,AK-11085,Cadmium Red,71.086,Light Red,72.009,Hot Orange,,,,Speedpaint,9,7,Inferred from Vallejo Model Air Light Red (97.6% similar),Vallejo,Model Air,Model Air,Acrylic Paint,VAL_MODEL_AIR_LIGHT_RED,Light Red,#E1431E,"225,67,30",97.6,AP_FANATIC_SACRED_SCARLET,Sacred Scarlet,Fanatic,,,98.3,,,,,,ArmyCrafter Speedpaint similarity pages (copied to DOCX),AK_3GEN_CADMIUM_RED,#E8592F,232:89:47,96.9,VAL_MODEL_AIR_LIGHT_RED,#E1431E,"225,67,30",97.6,VAL_GAME_COLOR_HOT_ORANGE,#E43027,"228,48,39",97.5
AP_SPEEDPAINT_BROADSWORD_SILVER,Army Painter,Speedpaint,Speedpaint,SPEEDPAINT,,Broadsword Silver,BROADSWORD_SILVER,,,,,,Speedpaint Metallic,Active/Unknown,A3_Speedpaint_Practical_Naming_Chart.pdf,Official Speedpaint 2.0 practical naming chart; relationships deferred,,,,,,,,A3_Speedpaint_Practical_Naming_Chart.pdf,,,,,,,,,,,,,Speedpaint,,,,,,,,,,,,,,,,,,,,,,,,,,,,,,,,,,,,
AP_SPEEDPAINT_BROWNISH_DECAY,Army Painter,Speedpaint,Speedpaint,SPEEDPAINT,,Brownish Decay,BROWNISH_DECAY,#705A23,112,90,35,"112,90,35",Speedpaint,Active/Unknown,A3_Speedpaint_Practical_Naming_Chart.pdf,Official Speedpaint 2.0 practical naming chart; relationships deferred Hex/RG...,#705A23,,,,,,,ArmyCrafter Speedpaint similarity pages (copied to DOCX),,Medium,,AK-11126,Green-Brown,,,,,,,,Speedpaint,4,3,Inferred from AK Interactive 3rd Gen Acrylic Green-Brown (96.3% similar),AK Interactive,AK 3rd Gen,3rd Gen,Acrylic/Metallic comparison color,AK_3GEN_GREEN_BROWN,Green-Brown,#705A23,112:90:35,96.3,,,,,,,,,,,,ArmyCrafter Speedpaint similarity pages (copied to DOCX),AK_3GEN_GREEN_BROWN,#705A23,112:90:35,96.3,,,,,,,,
AP_SPEEDPAINT_BURNISHED_RED,Army Painter,Speedpaint,Speedpaint,SPEEDPAINT,,Burnished Red,BURNISHED_RED,#390008,57,0,8,"57,0,8",Speedpaint,Active/Unknown,A3_Speedpaint_Practical_Naming_Chart.pdf,Official Speedpaint 2.0 practical naming chart; relationships deferred Hex/RG...,#390008,GW_BASE_THONDIA_BROWN,Thondia Brown,Base,Base,#493435,"73, 52, 53",ArmyCrafter Speedpaint similarity pages (copied to DOCX),70.6,Medium,96.4% similarity,AK-11097,Burnt Red,71.271,German Red Brown,72.402,Dwarf Skin,ArmyCrafter Speedpaint Similarity,,,Speedpaint,12,11,Inferred from Vallejo Model Air German Red Brown (98.1% similar),Vallejo,Model Air,Model Air,Acrylic airbrush paint,VAL_MODEL_AIR_GERMAN_RED_BROWN,German Red Brown,#390008,"57,0,8",98.1,AP_FANATIC_LEATHER_BROWN,Leather Brown,Fanatic,#764823,"118,72,35",96.5,,,,,,ArmyCrafter Speedpaint similarity pages (copied to DOCX),AK_3GEN_BURNT_RED,#523125,82:49:37,96.3,VAL_MODEL_AIR_GERMAN_RED_BROWN,#390008,"57,0,8",98.1,VAL_XPRESS_COLOR_DWARF_SKIN,#ECA67A,"236,166,122",96.2
AP_SPEEDPAINT_BURNT_MOSS,Army Painter,Speedpaint,Speedpaint,SPEEDPAINT,,Burnt Moss,BURNT_MOSS,#4D5E54,77,94,84,"77,94,84",Speedpaint,Active/Unknown,A3_Speedpaint_Practical_Naming_Chart.pdf,Official Speedpaint 2.0 practical naming chart; relationships deferred Hex/RG...,#4D5E54,,,,,,,ArmyCrafter Speedpaint similarity pages (copied to DOCX),,High,,AK-11164,Dark Blue Grey,71.014,Gunship Green,,,,,,Speedpaint,9,8,Inferred from AK Interactive 3rd Gen Acrylic Dark Blue Grey (97.9% similar),AK Interactive,AK 3rd Gen,3rd Gen,Acrylic/Metallic comparison color,AK_3GEN_DARK_BLUE_GREY,Dark Blue Grey,#4D5E54,77:94:84,97.9,,,,,,,,,,,,ArmyCrafter Speedpaint similarity pages (copied to DOCX),AK_3GEN_DARK_BLUE_GREY,#4D5E54,77:94:84,97.9,VAL_MODEL_AIR_GUNSHIP_GREEN,#3D685E,"61,104,94",97,,,,
AP_SPEEDPAINT_CAMO_CLOAK,Army Painter,Speedpaint,Speedpaint,SPEEDPAINT,,Camo Cloak,CAMO_CLOAK,#5A9E32,90,158,50,"90,158,50",Speedpaint,Active/Unknown,A3_Speedpaint_Practical_Naming_Chart.pdf,Official Speedpaint 2.0 practical naming chart; relationships deferred Hex/RG...,#5A9E32,GW_LAYER_LOREN_FOREST,Loren Forest,Layer,Layer,#50702D,"80, 112, 45",ArmyCrafter Speedpaint similarity pages (copied to DOCX),47.34,Medium,95.8% similarity,AK-11149,Intermediate Green,,,72.415,Orc Skin,ArmyCrafter Speedpaint Similarity,,,Speedpaint,9,7,Inferred from Vallejo Xpress Color Orc Skin (97.0% similar),Vallejo,Xpress Color,Xpress Color,Contrast-style acrylic,VAL_XPRESS_COLOR_ORC_SKIN,Orc Skin,#5A9E32,"90,158,50",97,AP_AIR_ARMY_GREEN,Army Green,Air,#6E7645,"110,118,69",96.6,,,,,,ArmyCrafter Speedpaint similarity pages (copied to DOCX),AK_3GEN_INTERMEDIATE_GREEN,#506F32,80:111:50,95.7,,,,,VAL_XPRESS_COLOR_ORC_SKIN,#5A9E32,"90,158,50",97
AP_SPEEDPAINT_CARIBBEAN_OCEAN,Army Painter,Speedpaint,Speedpaint,SPEEDPAINT,,Caribbean Ocean,CARIBBEAN_OCEAN,,,,,,Speedpaint,Active/Unknown,A3_Speedpaint_Practical_Naming_Chart.pdf,Official Speedpaint 2.0 practical naming chart; relationships deferred,,,,,,,,ArmyCrafter Speedpaint similarity pages (copied to DOCX),,Medium,,,,,,,,,,,Speedpaint,4,1,,Army Painter,Warpaints Fanatic,Fanatic,Acrylic,AP_FANATIC_TURQUOISE_SIREN,Turquoise Siren,,,95.9,AP_FANATIC_TURQUOISE_SIREN,Turquoise Siren,Fanatic,,,95.9,,,,,,ArmyCrafter Speedpaint similarity pages (copied to DOCX),,,,,,,,,,,,
AP_SPEEDPAINT_CARMINE_DRAGON,Army Painter,Speedpaint,Speedpaint,SPEEDPAINT,,Carmine Dragon,CARMINE_DRAGON,,,,,,Speedpaint,Active/Unknown,A3_Speedpaint_Practical_Naming_Chart.pdf,Official Speedpaint 2.0 practical naming chart; relationships deferred,,,,,,,,A3_Speedpaint_Practical_Naming_Chart.pdf,,,,,,,,,,,,,Speedpaint,,,,,,,,,,,,,,,,,,,,,,,,,,,,,,,,,,,,
AP_SPEEDPAINT_CHARMING_CHARTREUSE,Army Painter,Speedpaint,Speedpaint,SPEEDPAINT,,Charming Chartreuse,CHARMING_CHARTREUSE,#E4E566,228,229,102,"228,229,102",Speedpaint,Active/Unknown,A3_Speedpaint_Practical_Naming_Chart.pdf,Official Speedpaint 2.0 practical naming chart; relationships deferred Hex/RG...,#E4E566,,,,,,,ArmyCrafter Speedpaint similarity pages (copied to DOCX),,High,,AK-11128,Luminous Green,70.954,Yellow Green,73.208,Yellow,,,,Speedpaint,9,8,Inferred from Vallejo Game Color Yellow (98.8% similar),Vallejo,Game Color Wash,Game Color Wash,Wash,VAL_GAME_COLOR_WASH_YELLOW,Yellow,#E4E566,"228,229,102",98.8,AP_FANATIC_VIVID_VOLT,Vivid Volt,Fanatic,,,98.9,,,,,,ArmyCrafter Speedpaint similarity pages (copied to DOCX),AK_3GEN_LUMINOUS_GREEN,#CBD641,203:214:65,97.9,VAL_MODEL_COLOR_YELLOW_GREEN,#A9D171,"169,209,113",98.7,VAL_GAME_COLOR_WASH_YELLOW,#E4E566,"228,229,102",98.8
AP_SPEEDPAINT_CLOUDBURST_BLUE,Army Painter,Speedpaint,Speedpaint,SPEEDPAINT,,Cloudburst Blue,CLOUDBURST_BLUE,#27357E,39,53,126,"39,53,126",Speedpaint,Active/Unknown,A3_Speedpaint_Practical_Naming_Chart.pdf,Official Speedpaint 2.0 practical naming chart; relationships deferred Hex/RG...,#27357E,,,,,,,ArmyCrafter Speedpaint similarity pages (copied to DOCX),,High,,,,71.09,Deep Sky,,,,,,Speedpaint,3,3,Inferred from Vallejo Model Air Deep Sky (99.3% similar),Vallejo,Model Air,Model Air,Acrylic airbrush paint,VAL_MODEL_AIR_DEEP_SKY,Deep Sky,#27357E,"39,53,126",99.3,,,,,,,PA_PRO_ACRYL_PAYNE_S_GREY,Payne’s Grey,#002051,"0,32,81",95.6,ArmyCrafter Speedpaint similarity pages (copied to DOCX),,,,,VAL_MODEL_AIR_DEEP_SKY,#27357E,"39,53,126",99.3,,,,
AP_SPEEDPAINT_CRUSADER_SKIN,Army Painter,Speedpaint,Speedpaint,SPEEDPAINT,,Crusader Skin,CRUSADER_SKIN,#F5A176,245,161,118,"245,161,118",Speedpaint,Active/Unknown,A3_Speedpaint_Practical_Naming_Chart.pdf,Official Speedpaint 2.0 practical naming chart; relationships deferred Hex/RG...,#F5A176,,,,,,,ArmyCrafter Speedpaint similarity pages (copied to DOCX),,High,,AK-11061,Salmon,70.815,Basic Skin Tone,72.099,Skin Tone,,,,Speedpaint,4,4,Inferred from AK Interactive 3rd Gen Acrylic Salmon (98.1% similar),AK Interactive,AK 3rd Gen,3rd Gen,Acrylic/Metallic comparison color,AK_3GEN_SALMON,Salmon,#F5A176,245:161:118,98.1,,,,,,,,,,,,ArmyCrafter Speedpaint similarity pages (copied to DOCX),AK_3GEN_SALMON,#F5A176,245:161:118,98.1,VAL_MODEL_COLOR_BASIC_SKIN_TONE,#F0AD82,"240,173,130",95.9,VAL_GAME_COLOR_INK_SKIN_TONE,#E3AB84,"227,171,132",95.2
AP_SPEEDPAINT_DARK_WOOD,Army Painter,Speedpaint,Speedpaint,SPEEDPAINT,,Dark Wood,DARK_WOOD,#432010,67,32,16,"67,32,16",Speedpaint,Active/Unknown,A3_Speedpaint_Practical_Naming_Chart.pdf,Official Speedpaint 2.0 practical naming chart; relationships deferred Hex/RG...,#432010,,,,,,,ArmyCrafter Speedpaint similarity pages (copied to DOCX),,Medium,,,,,,,,,,,Speedpaint,2,2,Inferred from Army Painter Warpaints Oak Brown (96.3% similar),Army Painter,Warpaints Air,Air,Air,AP_AIR_OAK_BROWN,Oak Brown,#432010,"67,32,16",96.3,AP_AIR_OAK_BROWN,Oak Brown,Air,#432010,"67,32,16",96.3,,,,,,ArmyCrafter Speedpaint similarity pages (copied to DOCX),,,,,,,,,,,,
AP_SPEEDPAINT_DESOLATE_BROWN,Army Painter,Speedpaint,Speedpaint,SPEEDPAINT,,Desolate Brown,DESOLATE_BROWN,#8D7B55,141,123,85,"141,123,85",Speedpaint,Active/Unknown,A3_Speedpaint_Practical_Naming_Chart.pdf,Official Speedpaint 2.0 practical naming chart; relationships deferred Hex/RG...,#8D7B55,,,,,,,ArmyCrafter Speedpaint similarity pages (copied to DOCX),,Medium,,,,70.879,Green Brown,72.452,Rotten Flesh,,,,Speedpaint,3,3,Inferred from Vallejo Model Color Green Brown (96.4% similar),Vallejo,Model Color,Model Color,Acrylic paint,VAL_MODEL_COLOR_GREEN_BROWN,Green Brown,#8D7B55,"141,123,85",96.4,,,,,,,,,,,,ArmyCrafter Speedpaint similarity pages (copied to DOCX),,,,,VAL_MODEL_COLOR_GREEN_BROWN,#8D7B55,"141,123,85",96.4,VAL_XPRESS_COLOR_ROTTEN_FLESH,#554622,"85,70,34",95
AP_SPEEDPAINT_DUSK_RED,Army Painter,Speedpaint,Speedpaint,SPEEDPAINT,,Dusk Red,DUSK_RED,#810504,129,5,4,"129,5,4",Speedpaint,Active/Unknown,A3_Speedpaint_Practical_Naming_Chart.pdf,Official Speedpaint 2.0 practical naming chart; relationships deferred Hex/RG...,#810504,,,,,,,ArmyCrafter Speedpaint similarity pages (copied to DOCX),,High,,,,70.814,Burnt Cadmium Red,72.402,Dwarf Skin,,,,Speedpaint,9,5,Inferred from Vallejo Hobby Paint Gory Red (98.2% similar),Vallejo,Game Color,Game Color,Acrylic Paint,VAL_GAME_COLOR_GORY_RED,Gory Red,#810504,"129,5,4",98.2,AP_FANATIC_FUR_BROWN,Fur Brown,Fanatic,#A14322,"161,67,34",95.7,,,,,,ArmyCrafter Speedpaint similarity pages (copied to DOCX),,,,,VAL_MODEL_COLOR_BURNT_CADMIUM_RED,#623535,"98,53,53",97.9,VAL_XPRESS_COLOR_DWARF_SKIN,#ECA67A,"236,166,122",95.6
AP_SPEEDPAINT_ENCHANTED_STEEL,Army Painter,Speedpaint,Speedpaint,SPEEDPAINT,,Enchanted Steel,ENCHANTED_STEEL,,,,,,Speedpaint Metallic,Active/Unknown,A3_Speedpaint_Practical_Naming_Chart.pdf,Official Speedpaint 2.0 practical naming chart; relationships deferred,,,,,,,,A3_Speedpaint_Practical_Naming_Chart.pdf,,,,,,,,,,,,,Speedpaint,,,,,,,,,,,,,,,,,,,,,,,,,,,,,,,,,,,,
AP_SPEEDPAINT_FAMILIAR_PINK,Army Painter,Speedpaint,Speedpaint,SPEEDPAINT,,Familiar Pink,FAMILIAR_PINK,#888D8F,136,141,143,"136,141,143",Speedpaint,Active/Unknown,A3_Speedpaint_Practical_Naming_Chart.pdf,Official Speedpaint 2.0 practical naming chart; relationships deferred Hex/RG...,#888D8F,GW_BASE_LEADBELCHER,Leadbelcher,Base,Base,#888D8F,"136, 141, 143",ArmyCrafter Speedpaint similarity pages (copied to DOCX),0,High,99.9% similarity,AK-11196,Bronze,70.997,Silver,72.054,Gunmetal,ArmyCrafter Speedpaint Similarity,,,Speedpaint,25,19,Inferred from Citadel Base Leadbelcher (99.9% similar),Games Workshop,Citadel,Base,Base,GW_BASE_LEADBELCHER,Leadbelcher,#888D8F,"136, 141, 143",99.9,AP_AIR_GUN_METAL,Gun Metal,Air,#393939,"57,57,57",97.7,,,,,,ArmyCrafter Speedpaint similarity pages (copied to DOCX),AK_3GEN_BRONZE,#7D5413,125:84:19,97.8,VAL_MODEL_COLOR_SILVER,#B0B9B8,"176,185,184",98.8,VAL_GAME_COLOR_GUNMETAL,#393939,"57,57,57",96.6
AP_SPEEDPAINT_FIRE_DRAKE,Army Painter,Speedpaint,Speedpaint,SPEEDPAINT,,Fire Drake,FIRE_DRAKE,#C77958,199,121,88,"199,121,88",Speedpaint,Active/Unknown,A3_Speedpaint_Practical_Naming_Chart.pdf,Official Speedpaint 2.0 practical naming chart; relationships deferred Hex/RG...,#C77958,GW_LAYER_CADIAN_FLESHTONE,Cadian Fleshtone,Layer,Layer,#C77958,"199, 121, 88",ArmyCrafter Speedpaint similarity pages (copied to DOCX),0,Medium,95.8% similarity,,,70.851,Bright Orange,,,ArmyCrafter Speedpaint Similarity,,,Speedpaint,6,2,Inferred from Citadel Layer Cadian Fleshtone (95.8% similar),Games Workshop,Citadel,Layer,Layer,GW_LAYER_CADIAN_FLESHTONE,Cadian Fleshtone,#C77958,"199, 121, 88",95.8,,,,,,,,,,,,ArmyCrafter Speedpaint similarity pages (copied to DOCX),,,,,VAL_MODEL_COLOR_BRIGHT_ORANGE,#F26833,"242,104,51",95.1,,,,
AP_SPEEDPAINT_FIRE_GIANT_ORANGE,Army Painter,Speedpaint,Speedpaint,SPEEDPAINT,,Fire Giant Orange,FIRE_GIANT_ORANGE,#E65525,230,85,37,"230,85,37",Speedpaint,Active/Unknown,A3_Speedpaint_Practical_Naming_Chart.pdf,Official Speedpaint 2.0 practical naming chart; relationships deferred Hex/RG...,#E65525,,,,,,,ArmyCrafter Speedpaint similarity pages (copied to DOCX),,High,,,,70.911,Light Orange,72.007,Gold Yellow,,,,Speedpaint,8,6,Inferred from Army Painter Warpaints Fanatic Lava Orange (97.6% similar),Army Painter,Warpaints Fanatic,Fanatic,Acrylic,AP_FANATIC_LAVA_ORANGE,Lava Orange,#E65525,"230,85,37",97.6,AP_FANATIC_LAVA_ORANGE,Lava Orange,Fanatic,#E65525,"230,85,37",97.6,,,,,,ArmyCrafter Speedpaint similarity pages (copied to DOCX),,,,,VAL_MODEL_COLOR_LIGHT_ORANGE,#F68627,"246,134,39",95,VAL_GAME_COLOR_GOLD_YELLOW,#FFE700,"255,231,0",95.4
AP_SPEEDPAINT_FOREST_SPRITE,Army Painter,Speedpaint,Speedpaint,SPEEDPAINT,,Forest Sprite,FOREST_SPRITE,,,,,,Speedpaint,Active/Unknown,A3_Speedpaint_Practical_Naming_Chart.pdf,Official Speedpaint 2.0 practical naming chart; relationships deferred,,,,,,,,ArmyCrafter Speedpaint similarity pages (copied to DOCX),,,,,,,,,,,,,Speedpaint,1,0,,,,,,,,,,,,,,,,,,,,,,ArmyCrafter Speedpaint similarity pages (copied to DOCX),,,,,,,,,,,,
AP_SPEEDPAINT_GHILLIE_DEW,Army Painter,Speedpaint,Speedpaint,SPEEDPAINT,,Ghillie Dew,GHILLIE_DEW,#98B921,152,185,33,"152,185,33",Speedpaint,Active/Unknown,A3_Speedpaint_Practical_Naming_Chart.pdf,Official Speedpaint 2.0 practical naming chart; relationships deferred Hex/RG...,#98B921,,,,,,,ArmyCrafter Speedpaint similarity pages (copied to DOCX),,High,,AK-11136,Frog Green,,,,,,,,Speedpaint,4,3,Inferred from AK Interactive 3rd Gen Acrylic Frog Green (97.0% similar),AK Interactive,AK 3rd Gen,3rd Gen,Acrylic/Metallic comparison color,AK_3GEN_FROG_GREEN,Frog Green,#98B921,152:185:33,97,AP_FANATIC_RAINFOREST,Rainforest,Fanatic,,,99.7,,,,,,ArmyCrafter Speedpaint similarity pages (copied to DOCX),AK_3GEN_FROG_GREEN,#98B921,152:185:33,97,,,,,,,,
AP_SPEEDPAINT_GHOUL_GREEN,Army Painter,Speedpaint,Speedpaint,SPEEDPAINT,,Ghoul Green,GHOUL_GREEN,#30A56C,48,165,108,"48,165,108",Speedpaint,Active/Unknown,A3_Speedpaint_Practical_Naming_Chart.pdf,Official Speedpaint 2.0 practical naming chart; relationships deferred Hex/RG...,#30A56C,GW_LAYER_SYBARITE_GREEN,Sybarite Green,Layer,Layer,#30A56C,"48, 165, 108",ArmyCrafter Speedpaint similarity pages (copied to DOCX),0,Medium,95.6% similarity,,,,,,,ArmyCrafter Speedpaint Similarity,,,Speedpaint,1,1,Inferred from Citadel Layer Sybarite Green (95.6% similar),Games Workshop,Citadel,Layer,Layer,GW_LAYER_SYBARITE_GREEN,Sybarite Green,#30A56C,"48, 165, 108",95.6,,,,,,,,,,,,ArmyCrafter Speedpaint similarity pages (copied to DOCX),,,,,,,,,,,,
AP_SPEEDPAINT_GLITTERING_LOOT,Army Painter,Speedpaint,Speedpaint,SPEEDPAINT,,Glittering Loot,GLITTERING_LOOT,,,,,,Speedpaint Metallic,Active/Unknown,A3_Speedpaint_Practical_Naming_Chart.pdf,Official Speedpaint 2.0 practical naming chart; relationships deferred,,,,,,,,A3_Speedpaint_Practical_Naming_Chart.pdf,,,,,,,,,,,,,Speedpaint,,,,,,,,,,,,,,,,,,,,,,,,,,,,,,,,,,,,
AP_SPEEDPAINT_GODDESS_GLOW,Army Painter,Speedpaint,Speedpaint,SPEEDPAINT,,Goddess Glow,GODDESS_GLOW,#AE6B4E,174,107,78,"174,107,78",Speedpaint,Active/Unknown,A3_Speedpaint_Practical_Naming_Chart.pdf,Official Speedpaint 2.0 practical naming chart; relationships deferred Hex/RG...,#AE6B4E,,,,,,,ArmyCrafter Speedpaint similarity pages (copied to DOCX),,Medium,,,,,,,,,,,Speedpaint,5,3,Inferred from Monument Pro Acryl Signature Advanced Flesh Tone (95.8% similar),Monument Hobbies,Pro Acryl,Pro Acryl,Acrylic/Metallic comparison color,PA_PRO_ACRYL_ADVANCED_FLESH_TONE,Advanced Flesh Tone,#AE6B4E,"174,107,78",95.8,AP_FANATIC_RUDDY_UMBER,Ruddy Umber,Fanatic,,,96.9,PA_PRO_ACRYL_ADVANCED_FLESH_TONE,Advanced Flesh Tone,#AE6B4E,"174,107,78",95.8,ArmyCrafter Speedpaint similarity pages (copied to DOCX),,,,,,,,,,,,
AP_SPEEDPAINT_GOLDEN_ARMOUR,Army Painter,Speedpaint,Speedpaint,SPEEDPAINT,,Golden Armour,GOLDEN_ARMOUR,,,,,,Speedpaint Metallic,Active/Unknown,A3_Speedpaint_Practical_Naming_Chart.pdf,Official Speedpaint 2.0 practical naming chart; relationships deferred,,,,,,,,A3_Speedpaint_Practical_Naming_Chart.pdf,,,,,,,,,,,,,Speedpaint,,,,,,,,,,,,,,,,,,,,,,,,,,,,,,,,,,,,
AP_SPEEDPAINT_GRAVELORD_GREY,Army Painter,Speedpaint,Speedpaint,SPEEDPAINT,,Gravelord Grey,GRAVELORD_GREY,#252B31,37,43,49,"37,43,49",Speedpaint,Active/Unknown,A3_Speedpaint_Practical_Naming_Chart.pdf,Official Speedpaint 2.0 practical naming chart; relationships deferred Hex/RG...,#252B31,GW_LAYER_ESHIN_GREY,Eshin Grey,Layer,Layer,#4A4F52,"74, 79, 82",ArmyCrafter Speedpaint similarity pages (copied to DOCX),61.27,Medium,96.2% similarity,,,71.295,USN Sea Blue,72.051,Black,ArmyCrafter Speedpaint Similarity,,,Speedpaint,26,18,Inferred from Vallejo Model Air USN Sea Blue (98.6% similar),Vallejo,Model Air,Model Air,Acrylic airbrush paint,VAL_MODEL_AIR_USN_SEA_BLUE,USN Sea Blue,#252B31,"37,43,49",98.6,,,,,,,,,,,,ArmyCrafter Speedpaint similarity pages (copied to DOCX),,,,,VAL_MODEL_AIR_USN_SEA_BLUE,#252B31,"37,43,49",98.6,VAL_GAME_COLOR_BLACK,#000000,"0,0,0",97.7
AP_SPEEDPAINT_GRIM_BLACK,Army Painter,Speedpaint,Speedpaint,SPEEDPAINT,,Grim Black,GRIM_BLACK,#000000,0,0,0,"0,0,0",Speedpaint,Active/Unknown,A3_Speedpaint_Practical_Naming_Chart.pdf,Official Speedpaint 2.0 practical naming chart; relationships deferred Hex/RG...,#000000,GW_AIR_ABADDON_BLACK,Abaddon Black,Air,Air,#000000,"0, 0, 0",ArmyCrafter Speedpaint similarity pages (copied to DOCX),0,High,98.2% similarity,,,71.057,Black,72.094,Black Ink,ArmyCrafter Speedpaint Similarity,,,Speedpaint,15,11,Inferred from Vallejo Game Color Black Ink (98.2% similar),Vallejo,Game Color,Game Color,Acrylic Paint,VAL_GAME_COLOR_BLACK_INK,Black Ink,#000000,"0,0,0",98.2,AP_FANATIC_MATT_BLACK,Matt Black,Fanatic,#231F20,"35,31,32",98.2,,,,,,ArmyCrafter Speedpaint similarity pages (copied to DOCX),,,,,VAL_MODEL_AIR_BLACK,#000000,"0,0,0",98.2,VAL_GAME_COLOR_BLACK_INK,#000000,"0,0,0",98.2
AP_SPEEDPAINT_GUNNER_CAMO,Army Painter,Speedpaint,Speedpaint,SPEEDPAINT,,Gunner Camo,GUNNER_CAMO,#9EA94B,158,169,75,"158,169,75",Speedpaint,Active/Unknown,A3_Speedpaint_Practical_Naming_Chart.pdf,Official Speedpaint 2.0 practical naming chart; relationships deferred Hex/RG...,#9EA94B,,,,,,,ArmyCrafter Speedpaint similarity pages (copied to DOCX),,Medium,,AK-11133,Dark Green Grey,,,,,,,,Speedpaint,3,2,Inferred from Monument Pro Acryl Standard Dark Camo Green (96.3% similar),Monument Hobbies,Pro Acryl,Pro Acryl,Acrylic/Metallic comparison color,PA_PRO_ACRYL_DARK_CAMO_GREEN,Dark Camo Green,#9EA94B,"158,169,75",96.3,,,,,,,PA_PRO_ACRYL_DARK_CAMO_GREEN,Dark Camo Green,#9EA94B,"158,169,75",96.3,ArmyCrafter Speedpaint similarity pages (copied to DOCX),AK_3GEN_DARK_GREEN_GREY,#3C4F3D,60:79:61,96,,,,,,,,
AP_SPEEDPAINT_HARDENED_LEATHER,Army Painter,Speedpaint,Speedpaint,SPEEDPAINT,,Hardened Leather,HARDENED_LEATHER,#8B5910,139,89,16,"139,89,16",Speedpaint,Active/Unknown,A3_Speedpaint_Practical_Naming_Chart.pdf,Official Speedpaint 2.0 practical naming chart; relationships deferred Hex/RG...,#8B5910,GW_LAYER_BALOR_BROWN,Balor Brown,Layer,Layer,#8B5910,"139, 89, 16",ArmyCrafter Speedpaint similarity pages (copied to DOCX),0,High,97.1% similarity,,,,,,,ArmyCrafter Speedpaint Similarity,,,Speedpaint,3,2,Inferred from Citadel Layer Balor Brown (97.1% similar),Games Workshop,Citadel,Layer,Layer,GW_LAYER_BALOR_BROWN,Balor Brown,#8B5910,"139, 89, 16",97.1,,,,,,,,,,,,ArmyCrafter Speedpaint similarity pages (copied to DOCX),,,,,,,,,,,,
AP_SPEEDPAINT_HIGHLORD_BLUE,Army Painter,Speedpaint,Speedpaint,SPEEDPAINT,,Highlord Blue,HIGHLORD_BLUE,#17445A,23,68,90,"23,68,90",Speedpaint,Active/Unknown,A3_Speedpaint_Practical_Naming_Chart.pdf,Official Speedpaint 2.0 practical naming chart; relationships deferred Hex/RG...,#17445A,GW_CONTRAST_STORMFIEND,Stormfiend,Contrast,Contrast,#17445A,"23, 68, 90",ArmyCrafter Speedpaint similarity pages (copied to DOCX),0,High,98.5% similarity,,,70.809,Royal Blue,72.088,Blue,ArmyCrafter Speedpaint Similarity,,,Speedpaint,15,12,Inferred from Citadel Contrast Stormfiend (98.5% similar),Games Workshop,Citadel,Contrast,Contrast,GW_CONTRAST_STORMFIEND,Stormfiend,#17445A,"23, 68, 90",98.5,AP_FANATIC_REGAL_BLUE,Regal Blue,Fanatic,#08085A,"8,8,90",96.8,,,,,,ArmyCrafter Speedpaint similarity pages (copied to DOCX),,,,,VAL_MODEL_COLOR_ROYAL_BLUE,#41558D,"65,85,141",96.6,VAL_GAME_COLOR_INK_BLUE,#27357E,"39,53,126",97.7
AP_SPEEDPAINT_HIVE_DWELLER_PURPLE,Army Painter,Speedpaint,Speedpaint,SPEEDPAINT,,Hive Dweller Purple,HIVE_DWELLER_PURPLE,#50317B,80,49,123,"80,49,123",Speedpaint,Active/Unknown,A3_Speedpaint_Practical_Naming_Chart.pdf,Official Speedpaint 2.0 practical naming chart; relationships deferred Hex/RG...,#50317B,,,,,,,ArmyCrafter Speedpaint similarity pages (copied to DOCX),,Medium,,,,,,72.461,Vampiric Purple,,,,Speedpaint,6,5,Inferred from Army Painter Warpaints Alien Purple (96.3% similar),Army Painter,Warpaints Air,Air,Air,AP_AIR_ALIEN_PURPLE,Alien Purple,#50317B,"80,49,123",96.3,AP_AIR_ALIEN_PURPLE,Alien Purple,Air,#50317B,"80,49,123",96.3,,,,,,ArmyCrafter Speedpaint similarity pages (copied to DOCX),,,,,,,,,VAL_XPRESS_COLOR_VAMPIRIC_PURPLE,#37254A,"55,37,74",95.6
AP_SPEEDPAINT_HOARD_BRONZE,Army Painter,Speedpaint,Speedpaint,SPEEDPAINT,,Hoard Bronze,HOARD_BRONZE,,,,,,Speedpaint Metallic,Active/Unknown,A3_Speedpaint_Practical_Naming_Chart.pdf,Official Speedpaint 2.0 practical naming chart; relationships deferred,,,,,,,,A3_Speedpaint_Practical_Naming_Chart.pdf,,,,,,,,,,,,,Speedpaint,,,,,,,,,,,,,,,,,,,,,,,,,,,,,,,,,,,,
AP_SPEEDPAINT_HOLY_WHITE,Army Painter,Speedpaint,Speedpaint,SPEEDPAINT,,Holy White,HOLY_WHITE,#FFFFFF,255,255,255,"255,255,255",Speedpaint,Active/Unknown,A3_Speedpaint_Practical_Naming_Chart.pdf,Official Speedpaint 2.0 practical naming chart; relationships deferred Hex/RG...,#FFFFFF,GW_SPRAY_WHITE_SCAR,White Scar,Spray,Spray,#FFFFFF,"255, 255, 255",ArmyCrafter Speedpaint similarity pages (copied to DOCX),0,Medium,96.1% similarity,AK-11001,White,70.951,White,72.001,Dead White,ArmyCrafter Speedpaint Similarity,,,Speedpaint,18,16,Inferred from Vallejo Hobby Paint White (97.8% similar),Vallejo,Game Color Ink,Game Color Ink,Ink,VAL_GAME_COLOR_INK_WHITE,White,#FFFFFF,"255,255,255",97.8,AP_FANATIC_MATT_WHITE,Matt White,Fanatic,#FFFFFF,"255,255,255",96.1,,,,,,ArmyCrafter Speedpaint similarity pages (copied to DOCX),AK_3GEN_WHITE,#FFFFFF,255:255:255,96.1,VAL_MODEL_COLOR_WHITE,#FFFFFF,"255,255,255",96.1,VAL_GAME_COLOR_DEAD_WHITE,#FFFFFF,"255,255,255",96.1
AP_SPEEDPAINT_HOPLITE_GOLD,Army Painter,Speedpaint,Speedpaint,SPEEDPAINT,,Hoplite Gold,HOPLITE_GOLD,,,,,,Speedpaint Metallic,Active/Unknown,A3_Speedpaint_Practical_Naming_Chart.pdf,Official Speedpaint 2.0 practical naming chart; relationships deferred,,,,,,,,A3_Speedpaint_Practical_Naming_Chart.pdf,,,,,,,,,,,,,Speedpaint,,,,,,,,,,,,,,,,,,,,,,,,,,,,,,,,,,,,
AP_SPEEDPAINT_HOWLING_SAND,Army Painter,Speedpaint,Speedpaint,SPEEDPAINT,,Howling Sand,HOWLING_SAND,#E0E5BF,224,229,191,"224,229,191",Speedpaint,Active/Unknown,A3_Speedpaint_Practical_Naming_Chart.pdf,Official Speedpaint 2.0 practical naming chart; relationships deferred Hex/RG...,#E0E5BF,GW_DRY_LONGBEARD_GREY,Longbeard Grey,Dry,Dry,#CECEAF,"206, 206, 175",ArmyCrafter Speedpaint similarity pages (copied to DOCX),33.3,Medium,95.2% similarity,AK-11132,Green Grey,,,,,ArmyCrafter Speedpaint Similarity,,,Speedpaint,3,2,Inferred from AK Interactive 3rd Gen Acrylic Green Grey (95.6% similar),AK Interactive,AK 3rd Gen,3rd Gen,Acrylic/Metallic comparison color,AK_3GEN_GREEN_GREY,Green Grey,#E0E5BF,224:229:191,95.6,,,,,,,,,,,,ArmyCrafter Speedpaint similarity pages (copied to DOCX),AK_3GEN_GREEN_GREY,#E0E5BF,224:229:191,95.6,,,,,,,,
AP_SPEEDPAINT_LIZARDFOLK_CYAN,Army Painter,Speedpaint,Speedpaint,SPEEDPAINT,,Lizardfolk Cyan,LIZARDFOLK_CYAN,#0097A4,0,151,164,"0,151,164",Speedpaint,Active/Unknown,A3_Speedpaint_Practical_Naming_Chart.pdf,Official Speedpaint 2.0 practical naming chart; relationships deferred Hex/RG...,#0097A4,,,,,,,ArmyCrafter Speedpaint similarity pages (copied to DOCX),,High,,,,70.753,Light Blue Green,,,,,,Speedpaint,5,3,Inferred from Vallejo Model Color Light Blue Green (98.5% similar),Vallejo,Model Color,Model Color,Acrylic paint,VAL_MODEL_COLOR_LIGHT_BLUE_GREEN,Light Blue Green,#0097A4,"0,151,164",98.5,AP_FANATIC_HYDRA_TURQUOISE,Hydra Turquoise,Fanatic,#199BA3,"25,155,163",95.4,,,,,,ArmyCrafter Speedpaint similarity pages (copied to DOCX),,,,,VAL_MODEL_COLOR_LIGHT_BLUE_GREEN,#0097A4,"0,151,164",98.5,,,,
AP_SPEEDPAINT_MAGGOT_SKIN,Army Painter,Speedpaint,Speedpaint,SPEEDPAINT,,Maggot Skin,MAGGOT_SKIN,#E2C339,226,195,57,"226,195,57",Speedpaint,Active/Unknown,A3_Speedpaint_Practical_Naming_Chart.pdf,Official Speedpaint 2.0 practical naming chart; relationships deferred Hex/RG...,#E2C339,,,,,,,ArmyCrafter Speedpaint similarity pages (copied to DOCX),,Medium,,AK-11128,Luminous Green,,,72.109,Toxic Yellow,,,,Speedpaint,7,4,Inferred from Vallejo Game Color Toxic Yellow (95.4% similar),Vallejo,Game Color,Game Color,Acrylic paint,VAL_GAME_COLOR_TOXIC_YELLOW,Toxic Yellow,#E2C339,"226,195,57",95.4,AP_SPEEDPAINT_MALIGNANT_GREEN,Malignant Green,Speedpaint,,,95.7,,,,,,ArmyCrafter Speedpaint similarity pages (copied to DOCX),AK_3GEN_LUMINOUS_GREEN,#CBD641,203:214:65,95.4,,,,,VAL_GAME_COLOR_TOXIC_YELLOW,#E2C339,"226,195,57",95.4
AP_SPEEDPAINT_MAGIC_BLUE,Army Painter,Speedpaint,Speedpaint,SPEEDPAINT,72.021,Magic Blue,MAGIC_BLUE,#024381,2,67,129,"2,67,129",Speedpaint,Active/Unknown,A3_Speedpaint_Practical_Naming_Chart.pdf,Official Speedpaint 2.0 practical naming chart; relationships deferred,#024381,,,,,,,ArmyCrafter Speedpaint similarity pages (copied to DOCX),,High,,,,70.841,Andrea Blue,72.021,Magic Blue,,,,Speedpaint,8,7,,Vallejo,Model Color,Model Color,Acrylic paint,VAL_MODEL_COLOR_ANDREA_BLUE,Andrea Blue,#008DC9,"0,141,201",98.1,AP_FANATIC_CRYSTAL_BLUE,Crystal Blue,Fanatic,#0083C2,"0,131,194",95.5,,,,,,ArmyCrafter Speedpaint similarity pages (copied to DOCX),,,,,VAL_MODEL_COLOR_ANDREA_BLUE,#008DC9,"0,141,201",98.1,VAL_GAME_COLOR_MAGIC_BLUE,#024381,"2,67,129",97
AP_SPEEDPAINT_MAIZE_YELLOW,Army Painter,Speedpaint,Speedpaint,SPEEDPAINT,,Maize Yellow,MAIZE_YELLOW,#FFE221,255,226,33,"255,226,33",Speedpaint,Active/Unknown,A3_Speedpaint_Practical_Naming_Chart.pdf,Official Speedpaint 2.0 practical naming chart; relationships deferred Hex/RG...,#FFE221,GW_LAYER_PHALANX_YELLOW,Phalanx Yellow,Layer,Layer,#FFE200,"255, 226, 0",ArmyCrafter Speedpaint similarity pages (copied to DOCX),33,High,98.5% similarity,AK-11047,Lemon Yellow,,,,,ArmyCrafter Speedpaint Similarity,,,Speedpaint,7,6,Inferred from AK Interactive 3rd Gen Acrylic Lemon Yellow (99.3% similar),AK Interactive,AK 3rd Gen,3rd Gen,Acrylic/Metallic comparison color,AK_3GEN_LEMON_YELLOW,Lemon Yellow,#FFE221,255:226:33,99.3,AP_AIR_DAEMONIC_YELLOW,Daemonic Yellow,Air,#FADA06,"250,218,6",98.1,PA_PRO_ACRYL_GOLDEN_YELLOW,Golden Yellow,#FFF200,"255,242,0",98.6,ArmyCrafter Speedpaint similarity pages (copied to DOCX),AK_3GEN_LEMON_YELLOW,#FFE221,255:226:33,99.3,,,,,,,,
AP_SPEEDPAINT_MALIGNANT_GREEN,Army Painter,Speedpaint,Speedpaint,SPEEDPAINT,,Malignant Green,MALIGNANT_GREEN,#A9D171,169,209,113,"169,209,113",Speedpaint,Active/Unknown,A3_Speedpaint_Practical_Naming_Chart.pdf,Official Speedpaint 2.0 practical naming chart; relationships deferred Hex/RG...,#A9D171,,,,,,,ArmyCrafter Speedpaint similarity pages (copied to DOCX),,High,,AK-11128,Luminous Green,70.954,Yellow Green,72.122,Bile Green,,,,Speedpaint,10,8,Inferred from Vallejo Model Color Yellow Green (97.8% similar),Vallejo,Model Color,Model Color,Acrylic Paint,VAL_MODEL_COLOR_YELLOW_GREEN,Yellow Green,#A9D171,"169,209,113",97.8,AP_FANATIC_VIVID_VOLT,Vivid Volt,Fanatic,,,97.7,,,,,,ArmyCrafter Speedpaint similarity pages (copied to DOCX),AK_3GEN_LUMINOUS_GREEN,#CBD641,203:214:65,96.3,VAL_MODEL_COLOR_YELLOW_GREEN,#A9D171,"169,209,113",97.8,VAL_GAME_COLOR_BILE_GREEN,#D5D900,"213,217,0",97.8
AP_SPEEDPAINT_MOODY_MAUVE,Army Painter,Speedpaint,Speedpaint,SPEEDPAINT,,Moody Mauve,MOODY_MAUVE,#882A6A,136,42,106,"136,42,106",Speedpaint,Active/Unknown,A3_Speedpaint_Practical_Naming_Chart.pdf,Official Speedpaint 2.0 practical naming chart; relationships deferred Hex/RG...,#882A6A,,,,,,,ArmyCrafter Speedpaint similarity pages (copied to DOCX),,High,,,,70.958,Pink,72.459,Fluid Pink,,,,Speedpaint,4,3,Inferred from Vallejo Xpress Color Fluid Pink (97.0% similar),Vallejo,Xpress Color,Xpress Color,Contrast-style acrylic,VAL_XPRESS_COLOR_FLUID_PINK,Fluid Pink,#882A6A,"136,42,106",97,AP_FANATIC_ELDER_FLOWER,Elder Flower,Fanatic,,,95.4,,,,,,ArmyCrafter Speedpaint similarity pages (copied to DOCX),,,,,VAL_MODEL_COLOR_PINK,#D37497,"211,116,151",95.6,VAL_XPRESS_COLOR_FLUID_PINK,#882A6A,"136,42,106",97
AP_SPEEDPAINT_MOONLAKE_CORAL,Army Painter,Speedpaint,Speedpaint,SPEEDPAINT,,Moonlake Coral,MOONLAKE_CORAL,#A92A56,169,42,86,"169,42,86",Speedpaint,Active/Unknown,A3_Speedpaint_Practical_Naming_Chart.pdf,Official Speedpaint 2.0 practical naming chart; relationships deferred Hex/RG...,#A92A56,GW_LAYER_EMPEROR_S_CHILDREN,Emperor's Children,Layer,Layer,#B94278,"185, 66, 120",ArmyCrafter Speedpaint similarity pages (copied to DOCX),44.59,Medium,95.4% similarity,,,,,72.083,Magenta,ArmyCrafter Speedpaint Similarity,,,Speedpaint,4,4,Inferred from Vallejo Game Color Magenta (96.0% similar),Vallejo,Game Color Ink,Game Color Ink,Ink,VAL_GAME_COLOR_INK_MAGENTA,Magenta,#A92A56,"169,42,86",96,AP_AIR_WARLOCK_PURPLE,Warlock Purple,Air,#9C004A,"156,0,74",95.6,,,,,,ArmyCrafter Speedpaint similarity pages (copied to DOCX),,,,,,,,,VAL_GAME_COLOR_INK_MAGENTA,#A92A56,"169,42,86",96
AP_SPEEDPAINT_MUMMIFIED_GRIME,Army Painter,Speedpaint,Speedpaint,SPEEDPAINT,,Mummified Grime,MUMMIFIED_GRIME,#675F41,103,95,65,"103,95,65",Speedpaint,Active/Unknown,A3_Speedpaint_Practical_Naming_Chart.pdf,Official Speedpaint 2.0 practical naming chart; relationships deferred Hex/RG...,#675F41,GW_BASE_STEEL_LEGION_DRAB,Steel Legion Drab,Base,Base,#5E5134,"94, 81, 52",ArmyCrafter Speedpaint similarity pages (copied to DOCX),21.12,Medium,95.2% similarity,,,71.01,Interior Green,72.145,Dirty Grey,ArmyCrafter Speedpaint Similarity,,,Speedpaint,10,6,Inferred from Vallejo Model Air Interior Green (97.8% similar),Vallejo,Model Air,Model Air,Acrylic Paint,VAL_MODEL_AIR_INTERIOR_GREEN,Interior Green,#675F41,"103,95,65",97.8,AP_FANATIC_PRAIRIE_OCHRE,Prairie Ochre,Fanatic,,,97,,,,,,ArmyCrafter Speedpaint similarity pages (copied to DOCX),,,,,VAL_MODEL_AIR_INTERIOR_GREEN,#675F41,"103,95,65",97.8,VAL_GAME_COLOR_DIRTY_GREY,#7C8286,"124,130,134",95.3
AP_SPEEDPAINT_MURDER_SCENE,Army Painter,Speedpaint,Speedpaint,SPEEDPAINT,,Murder Scene,MURDER_SCENE,#C21920,194,25,32,"194,25,32",Speedpaint,Active/Unknown,A3_Speedpaint_Practical_Naming_Chart.pdf,Official Speedpaint 2.0 practical naming chart; relationships deferred Hex/RG...,#C21920,GW_CONTRAST_VOLUPUS_PINK,Volupus Pink,Contrast,Contrast,#B24574,"178, 69, 116",ArmyCrafter Speedpaint similarity pages (copied to DOCX),96.17,Medium,95.3% similarity,AK-11066,Laser Magenta,,,72.407,Velvet Red,ArmyCrafter Speedpaint Similarity,,,Speedpaint,5,5,Inferred from Monument Pro Acryl Standard Burnt Red (96.9% similar),Monument Hobbies,Pro Acryl,Pro Acryl,Acrylic/Metallic comparison color,PA_PRO_ACRYL_BURNT_RED,Burnt Red,#C21920,"194,25,32",96.9,AP_FANATIC_BASILISK_RED,Basilisk Red,Fanatic,,,97.7,PA_PRO_ACRYL_BURNT_RED,Burnt Red,#C21920,"194,25,32",96.9,ArmyCrafter Speedpaint similarity pages (copied to DOCX),AK_3GEN_LASER_MAGENTA,#6B102E,107:16:46,95.6,,,,,VAL_XPRESS_COLOR_VELVET_RED,#8B1C1C,"139,28,28",95.5
AP_SPEEDPAINT_NOBLE_SKIN,Army Painter,Speedpaint,Speedpaint,SPEEDPAINT,,Noble Skin,NOBLE_SKIN,#372D25,55,45,37,"55,45,37",Speedpaint,Active/Unknown,A3_Speedpaint_Practical_Naming_Chart.pdf,Official Speedpaint 2.0 practical naming chart; relationships deferred Hex/RG...,#372D25,GW_LAYER_SKAVENBLIGHT_DINGE,Skavenblight Dinge,Layer,Layer,#47413B,"71, 65, 59",ArmyCrafter Speedpaint similarity pages (copied to DOCX),33.76,High,97.8% similarity,,,71.015,Dark Green RLM71,72.473,Battledress Brown,ArmyCrafter Speedpaint Similarity,,,Speedpaint,11,8,Inferred from Vallejo Xpress Color Battledress Brown (97.9% similar),Vallejo,Xpress Color,Xpress Color,Contrast-style acrylic,VAL_XPRESS_COLOR_BATTLEDRESS_BROWN,Battledress Brown,#372D25,"55,45,37",97.9,,,,,,,,,,,,ArmyCrafter Speedpaint similarity pages (copied to DOCX),,,,,VAL_MODEL_AIR_DARK_GREEN_RLM71,#455440,"69,84,64",97.7,VAL_XPRESS_COLOR_BATTLEDRESS_BROWN,#372D25,"55,45,37",97.9
AP_SPEEDPAINT_NUCLEAR_SUNRISE,Army Painter,Speedpaint,Speedpaint,SPEEDPAINT,,Nuclear Sunrise,NUCLEAR_SUNRISE,#EF7B3D,239,123,61,"239,123,61",Speedpaint,Active/Unknown,A3_Speedpaint_Practical_Naming_Chart.pdf,Official Speedpaint 2.0 practical naming chart; relationships deferred Hex/RG...,#EF7B3D,GW_LAYER_TROLL_SLAYER_ORANGE,Troll Slayer Orange,Layer,Layer,#F36D2D,"243, 109, 45",ArmyCrafter Speedpaint similarity pages (copied to DOCX),21.63,High,97.9% similarity,AK-11077,Light Orange,70.911,Light Orange,,,ArmyCrafter Speedpaint Similarity,,,Speedpaint,9,6,Inferred from AK Interactive 3rd Gen Acrylic Light Orange (98.0% similar),AK Interactive,AK 3rd Gen,3rd Gen,Acrylic Paint,AK_3GEN_LIGHT_ORANGE,Light Orange,#EF7B3D,239:123:61,98,AP_SPEEDPAINT_FIRE_GIANT_ORANGE,Fire Giant Orange,Speedpaint,,,96.7,,,,,,ArmyCrafter Speedpaint similarity pages (copied to DOCX),AK_3GEN_LIGHT_ORANGE,#EF7B3D,239:123:61,98,VAL_MODEL_COLOR_LIGHT_ORANGE,#F68627,"246,134,39",96.9,,,,
AP_SPEEDPAINT_OCCULTIST_CLOAK,Army Painter,Speedpaint,Speedpaint,SPEEDPAINT,,Occultist Cloak,OCCULTIST_CLOAK,#293340,41,51,64,"41,51,64",Speedpaint,Active/Unknown,A3_Speedpaint_Practical_Naming_Chart.pdf,Official Speedpaint 2.0 practical naming chart; relationships deferred Hex/RG...,#293340,,,,,,,ArmyCrafter Speedpaint similarity pages (copied to DOCX),,High,,,,71.091,Insignia Blue,,,,,,Speedpaint,3,2,Inferred from Vallejo Model Air Insignia Blue (97.9% similar),Vallejo,Model Air,Model Air,Acrylic Paint,VAL_MODEL_AIR_INSIGNIA_BLUE,Insignia Blue,#293340,"41,51,64",97.9,,,,,,,,,,,,ArmyCrafter Speedpaint similarity pages (copied to DOCX),,,,,VAL_MODEL_AIR_INSIGNIA_BLUE,#293340,"41,51,64",97.9,,,,
AP_SPEEDPAINT_OCHRE_CLAY,Army Painter,Speedpaint,Speedpaint,SPEEDPAINT,,Ochre Clay,OCHRE_CLAY,#ACA317,172,163,23,"172,163,23",Speedpaint,Active/Unknown,A3_Speedpaint_Practical_Naming_Chart.pdf,Official Speedpaint 2.0 practical naming chart; relationships deferred Hex/RG...,#ACA317,,,,,,,ArmyCrafter Speedpaint similarity pages (copied to DOCX),,High,,AK-11138,Interior Yellow Green,,,,,,,,Speedpaint,1,1,Inferred from AK Interactive 3rd Gen Acrylic Interior Yellow Green (97.2% similar),AK Interactive,AK 3rd Gen,3rd Gen,Acrylic/Metallic comparison color,AK_3GEN_INTERIOR_YELLOW_GREEN,Interior Yellow Green,#ACA317,172:163:23,97.2,,,,,,,,,,,,ArmyCrafter Speedpaint similarity pages (copied to DOCX),AK_3GEN_INTERIOR_YELLOW_GREEN,#ACA317,172:163:23,97.2,,,,,,,,
AP_SPEEDPAINT_ORC_SKIN,Army Painter,Speedpaint,Speedpaint,SPEEDPAINT,72.415,Orc Skin,ORC_SKIN,#1E7331,30,115,49,"30,115,49",Speedpaint,Active/Unknown,A3_Speedpaint_Practical_Naming_Chart.pdf,Official Speedpaint 2.0 practical naming chart; relationships deferred Hex/RG...,#1E7331,GW_AIR_MORTARION_GREEN_CLEAR,Mortarion Green Clear,Air,Air,#1E7331,"30, 115, 49",ArmyCrafter Speedpaint similarity pages (copied to DOCX),0,High,97.0% similarity,,,,,,,ArmyCrafter Speedpaint Similarity,,,Speedpaint,1,1,Inferred from Citadel Air Mortarion Green Clear (97.0% similar),Games Workshop,Citadel,Air,Air,GW_AIR_MORTARION_GREEN_CLEAR,Mortarion Green Clear,#1E7331,"30, 115, 49",97,,,,,,,,,,,,ArmyCrafter Speedpaint similarity pages (copied to DOCX),,,,,,,,,,,,
AP_SPEEDPAINT_PALLID_BONE,Army Painter,Speedpaint,Speedpaint,SPEEDPAINT,,Pallid Bone,PALLID_BONE,#DFC898,223,200,152,"223,200,152",Speedpaint,Active/Unknown,A3_Speedpaint_Practical_Naming_Chart.pdf,Official Speedpaint 2.0 practical naming chart; relationships deferred Hex/RG...,#DFC898,,,,,,,ArmyCrafter Speedpaint similarity pages (copied to DOCX),,High,,AK-11008,Grimy Grey,,,,,,,,Speedpaint,5,1,Inferred from AK Interactive 3rd Gen Acrylic Grimy Grey (98.0% similar),AK Interactive,AK 3rd Gen,3rd Gen,Acrylic/Metallic comparison color,AK_3GEN_GRIMY_GREY,Grimy Grey,#DFC898,223:200:152,98,,,,,,,,,,,,ArmyCrafter Speedpaint similarity pages (copied to DOCX),AK_3GEN_GRIMY_GREY,#DFC898,223:200:152,98,,,,,,,,
AP_SPEEDPAINT_PASTEL_INDIGO,Army Painter,Speedpaint,Speedpaint,SPEEDPAINT,,Pastel Indigo,PASTEL_INDIGO,#A2BAD2,162,186,210,"162,186,210",Speedpaint,Active/Unknown,A3_Speedpaint_Practical_Naming_Chart.pdf,Official Speedpaint 2.0 practical naming chart; relationships deferred Hex/RG...,#A2BAD2,GW_LAYER_BLUE_HORROR,Blue Horror,Layer,Layer,#A2BAD2,"162, 186, 210",ArmyCrafter Speedpaint similarity pages (copied to DOCX),0,Medium,95.7% similarity,,,,,,,ArmyCrafter Speedpaint Similarity,,,Speedpaint,3,3,Inferred from Citadel Layer Blue Horror (95.7% similar),Games Workshop,Citadel,Layer,Layer,GW_LAYER_BLUE_HORROR,Blue Horror,#A2BAD2,"162, 186, 210",95.7,AP_FANATIC_FROST_BLUE,Frost Blue,Fanatic,,,96.3,,,,,,ArmyCrafter Speedpaint similarity pages (copied to DOCX),,,,,,,,,,,,
AP_SPEEDPAINT_PASTEL_LAVENDER,Army Painter,Speedpaint,Speedpaint,SPEEDPAINT,,Pastel Lavender,PASTEL_LAVENDER,,,,,,Speedpaint,Active/Unknown,A3_Speedpaint_Practical_Naming_Chart.pdf,Official Speedpaint 2.0 practical naming chart; relationships deferred,,,,,,,,A3_Speedpaint_Practical_Naming_Chart.pdf,,,,,,,,,,,,,Speedpaint,,,,,,,,,,,,,,,,,,,,,,,,,,,,,,,,,,,,
AP_SPEEDPAINT_PASTEL_SALMON,Army Painter,Speedpaint,Speedpaint,SPEEDPAINT,,Pastel Salmon,PASTEL_SALMON,#9C8855,156,136,85,"156,136,85",Speedpaint,Active/Unknown,A3_Speedpaint_Practical_Naming_Chart.pdf,Official Speedpaint 2.0 practical naming chart; relationships deferred Hex/RG...,#9C8855,,,,,,,ArmyCrafter Speedpaint similarity pages (copied to DOCX),,High,,AK-11052,Basic Skin Tone,71.076,Skin Tone,,,,,,Speedpaint,7,5,Inferred from Vallejo Model Air Skin Tone (97.4% similar),Vallejo,Model Air,Model Air,Acrylic Paint,VAL_MODEL_AIR_SKIN_TONE,Skin Tone,#9C8855,"156,136,85",97.4,AP_AIR_ELVEN_FLESH,Elven Flesh,Air,#495122,"73,81,34",96.7,PA_PRO_ACRYL_WARM_FLESH,Warm Flesh,#CBB48B,"203,180,139",96.8,ArmyCrafter Speedpaint similarity pages (copied to DOCX),AK_3GEN_BASIC_SKIN_TONE,#F8B57C,248:181:124,95.1,VAL_MODEL_AIR_SKIN_TONE,#9C8855,"156,136,85",97.4,,,,
AP_SPEEDPAINT_PASTEL_SEAFOAM,Army Painter,Speedpaint,Speedpaint,SPEEDPAINT,,Pastel Seafoam,PASTEL_SEAFOAM,#C7E0D9,199,224,217,"199,224,217",Speedpaint,Active/Unknown,A3_Speedpaint_Practical_Naming_Chart.pdf,Official Speedpaint 2.0 practical naming chart; relationships deferred Hex/RG...,#C7E0D9,GW_LAYER_ULTHUAN_GREY,Ulthuan Grey,Layer,Layer,#C7E0D9,"199, 224, 217",ArmyCrafter Speedpaint similarity pages (copied to DOCX),0,Medium,96.0% similarity,,,,,,,ArmyCrafter Speedpaint Similarity,,,Speedpaint,3,3,Inferred from Citadel Layer Ulthuan Grey (96.0% similar),Games Workshop,Citadel,Layer,Layer,GW_LAYER_ULTHUAN_GREY,Ulthuan Grey,#C7E0D9,"199, 224, 217",96,AP_FANATIC_MOSSY_GREEN,Mossy Green,Fanatic,,,95.3,,,,,,ArmyCrafter Speedpaint similarity pages (copied to DOCX),,,,,,,,,,,,
AP_SPEEDPAINT_PASTEL_YELLOW,Army Painter,Speedpaint,Speedpaint,SPEEDPAINT,,Pastel Yellow,PASTEL_YELLOW,#FFF08E,255,240,142,"255,240,142",Speedpaint,Active/Unknown,A3_Speedpaint_Practical_Naming_Chart.pdf,Official Speedpaint 2.0 practical naming chart; relationships deferred Hex/RG...,#FFF08E,,,,,,,ArmyCrafter Speedpaint similarity pages (copied to DOCX),,High,,AK-11036,Ice Yellow,,,,,,,,Speedpaint,6,6,Inferred from AK Interactive 3rd Gen Acrylic Ice Yellow (98.2% similar),AK Interactive,AK 3rd Gen,3rd Gen,Acrylic/Metallic comparison color,AK_3GEN_ICE_YELLOW,Ice Yellow,#FFF08E,255:240:142,98.2,AP_AIR_MOON_DUST,Moon Dust,Air,#E8D468,"232,212,104",95.3,,,,,,ArmyCrafter Speedpaint similarity pages (copied to DOCX),AK_3GEN_ICE_YELLOW,#FFF08E,255:240:142,98.2,,,,,,,,
AP_SPEEDPAINT_PEACHY_FLESH,Army Painter,Speedpaint,Speedpaint,SPEEDPAINT,,Peachy Flesh,PEACHY_FLESH,#E0A46F,224,164,111,"224,164,111",Speedpaint,Active/Unknown,A3_Speedpaint_Practical_Naming_Chart.pdf,Official Speedpaint 2.0 practical naming chart; relationships deferred Hex/RG...,#E0A46F,GW_SHADE_CASANDORA_YELLOW,Casandora Yellow,Shade,Shade,#FECE5A,"254, 206, 90",ArmyCrafter Speedpaint similarity pages (copied to DOCX),55.72,Medium,95.6% similarity,AK-11076,Pastel Peach,70.845,Sunny Skin Tone,,,ArmyCrafter Speedpaint Similarity,,,Speedpaint,6,5,Inferred from Vallejo Model Color Sunny Skin Tone (96.4% similar),Vallejo,Model Color,Model Color,Acrylic paint,VAL_MODEL_COLOR_SUNNY_SKIN_TONE,Sunny Skin Tone,#E0A46F,"224,164,111",96.4,,,,,,,,,,,,ArmyCrafter Speedpaint similarity pages (copied to DOCX),AK_3GEN_PASTEL_PEACH,#F49A57,244:154:87,95.7,VAL_MODEL_COLOR_SUNNY_SKIN_TONE,#E0A46F,"224,164,111",96.4,,,,
AP_SPEEDPAINT_PERIWINKLE_PURPLE,Army Painter,Speedpaint,Speedpaint,SPEEDPAINT,,Periwinkle Purple,PERIWINKLE_PURPLE,#50317B,80,49,123,"80,49,123",Speedpaint,Active/Unknown,A3_Speedpaint_Practical_Naming_Chart.pdf,Official Speedpaint 2.0 practical naming chart; relationships deferred Hex/RG...,#50317B,,,,,,,ArmyCrafter Speedpaint similarity pages (copied to DOCX),,Medium,,,,,,,,,,,Speedpaint,1,1,Inferred from Army Painter Warpaints Fanatic Alien Purple (95.6% similar),Army Painter,Warpaints Fanatic,Fanatic,Acrylic,AP_FANATIC_ALIEN_PURPLE,Alien Purple,#50317B,"80,49,123",95.6,AP_FANATIC_ALIEN_PURPLE,Alien Purple,Fanatic,#50317B,"80,49,123",95.6,,,,,,ArmyCrafter Speedpaint similarity pages (copied to DOCX),,,,,,,,,,,,
AP_SPEEDPAINT_PLASMATIC_BOLT,Army Painter,Speedpaint,Speedpaint,SPEEDPAINT,,Plasmatic Bolt,PLASMATIC_BOLT,,,,,,Speedpaint,Active/Unknown,A3_Speedpaint_Practical_Naming_Chart.pdf,Official Speedpaint 2.0 practical naming chart; relationships deferred,,,,,,,,ArmyCrafter Speedpaint similarity pages (copied to DOCX),,,,,,,,,,,,,Speedpaint,1,0,,,,,,,,,,,,,,,,,,,,,,ArmyCrafter Speedpaint similarity pages (copied to DOCX),,,,,,,,,,,,
AP_SPEEDPAINT_POLISHED_SILVER,Army Painter,Speedpaint,Speedpaint,SPEEDPAINT,,Polished Silver,POLISHED_SILVER,,,,,,Speedpaint Metallic,Active/Unknown,A3_Speedpaint_Practical_Naming_Chart.pdf,Official Speedpaint 2.0 practical naming chart; relationships deferred,,,,,,,,A3_Speedpaint_Practical_Naming_Chart.pdf,,,,,,,,,,,,,Speedpaint,,,,,,,,,,,,,,,,,,,,,,,,,,,,,,,,,,,,
AP_SPEEDPAINT_POPPY_RED,Army Painter,Speedpaint,Speedpaint,SPEEDPAINT,,Poppy Red,POPPY_RED,#CF4948,207,73,72,"207,73,72",Speedpaint,Active/Unknown,A3_Speedpaint_Practical_Naming_Chart.pdf,Official Speedpaint 2.0 practical naming chart; relationships deferred Hex/RG...,#CF4948,GW_AIR_ANGRON_RED_CLEAR,Angron Red Clear,Air,Air,#C2191F,"194, 25, 31",ArmyCrafter Speedpaint similarity pages (copied to DOCX),64.45,Medium,95.1% similarity,AK-11084,Ruby,70.817,Scarlet,72.01,Bloody Red,ArmyCrafter Speedpaint Similarity,,,Speedpaint,11,11,Inferred from AK Interactive 3rd Gen Acrylic Ruby (97.4% similar),AK Interactive,AK 3rd Gen,3rd Gen,Acrylic/Metallic comparison color,AK_3GEN_RUBY,Ruby,#CF4948,207:73:72,97.4,,,,,,,,,,,,ArmyCrafter Speedpaint similarity pages (copied to DOCX),AK_3GEN_RUBY,#CF4948,207:73:72,97.4,VAL_MODEL_COLOR_SCARLET,#DA3630,"218,54,48",97.2,VAL_GAME_COLOR_BLOODY_RED,#CE0018,"206,0,24",96.2
AP_SPEEDPAINT_PRINCESS_PINK,Army Painter,Speedpaint,Speedpaint,SPEEDPAINT,,Princess Pink,PRINCESS_PINK,#F4AFCC,244,175,204,"244,175,204",Speedpaint,Active/Unknown,A3_Speedpaint_Practical_Naming_Chart.pdf,Official Speedpaint 2.0 practical naming chart; relationships deferred Hex/RG...,#F4AFCC,GW_LAYER_FULGRIM_PINK,Fulgrim Pink,Layer,Layer,#F4AFCC,"244, 175, 204",ArmyCrafter Speedpaint similarity pages (copied to DOCX),0,Medium,95.5% similarity,,,,,,,ArmyCrafter Speedpaint Similarity,,,Speedpaint,1,1,Inferred from Citadel Layer Fulgrim Pink (95.5% similar),Games Workshop,Citadel,Layer,Layer,GW_LAYER_FULGRIM_PINK,Fulgrim Pink,#F4AFCC,"244, 175, 204",95.5,,,,,,,,,,,,ArmyCrafter Speedpaint similarity pages (copied to DOCX),,,,,,,,,,,,
AP_SPEEDPAINT_PURPLE_ALCHEMY,Army Painter,Speedpaint,Speedpaint,SPEEDPAINT,,Purple Alchemy,PURPLE_ALCHEMY,#B94278,185,66,120,"185,66,120",Speedpaint,Active/Unknown,A3_Speedpaint_Practical_Naming_Chart.pdf,Official Speedpaint 2.0 practical naming chart; relationships deferred Hex/RG...,#B94278,GW_LAYER_EMPEROR_S_CHILDREN,Emperor's Children,Layer,Layer,#B94278,"185, 66, 120",ArmyCrafter Speedpaint similarity pages (copied to DOCX),0,High,97.6% similarity,AK-11067,Magenta,,,72.083,Magenta,ArmyCrafter Speedpaint Similarity,,,Speedpaint,5,4,Inferred from Citadel Layer Emperor's Children (97.6% similar),Games Workshop,Citadel,Layer,Layer,GW_LAYER_EMPEROR_S_CHILDREN,Emperor's Children,#B94278,"185, 66, 120",97.6,AP_SPEEDPAINT_MOONLAKE_CORAL,Moonlake Coral,Speedpaint,,,95.3,,,,,,ArmyCrafter Speedpaint similarity pages (copied to DOCX),AK_3GEN_MAGENTA,#B23360,178:51:96,96.7,,,,,VAL_GAME_COLOR_INK_MAGENTA,#A92A56,"169,42,86",96.5
AP_SPEEDPAINT_PURPLE_SWARM,Army Painter,Speedpaint,Speedpaint,SPEEDPAINT,,Purple Swarm,PURPLE_SWARM,,,,,,Speedpaint,Active/Unknown,A3_Speedpaint_Practical_Naming_Chart.pdf,Official Speedpaint 2.0 practical naming chart; relationships deferred,,,,,,,,ArmyCrafter Speedpaint similarity pages (copied to DOCX),,Medium,,,,,,,,,,,Speedpaint,2,1,,Army Painter,Warpaints Fanatic,Fanatic,Acrylic,AP_FANATIC_DIABOLIC_PLUM,Diabolic Plum,,,96.4,AP_FANATIC_DIABOLIC_PLUM,Diabolic Plum,Fanatic,,,96.4,,,,,,ArmyCrafter Speedpaint similarity pages (copied to DOCX),,,,,,,,,,,,
AP_SPEEDPAINT_RAGING_SEA,Army Painter,Speedpaint,Speedpaint,SPEEDPAINT,,Raging Sea,RAGING_SEA,#0097A4,0,151,164,"0,151,164",Speedpaint,Active/Unknown,A3_Speedpaint_Practical_Naming_Chart.pdf,Official Speedpaint 2.0 practical naming chart; relationships deferred Hex/RG...,#0097A4,GW_CONTRAST_AETHERMATIC_BLUE,Aethermatic Blue,Contrast,Contrast,#AEEFF0,"174, 239, 240",ArmyCrafter Speedpaint similarity pages (copied to DOCX),209.27,Medium,95.4% similarity,,,70.753,Light Blue Green,,,ArmyCrafter Speedpaint Similarity,,,Speedpaint,5,4,Inferred from Vallejo Model Color Light Blue Green (97.3% similar),Vallejo,Model Color,Model Color,Acrylic paint,VAL_MODEL_COLOR_LIGHT_BLUE_GREEN,Light Blue Green,#0097A4,"0,151,164",97.3,AP_FANATIC_HYDRA_TURQUOISE,Hydra Turquoise,Fanatic,#199BA3,"25,155,163",95.4,,,,,,ArmyCrafter Speedpaint similarity pages (copied to DOCX),,,,,VAL_MODEL_COLOR_LIGHT_BLUE_GREEN,#0097A4,"0,151,164",97.3,,,,
AP_SPEEDPAINT_RIGOR_MORTIS,Army Painter,Speedpaint,Speedpaint,SPEEDPAINT,,Rigor Mortis,RIGOR_MORTIS,#9EA94B,158,169,75,"158,169,75",Speedpaint,Active/Unknown,A3_Speedpaint_Practical_Naming_Chart.pdf,Official Speedpaint 2.0 practical naming chart; relationships deferred Hex/RG...,#9EA94B,GW_LAYER_KRIEG_KHAKI,Krieg Khaki,Layer,Layer,#B7AD78,"183, 173, 120",ArmyCrafter Speedpaint similarity pages (copied to DOCX),51.63,Medium,95.1% similarity,,,,,,,ArmyCrafter Speedpaint Similarity,,,Speedpaint,5,3,Inferred from Monument Pro Acryl Standard Khaki (95.3% similar),Monument Hobbies,Pro Acryl,Pro Acryl,Acrylic/Metallic comparison color,PA_PRO_ACRYL_KHAKI,Khaki,#9EA94B,"158,169,75",95.3,,,,,,,PA_PRO_ACRYL_KHAKI,Khaki,#9EA94B,"158,169,75",95.3,ArmyCrafter Speedpaint similarity pages (copied to DOCX),,,,,,,,,,,,
AP_SPEEDPAINT_ROYAL_ROBES,Army Painter,Speedpaint,Speedpaint,SPEEDPAINT,,Royal Robes,ROYAL_ROBES,#396E9E,57,110,158,"57,110,158",Speedpaint,Active/Unknown,A3_Speedpaint_Practical_Naming_Chart.pdf,Official Speedpaint 2.0 practical naming chart; relationships deferred Hex/RG...,#396E9E,GW_BASE_CALEDOR_SKY,Caledor Sky,Base,Base,#396E9E,"57, 110, 158",ArmyCrafter Speedpaint similarity pages (copied to DOCX),0,Medium,96.5% similarity,,,,,,,ArmyCrafter Speedpaint Similarity,,,Speedpaint,4,2,Inferred from Citadel Base Caledor Sky (96.5% similar),Games Workshop,Citadel,Base,Base,GW_BASE_CALEDOR_SKY,Caledor Sky,#396E9E,"57, 110, 158",96.5,AP_FANATIC_ROYAL_BLUE,Royal Blue,Fanatic,#41558D,"65,85,141",96.3,,,,,,ArmyCrafter Speedpaint similarity pages (copied to DOCX),,,,,,,,,,,,
AP_SPEEDPAINT_RUDDY_FUR,Army Painter,Speedpaint,Speedpaint,SPEEDPAINT,,Ruddy Fur,RUDDY_FUR,#9E4B30,158,75,48,"158,75,48",Speedpaint,Active/Unknown,A3_Speedpaint_Practical_Naming_Chart.pdf,Official Speedpaint 2.0 practical naming chart; relationships deferred Hex/RG...,#9E4B30,GW_CONTRAST_GRYPH_HOUND_ORANGE,Gryph-Hound Orange,Contrast,Contrast,#D86A2C,"216, 106, 44",ArmyCrafter Speedpaint similarity pages (copied to DOCX),65.89,Medium,95.7% similarity,AK-11103,Medium Rust,,,72.478,Phoenix Orange,ArmyCrafter Speedpaint Similarity,,,Speedpaint,5,4,Inferred from AK Interactive 3rd Gen Acrylic Medium Rust (96.5% similar),AK Interactive,AK 3rd Gen,3rd Gen,Acrylic/Metallic comparison color,AK_3GEN_MEDIUM_RUST,Medium Rust,#9E4B30,158:75:48,96.5,,,,,,,,,,,,ArmyCrafter Speedpaint similarity pages (copied to DOCX),AK_3GEN_MEDIUM_RUST,#9E4B30,158:75:48,96.5,,,,,VAL_XPRESS_COLOR_PHOENIX_ORANGE,#932310,"147,35,16",95.6
AP_SPEEDPAINT_RUNIC_GREY,Army Painter,Speedpaint,Speedpaint,SPEEDPAINT,,Runic Grey,RUNIC_GREY,#67859B,103,133,155,"103,133,155",Speedpaint,Active/Unknown,A3_Speedpaint_Practical_Naming_Chart.pdf,Official Speedpaint 2.0 practical naming chart; relationships deferred Hex/RG...,#67859B,GW_LAYER_RUSS_GREY,Russ Grey,Layer,Layer,#547588,"84, 117, 136",ArmyCrafter Speedpaint similarity pages (copied to DOCX),31.27,Medium,96.3% similarity,,,70.901,Pastel Blue,,,ArmyCrafter Speedpaint Similarity,,,Speedpaint,7,7,Inferred from Vallejo Model Color Pastel Blue (96.8% similar),Vallejo,Model Color,Model Color,Acrylic paint,VAL_MODEL_COLOR_PASTEL_BLUE,Pastel Blue,#67859B,"103,133,155",96.8,AP_AIR_WOLF_GREY,Wolf Grey,Air,#5B8093,"91,128,147",95.7,,,,,,ArmyCrafter Speedpaint similarity pages (copied to DOCX),,,,,VAL_MODEL_COLOR_PASTEL_BLUE,#67859B,"103,133,155",96.8,,,,
AP_SPEEDPAINT_SAND_GOLEM,Army Painter,Speedpaint,Speedpaint,SPEEDPAINT,,Sand Golem,SAND_GOLEM,#CD9A32,205,154,50,"205,154,50",Speedpaint,Active/Unknown,A3_Speedpaint_Practical_Naming_Chart.pdf,Official Speedpaint 2.0 practical naming chart; relationships deferred Hex/RG...,#CD9A32,GW_CONTRAST_IRONJAWZ_YELLOW,Ironjawz Yellow,Contrast,Contrast,#E0B000,"224, 176, 0",ArmyCrafter Speedpaint similarity pages (copied to DOCX),57.84,High,98.0% similarity,AK-11034,Medium Sand,,,,,ArmyCrafter Speedpaint Similarity,,,Speedpaint,6,5,Inferred from AK Interactive 3rd Gen Acrylic Medium Sand (98.8% similar),AK Interactive,AK 3rd Gen,3rd Gen,Acrylic/Metallic comparison color,AK_3GEN_MEDIUM_SAND,Medium Sand,#CD9A32,205:154:50,98.8,,,,,,,PA_PRO_ACRYL_YELLOW_OCHRE,Yellow Ochre,#DCA026,"220,160,38",98.4,ArmyCrafter Speedpaint similarity pages (copied to DOCX),AK_3GEN_MEDIUM_SAND,#CD9A32,205:154:50,98.8,,,,,,,,
AP_SPEEDPAINT_SATCHEL_BROWN,Army Painter,Speedpaint,Speedpaint,SPEEDPAINT,,Satchel Brown,SATCHEL_BROWN,#523125,82,49,37,"82,49,37",Speedpaint,Active/Unknown,A3_Speedpaint_Practical_Naming_Chart.pdf,Official Speedpaint 2.0 practical naming chart; relationships deferred Hex/RG...,#523125,GW_BASE_THONDIA_BROWN,Thondia Brown,Base,Base,#493435,"73, 52, 53",ArmyCrafter Speedpaint similarity pages (copied to DOCX),18.6,High,97.5% similarity,AK-11097,Burnt Red,71.271,German Red Brown,72.044,Dark Flesh Tone,ArmyCrafter Speedpaint Similarity,,,Speedpaint,13,11,Inferred from AK Interactive 3rd Gen Acrylic Burnt Red (98.8% similar),AK Interactive,AK 3rd Gen,3rd Gen,Acrylic/Metallic comparison color,AK_3GEN_BURNT_RED,Burnt Red,#523125,82:49:37,98.8,AP_FANATIC_DRYAD_BROWN,Dryad Brown,Fanatic,,,96.4,,,,,,ArmyCrafter Speedpaint similarity pages (copied to DOCX),AK_3GEN_BURNT_RED,#523125,82:49:37,98.8,VAL_MODEL_AIR_GERMAN_RED_BROWN,#390008,"57,0,8",96.7,VAL_GAME_COLOR_DARK_FLESH_TONE,#4F2B26,"79,43,38",98.5
AP_SPEEDPAINT_SHAMROCK_GREEN,Army Painter,Speedpaint,Speedpaint,SPEEDPAINT,,Shamrock Green,SHAMROCK_GREEN,#00401E,0,64,30,"0,64,30",Speedpaint,Active/Unknown,A3_Speedpaint_Practical_Naming_Chart.pdf,Official Speedpaint 2.0 practical naming chart; relationships deferred Hex/RG...,#00401E,,,,,,,ArmyCrafter Speedpaint similarity pages (copied to DOCX),,Medium,,,,,,,,,,,Speedpaint,3,1,Inferred from Monument Pro Acryl Standard Green (95.4% similar),Monument Hobbies,Pro Acryl,Pro Acryl,Acrylic/Metallic comparison color,PA_PRO_ACRYL_GREEN,Green,#00401E,"0,64,30",95.4,,,,,,,PA_PRO_ACRYL_GREEN,Green,#00401E,"0,64,30",95.4,ArmyCrafter Speedpaint similarity pages (copied to DOCX),,,,,,,,,,,,
AP_SPEEDPAINT_SLAUGHTER_RED,Army Painter,Speedpaint,Speedpaint,SPEEDPAINT,,Slaughter Red,SLAUGHTER_RED,#990033,153,0,51,"153,0,51",Speedpaint,Active/Unknown,A3_Speedpaint_Practical_Naming_Chart.pdf,Official Speedpaint 2.0 practical naming chart; relationships deferred Hex/RG...,#990033,GW_CONTRAST_BLOOD_ANGELS_RED,Blood Angels Red,Contrast,Contrast,#C81D25,"200, 29, 37",ArmyCrafter Speedpaint similarity pages (copied to DOCX),56.97,Medium,95.1% similarity,,,70.908,Carmine Red,72.406,Plasma Red,ArmyCrafter Speedpaint Similarity,,,Speedpaint,6,5,Inferred from Vallejo Model Color Carmine Red (97.4% similar),Vallejo,Model Color,Model Color,Acrylic Paint,VAL_MODEL_COLOR_CARMINE_RED,Carmine Red,#990033,"153,0,51",97.4,AP_FANATIC_RESPLENDENT_RED,Resplendent Red,Fanatic,,,97.4,,,,,,ArmyCrafter Speedpaint similarity pages (copied to DOCX),,,,,VAL_MODEL_COLOR_CARMINE_RED,#990033,"153,0,51",97.4,VAL_XPRESS_COLOR_PLASMA_RED,#C82B2B,"200,43,43",95.7
AP_SPEEDPAINT_SPEEDPAINT_MEDIUM,Army Painter,Speedpaint,Speedpaint,SPEEDPAINT,,Speedpaint Medium,SPEEDPAINT_MEDIUM,,,,,,Speedpaint,Active/Unknown,A3_Speedpaint_Practical_Naming_Chart.pdf,Official Speedpaint 2.0 practical naming chart; relationships deferred,,,,,,,,A3_Speedpaint_Practical_Naming_Chart.pdf,,,,,,,,,,,,,Speedpaint,,,,,,,,,,,,,,,,,,,,,,,,,,,,,,,,,,,,
AP_SPEEDPAINT_TALOS_BRONZE,Army Painter,Speedpaint,Speedpaint,SPEEDPAINT,,Talos Bronze,TALOS_BRONZE,,,,,,Speedpaint Metallic,Active/Unknown,A3_Speedpaint_Practical_Naming_Chart.pdf,Official Speedpaint 2.0 practical naming chart; relationships deferred,,,,,,,,A3_Speedpaint_Practical_Naming_Chart.pdf,,,,,,,,,,,,,Speedpaint,,,,,,,,,,,,,,,,,,,,,,,,,,,,,,,,,,,,
AP_SPEEDPAINT_THUNDERBIRD_BLUE,Army Painter,Speedpaint,Speedpaint,SPEEDPAINT,,Thunderbird Blue,THUNDERBIRD_BLUE,#B3CECA,179,206,202,"179,206,202",Speedpaint,Active/Unknown,A3_Speedpaint_Practical_Naming_Chart.pdf,Official Speedpaint 2.0 practical naming chart; relationships deferred Hex/RG...,#B3CECA,GW_LAYER_GAUSS_BLASTER_GREEN,Gauss Blaster Green,Layer,Layer,#84C2A9,"132, 194, 169",ArmyCrafter Speedpaint similarity pages (copied to DOCX),58.67,Medium,95.8% similarity,,,,,72.096,Verdigris,ArmyCrafter Speedpaint Similarity,,,Speedpaint,4,3,Inferred from Vallejo Game Color Verdigris (97.2% similar),Vallejo,Game Color Ink,Game Color Ink,Ink,VAL_GAME_COLOR_INK_VERDIGRIS,Verdigris,#B3CECA,"179,206,202",97.2,AP_FANATIC_AQUA_ALCHEMY,Aqua Alchemy,Fanatic,,,96,,,,,,ArmyCrafter Speedpaint similarity pages (copied to DOCX),,,,,,,,,VAL_GAME_COLOR_INK_VERDIGRIS,#B3CECA,"179,206,202",97.2
AP_SPEEDPAINT_TIDAL_WAVE,Army Painter,Speedpaint,Speedpaint,SPEEDPAINT,,Tidal Wave,TIDAL_WAVE,#024381,2,67,129,"2,67,129",Speedpaint,Active/Unknown,A3_Speedpaint_Practical_Naming_Chart.pdf,Official Speedpaint 2.0 practical naming chart; relationships deferred Hex/RG...,#024381,,,,,,,ArmyCrafter Speedpaint similarity pages (copied to DOCX),,High,,,,70.841,Andrea Blue,73.207,Blue Shade Wash,,,,Speedpaint,10,8,Inferred from Army Painter Speedpaint 2.0 Magic Blue (99.3% similar),Army Painter,Speedpaint,Speedpaint,Speedpaint/one-coat,AP_SPEEDPAINT_MAGIC_BLUE,Magic Blue,#024381,"2,67,129",99.3,AP_SPEEDPAINT_MAGIC_BLUE,Magic Blue,Speedpaint,#024381,"2,67,129",99.3,,,,,,ArmyCrafter Speedpaint similarity pages (copied to DOCX),,,,,VAL_MODEL_COLOR_ANDREA_BLUE,#008DC9,"0,141,201",97.3,VAL_GAME_COLOR_BLUE_SHADE_WASH,#273E53,"39,62,83",98
AP_SPEEDPAINT_TYRIAN_NAVY,Army Painter,Speedpaint,Speedpaint,SPEEDPAINT,,Tyrian Navy,TYRIAN_NAVY,#183A48,24,58,72,"24,58,72",Speedpaint,Active/Unknown,A3_Speedpaint_Practical_Naming_Chart.pdf,Official Speedpaint 2.0 practical naming chart; relationships deferred Hex/RG...,#183A48,,,,,,,ArmyCrafter Speedpaint similarity pages (copied to DOCX),,High,,AK-11184,Medium Blue,,,,,,,,Speedpaint,4,3,Inferred from AK Interactive 3rd Gen Acrylic Medium Blue (98.4% similar),AK Interactive,AK 3rd Gen,3rd Gen,Acrylic/Metallic comparison color,AK_3GEN_MEDIUM_BLUE,Medium Blue,#183A48,24:58:72,98.4,AP_FANATIC_SCARAB_GREEN,Scarab Green,Fanatic,,,96,PA_PRO_ACRYL_DARK_JADE,Dark Jade,#0C6A74,"12,106,116",97.1,ArmyCrafter Speedpaint similarity pages (copied to DOCX),AK_3GEN_MEDIUM_BLUE,#183A48,24:58:72,98.4,,,,,,,,
AP_SPEEDPAINT_WARRIOR_SKIN,Army Painter,Speedpaint,Speedpaint,SPEEDPAINT,,Warrior Skin,WARRIOR_SKIN,#A57B63,165,123,99,"165,123,99",Speedpaint,Active/Unknown,A3_Speedpaint_Practical_Naming_Chart.pdf,Official Speedpaint 2.0 practical naming chart; relationships deferred Hex/RG...,#A57B63,GW_BASE_RATSKIN_FLESH,Ratskin Flesh,Base,Base,#AD6B4C,"173, 107, 76",ArmyCrafter Speedpaint similarity pages (copied to DOCX),29.14,Medium,96.2% similarity,,,70.843,Cork Brown,,,ArmyCrafter Speedpaint Similarity,,,Speedpaint,6,4,Inferred from Vallejo Model Color Cork Brown (97.9% similar),Vallejo,Model Color,Model Color,Acrylic paint,VAL_MODEL_COLOR_CORK_BROWN,Cork Brown,#A57B63,"165,123,99",97.9,,,,,,,,,,,,ArmyCrafter Speedpaint similarity pages (copied to DOCX),,,,,VAL_MODEL_COLOR_CORK_BROWN,#A57B63,"165,123,99",97.9,,,,
AP_SPEEDPAINT_ZEALOT_YELLOW,Army Painter,Speedpaint,Speedpaint,SPEEDPAINT,,Zealot Yellow,ZEALOT_YELLOW,#FADA06,250,218,6,"250,218,6",Speedpaint,Active/Unknown,A3_Speedpaint_Practical_Naming_Chart.pdf,Official Speedpaint 2.0 practical naming chart; relationships deferred Hex/RGB inferred from ArmyCrafter similarity match: Army Painter Warpaints Fanatic Daemonic Yellow (98.7% similar).,#FADA06,GW_CONTRAST_BAD_MOON_YELLOW,Bad Moon Yellow,Contrast,Contrast,#F4D000,"244, 208, 0",ArmyCrafter Speedpaint similarity pages (copied to DOCX),13.11,High,97.5% similarity,AK-11045,Deep Yellow,70.915,Deep Yellow,72.005,Bald Moon Yellow,ArmyCrafter Speedpaint Similarity,,,Speedpaint,12,10,Inferred from Army Painter Warpaints Fanatic Daemonic Yellow (98.7% similar),Army Painter,Warpaints Fanatic,Fanatic,Acrylic,AP_FANATIC_DAEMONIC_YELLOW,Daemonic Yellow,#FADA06,"250,218,6",98.7,AP_FANATIC_DAEMONIC_YELLOW,Daemonic Yellow,Fanatic,#FADA06,"250,218,6",98.7,,,,,,ArmyCrafter Speedpaint similarity pages (copied to DOCX),AK_3GEN_DEEP_YELLOW,#FDC607,253:198:7,97.3,VAL_MODEL_COLOR_DEEP_YELLOW,#FFE30C,"255,227,12",95.3,VAL_GAME_COLOR_BALD_MOON_YELLOW,#FFF700,"255,247,0",95.9
AP_AIR_AIRBRUSH_CLEANER,Army Painter,Warpaints Air,Air,AIR,,Airbrush Cleaner,AIRBRUSH_CLEANER,,,,,,Auxiliary,Active/Unknown,All_Warpaints_Air.pdf,Official Warpaints Air poster; Hex/RGB filled only if already available from supplied swatch data,,,,,,,,All_Warpaints_Air.pdf,,,,,,,,,,,,,Auxiliary,,,,,,,,,,,,,,,,,,,,,,,,,,,,,,,,,,,,
AP_AIR_AIRBRUSH_MEDIUM,Army Painter,Warpaints Air,Air,AIR,,Airbrush Medium,AIRBRUSH_MEDIUM,,,,,,Auxiliary,Active/Unknown,All_Warpaints_Air.pdf,Official Warpaints Air poster; Hex/RGB filled only if already available from supplied swatch data,,,,,,,,All_Warpaints_Air.pdf,,,,,,,,,,,,,Auxiliary,,,,,,,,,,,,,,,,,,,,,,,,,,,,,,,,,,,,
AP_AIR_ALIEN_PURPLE,Army Painter,Warpaints Air,Air,AIR,72.076,Alien Purple,ALIEN_PURPLE,#50317B,80,49,123,"80,49,123",Air,Active/Unknown,All_Warpaints_Air.pdf,Official Warpaints Air poster; Hex/RGB filled only if already available from supplied swatch data,#50317B,,,,,,,All_Warpaints_Air.pdf,,,,,,,,,,,,,Air,,,,,,,,,,,,,,,,,,,,,,,,,,,,,,,,,,,,
AP_AIR_ANGEL_GREEN,Army Painter,Warpaints Air,Air,AIR,72.123,Angel Green,ANGEL_GREEN,#0C391D,12,57,29,"12,57,29",Air,Active/Unknown,All_Warpaints_Air.pdf,Official Warpaints Air poster; Hex/RGB filled only if already available from supplied swatch data,#0C391D,,,,,,,All_Warpaints_Air.pdf,,,,,,,,,,,,,Air,,,,,,,,,,,,,,,,,,,,,,,,,,,,,,,,,,,,
AP_AIR_ARCHANGEL_RED,Army Painter,Warpaints Air,Air,AIR,,Archangel Red,ARCHANGEL_RED,,,,,,Air,Active/Unknown,All_Warpaints_Air.pdf,Official Warpaints Air poster; Hex/RGB filled only if already available from supplied swatch data,,,,,,,,All_Warpaints_Air.pdf,,,,,,,,,,,,,Air,,,,,,,,,,,,,,,,,,,,,,,,,,,,,,,,,,,,
AP_AIR_ARMY_GREEN,Army Painter,Warpaints Air,Air,AIR,WP3068,Army Green,ARMY_GREEN,#6E7645,110,118,69,"110,118,69",Air,Active/Unknown,All_Warpaints_Air.pdf,Official Warpaints Air poster; Hex/RGB filled only if already available from supplied swatch data,#6E7645,,,,,,,All_Warpaints_Air.pdf,,,,,,,,,,,,,Air,,,,,,,,,,,,,,,,,,,,,,,,,,,,,,,,,,,,
AP_AIR_AZURE_MAGIC,Army Painter,Warpaints Air,Air,AIR,,Azure Magic,AZURE_MAGIC,,,,,,Air Metallic/Effect,Active/Unknown,All_Warpaints_Air.pdf,Official Warpaints Air poster; Hex/RGB filled only if already available from supplied swatch data,,,,,,,,All_Warpaints_Air.pdf,,,,,,,,,,,,,Air Metallic/Effect,,,,,,,,,,,,,,,,,,,,,,,,,,,,,,,,,,,,
AP_AIR_BARBARIAN_FLESH,Army Painter,Warpaints Air,Air,AIR,WP3147,Barbarian Flesh,BARBARIAN_FLESH,#E89C6C,232,156,108,"232,156,108",Air,Active/Unknown,All_Warpaints_Air.pdf,Official Warpaints Air poster; Hex/RGB filled only if already available from supplied swatch data,#E89C6C,,,,,,,All_Warpaints_Air.pdf,,,,,,,,,,,,,Air,,,,,,,,,,,,,,,,,,,,,,,,,,,,,,,,,,,,
AP_AIR_BARREN_YELLOW,Army Painter,Warpaints Air,Air,AIR,,Barren Yellow,BARREN_YELLOW,,,,,,Air,Active/Unknown,All_Warpaints_Air.pdf,Official Warpaints Air poster; Hex/RGB filled only if already available from supplied swatch data,,,,,,,,All_Warpaints_Air.pdf,,,,,,,,,,,,,Air,,,,,,,,,,,,,,,,,,,,,,,,,,,,,,,,,,,,
AP_AIR_BLEACHED_BONE,Army Painter,Warpaints Air,Air,AIR,,Bleached Bone,BLEACHED_BONE,#EFD9A8,239,217,168,"239,217,168",Air,Active/Unknown,All_Warpaints_Air.pdf,Official Warpaints Air poster; Hex/RGB filled only if already available from supplied swatch data,#EFD9A8,,,,,,,All_Warpaints_Air.pdf,,,,,,,,,,,,,Air,,,,,,,,,,,,,,,,,,,,,,,,,,,,,,,,,,,,
AP_AIR_BLUE_FLUX,Army Painter,Warpaints Air,Air,AIR,,Blue Flux,BLUE_FLUX,,,,,,Air,Active/Unknown,All_Warpaints_Air.pdf,Official Warpaints Air poster; Hex/RGB filled only if already available from supplied swatch data,,,,,,,,All_Warpaints_Air.pdf,,,,,,,,,,,,,Air,,,,,,,,,,,,,,,,,,,,,,,,,,,,,,,,,,,,
AP_AIR_BOGEY_GREEN,Army Painter,Warpaints Air,Air,AIR,,Bogey Green,BOGEY_GREEN,,,,,,Air,Active/Unknown,All_Warpaints_Air.pdf,Official Warpaints Air poster; Hex/RGB filled only if already available from supplied swatch data,,,,,,,,All_Warpaints_Air.pdf,,,,,,,,,,,,,Air,,,,,,,,,,,,,,,,,,,,,,,,,,,,,,,,,,,,
AP_AIR_BRETHIL_BLUSH,Army Painter,Warpaints Air,Air,AIR,,Brethil Blush,BRETHIL_BLUSH,,,,,,Air,Active/Unknown,All_Warpaints_Air.pdf,Official Warpaints Air poster; Hex/RGB filled only if already available from supplied swatch data,,,,,,,,All_Warpaints_Air.pdf,,,,,,,,,,,,,Air,,,,,,,,,,,,,,,,,,,,,,,,,,,,,,,,,,,,
AP_AIR_BRIGHT_GOLD,Army Painter,Warpaints Air,Air,AIR,,Bright Gold,BRIGHT_GOLD,,,,,,Air Metallic/Effect,Active/Unknown,All_Warpaints_Air.pdf,Official Warpaints Air poster; Hex/RGB filled only if already available from supplied swatch data,,,,,,,,All_Warpaints_Air.pdf,,,,,,,,,,,,,Air Metallic/Effect,,,,,,,,,,,,,,,,,,,,,,,,,,,,,,,,,,,,
AP_AIR_BROODMOTHER_PURPLE,Army Painter,Warpaints Air,Air,AIR,,Broodmother Purple,BROODMOTHER_PURPLE,,,,,,Air,Active/Unknown,All_Warpaints_Air.pdf,Official Warpaints Air poster; Hex/RGB filled only if already available from supplied swatch data,,,,,,,,All_Warpaints_Air.pdf,,,,,,,,,,,,,Air,,,,,,,,,,,,,,,,,,,,,,,,,,,,,,,,,,,,
AP_AIR_BULLWHACK_BROWN,Army Painter,Warpaints Air,Air,AIR,,Bullwhack Brown,BULLWHACK_BROWN,,,,,,Air,Active/Unknown,All_Warpaints_Air.pdf,Official Warpaints Air poster; Hex/RGB filled only if already available from supplied swatch data,,,,,,,,All_Warpaints_Air.pdf,,,,,,,,,,,,,Air,,,,,,,,,,,,,,,,,,,,,,,,,,,,,,,,,,,,
AP_AIR_CADRE_GREY,Army Painter,Warpaints Air,Air,AIR,,Cadre Grey,CADRE_GREY,,,,,,Air,Active/Unknown,All_Warpaints_Air.pdf,Official Warpaints Air poster; Hex/RGB filled only if already available from supplied swatch data,,,,,,,,All_Warpaints_Air.pdf,,,,,,,,,,,,,Air,,,,,,,,,,,,,,,,,,,,,,,,,,,,,,,,,,,,
AP_AIR_CANOPY_GREEN,Army Painter,Warpaints Air,Air,AIR,,Canopy Green,CANOPY_GREEN,,,,,,Air,Active/Unknown,All_Warpaints_Air.pdf,Official Warpaints Air poster; Hex/RGB filled only if already available from supplied swatch data,,,,,,,,All_Warpaints_Air.pdf,,,,,,,,,,,,,Air,,,,,,,,,,,,,,,,,,,,,,,,,,,,,,,,,,,,
AP_AIR_CHAOTIC_RED,Army Painter,Warpaints Air,Air,AIR,,Chaotic Red,CHAOTIC_RED,#6C1E10,108,30,16,"108,30,16",Air,Active/Unknown,All_Warpaints_Air.pdf,Official Warpaints Air poster; Hex/RGB filled only if already available from supplied swatch data,#6C1E10,,,,,,,All_Warpaints_Air.pdf,,,,,,,,,,,,,Air,,,,,,,,,,,,,,,,,,,,,,,,,,,,,,,,,,,,
AP_AIR_CHARRED_BONE,Army Painter,Warpaints Air,Air,AIR,,Charred Bone,CHARRED_BONE,,,,,,Air,Active/Unknown,All_Warpaints_Air.pdf,Official Warpaints Air poster; Hex/RGB filled only if already available from supplied swatch data,,,,,,,,All_Warpaints_Air.pdf,,,,,,,,,,,,,Air,,,,,,,,,,,,,,,,,,,,,,,,,,,,,,,,,,,,
AP_AIR_CHIMERA_RED,Army Painter,Warpaints Air,Air,AIR,,Chimera Red,CHIMERA_RED,,,,,,Air,Active/Unknown,All_Warpaints_Air.pdf,Official Warpaints Air poster; Hex/RGB filled only if already available from supplied swatch data,,,,,,,,All_Warpaints_Air.pdf,,,,,,,,,,,,,Air,,,,,,,,,,,,,,,,,,,,,,,,,,,,,,,,,,,,
AP_AIR_CONSUL_BLUE,Army Painter,Warpaints Air,Air,AIR,,Consul Blue,CONSUL_BLUE,,,,,,Air,Active/Unknown,All_Warpaints_Air.pdf,Official Warpaints Air poster; Hex/RGB filled only if already available from supplied swatch data,,,,,,,,All_Warpaints_Air.pdf,,,,,,,,,,,,,Air,,,,,,,,,,,,,,,,,,,,,,,,,,,,,,,,,,,,
AP_AIR_COSMIC_DUST,Army Painter,Warpaints Air,Air,AIR,,Cosmic Dust,COSMIC_DUST,,,,,,Air Metallic/Effect,Active/Unknown,All_Warpaints_Air.pdf,Official Warpaints Air poster; Hex/RGB filled only if already available from supplied swatch data,,,,,,,,All_Warpaints_Air.pdf,,,,,,,,,,,,,Air Metallic/Effect,,,,,,,,,,,,,,,,,,,,,,,,,,,,,,,,,,,,
AP_AIR_COVEN_PURPLE,Army Painter,Warpaints Air,Air,AIR,,Coven Purple,COVEN_PURPLE,,,,,,Air,Active/Unknown,All_Warpaints_Air.pdf,Official Warpaints Air poster; Hex/RGB filled only if already available from supplied swatch data,,,,,,,,All_Warpaints_Air.pdf,,,,,,,,,,,,,Air,,,,,,,,,,,,,,,,,,,,,,,,,,,,,,,,,,,,
AP_AIR_CROW_HUE,Army Painter,Warpaints Air,Air,AIR,,Crow Hue,CROW_HUE,,,,,,Air,Active/Unknown,All_Warpaints_Air.pdf,Official Warpaints Air poster; Hex/RGB filled only if already available from supplied swatch data,,,,,,,,All_Warpaints_Air.pdf,,,,,,,,,,,,,Air,,,,,,,,,,,,,,,,,,,,,,,,,,,,,,,,,,,,
AP_AIR_CRYSTAL_BLUE,Army Painter,Warpaints Air,Air,AIR,WP3028,Crystal Blue,CRYSTAL_BLUE,#0083C2,0,131,194,"0,131,194",Air,Active/Unknown,All_Warpaints_Air.pdf,Official Warpaints Air poster; Hex/RGB filled only if already available from supplied swatch data,#0083C2,,,,,,,All_Warpaints_Air.pdf,,,,,,,,,,,,,Air,,,,,,,,,,,,,,,,,,,,,,,,,,,,,,,,,,,,
AP_AIR_CYPRESS_BROWN,Army Painter,Warpaints Air,Air,AIR,,Cypress Brown,CYPRESS_BROWN,,,,,,Air,Active/Unknown,All_Warpaints_Air.pdf,Official Warpaints Air poster; Hex/RGB filled only if already available from supplied swatch data,,,,,,,,All_Warpaints_Air.pdf,,,,,,,,,,,,,Air,,,,,,,,,,,,,,,,,,,,,,,,,,,,,,,,,,,,
AP_AIR_DAEMONIC_YELLOW,Army Painter,Warpaints Air,Air,AIR,WP3093,Daemonic Yellow,DAEMONIC_YELLOW,#FADA06,250,218,6,"250,218,6",Air,Active/Unknown,All_Warpaints_Air.pdf,Official Warpaints Air poster; Hex/RGB filled only if already available from supplied swatch data,#FADA06,,,,,,,All_Warpaints_Air.pdf,,,,,,,,,,,,,Air,,,,,,,,,,,,,,,,,,,,,,,,,,,,,,,,,,,,
AP_AIR_DARK_SKY,Army Painter,Warpaints Air,Air,AIR,,Dark Sky,DARK_SKY,#2B4B5F,43,75,95,"43,75,95",Air,Active/Unknown,All_Warpaints_Air.pdf,Official Warpaints Air poster; Hex/RGB filled only if already available from supplied swatch data,#2B4B5F,,,,,,,All_Warpaints_Air.pdf,,,,,,,,,,,,,Air,,,,,,,,,,,,,,,,,,,,,,,,,,,,,,,,,,,,
AP_AIR_DESERT_YELLOW,Army Painter,Warpaints Air,Air,AIR,72.063,Desert Yellow,DESERT_YELLOW,#9C8855,156,136,85,"156,136,85",Air,Active/Unknown,All_Warpaints_Air.pdf,Official Warpaints Air poster; Hex/RGB filled only if already available from supplied swatch data,#9C8855,,,,,,,All_Warpaints_Air.pdf,,,,,,,,,,,,,Air,,,,,,,,,,,,,,,,,,,,,,,,,,,,,,,,,,,,
AP_AIR_DRAB_GREEN,Army Painter,Warpaints Air,Air,AIR,,Drab Green,DRAB_GREEN,,,,,,Air,Active/Unknown,All_Warpaints_Air.pdf,Official Warpaints Air poster; Hex/RGB filled only if already available from supplied swatch data,,,,,,,,All_Warpaints_Air.pdf,,,,,,,,,,,,,Air,,,,,,,,,,,,,,,,,,,,,,,,,,,,,,,,,,,,
AP_AIR_DRAGON_RED,Army Painter,Warpaints Air,Air,AIR,WP3117,Dragon Red,DRAGON_RED,#9A1B1E,154,27,30,"154,27,30",Air,Active/Unknown,All_Warpaints_Air.pdf,Official Warpaints Air poster; Hex/RGB filled only if already available from supplied swatch data,#9A1B1E,,,,,,,All_Warpaints_Air.pdf,,,,,,,,,,,,,Air,,,,,,,,,,,,,,,,,,,,,,,,,,,,,,,,,,,,
AP_AIR_ELEMENTAL_BOLT,Army Painter,Warpaints Air,Air,AIR,,Elemental Bolt,ELEMENTAL_BOLT,#009A82,0,154,130,"0,154,130",Air,Active/Unknown,All_Warpaints_Air.pdf,Official Warpaints Air poster; Hex/RGB filled only if already available from supplied swatch data,#009A82,,,,,,,All_Warpaints_Air.pdf,,,,,,,,,,,,,Air,,,,,,,,,,,,,,,,,,,,,,,,,,,,,,,,,,,,
AP_AIR_ELVEN_ARMOUR,Army Painter,Warpaints Air,Air,AIR,,Elven Armour,ELVEN_ARMOUR,,,,,,Air Metallic/Effect,Active/Unknown,All_Warpaints_Air.pdf,Official Warpaints Air poster; Hex/RGB filled only if already available from supplied swatch data,,,,,,,,All_Warpaints_Air.pdf,,,,,,,,,,,,,Air Metallic/Effect,,,,,,,,,,,,,,,,,,,,,,,,,,,,,,,,,,,,
AP_AIR_ELVEN_FLESH,Army Painter,Warpaints Air,Air,AIR,,Elven Flesh,ELVEN_FLESH,#495122,73,81,34,"73,81,34",Air,Active/Unknown,All_Warpaints_Air.pdf,Official Warpaints Air poster; Hex/RGB filled only if already available from supplied swatch data,#495122,,,,,,,All_Warpaints_Air.pdf,,,,,,,,,,,,,Air,,,,,,,,,,,,,,,,,,,,,,,,,,,,,,,,,,,,
AP_AIR_ENCARMINE_RED,Army Painter,Warpaints Air,Air,AIR,,Encarmine Red,ENCARMINE_RED,,,,,,Air,Active/Unknown,All_Warpaints_Air.pdf,Official Warpaints Air poster; Hex/RGB filled only if already available from supplied swatch data,,,,,,,,All_Warpaints_Air.pdf,,,,,,,,,,,,,Air,,,,,,,,,,,,,,,,,,,,,,,,,,,,,,,,,,,,
AP_AIR_EVIL_CHROME,Army Painter,Warpaints Air,Air,AIR,,Evil Chrome,EVIL_CHROME,,,,,,Air,Active/Unknown,All_Warpaints_Air.pdf,Official Warpaints Air poster; Hex/RGB filled only if already available from supplied swatch data,,,,,,,,All_Warpaints_Air.pdf,,,,,,,,,,,,,Air,,,,,,,,,,,,,,,,,,,,,,,,,,,,,,,,,,,,
AP_AIR_EXILE_GREEN,Army Painter,Warpaints Air,Air,AIR,,Exile Green,EXILE_GREEN,,,,,,Air,Active/Unknown,All_Warpaints_Air.pdf,Official Warpaints Air poster; Hex/RGB filled only if already available from supplied swatch data,,,,,,,,All_Warpaints_Air.pdf,,,,,,,,,,,,,Air,,,,,,,,,,,,,,,,,,,,,,,,,,,,,,,,,,,,
AP_AIR_FAIRY_DUST,Army Painter,Warpaints Air,Air,AIR,,Fairy Dust,FAIRY_DUST,,,,,,Air Metallic/Effect,Active/Unknown,All_Warpaints_Air.pdf,Official Warpaints Air poster; Hex/RGB filled only if already available from supplied swatch data,,,,,,,,All_Warpaints_Air.pdf,,,,,,,,,,,,,Air Metallic/Effect,,,,,,,,,,,,,,,,,,,,,,,,,,,,,,,,,,,,
AP_AIR_FAIRY_PINK,Army Painter,Warpaints Air,Air,AIR,,Fairy Pink,FAIRY_PINK,,,,,,Air,Active/Unknown,All_Warpaints_Air.pdf,Official Warpaints Air poster; Hex/RGB filled only if already available from supplied swatch data,,,,,,,,All_Warpaints_Air.pdf,,,,,,,,,,,,,Air,,,,,,,,,,,,,,,,,,,,,,,,,,,,,,,,,,,,
AP_AIR_FERAL_GREEN,Army Painter,Warpaints Air,Air,AIR,,Feral Green,FERAL_GREEN,,,,,,Air,Active/Unknown,All_Warpaints_Air.pdf,Official Warpaints Air poster; Hex/RGB filled only if already available from supplied swatch data,,,,,,,,All_Warpaints_Air.pdf,,,,,,,,,,,,,Air,,,,,,,,,,,,,,,,,,,,,,,,,,,,,,,,,,,,
AP_AIR_FEY_PINK,Army Painter,Warpaints Air,Air,AIR,,Fey Pink,FEY_PINK,,,,,,Air,Active/Unknown,All_Warpaints_Air.pdf,Official Warpaints Air poster; Hex/RGB filled only if already available from supplied swatch data,,,,,,,,All_Warpaints_Air.pdf,,,,,,,,,,,,,Air,,,,,,,,,,,,,,,,,,,,,,,,,,,,,,,,,,,,
AP_AIR_FEYWILD_GLOW,Army Painter,Warpaints Air,Air,AIR,,Feywild Glow,FEYWILD_GLOW,,,,,,Air,Active/Unknown,All_Warpaints_Air.pdf,Official Warpaints Air poster; Hex/RGB filled only if already available from supplied swatch data,,,,,,,,All_Warpaints_Air.pdf,,,,,,,,,,,,,Air,,,,,,,,,,,,,,,,,,,,,,,,,,,,,,,,,,,,
AP_AIR_FUR_BROWN,Army Painter,Warpaints Air,Air,AIR,WP3112,Fur Brown,FUR_BROWN,#A14322,161,67,34,"161,67,34",Air,Active/Unknown,All_Warpaints_Air.pdf,Official Warpaints Air poster; Hex/RGB filled only if already available from supplied swatch data,#A14322,,,,,,,All_Warpaints_Air.pdf,,,,,,,,,,,,,Air,,,,,,,,,,,,,,,,,,,,,,,,,,,,,,,,,,,,
AP_AIR_GAUSS_GREEN,Army Painter,Warpaints Air,Air,AIR,,Gauss Green,GAUSS_GREEN,,,,,,Air,Active/Unknown,All_Warpaints_Air.pdf,Official Warpaints Air poster; Hex/RGB filled only if already available from supplied swatch data,,,,,,,,All_Warpaints_Air.pdf,,,,,,,,,,,,,Air,,,,,,,,,,,,,,,,,,,,,,,,,,,,,,,,,,,,
AP_AIR_GEMSTONE_RED,Army Painter,Warpaints Air,Air,AIR,,Gemstone Red,GEMSTONE_RED,,,,,,Air Metallic/Effect,Active/Unknown,All_Warpaints_Air.pdf,Official Warpaints Air poster; Hex/RGB filled only if already available from supplied swatch data,,,,,,,,All_Warpaints_Air.pdf,,,,,,,,,,,,,Air Metallic/Effect,,,,,,,,,,,,,,,,,,,,,,,,,,,,,,,,,,,,
AP_AIR_GLITTERING_GREEN,Army Painter,Warpaints Air,Air,AIR,,Glittering Green,GLITTERING_GREEN,,,,,,Air Metallic/Effect,Active/Unknown,All_Warpaints_Air.pdf,Official Warpaints Air poster; Hex/RGB filled only if already available from supplied swatch data,,,,,,,,All_Warpaints_Air.pdf,,,,,,,,,,,,,Air Metallic/Effect,,,,,,,,,,,,,,,,,,,,,,,,,,,,,,,,,,,,
AP_AIR_GLOSS_VARNISH,Army Painter,Warpaints Air,Air,AIR,70.510,Gloss Varnish,GLOSS_VARNISH,,,,,,Auxiliary,Active/Unknown,All_Warpaints_Air.pdf,Official Warpaints Air poster; Hex/RGB filled only if already available from supplied swatch data,,,,,,,,All_Warpaints_Air.pdf,,,,,,,,,,,,,Varnish,,,,,,,,,,,,,,,,,,,,,,,,,,,,,,,,,,,,
AP_AIR_GNOME_CHEEKS,Army Painter,Warpaints Air,Air,AIR,,Gnome Cheeks,GNOME_CHEEKS,,,,,,Air,Active/Unknown,All_Warpaints_Air.pdf,Official Warpaints Air poster; Hex/RGB filled only if already available from supplied swatch data,,,,,,,,All_Warpaints_Air.pdf,,,,,,,,,,,,,Air,,,,,,,,,,,,,,,,,,,,,,,,,,,,,,,,,,,,
AP_AIR_GOBLIN_GREEN,Army Painter,Warpaints Air,Air,AIR,72.030,Goblin Green,GOBLIN_GREEN,#63B521,99,181,33,"99,181,33",Air,Active/Unknown,All_Warpaints_Air.pdf,Official Warpaints Air poster; Hex/RGB filled only if already available from supplied swatch data,#63B521,,,,,,,All_Warpaints_Air.pdf,,,,,,,,,,,,,Air,,,,,,,,,,,,,,,,,,,,,,,,,,,,,,,,,,,,
AP_AIR_GREEDY_GOLD,Army Painter,Warpaints Air,Air,AIR,,Greedy Gold,GREEDY_GOLD,,,,,,Air Metallic/Effect,Active/Unknown,All_Warpaints_Air.pdf,Official Warpaints Air poster; Hex/RGB filled only if already available from supplied swatch data,,,,,,,,All_Warpaints_Air.pdf,,,,,,,,,,,,,Air Metallic/Effect,,,,,,,,,,,,,,,,,,,,,,,,,,,,,,,,,,,,
AP_AIR_GREENSKIN,Army Painter,Warpaints Air,Air,AIR,WP3051,Greenskin,GREENSKIN,#136232,19,98,50,"19,98,50",Air,Active/Unknown,All_Warpaints_Air.pdf,Official Warpaints Air poster; Hex/RGB filled only if already available from supplied swatch data,#136232,,,,,,,All_Warpaints_Air.pdf,,,,,,,,,,,,,Air,,,,,,,,,,,,,,,,,,,,,,,,,,,,,,,,,,,,
AP_AIR_GREMLIN_GREEN,Army Painter,Warpaints Air,Air,AIR,,Gremlin Green,GREMLIN_GREEN,,,,,,Air,Active/Unknown,All_Warpaints_Air.pdf,Official Warpaints Air poster; Hex/RGB filled only if already available from supplied swatch data,,,,,,,,All_Warpaints_Air.pdf,,,,,,,,,,,,,Air,,,,,,,,,,,,,,,,,,,,,,,,,,,,,,,,,,,,
AP_AIR_GUN_METAL,Army Painter,Warpaints Air,Air,AIR,71.072,Gun Metal,GUN_METAL,#393939,57,57,57,"57,57,57",Air Metallic/Effect,Active/Unknown,All_Warpaints_Air.pdf,Official Warpaints Air poster; Hex/RGB filled only if already available from supplied swatch data,#393939,,,,,,,All_Warpaints_Air.pdf,,,,,,,,,,,,,Air Metallic/Effect,,,,,,,,,,,,,,,,,,,,,,,,,,,,,,,,,,,,
AP_AIR_HAZARDOUS_SMOG,Army Painter,Warpaints Air,Air,AIR,,Hazardous Smog,HAZARDOUS_SMOG,,,,,,Air,Active/Unknown,All_Warpaints_Air.pdf,Official Warpaints Air poster; Hex/RGB filled only if already available from supplied swatch data,,,,,,,,All_Warpaints_Air.pdf,,,,,,,,,,,,,Air,,,,,,,,,,,,,,,,,,,,,,,,,,,,,,,,,,,,
AP_AIR_HOBGOBLIN_HUE,Army Painter,Warpaints Air,Air,AIR,,Hobgoblin Hue,HOBGOBLIN_HUE,,,,,,Air,Active/Unknown,All_Warpaints_Air.pdf,Official Warpaints Air poster; Hex/RGB filled only if already available from supplied swatch data,,,,,,,,All_Warpaints_Air.pdf,,,,,,,,,,,,,Air,,,,,,,,,,,,,,,,,,,,,,,,,,,,,,,,,,,,
AP_AIR_HOT_PINK,Army Painter,Warpaints Air,Air,AIR,,Hot Pink,HOT_PINK,,,,,,Air,Active/Unknown,All_Warpaints_Air.pdf,Official Warpaints Air poster; Hex/RGB filled only if already available from supplied swatch data,,,,,,,,All_Warpaints_Air.pdf,,,,,,,,,,,,,Air,,,,,,,,,,,,,,,,,,,,,,,,,,,,,,,,,,,,
AP_AIR_HUSK_BROWN,Army Painter,Warpaints Air,Air,AIR,,Husk Brown,HUSK_BROWN,,,,,,Air,Active/Unknown,All_Warpaints_Air.pdf,Official Warpaints Air poster; Hex/RGB filled only if already available from supplied swatch data,,,,,,,,All_Warpaints_Air.pdf,,,,,,,,,,,,,Air,,,,,,,,,,,,,,,,,,,,,,,,,,,,,,,,,,,,
AP_AIR_HYDRA_TURQUOISE,Army Painter,Warpaints Air,Air,AIR,WP3038,Hydra Turquoise,HYDRA_TURQUOISE,#199BA3,25,155,163,"25,155,163",Air,Active/Unknown,All_Warpaints_Air.pdf,Official Warpaints Air poster; Hex/RGB filled only if already available from supplied swatch data,#199BA3,,,,,,,All_Warpaints_Air.pdf,,,,,,,,,,,,,Air,,,,,,,,,,,,,,,,,,,,,,,,,,,,,,,,,,,,
AP_AIR_IMP_YELLOW,Army Painter,Warpaints Air,Air,AIR,,Imp Yellow,IMP_YELLOW,,,,,,Air,Active/Unknown,All_Warpaints_Air.pdf,Official Warpaints Air poster; Hex/RGB filled only if already available from supplied swatch data,,,,,,,,All_Warpaints_Air.pdf,,,,,,,,,,,,,Air,,,,,,,,,,,,,,,,,,,,,,,,,,,,,,,,,,,,
AP_AIR_INCURSION_ORANGE,Army Painter,Warpaints Air,Air,AIR,,Incursion Orange,INCURSION_ORANGE,,,,,,Air,Active/Unknown,All_Warpaints_Air.pdf,Official Warpaints Air poster; Hex/RGB filled only if already available from supplied swatch data,,,,,,,,All_Warpaints_Air.pdf,,,,,,,,,,,,,Air,,,,,,,,,,,,,,,,,,,,,,,,,,,,,,,,,,,,
AP_AIR_IONIC_BLUE,Army Painter,Warpaints Air,Air,AIR,,Ionic Blue,IONIC_BLUE,,,,,,Air,Active/Unknown,All_Warpaints_Air.pdf,Official Warpaints Air poster; Hex/RGB filled only if already available from supplied swatch data,,,,,,,,All_Warpaints_Air.pdf,,,,,,,,,,,,,Air,,,,,,,,,,,,,,,,,,,,,,,,,,,,,,,,,,,,
AP_AIR_IRON_WOLF,Army Painter,Warpaints Air,Air,AIR,,Iron Wolf,IRON_WOLF,,,,,,Air Metallic/Effect,Active/Unknown,All_Warpaints_Air.pdf,Official Warpaints Air poster; Hex/RGB filled only if already available from supplied swatch data,,,,,,,,All_Warpaints_Air.pdf,,,,,,,,,,,,,Air Metallic/Effect,,,,,,,,,,,,,,,,,,,,,,,,,,,,,,,,,,,,
AP_AIR_JUNGLE_GREEN,Army Painter,Warpaints Air,Air,AIR,,Jungle Green,JUNGLE_GREEN,#88AC2E,136,172,46,"136,172,46",Air,Active/Unknown,All_Warpaints_Air.pdf,Official Warpaints Air poster; Hex/RGB filled only if already available from supplied swatch data,#88AC2E,,,,,,,All_Warpaints_Air.pdf,,,,,,,,,,,,,Air,,,,,,,,,,,,,,,,,,,,,,,,,,,,,,,,,,,,
AP_AIR_KOBOLD_SKIN,Army Painter,Warpaints Air,Air,AIR,,Kobold Skin,KOBOLD_SKIN,#C9A484,201,164,132,"201,164,132",Air,Active/Unknown,All_Warpaints_Air.pdf,Official Warpaints Air poster; Hex/RGB filled only if already available from supplied swatch data,#C9A484,,,,,,,All_Warpaints_Air.pdf,,,,,,,,,,,,,Air,,,,,,,,,,,,,,,,,,,,,,,,,,,,,,,,,,,,
AP_AIR_LAVA_ORANGE,Army Painter,Warpaints Air,Air,AIR,WP3099,Lava Orange,LAVA_ORANGE,#E65525,230,85,37,"230,85,37",Air,Active/Unknown,All_Warpaints_Air.pdf,Official Warpaints Air poster; Hex/RGB filled only if already available from supplied swatch data,#E65525,,,,,,,All_Warpaints_Air.pdf,,,,,,,,,,,,,Air,,,,,,,,,,,,,,,,,,,,,,,,,,,,,,,,,,,,
AP_AIR_LEATHER_BROWN,Army Painter,Warpaints Air,Air,AIR,72.040,Leather Brown,LEATHER_BROWN,#764823,118,72,35,"118,72,35",Air,Active/Unknown,All_Warpaints_Air.pdf,Official Warpaints Air poster; Hex/RGB filled only if already available from supplied swatch data,#764823,,,,,,,All_Warpaints_Air.pdf,,,,,,,,,,,,,Air,,,,,,,,,,,,,,,,,,,,,,,,,,,,,,,,,,,,
AP_AIR_LEVIATHAN_LIGHT,Army Painter,Warpaints Air,Air,AIR,,Leviathan Light,LEVIATHAN_LIGHT,,,,,,Air,Active/Unknown,All_Warpaints_Air.pdf,Official Warpaints Air poster; Hex/RGB filled only if already available from supplied swatch data,,,,,,,,All_Warpaints_Air.pdf,,,,,,,,,,,,,Air,,,,,,,,,,,,,,,,,,,,,,,,,,,,,,,,,,,,
AP_AIR_MAGNOLIA_BROWN,Army Painter,Warpaints Air,Air,AIR,,Magnolia Brown,MAGNOLIA_BROWN,,,,,,Air,Active/Unknown,All_Warpaints_Air.pdf,Official Warpaints Air poster; Hex/RGB filled only if already available from supplied swatch data,,,,,,,,All_Warpaints_Air.pdf,,,,,,,,,,,,,Air,,,,,,,,,,,,,,,,,,,,,,,,,,,,,,,,,,,,
AP_AIR_MAJESTIC_FORTRESS,Army Painter,Warpaints Air,Air,AIR,,Majestic Fortress,MAJESTIC_FORTRESS,,,,,,Air,Active/Unknown,All_Warpaints_Air.pdf,Official Warpaints Air poster; Hex/RGB filled only if already available from supplied swatch data,,,,,,,,All_Warpaints_Air.pdf,,,,,,,,,,,,,Air,,,,,,,,,,,,,,,,,,,,,,,,,,,,,,,,,,,,
AP_AIR_MATT_BLACK,Army Painter,Warpaints Air,Air,AIR,WP3001,Matt Black,MATT_BLACK,#231F20,35,31,32,"35,31,32",Air,Active/Unknown,All_Warpaints_Air.pdf,Official Warpaints Air poster; Hex/RGB filled only if already available from supplied swatch data,#231F20,,,,,,,All_Warpaints_Air.pdf,,,,,,,,,,,,,Air,,,,,,,,,,,,,,,,,,,,,,,,,,,,,,,,,,,,
AP_AIR_MATT_BLACK_PRIMER,Army Painter,Warpaints Air,Air,AIR,,Matt Black Primer,MATT_BLACK_PRIMER,,,,,,Primer,Active/Unknown,All_Warpaints_Air.pdf,Official Warpaints Air poster; Hex/RGB filled only if already available from supplied swatch data,,,,,,,,All_Warpaints_Air.pdf,,,,,,,,,,,,,Primer,,,,,,,,,,,,,,,,,,,,,,,,,,,,,,,,,,,,
AP_AIR_MATT_GREY_PRIMER,Army Painter,Warpaints Air,Air,AIR,,Matt Grey Primer,MATT_GREY_PRIMER,,,,,,Primer,Active/Unknown,All_Warpaints_Air.pdf,Official Warpaints Air poster; Hex/RGB filled only if already available from supplied swatch data,,,,,,,,All_Warpaints_Air.pdf,,,,,,,,,,,,,Primer,,,,,,,,,,,,,,,,,,,,,,,,,,,,,,,,,,,,
AP_AIR_MATT_VARNISH,Army Painter,Warpaints Air,Air,AIR,70.520,Matt Varnish,MATT_VARNISH,,,,,,Auxiliary,Active/Unknown,All_Warpaints_Air.pdf,Official Warpaints Air poster; Hex/RGB filled only if already available from supplied swatch data,,,,,,,,All_Warpaints_Air.pdf,,,,,,,,,,,,,Varnish,,,,,,,,,,,,,,,,,,,,,,,,,,,,,,,,,,,,
AP_AIR_MATT_WHITE,Army Painter,Warpaints Air,Air,AIR,WP3012,Matt White,MATT_WHITE,#FFFFFF,255,255,255,"255,255,255",Air,Active/Unknown,All_Warpaints_Air.pdf,Official Warpaints Air poster; Hex/RGB filled only if already available from supplied swatch data,#FFFFFF,,,,,,,All_Warpaints_Air.pdf,,,,,,,,,,,,,Air,,,,,,,,,,,,,,,,,,,,,,,,,,,,,,,,,,,,
AP_AIR_MATT_WHITE_PRIMER,Army Painter,Warpaints Air,Air,AIR,,Matt White Primer,MATT_WHITE_PRIMER,,,,,,Primer,Active/Unknown,All_Warpaints_Air.pdf,Official Warpaints Air poster; Hex/RGB filled only if already available from supplied swatch data,,,,,,,,All_Warpaints_Air.pdf,,,,,,,,,,,,,Primer,,,,,,,,,,,,,,,,,,,,,,,,,,,,,,,,,,,,
AP_AIR_METEOR_ROCK,Army Painter,Warpaints Air,Air,AIR,,Meteor Rock,METEOR_ROCK,,,,,,Air,Active/Unknown,All_Warpaints_Air.pdf,Official Warpaints Air poster; Hex/RGB filled only if already available from supplied swatch data,,,,,,,,All_Warpaints_Air.pdf,,,,,,,,,,,,,Air,,,,,,,,,,,,,,,,,,,,,,,,,,,,,,,,,,,,
AP_AIR_MILITIA_GREEN,Army Painter,Warpaints Air,Air,AIR,,Militia Green,MILITIA_GREEN,,,,,,Air,Active/Unknown,All_Warpaints_Air.pdf,Official Warpaints Air poster; Hex/RGB filled only if already available from supplied swatch data,,,,,,,,All_Warpaints_Air.pdf,,,,,,,,,,,,,Air,,,,,,,,,,,,,,,,,,,,,,,,,,,,,,,,,,,,
AP_AIR_MOLTEN_ORANGE,Army Painter,Warpaints Air,Air,AIR,,Molten Orange,MOLTEN_ORANGE,,,,,,Air,Active/Unknown,All_Warpaints_Air.pdf,Official Warpaints Air poster; Hex/RGB filled only if already available from supplied swatch data,,,,,,,,All_Warpaints_Air.pdf,,,,,,,,,,,,,Air,,,,,,,,,,,,,,,,,,,,,,,,,,,,,,,,,,,,
AP_AIR_MOON_DUST,Army Painter,Warpaints Air,Air,AIR,,Moon Dust,MOON_DUST,#E8D468,232,212,104,"232,212,104",Air Metallic/Effect,Active/Unknown,All_Warpaints_Air.pdf,Official Warpaints Air poster; Hex/RGB filled only if already available from supplied swatch data,#E8D468,,,,,,,All_Warpaints_Air.pdf,,,,,,,,,,,,,Air Metallic/Effect,,,,,,,,,,,,,,,,,,,,,,,,,,,,,,,,,,,,
AP_AIR_NECROTIC_FLESH,Army Painter,Warpaints Air,Air,AIR,WP3071,Necrotic Flesh,NECROTIC_FLESH,#BFC292,191,194,146,"191,194,146",Air,Active/Unknown,All_Warpaints_Air.pdf,Official Warpaints Air poster; Hex/RGB filled only if already available from supplied swatch data,#BFC292,,,,,,,All_Warpaints_Air.pdf,,,,,,,,,,,,,Air,,,,,,,,,,,,,,,,,,,,,,,,,,,,,,,,,,,,
AP_AIR_NEON_YELLOW,Army Painter,Warpaints Air,Air,AIR,,Neon Yellow,NEON_YELLOW,,,,,,Air,Active/Unknown,All_Warpaints_Air.pdf,Official Warpaints Air poster; Hex/RGB filled only if already available from supplied swatch data,,,,,,,,All_Warpaints_Air.pdf,,,,,,,,,,,,,Air,,,,,,,,,,,,,,,,,,,,,,,,,,,,,,,,,,,,
AP_AIR_NIGHT_SCALES,Army Painter,Warpaints Air,Air,AIR,,Night Scales,NIGHT_SCALES,,,,,,Air,Active/Unknown,All_Warpaints_Air.pdf,Official Warpaints Air poster; Hex/RGB filled only if already available from supplied swatch data,,,,,,,,All_Warpaints_Air.pdf,,,,,,,,,,,,,Air,,,,,,,,,,,,,,,,,,,,,,,,,,,,,,,,,,,,
AP_AIR_NOMAD_FLESH,Army Painter,Warpaints Air,Air,AIR,,Nomad Flesh,NOMAD_FLESH,,,,,,Air,Active/Unknown,All_Warpaints_Air.pdf,Official Warpaints Air poster; Hex/RGB filled only if already available from supplied swatch data,,,,,,,,All_Warpaints_Air.pdf,,,,,,,,,,,,,Air,,,,,,,,,,,,,,,,,,,,,,,,,,,,,,,,,,,,
AP_AIR_OAK_BROWN,Army Painter,Warpaints Air,Air,AIR,WP3109,Oak Brown,OAK_BROWN,#432010,67,32,16,"67,32,16",Air,Active/Unknown,All_Warpaints_Air.pdf,Official Warpaints Air poster; Hex/RGB filled only if already available from supplied swatch data,#432010,,,,,,,All_Warpaints_Air.pdf,,,,,,,,,,,,,Air,,,,,,,,,,,,,,,,,,,,,,,,,,,,,,,,,,,,
AP_AIR_OCEAN_DEPTHS,Army Painter,Warpaints Air,Air,AIR,,Ocean Depths,OCEAN_DEPTHS,,,,,,Air,Active/Unknown,All_Warpaints_Air.pdf,Official Warpaints Air poster; Hex/RGB filled only if already available from supplied swatch data,,,,,,,,All_Warpaints_Air.pdf,,,,,,,,,,,,,Air,,,,,,,,,,,,,,,,,,,,,,,,,,,,,,,,,,,,
AP_AIR_OMEGA_BLUE,Army Painter,Warpaints Air,Air,AIR,72.413,Omega Blue,OMEGA_BLUE,,,,,,Air,Active/Unknown,All_Warpaints_Air.pdf,Official Warpaints Air poster; Hex/RGB filled only if already available from supplied swatch data,,,,,,,,All_Warpaints_Air.pdf,,,,,,,,,,,,,Air,,,,,,,,,,,,,,,,,,,,,,,,,,,,,,,,,,,,
AP_AIR_ORANGE_MAGMA,Army Painter,Warpaints Air,Air,AIR,,Orange Magma,ORANGE_MAGMA,,,,,,Air,Active/Unknown,All_Warpaints_Air.pdf,Official Warpaints Air poster; Hex/RGB filled only if already available from supplied swatch data,,,,,,,,All_Warpaints_Air.pdf,,,,,,,,,,,,,Air,,,,,,,,,,,,,,,,,,,,,,,,,,,,,,,,,,,,
AP_AIR_PESTILENT_FLESH,Army Painter,Warpaints Air,Air,AIR,,Pestilent Flesh,PESTILENT_FLESH,,,,,,Air,Active/Unknown,All_Warpaints_Air.pdf,Official Warpaints Air poster; Hex/RGB filled only if already available from supplied swatch data,,,,,,,,All_Warpaints_Air.pdf,,,,,,,,,,,,,Air,,,,,,,,,,,,,,,,,,,,,,,,,,,,,,,,,,,,
AP_AIR_PHANTASMAL_BLUE,Army Painter,Warpaints Air,Air,AIR,,Phantasmal Blue,PHANTASMAL_BLUE,,,,,,Air,Active/Unknown,All_Warpaints_Air.pdf,Official Warpaints Air poster; Hex/RGB filled only if already available from supplied swatch data,,,,,,,,All_Warpaints_Air.pdf,,,,,,,,,,,,,Air,,,,,,,,,,,,,,,,,,,,,,,,,,,,,,,,,,,,
AP_AIR_PIXIE_PINK,Army Painter,Warpaints Air,Air,AIR,WP3123,Pixie Pink,PIXIE_PINK,#D47A83,212,122,131,"212,122,131",Air,Active/Unknown,All_Warpaints_Air.pdf,Official Warpaints Air poster; Hex/RGB filled only if already available from supplied swatch data,#D47A83,,,,,,,All_Warpaints_Air.pdf,,,,,,,,,,,,,Air,,,,,,,,,,,,,,,,,,,,,,,,,,,,,,,,,,,,
AP_AIR_PLATE_MAIL_METAL,Army Painter,Warpaints Air,Air,AIR,,Plate Mail Metal,PLATE_MAIL_METAL,,,,,,Air Metallic/Effect,Active/Unknown,All_Warpaints_Air.pdf,Official Warpaints Air poster; Hex/RGB filled only if already available from supplied swatch data,,,,,,,,All_Warpaints_Air.pdf,,,,,,,,,,,,,Air Metallic/Effect,,,,,,,,,,,,,,,,,,,,,,,,,,,,,,,,,,,,
AP_AIR_POTION_GREEN,Army Painter,Warpaints Air,Air,AIR,,Potion Green,POTION_GREEN,,,,,,Air,Active/Unknown,All_Warpaints_Air.pdf,Official Warpaints Air poster; Hex/RGB filled only if already available from supplied swatch data,,,,,,,,All_Warpaints_Air.pdf,,,,,,,,,,,,,Air,,,,,,,,,,,,,,,,,,,,,,,,,,,,,,,,,,,,
AP_AIR_PSYCHIC_SHOCK,Army Painter,Warpaints Air,Air,AIR,,Psychic Shock,PSYCHIC_SHOCK,,,,,,Air,Active/Unknown,All_Warpaints_Air.pdf,Official Warpaints Air poster; Hex/RGB filled only if already available from supplied swatch data,,,,,,,,All_Warpaints_Air.pdf,,,,,,,,,,,,,Air,,,,,,,,,,,,,,,,,,,,,,,,,,,,,,,,,,,,
AP_AIR_PURE_RED,Army Painter,Warpaints Air,Air,AIR,WP3118,Pure Red,PURE_RED,#CF2127,207,33,39,"207,33,39",Air,Active/Unknown,All_Warpaints_Air.pdf,Official Warpaints Air poster; Hex/RGB filled only if already available from supplied swatch data,#CF2127,,,,,,,All_Warpaints_Air.pdf,,,,,,,,,,,,,Air,,,,,,,,,,,,,,,,,,,,,,,,,,,,,,,,,,,,
AP_AIR_RAVEN_BLACK,Army Painter,Warpaints Air,Air,AIR,,Raven Black,RAVEN_BLACK,,,,,,Air,Active/Unknown,All_Warpaints_Air.pdf,Official Warpaints Air poster; Hex/RGB filled only if already available from supplied swatch data,,,,,,,,All_Warpaints_Air.pdf,,,,,,,,,,,,,Air,,,,,,,,,,,,,,,,,,,,,,,,,,,,,,,,,,,,
AP_AIR_RAWHIDE_BROWN,Army Painter,Warpaints Air,Air,AIR,,Rawhide Brown,RAWHIDE_BROWN,,,,,,Air,Active/Unknown,All_Warpaints_Air.pdf,Official Warpaints Air poster; Hex/RGB filled only if already available from supplied swatch data,,,,,,,,All_Warpaints_Air.pdf,,,,,,,,,,,,,Air,,,,,,,,,,,,,,,,,,,,,,,,,,,,,,,,,,,,
AP_AIR_REBEL_RED,Army Painter,Warpaints Air,Air,AIR,,Rebel Red,REBEL_RED,,,,,,Air,Active/Unknown,All_Warpaints_Air.pdf,Official Warpaints Air poster; Hex/RGB filled only if already available from supplied swatch data,,,,,,,,All_Warpaints_Air.pdf,,,,,,,,,,,,,Air,,,,,,,,,,,,,,,,,,,,,,,,,,,,,,,,,,,,
AP_AIR_REGIMENT_GREY,Army Painter,Warpaints Air,Air,AIR,,Regiment Grey,REGIMENT_GREY,,,,,,Air,Active/Unknown,All_Warpaints_Air.pdf,Official Warpaints Air poster; Hex/RGB filled only if already available from supplied swatch data,,,,,,,,All_Warpaints_Air.pdf,,,,,,,,,,,,,Air,,,,,,,,,,,,,,,,,,,,,,,,,,,,,,,,,,,,
AP_AIR_ROUGH_IRON,Army Painter,Warpaints Air,Air,AIR,,Rough Iron,ROUGH_IRON,,,,,,Air Metallic/Effect,Active/Unknown,All_Warpaints_Air.pdf,Official Warpaints Air poster; Hex/RGB filled only if already available from supplied swatch data,,,,,,,,All_Warpaints_Air.pdf,,,,,,,,,,,,,Air Metallic/Effect,,,,,,,,,,,,,,,,,,,,,,,,,,,,,,,,,,,,
AP_AIR_ROYAL_PURPLE,Army Painter,Warpaints Air,Air,AIR,72.016,Royal Purple,ROYAL_PURPLE,#4B2967,75,41,103,"75,41,103",Air,Active/Unknown,All_Warpaints_Air.pdf,Official Warpaints Air poster; Hex/RGB filled only if already available from supplied swatch data,#4B2967,,,,,,,All_Warpaints_Air.pdf,,,,,,,,,,,,,Air,,,,,,,,,,,,,,,,,,,,,,,,,,,,,,,,,,,,
AP_AIR_RUINOUS_SPELL,Army Painter,Warpaints Air,Air,AIR,,Ruinous Spell,RUINOUS_SPELL,,,,,,Air,Active/Unknown,All_Warpaints_Air.pdf,Official Warpaints Air poster; Hex/RGB filled only if already available from supplied swatch data,,,,,,,,All_Warpaints_Air.pdf,,,,,,,,,,,,,Air,,,,,,,,,,,,,,,,,,,,,,,,,,,,,,,,,,,,
AP_AIR_SAFETY_ORANGE,Army Painter,Warpaints Air,Air,AIR,,Safety Orange,SAFETY_ORANGE,,,,,,Air,Active/Unknown,All_Warpaints_Air.pdf,Official Warpaints Air poster; Hex/RGB filled only if already available from supplied swatch data,,,,,,,,All_Warpaints_Air.pdf,,,,,,,,,,,,,Air,,,,,,,,,,,,,,,,,,,,,,,,,,,,,,,,,,,,
AP_AIR_SAPPHIRE_GEM,Army Painter,Warpaints Air,Air,AIR,,Sapphire Gem,SAPPHIRE_GEM,,,,,,Air,Active/Unknown,All_Warpaints_Air.pdf,Official Warpaints Air poster; Hex/RGB filled only if already available from supplied swatch data,,,,,,,,All_Warpaints_Air.pdf,,,,,,,,,,,,,Air,,,,,,,,,,,,,,,,,,,,,,,,,,,,,,,,,,,,
AP_AIR_SATIN_VARNISH,Army Painter,Warpaints Air,Air,AIR,70.522,Satin Varnish,SATIN_VARNISH,,,,,,Auxiliary,Active/Unknown,All_Warpaints_Air.pdf,Official Warpaints Air poster; Hex/RGB filled only if already available from supplied swatch data,,,,,,,,All_Warpaints_Air.pdf,,,,,,,,,,,,,Varnish,,,,,,,,,,,,,,,,,,,,,,,,,,,,,,,,,,,,
AP_AIR_SAVAGE_GREEN,Army Painter,Warpaints Air,Air,AIR,,Savage Green,SAVAGE_GREEN,,,,,,Air,Active/Unknown,All_Warpaints_Air.pdf,Official Warpaints Air poster; Hex/RGB filled only if already available from supplied swatch data,,,,,,,,All_Warpaints_Air.pdf,,,,,,,,,,,,,Air,,,,,,,,,,,,,,,,,,,,,,,,,,,,,,,,,,,,
AP_AIR_SHARK_WHITE,Army Painter,Warpaints Air,Air,AIR,,Shark White,SHARK_WHITE,,,,,,Air,Active/Unknown,All_Warpaints_Air.pdf,Official Warpaints Air poster; Hex/RGB filled only if already available from supplied swatch data,,,,,,,,All_Warpaints_Air.pdf,,,,,,,,,,,,,Air,,,,,,,,,,,,,,,,,,,,,,,,,,,,,,,,,,,,
AP_AIR_SHINING_SILVER,Army Painter,Warpaints Air,Air,AIR,,Shining Silver,SHINING_SILVER,,,,,,Air Metallic/Effect,Active/Unknown,All_Warpaints_Air.pdf,Official Warpaints Air poster; Hex/RGB filled only if already available from supplied swatch data,,,,,,,,All_Warpaints_Air.pdf,,,,,,,,,,,,,Air Metallic/Effect,,,,,,,,,,,,,,,,,,,,,,,,,,,,,,,,,,,,
AP_AIR_SKELETON_BONE,Army Painter,Warpaints Air,Air,AIR,WP3087,Skeleton Bone,SKELETON_BONE,#D3C89D,211,200,157,"211,200,157",Air,Active/Unknown,All_Warpaints_Air.pdf,Official Warpaints Air poster; Hex/RGB filled only if already available from supplied swatch data,#D3C89D,,,,,,,All_Warpaints_Air.pdf,,,,,,,,,,,,,Air,,,,,,,,,,,,,,,,,,,,,,,,,,,,,,,,,,,,
AP_AIR_STORM_WOLF,Army Painter,Warpaints Air,Air,AIR,,Storm Wolf,STORM_WOLF,,,,,,Air,Active/Unknown,All_Warpaints_Air.pdf,Official Warpaints Air poster; Hex/RGB filled only if already available from supplied swatch data,,,,,,,,All_Warpaints_Air.pdf,,,,,,,,,,,,,Air,,,,,,,,,,,,,,,,,,,,,,,,,,,,,,,,,,,,
AP_AIR_TAINTED_GOLD,Army Painter,Warpaints Air,Air,AIR,,Tainted Gold,TAINTED_GOLD,,,,,,Air Metallic/Effect,Active/Unknown,All_Warpaints_Air.pdf,Official Warpaints Air poster; Hex/RGB filled only if already available from supplied swatch data,,,,,,,,All_Warpaints_Air.pdf,,,,,,,,,,,,,Air Metallic/Effect,,,,,,,,,,,,,,,,,,,,,,,,,,,,,,,,,,,,
AP_AIR_TALISMAN_PURPLE,Army Painter,Warpaints Air,Air,AIR,,Talisman Purple,TALISMAN_PURPLE,,,,,,Air,Active/Unknown,All_Warpaints_Air.pdf,Official Warpaints Air poster; Hex/RGB filled only if already available from supplied swatch data,,,,,,,,All_Warpaints_Air.pdf,,,,,,,,,,,,,Air,,,,,,,,,,,,,,,,,,,,,,,,,,,,,,,,,,,,
AP_AIR_THUNDER_STORM,Army Painter,Warpaints Air,Air,AIR,,Thunder Storm,THUNDER_STORM,,,,,,Air,Active/Unknown,All_Warpaints_Air.pdf,Official Warpaints Air poster; Hex/RGB filled only if already available from supplied swatch data,,,,,,,,All_Warpaints_Air.pdf,,,,,,,,,,,,,Air,,,,,,,,,,,,,,,,,,,,,,,,,,,,,,,,,,,,
AP_AIR_TOXIC_MIST,Army Painter,Warpaints Air,Air,AIR,,Toxic Mist,TOXIC_MIST,#39C0C5,57,192,197,"57,192,197",Air,Active/Unknown,All_Warpaints_Air.pdf,Official Warpaints Air poster; Hex/RGB filled only if already available from supplied swatch data,#39C0C5,,,,,,,All_Warpaints_Air.pdf,,,,,,,,,,,,,Air,,,,,,,,,,,,,,,,,,,,,,,,,,,,,,,,,,,,
AP_AIR_TRAITOR_RED,Army Painter,Warpaints Air,Air,AIR,,Traitor Red,TRAITOR_RED,,,,,,Air,Active/Unknown,All_Warpaints_Air.pdf,Official Warpaints Air poster; Hex/RGB filled only if already available from supplied swatch data,,,,,,,,All_Warpaints_Air.pdf,,,,,,,,,,,,,Air,,,,,,,,,,,,,,,,,,,,,,,,,,,,,,,,,,,,
AP_AIR_TRUE_COPPER,Army Painter,Warpaints Air,Air,AIR,,True Copper,TRUE_COPPER,,,,,,Air Metallic/Effect,Active/Unknown,All_Warpaints_Air.pdf,Official Warpaints Air poster; Hex/RGB filled only if already available from supplied swatch data,,,,,,,,All_Warpaints_Air.pdf,,,,,,,,,,,,,Air Metallic/Effect,,,,,,,,,,,,,,,,,,,,,,,,,,,,,,,,,,,,
AP_AIR_TWILIGHT_SKY,Army Painter,Warpaints Air,Air,AIR,,Twilight Sky,TWILIGHT_SKY,,,,,,Air,Active/Unknown,All_Warpaints_Air.pdf,Official Warpaints Air poster; Hex/RGB filled only if already available from supplied swatch data,,,,,,,,All_Warpaints_Air.pdf,,,,,,,,,,,,,Air,,,,,,,,,,,,,,,,,,,,,,,,,,,,,,,,,,,,
AP_AIR_ULTRAMARINE_BLUE,Army Painter,Warpaints Air,Air,AIR,72.022,Ultramarine Blue,ULTRAMARINE_BLUE,#29397B,41,57,123,"41,57,123",Air,Active/Unknown,All_Warpaints_Air.pdf,Official Warpaints Air poster; Hex/RGB filled only if already available from supplied swatch data,#29397B,,,,,,,All_Warpaints_Air.pdf,,,,,,,,,,,,,Air,,,,,,,,,,,,,,,,,,,,,,,,,,,,,,,,,,,,
AP_AIR_UNDERGROWTH_GREEN,Army Painter,Warpaints Air,Air,AIR,,Undergrowth Green,UNDERGROWTH_GREEN,,,,,,Air,Active/Unknown,All_Warpaints_Air.pdf,Official Warpaints Air poster; Hex/RGB filled only if already available from supplied swatch data,,,,,,,,All_Warpaints_Air.pdf,,,,,,,,,,,,,Air,,,,,,,,,,,,,,,,,,,,,,,,,,,,,,,,,,,,
AP_AIR_UNFORGIVEN_GREEN,Army Painter,Warpaints Air,Air,AIR,,Unforgiven Green,UNFORGIVEN_GREEN,,,,,,Air,Active/Unknown,All_Warpaints_Air.pdf,Official Warpaints Air poster; Hex/RGB filled only if already available from supplied swatch data,,,,,,,,All_Warpaints_Air.pdf,,,,,,,,,,,,,Air,,,,,,,,,,,,,,,,,,,,,,,,,,,,,,,,,,,,
AP_AIR_UNIFORM_GREY,Army Painter,Warpaints Air,Air,AIR,WP3003,Uniform Grey,UNIFORM_GREY,#5E6A73,94,106,115,"94,106,115",Air,Active/Unknown,All_Warpaints_Air.pdf,Official Warpaints Air poster; Hex/RGB filled only if already available from supplied swatch data,#5E6A73,,,,,,,All_Warpaints_Air.pdf,,,,,,,,,,,,,Air,,,,,,,,,,,,,,,,,,,,,,,,,,,,,,,,,,,,
AP_AIR_VIOLET_VOLT,Army Painter,Warpaints Air,Air,AIR,,Violet Volt,VIOLET_VOLT,,,,,,Air,Active/Unknown,All_Warpaints_Air.pdf,Official Warpaints Air poster; Hex/RGB filled only if already available from supplied swatch data,,,,,,,,All_Warpaints_Air.pdf,,,,,,,,,,,,,Air,,,,,,,,,,,,,,,,,,,,,,,,,,,,,,,,,,,,
AP_AIR_VIPER_BROWN,Army Painter,Warpaints Air,Air,AIR,,Viper Brown,VIPER_BROWN,,,,,,Air,Active/Unknown,All_Warpaints_Air.pdf,Official Warpaints Air poster; Hex/RGB filled only if already available from supplied swatch data,,,,,,,,All_Warpaints_Air.pdf,,,,,,,,,,,,,Air,,,,,,,,,,,,,,,,,,,,,,,,,,,,,,,,,,,,
AP_AIR_WARLOCK_PURPLE,Army Painter,Warpaints Air,Air,AIR,,Warlock Purple,WARLOCK_PURPLE,#9C004A,156,0,74,"156,0,74",Air,Active/Unknown,All_Warpaints_Air.pdf,Official Warpaints Air poster; Hex/RGB filled only if already available from supplied swatch data,#9C004A,,,,,,,All_Warpaints_Air.pdf,,,,,,,,,,,,,Air,,,,,,,,,,,,,,,,,,,,,,,,,,,,,,,,,,,,
AP_AIR_WEAPON_BRONZE,Army Painter,Warpaints Air,Air,AIR,,Weapon Bronze,WEAPON_BRONZE,,,,,,Air Metallic/Effect,Active/Unknown,All_Warpaints_Air.pdf,Official Warpaints Air poster; Hex/RGB filled only if already available from supplied swatch data,,,,,,,,All_Warpaints_Air.pdf,,,,,,,,,,,,,Air Metallic/Effect,,,,,,,,,,,,,,,,,,,,,,,,,,,,,,,,,,,,
AP_AIR_WILDLING_FLESH,Army Painter,Warpaints Air,Air,AIR,,Wildling Flesh,WILDLING_FLESH,,,,,,Air,Active/Unknown,All_Warpaints_Air.pdf,Official Warpaints Air poster; Hex/RGB filled only if already available from supplied swatch data,,,,,,,,All_Warpaints_Air.pdf,,,,,,,,,,,,,Air,,,,,,,,,,,,,,,,,,,,,,,,,,,,,,,,,,,,
AP_AIR_WITCHBANE_PLUM,Army Painter,Warpaints Air,Air,AIR,,Witchbane Plum,WITCHBANE_PLUM,,,,,,Air,Active/Unknown,All_Warpaints_Air.pdf,Official Warpaints Air poster; Hex/RGB filled only if already available from supplied swatch data,,,,,,,,All_Warpaints_Air.pdf,,,,,,,,,,,,,Air,,,,,,,,,,,,,,,,,,,,,,,,,,,,,,,,,,,,
AP_AIR_WIZARDS_ORB,Army Painter,Warpaints Air,Air,AIR,,Wizards Orb,WIZARDS_ORB,#00726A,0,114,106,"0,114,106",Air,Active/Unknown,All_Warpaints_Air.pdf,Official Warpaints Air poster; Hex/RGB filled only if already available from supplied swatch data,#00726A,,,,,,,All_Warpaints_Air.pdf,,,,,,,,,,,,,Air,,,,,,,,,,,,,,,,,,,,,,,,,,,,,,,,,,,,
AP_AIR_WOLF_GREY,Army Painter,Warpaints Air,Air,AIR,72.047,Wolf Grey,WOLF_GREY,#5B8093,91,128,147,"91,128,147",Air,Active/Unknown,All_Warpaints_Air.pdf,Official Warpaints Air poster; Hex/RGB filled only if already available from supplied swatch data,#5B8093,,,,,,,All_Warpaints_Air.pdf,,,,,,,,,,,,,Air,,,,,,,,,,,,,,,,,,,,,,,,,,,,,,,,,,,,
AP_AIR_WYRMLING_RED,Army Painter,Warpaints Air,Air,AIR,,Wyrmling Red,WYRMLING_RED,,,,,,Air,Active/Unknown,All_Warpaints_Air.pdf,Official Warpaints Air poster; Hex/RGB filled only if already available from supplied swatch data,,,,,,,,All_Warpaints_Air.pdf,,,,,,,,,,,,,Air,,,,,,,,,,,,,,,,,,,,,,,,,,,,,,,,,,,,
AP_AIR_YELLOW_DUNE,Army Painter,Warpaints Air,Air,AIR,,Yellow Dune,YELLOW_DUNE,,,,,,Air,Active/Unknown,All_Warpaints_Air.pdf,Official Warpaints Air poster; Hex/RGB filled only if already available from supplied swatch data,,,,,,,,All_Warpaints_Air.pdf,,,,,,,,,,,,,Air,,,,,,,,,,,,,,,,,,,,,,,,,,,,,,,,,,,,
AP_AIR_YETI_WHITE,Army Painter,Warpaints Air,Air,AIR,,Yeti White,YETI_WHITE,,,,,,Air,Active/Unknown,All_Warpaints_Air.pdf,Official Warpaints Air poster; Hex/RGB filled only if already available from supplied swatch data,,,,,,,,All_Warpaints_Air.pdf,,,,,,,,,,,,,Air,,,,,,,,,,,,,,,,,,,,,,,,,,,,,,,,,,,,
AP_AIR_ZEPHYR_PINK,Army Painter,Warpaints Air,Air,AIR,,Zephyr Pink,ZEPHYR_PINK,,,,,,Air,Active/Unknown,All_Warpaints_Air.pdf,Official Warpaints Air poster; Hex/RGB filled only if already available from supplied swatch data,,,,,,,,All_Warpaints_Air.pdf,,,,,,,,,,,,,Air,,,,,,,,,,,,,,,,,,,,,,,,,,,,,,,,,,,,
AP_AIR_ZOMBIE_FLESH,Army Painter,Warpaints Air,Air,AIR,72.470,Zombie Flesh,ZOMBIE_FLESH,,,,,,Air,Active/Unknown,All_Warpaints_Air.pdf,Official Warpaints Air poster; Hex/RGB filled only if already available from supplied swatch data,,,,,,,,All_Warpaints_Air.pdf,,,,,,,,,,,,,Air,,,,,,,,,,,,,,,,,,,,,,,,,,,,,,,,,,,,
AP_FANATIC_ABYSSAL_BLUE,Army Painter,Warpaints Fanatic,Fanatic,FANATIC,WP3032,Abyssal Blue,ABYSSAL_BLUE,,,,,,Acrylic,Active/Unknown,All_Warpaints_Fanatic_Poster.pdf,Official Fanatic poster; relationships deferred,,,,,,,,Warlord Paint Ranges conversion chart,,High,Curated conversion chart,11176,DEEP SKY BLUE THOUSAND SON BLUE 70.844 DEEP SKY BLUE,70.844,DEEP SKY BLUE,,,Warlord Paint Ranges conversion chart,,,Acrylic,,,,,,,,,,,,,,,,,,,,,,,,,,,,,,,,,,,,
AP_FANATIC_AEGIS_AQUA,Army Painter,Warpaints Fanatic,Fanatic,FANATIC,WP3036,Aegis Aqua,AEGIS_AQUA,,,,,,Acrylic,Active/Unknown,All_Warpaints_Fanatic_Poster.pdf,Official Fanatic poster; relationships deferred,,,,,,,,Warlord Paint Ranges conversion chart,,No listed match,Chart row found but no cross-brand fields,,,,,,,Warlord Paint Ranges conversion chart,Review,Fanatic chart row exists but no equivalent values listed,Acrylic,,,,,,,,,,,,,,,,,,,,,,,,,,,,,,,,,,,,
AP_FANATIC_AFTERGLOW,Army Painter,Warpaints Fanatic,Fanatic,FANATIC,WP3060,Afterglow,AFTERGLOW,,,,,,Acrylic,Active/Unknown,All_Warpaints_Fanatic_Poster.pdf,Official Fanatic poster; relationships deferred,,,,,,,,Warlord Paint Ranges conversion chart,,No listed match,Chart row found but no cross-brand fields,,,,,,,Warlord Paint Ranges conversion chart,Review,Fanatic chart row exists but no equivalent values listed,Acrylic,,,,,,,,,,,,,,,,,,,,,,,,,,,,,,,,,,,,
AP_FANATIC_AGATE_SKIN,Army Painter,Warpaints Fanatic,Fanatic,FANATIC,WP3146,Agate Skin,AGATE_SKIN,,,,,,Acrylic,Active/Unknown,All_Warpaints_Fanatic_Poster.pdf,Official Fanatic poster; relationships deferred,,GW_LAYER_CADIAN_FLESHTONE,Cadian Fleshtone,Layer,Layer,#C77958,"199, 121, 88",Warlord Paint Ranges conversion chart,,High,Curated conversion chart,11063,BROWN ROSE,70.803,BROWN ROSE,72.041,DWARF SKIN,Warlord Paint Ranges conversion chart,,,Acrylic,,,,,,,,,,,,,,,,,,,,,,,,,,,,,,,,,,,,
AP_FANATIC_ALIEN_PURPLE,Army Painter,Warpaints Fanatic,Fanatic,FANATIC,72.076,Alien Purple,ALIEN_PURPLE,#50317B,80,49,123,"80,49,123",Acrylic,Active/Unknown,All_Warpaints_Fanatic_Poster.pdf,Official Fanatic poster; relationships deferred,#50317B,,,,,,,Warlord Paint Ranges conversion chart,,High,Curated conversion chart,,,,,72.015,HEXED LICHEN,Warlord Paint Ranges conversion chart,,,Acrylic,,,,,,,,,,,,,,,,,,,,,,,,,,,,,,,,,,,,
AP_FANATIC_ALPHA_BLUE,Army Painter,Warpaints Fanatic,Fanatic,FANATIC,WP3022,Alpha Blue,ALPHA_BLUE,,,,,,Acrylic,Active/Unknown,All_Warpaints_Fanatic_Poster.pdf,Official Fanatic poster; relationships deferred,,GW_LAYER_CALGAR_BLUE,Calgar Blue,Layer,Layer,#4272B8,"66, 114, 184",Warlord Paint Ranges conversion chart,,High,Curated conversion chart,11179,ULTRAMARINE,70.839,ULTRAMARINE,72.117,ELFIC BLUE,Warlord Paint Ranges conversion chart,,,Acrylic,,,,,,,,,,,,,,,,,,,,,,,,,,,,,,,,,,,,
AP_FANATIC_AMBER_SKIN,Army Painter,Warpaints Fanatic,Fanatic,FANATIC,WP3160,Amber Skin,AMBER_SKIN,,,,,,Acrylic,Active/Unknown,All_Warpaints_Fanatic_Poster.pdf,Official Fanatic poster; relationships deferred,,GW_LAYER_KISLEV_FLESH,Kislev Flesh,Layer,Layer,#D6A875,"214, 168, 117",Warlord Paint Ranges conversion chart,,High,Curated conversion chart,11053,RADIANT FLESH,70.955,FLAT FLESH,72.004,ELF SKIN TONE,Warlord Paint Ranges conversion chart,,,Acrylic,,,,,,,,,,,,,,,,,,,,,,,,,,,,,,,,,,,,
AP_FANATIC_AMULET_AQUA,Army Painter,Warpaints Fanatic,Fanatic,FANATIC,WP3048,Amulet Aqua,AMULET_AQUA,,,,,,Acrylic,Active/Unknown,All_Warpaints_Fanatic_Poster.pdf,Official Fanatic poster; relationships deferred,,,,,,,,Warlord Paint Ranges conversion chart,,No listed match,Chart row found but no cross-brand fields,,,,,,,Warlord Paint Ranges conversion chart,Review,Fanatic chart row exists but no equivalent values listed,Acrylic,,,,,,,,,,,,,,,,,,,,,,,,,,,,,,,,,,,,
AP_FANATIC_ANCIENT_STONE,Army Painter,Warpaints Fanatic,Fanatic,FANATIC,WP3088,Ancient Stone,ANCIENT_STONE,,,,,,Acrylic,Active/Unknown,All_Warpaints_Fanatic_Poster.pdf,Official Fanatic poster; relationships deferred,,,,,,,,Warlord Paint Ranges conversion chart,,No listed match,Chart row found but no cross-brand fields,,,,,,,Warlord Paint Ranges conversion chart,Review,Fanatic chart row exists but no equivalent values listed,Acrylic,,,,,,,,,,,,,,,,,,,,,,,,,,,,,,,,,,,,
AP_FANATIC_ANGEL_GREEN,Army Painter,Warpaints Fanatic,Fanatic,FANATIC,72.123,Angel Green,ANGEL_GREEN,#0C391D,12,57,29,"12,57,29",Acrylic,Active/Unknown,All_Warpaints_Fanatic_Poster.pdf,Official Fanatic poster; relationships deferred,#0C391D,GW_BASE_CALIBAN_GREEN,Caliban Green,Base,Base,#00401F,"0, 64, 31",Warlord Paint Ranges conversion chart,14.04,High,Curated conversion chart,11146,DARK GREEN,70.97,DEEP GREEN,72.028,DARK GREEN,Warlord Paint Ranges conversion chart,,,Acrylic,,,,,,,,,,,,,,,,,,,,,,,,,,,,,,,,,,,,
AP_FANATIC_ANGELIC_RED,Army Painter,Warpaints Fanatic,Fanatic,FANATIC,WP3104,Angelic Red,ANGELIC_RED,,,,,,Acrylic,Active/Unknown,All_Warpaints_Fanatic_Poster.pdf,Official Fanatic poster; relationships deferred,,GW_LAYER_WILD_RIDER_RED,Wild Rider Red,Layer,Layer,#EA2F28,"234, 47, 40",Warlord Paint Ranges conversion chart,,High,Curated conversion chart,11087,SCARLET RED,70.817,SCARLET,,,Warlord Paint Ranges conversion chart,,,Acrylic,,,,,,,,,,,,,,,,,,,,,,,,,,,,,,,,,,,,
AP_FANATIC_AQUA_ALCHEMY,Army Painter,Warpaints Fanatic,Fanatic,FANATIC,WP3047,Aqua Alchemy,AQUA_ALCHEMY,,,,,,Acrylic,Active/Unknown,All_Warpaints_Fanatic_Poster.pdf,Official Fanatic poster; relationships deferred,,,,,,,,Warlord Paint Ranges conversion chart,,No listed match,Chart row found but no cross-brand fields,,,,,,,Warlord Paint Ranges conversion chart,Review,Fanatic chart row exists but no equivalent values listed,Acrylic,,,,,,,,,,,,,,,,,,,,,,,,,,,,,,,,,,,,
AP_FANATIC_AQUAMARINE,Army Painter,Warpaints Fanatic,Fanatic,FANATIC,72.119,Aquamarine,AQUAMARINE,,,,,,Acrylic,Active/Unknown,All_Warpaints_Fanatic_Poster.pdf,Official Fanatic poster; relationships deferred,,GW_LAYER_BAHARROTH_BLUE,Baharroth Blue,Layer,Layer,#78C4C7,"120, 196, 199",Warlord Paint Ranges conversion chart,,High,Curated conversion chart,11161,PALE BLUE,70.906,PALE BLUE,,,Warlord Paint Ranges conversion chart,,,Acrylic,,,,,,,,,,,,,,,,,,,,,,,,,,,,,,,,,,,,
AP_FANATIC_ARCTIC_GEM,Army Painter,Warpaints Fanatic,Fanatic,FANATIC,WP3029,Arctic Gem,ARCTIC_GEM,,,,,,Acrylic,Active/Unknown,All_Warpaints_Fanatic_Poster.pdf,Official Fanatic poster; relationships deferred,,GW_LAYER_HOETH_BLUE,Hoeth Blue,Layer,Layer,#4C7FB4,"76, 127, 180",Warlord Paint Ranges conversion chart,,High,Curated conversion chart,,,70.902,AZURE,,,Warlord Paint Ranges conversion chart,,,Acrylic,,,,,,,,,,,,,,,,,,,,,,,,,,,,,,,,,,,,
AP_FANATIC_ARMY_GREEN,Army Painter,Warpaints Fanatic,Fanatic,FANATIC,WP3068,Army Green,ARMY_GREEN,#6E7645,110,118,69,"110,118,69",Acrylic,Active/Unknown,All_Warpaints_Fanatic_Poster.pdf,Official Fanatic poster; relationships deferred,#6E7645,GW_LAYER_LOREN_FOREST,Loren Forest,Layer,Layer,#50702D,"80, 112, 45",Warlord Paint Ranges conversion chart,38.88,High,Curated conversion chart,,,70.922,UNIFORM GREEN,,,Warlord Paint Ranges conversion chart,,,Acrylic,,,,,,,,,,,,,,,,,,,,,,,,,,,,,,,,,,,,
AP_FANATIC_ASH_GREY,Army Painter,Warpaints Fanatic,Fanatic,FANATIC,WP3004,Ash Grey,ASH_GREY,#A2A5A4,162,165,164,"162,165,164",Acrylic,Active/Unknown,All_Warpaints_Fanatic_Poster.pdf,Official Fanatic poster; relationships deferred,#A2A5A4,GW_LAYER_ADMINISTRATUM_GREY,Administratum Grey,Layer,Layer,#949B95,"148, 155, 149",Warlord Paint Ranges conversion chart,22.83,High,Curated conversion chart,11010,MEDIUM GREY,70.907,PALE GREY BLUE,,,Warlord Paint Ranges conversion chart,,,Acrylic,,,,,,,,,,,,,,,,,,,,,,,,,,,,,,,,,,,,
AP_FANATIC_AUGUR_BLUE,Army Painter,Warpaints Fanatic,Fanatic,FANATIC,WP3024,Augur Blue,AUGUR_BLUE,,,,,,Acrylic,Active/Unknown,All_Warpaints_Fanatic_Poster.pdf,Official Fanatic poster; relationships deferred,,GW_LAYER_BLUE_HORROR,Blue Horror,Layer,Layer,#A2BAD2,"162, 186, 210",Warlord Paint Ranges conversion chart,,High,Curated conversion chart,,,,,72.095,GLACIER BLUE,Warlord Paint Ranges conversion chart,,,Acrylic,,,,,,,,,,,,,,,,,,,,,,,,,,,,,,,,,,,,
AP_FANATIC_AUTUMN_SAGE,Army Painter,Warpaints Fanatic,Fanatic,FANATIC,WP3064,Autumn Sage,AUTUMN_SAGE,,,,,,Acrylic,Active/Unknown,All_Warpaints_Fanatic_Poster.pdf,Official Fanatic poster; relationships deferred,,,,,,,,Warlord Paint Ranges conversion chart,,No listed match,Chart row found but no cross-brand fields,,,,,,,Warlord Paint Ranges conversion chart,Review,Fanatic chart row exists but no equivalent values listed,Acrylic,,,,,,,,,,,,,,,,,,,,,,,,,,,,,,,,,,,,
AP_FANATIC_BARBARIAN_FLESH,Army Painter,Warpaints Fanatic,Fanatic,FANATIC,WP3147,Barbarian Flesh,BARBARIAN_FLESH,#E89C6C,232,156,108,"232,156,108",Acrylic,Active/Unknown,All_Warpaints_Fanatic_Poster.pdf,Official Fanatic poster; relationships deferred,#E89C6C,GW_LAYER_BESTIGOR_FLESH,Bestigor Flesh,Layer,Layer,#D38A57,"211, 138, 87",Warlord Paint Ranges conversion chart,34.73,High,Curated conversion chart,11064,BEIGE RED,70.804,BEIGE RED,72.038,SCROFULOUS BROWN,Warlord Paint Ranges conversion chart,,,Acrylic,,,,,,,,,,,,,,,,,,,,,,,,,,,,,,,,,,,,
AP_FANATIC_BARON_BLUE,Army Painter,Warpaints Fanatic,Fanatic,FANATIC,WP3023,Baron Blue,BARON_BLUE,,,,,,Acrylic,Active/Unknown,All_Warpaints_Fanatic_Poster.pdf,Official Fanatic poster; relationships deferred,,,,,,,,Warlord Paint Ranges conversion chart,,No listed match,Chart row found but no cross-brand fields,,,,,,,Warlord Paint Ranges conversion chart,Review,Fanatic chart row exists but no equivalent values listed,Acrylic,,,,,,,,,,,,,,,,,,,,,,,,,,,,,,,,,,,,
AP_FANATIC_BARREN_DUNE,Army Painter,Warpaints Fanatic,Fanatic,FANATIC,WP3084,Barren Dune,BARREN_DUNE,,,,,,Acrylic,Active/Unknown,All_Warpaints_Fanatic_Poster.pdf,Official Fanatic poster; relationships deferred,,GW_LAYER_UNGOR_FLESH,Ungor Flesh,Layer,Layer,#D6A766,"214, 167, 102",Warlord Paint Ranges conversion chart,,High,Curated conversion chart,11056,DARK FLESH,70.927,DARK FLESH,,,Warlord Paint Ranges conversion chart,,,Acrylic,,,,,,,,,,,,,,,,,,,,,,,,,,,,,,,,,,,,
AP_FANATIC_BASILISK_RED,Army Painter,Warpaints Fanatic,Fanatic,FANATIC,WP3115,Basilisk Red,BASILISK_RED,,,,,,Acrylic,Active/Unknown,All_Warpaints_Fanatic_Poster.pdf,Official Fanatic poster; relationships deferred,,,,,,,,Warlord Paint Ranges conversion chart,,No listed match,Chart row found but no cross-brand fields,,,,,,,Warlord Paint Ranges conversion chart,Review,Fanatic chart row exists but no equivalent values listed,Acrylic,,,,,,,,,,,,,,,,,,,,,,,,,,,,,,,,,,,,
AP_FANATIC_BLOOD_CHALICE,Army Painter,Warpaints Fanatic,Fanatic,FANATIC,WP3119,Blood Chalice,BLOOD_CHALICE,,,,,,Effect,Active/Unknown,All_Warpaints_Fanatic_Poster.pdf,Official Fanatic poster; relationships deferred,,,,,,,,Warlord Paint Ranges conversion chart,,No listed match,Chart row found but no cross-brand fields,,,,,,,Warlord Paint Ranges conversion chart,Review,Fanatic chart row exists but no equivalent values listed,Effect,,,,,,,,,,,,,,,,,,,,,,,,,,,,,,,,,,,,
AP_FANATIC_BLUE_TONE,Army Painter,Warpaints Fanatic,Fanatic,FANATIC,,Blue Tone,BLUE_TONE,,,,,,Wash/Shade,Active/Unknown,All_Warpaints_Fanatic_Poster.pdf,Official Fanatic poster; relationships deferred,,GW_SHADE_TYRAN_BLUE,Tyran Blue,Shade,Shade,#125899,"18, 88, 153",Warlord Paint Ranges conversion chart,,High,Curated conversion chart,,,,,73.207,BLUE WASH,Warlord Paint Ranges conversion chart,,,Wash,,,,,,,,,,,,,,,,,,,,,,,,,,,,,,,,,,,,
AP_FANATIC_BONY_SPIKES,Army Painter,Warpaints Fanatic,Fanatic,FANATIC,WP3089,Bony Spikes,BONY_SPIKES,,,,,,Acrylic,Active/Unknown,All_Warpaints_Fanatic_Poster.pdf,Official Fanatic poster; relationships deferred,,GW_LAYER_SCREAMING_SKULL,Screaming Skull,Layer,Layer,#D2D4A2,"210, 212, 162",Warlord Paint Ranges conversion chart,,High,Curated conversion chart,11031,BUFF,70.976,BUFF,72.034,BONE WHITE,Warlord Paint Ranges conversion chart,,,Acrylic,,,,,,,,,,,,,,,,,,,,,,,,,,,,,,,,,,,,
AP_FANATIC_BOOTSTRAP_BROWN,Army Painter,Warpaints Fanatic,Fanatic,FANATIC,WP3074,Bootstrap Brown,BOOTSTRAP_BROWN,,,,,,Acrylic,Active/Unknown,All_Warpaints_Fanatic_Poster.pdf,Official Fanatic poster; relationships deferred,,,,,,,,Warlord Paint Ranges conversion chart,,High,Curated conversion chart,,,70.984,FLAT BROWN,,,Warlord Paint Ranges conversion chart,,,Acrylic,,,,,,,,,,,,,,,,,,,,,,,,,,,,,,,,,,,,
AP_FANATIC_BRAINMATTER_BEIGE,Army Painter,Warpaints Fanatic,Fanatic,FANATIC,WP3011,Brainmatter Beige,BRAINMATTER_BEIGE,#F1F0E0,241,240,224,"241,240,224",Acrylic,Active/Unknown,All_Warpaints_Fanatic_Poster.pdf,Official Fanatic poster; relationships deferred,#F1F0E0,GW_LAYER_PALLID_WYCH_FLESH,Pallid Wych Flesh,Layer,Layer,#CDCEBE,"205, 206, 190",Warlord Paint Ranges conversion chart,60.07,High,Curated conversion chart,11002,OFFWHITE,70.82,OFF-WHITE,,,Warlord Paint Ranges conversion chart,,,Acrylic,,,,,,,,,,,,,,,,,,,,,,,,,,,,,,,,,,,,
AP_FANATIC_BRIGADE_GREY,Army Painter,Warpaints Fanatic,Fanatic,FANATIC,WP3006,Brigade Grey,BRIGADE_GREY,,,,,,Acrylic,Active/Unknown,All_Warpaints_Fanatic_Poster.pdf,Official Fanatic poster; relationships deferred,,GW_LAYER_ULTHUAN_GREY,Ulthuan Grey,Layer,Layer,#C7E0D9,"199, 224, 217",Warlord Paint Ranges conversion chart,,High,Curated conversion chart,11006,SILVER GREY,70.883,SILVERGREY,72.046,GHOST GREY,Warlord Paint Ranges conversion chart,,,Acrylic,,,,,,,,,,,,,,,,,,,,,,,,,,,,,,,,,,,,
AP_FANATIC_BRIGANDINE_BROWN,Army Painter,Warpaints Fanatic,Fanatic,FANATIC,WP3073,Brigandine Brown,BRIGANDINE_BROWN,,,,,,Acrylic,Active/Unknown,All_Warpaints_Fanatic_Poster.pdf,Official Fanatic poster; relationships deferred,,GW_BASE_RHINOX_HIDE,Rhinox Hide,Base,Base,#493435,"73, 52, 53",Warlord Paint Ranges conversion chart,,High,Curated conversion chart,,,,,72.045,CHARRED BROWN,Warlord Paint Ranges conversion chart,,,Acrylic,,,,,,,,,,,,,,,,,,,,,,,,,,,,,,,,,,,,
AP_FANATIC_BRIGHT_GOLD,Army Painter,Warpaints Fanatic,Fanatic,FANATIC,,Bright Gold,BRIGHT_GOLD,,,,,,Metallic,Active/Unknown,All_Warpaints_Fanatic_Poster.pdf,Official Fanatic poster; relationships deferred,,GW_LAYER_AURIC_ARMOUR_GOLD,Auric Armour Gold,Layer,Layer,#E8BC6D,"232, 188, 109",Warlord Paint Ranges conversion chart,,High,Curated conversion chart,,,,,72.055,POLISHED GOLD,Warlord Paint Ranges conversion chart,,,Metallic,,,,,,,,,,,,,,,,,,,,,,,,,,,,,,,,,,,,
AP_FANATIC_BRIGHT_SAPPHIRE,Army Painter,Warpaints Fanatic,Fanatic,FANATIC,WP3030,Bright Sapphire,BRIGHT_SAPPHIRE,,,,,,Acrylic,Active/Unknown,All_Warpaints_Fanatic_Poster.pdf,Official Fanatic poster; relationships deferred,,,,,,,,Warlord Paint Ranges conversion chart,,No listed match,Chart row found but no cross-brand fields,,,,,,,Warlord Paint Ranges conversion chart,Review,Fanatic chart row exists but no equivalent values listed,Acrylic,,,,,,,,,,,,,,,,,,,,,,,,,,,,,,,,,,,,
AP_FANATIC_BRUSH_ON_PRIMER,Army Painter,Warpaints Fanatic,Fanatic,FANATIC,WP3175,Brush-On Primer,BRUSH_ON_PRIMER,,,,,,Auxiliary,Active/Unknown,All_Warpaints_Fanatic_Poster.pdf,Official Fanatic poster; relationships deferred,,,,,,,,Warlord Paint Ranges conversion chart,,No listed match,Chart row found but no cross-brand fields,,,,,,,Warlord Paint Ranges conversion chart,Review,Fanatic chart row exists but no equivalent values listed,Auxiliary,,,,,,,,,,,,,,,,,,,,,,,,,,,,,,,,,,,,
AP_FANATIC_BUFFED_HIDE,Army Painter,Warpaints Fanatic,Fanatic,FANATIC,WP3114,Buffed Hide,BUFFED_HIDE,,,,,,Acrylic,Active/Unknown,All_Warpaints_Fanatic_Poster.pdf,Official Fanatic poster; relationships deferred,,GW_LAYER_DEATHCLAW_BROWN,Deathclaw Brown,Layer,Layer,#B36853,"179, 104, 83",Warlord Paint Ranges conversion chart,,High,Curated conversion chart,11101,ORANGE BROWN,70.981,ORANGE BROWN,,,Warlord Paint Ranges conversion chart,,,Acrylic,,,,,,,,,,,,,,,,,,,,,,,,,,,,,,,,,,,,
AP_FANATIC_BURNING_ORE,Army Painter,Warpaints Fanatic,Fanatic,FANATIC,WP3098,Burning Ore,BURNING_ORE,,,,,,Acrylic,Active/Unknown,All_Warpaints_Fanatic_Poster.pdf,Official Fanatic poster; relationships deferred,,GW_LAYER_TROLL_SLAYER_ORANGE,Troll Slayer Orange,Layer,Layer,#F36D2D,"243, 109, 45",Warlord Paint Ranges conversion chart,,High,Curated conversion chart,,,70.817,SCARLET,72.009,HOT ORANGE,Warlord Paint Ranges conversion chart,,,Acrylic,,,,,,,,,,,,,,,,,,,,,,,,,,,,,,,,,,,,
AP_FANATIC_BURNT_TURF,Army Painter,Warpaints Fanatic,Fanatic,FANATIC,WP3083,Burnt Turf,BURNT_TURF,,,,,,Acrylic,Active/Unknown,All_Warpaints_Fanatic_Poster.pdf,Official Fanatic poster; relationships deferred,,GW_LAYER_ZAMESI_DESERT,Zamesi Desert,Layer,Layer,#DDA026,"221, 160, 38",Warlord Paint Ranges conversion chart,,High,Curated conversion chart,11118,OCHRE,70.913,YELLOW OCHRE,72.039,PLAGUE BROWN,Warlord Paint Ranges conversion chart,,,Acrylic,,,,,,,,,,,,,,,,,,,,,,,,,,,,,,,,,,,,
AP_FANATIC_CAMOUFLAGE_GREEN,Army Painter,Warpaints Fanatic,Fanatic,FANATIC,72.031,Camouflage Green,CAMOUFLAGE_GREEN,#A5A542,165,165,66,"165,165,66",Acrylic,Active/Unknown,All_Warpaints_Fanatic_Poster.pdf,Official Fanatic poster; relationships deferred,#A5A542,GW_BASE_DEATH_GUARD_GREEN,Death Guard Green,Base,Base,#9C9171,"156, 145, 113",Warlord Paint Ranges conversion chart,51.87,High,Curated conversion chart,,,70.892,YELLOW OLIVE,,,Warlord Paint Ranges conversion chart,,,Acrylic,,,,,,,,,,,,,,,,,,,,,,,,,,,,,,,,,,,,
AP_FANATIC_CARNELIAN_SKIN,Army Painter,Warpaints Fanatic,Fanatic,FANATIC,WP3151,Carnelian Skin,CARNELIAN_SKIN,,,,,,Acrylic,Active/Unknown,All_Warpaints_Fanatic_Poster.pdf,Official Fanatic poster; relationships deferred,,GW_LAYER_BLOODREAVER_FLESH,Bloodreaver Flesh,Layer,Layer,#AD6B4C,"173, 107, 76",Warlord Paint Ranges conversion chart,,High,Curated conversion chart,,,,,,,Warlord Paint Ranges conversion chart,,,Acrylic,,,,,,,,,,,,,,,,,,,,,,,,,,,,,,,,,,,,
AP_FANATIC_COBALT_METAL,Army Painter,Warpaints Fanatic,Fanatic,FANATIC,,Cobalt Metal,COBALT_METAL,,,,,,Metallic,Active/Unknown,All_Warpaints_Fanatic_Poster.pdf,Official Fanatic poster; relationships deferred,,GW_BASE_GREY_KNIGHTS_STEEL,Grey Knights Steel,Base,Base,#7F8E99,"127, 142, 153",Warlord Paint Ranges conversion chart,,High,Curated conversion chart,,,,,,,Warlord Paint Ranges conversion chart,,,Metallic,,,,,,,,,,,,,,,,,,,,,,,,,,,,,,,,,,,,
AP_FANATIC_COMMAND_KHAKI,Army Painter,Warpaints Fanatic,Fanatic,FANATIC,WP3077,Command Khaki,COMMAND_KHAKI,,,,,,Acrylic,Active/Unknown,All_Warpaints_Fanatic_Poster.pdf,Official Fanatic poster; relationships deferred,,GW_LAYER_KNIGHT_QUESTOR_FLESH,Knight-Questor Flesh,Layer,Layer,#C0BD81,"192, 189, 129",Warlord Paint Ranges conversion chart,,High,Curated conversion chart,,,,,,,Warlord Paint Ranges conversion chart,,,Acrylic,,,,,,,,,,,,,,,,,,,,,,,,,,,,,,,,,,,,
AP_FANATIC_COMPANY_GREY,Army Painter,Warpaints Fanatic,Fanatic,FANATIC,WP3005,Company Grey,COMPANY_GREY,,,,,,Acrylic,Active/Unknown,All_Warpaints_Fanatic_Poster.pdf,Official Fanatic poster; relationships deferred,,GW_BASE_GREY_SEER,Grey Seer,Base,Base,#BFC8C8,"191, 200, 200",Warlord Paint Ranges conversion chart,,High,Curated conversion chart,,,,,,,Warlord Paint Ranges conversion chart,,,Acrylic,,,,,,,,,,,,,,,,,,,,,,,,,,,,,,,,,,,,
AP_FANATIC_CRYSTAL_BLUE,Army Painter,Warpaints Fanatic,Fanatic,FANATIC,WP3028,Crystal Blue,CRYSTAL_BLUE,#0083C2,0,131,194,"0,131,194",Acrylic,Active/Unknown,All_Warpaints_Fanatic_Poster.pdf,Official Fanatic poster; relationships deferred,#0083C2,GW_LAYER_TECLIS_BLUE,Teclis Blue,Layer,Layer,#317EC1,"49, 126, 193",Warlord Paint Ranges conversion chart,49.26,High,Curated conversion chart,11175,SKY BLUE,70.961,SKY BLUE,72.023,ELECTRIC BLUE,Warlord Paint Ranges conversion chart,,,Acrylic,,,,,,,,,,,,,,,,,,,,,,,,,,,,,,,,,,,,
AP_FANATIC_CULTIST_PURPLE,Army Painter,Warpaints Fanatic,Fanatic,FANATIC,WP3129,Cultist Purple,CULTIST_PURPLE,,,,,,Acrylic,Active/Unknown,All_Warpaints_Fanatic_Poster.pdf,Official Fanatic poster; relationships deferred,,GW_LAYER_GENESTEALER_PURPLE,Genestealer Purple,Layer,Layer,#7761AB,"119, 97, 171",Warlord Paint Ranges conversion chart,,High,Curated conversion chart,11070,BLUE VIOLET,70.811,BLUE VIOLET,,,Warlord Paint Ranges conversion chart,,,Acrylic,,,,,,,,,,,,,,,,,,,,,,,,,,,,,,,,,,,,
AP_FANATIC_DAEMONIC_YELLOW,Army Painter,Warpaints Fanatic,Fanatic,FANATIC,WP3093,Daemonic Yellow,DAEMONIC_YELLOW,#FADA06,250,218,6,"250,218,6",Acrylic,Active/Unknown,All_Warpaints_Fanatic_Poster.pdf,Official Fanatic poster; relationships deferred,#FADA06,GW_LAYER_GOLDEN_YELLOW,Golden Yellow,Layer,Layer,#FFC20E,"255, 194, 14",Warlord Paint Ranges conversion chart,25.79,High,Curated conversion chart,11041,,70.948,GOLDEN YELLOW,,,Warlord Paint Ranges conversion chart,,,Acrylic,,,,,,,,,,,,,,,,,,,,,,,,,,,,,,,,,,,,
AP_FANATIC_DARK_BLUE_TONE,Army Painter,Warpaints Fanatic,Fanatic,FANATIC,,Dark Blue Tone,DARK_BLUE_TONE,,,,,,Wash/Shade,Active/Unknown,All_Warpaints_Fanatic_Poster.pdf,Official Fanatic poster; relationships deferred,,GW_SHADE_DRAKENHOF_NIGHTSHADE,Drakenhof Nightshade,Shade,Shade,#125899,"18, 88, 153",Warlord Paint Ranges conversion chart,,High,Curated conversion chart,,,,,,,Warlord Paint Ranges conversion chart,,,Wash,,,,,,,,,,,,,,,,,,,,,,,,,,,,,,,,,,,,
AP_FANATIC_DARK_EMERALD,Army Painter,Warpaints Fanatic,Fanatic,FANATIC,,Dark Emerald,DARK_EMERALD,,,,,,Metallic,Active/Unknown,All_Warpaints_Fanatic_Poster.pdf,Official Fanatic poster; relationships deferred,,,,,,,,Warlord Paint Ranges conversion chart,,No listed match,Chart row found but no cross-brand fields,,,,,,,Warlord Paint Ranges conversion chart,Review,Fanatic chart row exists but no equivalent values listed,Metallic,,,,,,,,,,,,,,,,,,,,,,,,,,,,,,,,,,,,
AP_FANATIC_DARK_RED_TONE,Army Painter,Warpaints Fanatic,Fanatic,FANATIC,,Dark Red Tone,DARK_RED_TONE,,,,,,Wash/Shade,Active/Unknown,All_Warpaints_Fanatic_Poster.pdf,Official Fanatic poster; relationships deferred,,GW_SHADE_BERSERKER_BLOODSHADE,Berserker Bloodshade,Shade,Shade,#A82A70,"168, 42, 112",Warlord Paint Ranges conversion chart,,High,Curated conversion chart,,,,,,,Warlord Paint Ranges conversion chart,,,Wash,,,,,,,,,,,,,,,,,,,,,,,,,,,,,,,,,,,,
AP_FANATIC_DARK_RUST,Army Painter,Warpaints Fanatic,Fanatic,FANATIC,70.771,Dark Rust,DARK_RUST,,,,,,Effect,Active/Unknown,All_Warpaints_Fanatic_Poster.pdf,Official Fanatic poster; relationships deferred,,GW_TECHNICAL_TYPHUS_CORROSION,Typhus Corrosion,Technical,Technical,#453F31,"69, 63, 49",Warlord Paint Ranges conversion chart,,High,Curated conversion chart,,,,,72.609,RUST,Warlord Paint Ranges conversion chart,,,Effect,,,,,,,,,,,,,,,,,,,,,,,,,,,,,,,,,,,,
AP_FANATIC_DARK_SKIN_SHADE,Army Painter,Warpaints Fanatic,Fanatic,FANATIC,,Dark Skin Shade,DARK_SKIN_SHADE,,,,,,Wash/Shade,Active/Unknown,All_Warpaints_Fanatic_Poster.pdf,Official Fanatic poster; relationships deferred,,,,,,,,All_Warpaints_Fanatic_Poster.pdf,,,,,,,,,,,Review,No Warlord chart row matched by Paint_Code or Paint_Name,Wash,,,,,,,,,,,,,,,,,,,,,,,,,,,,,,,,,,,,
AP_FANATIC_DARK_TONE,Army Painter,Warpaints Fanatic,Fanatic,FANATIC,,Dark Tone,DARK_TONE,,,,,,Wash/Shade,Active/Unknown,All_Warpaints_Fanatic_Poster.pdf,Official Fanatic poster; relationships deferred,,GW_SHADE_NULN_OIL,Nuln Oil,Shade,Shade,#14100E,"20, 16, 14",Warlord Paint Ranges conversion chart,,High,Curated conversion chart,,,,,73.201,BLACK WASH,Warlord Paint Ranges conversion chart,,,Wash,,,,,,,,,,,,,,,,,,,,,,,,,,,,,,,,,,,,
AP_FANATIC_DATA_SYSTEM_GLOW,Army Painter,Warpaints Fanatic,Fanatic,FANATIC,,Data System Glow,DATA_SYSTEM_GLOW,,,,,,Effect,Active/Unknown,All_Warpaints_Fanatic_Poster.pdf,Official Fanatic poster; relationships deferred,,,,,,,,Warlord Paint Ranges conversion chart,,High,Curated conversion chart,11129,FLUORESCENT GREEN 70.737 GREEN FLUO,70.737,GREEN FLUO,,,Warlord Paint Ranges conversion chart,,,Effect,,,,,,,,,,,,,,,,,,,,,,,,,,,,,,,,,,,,
AP_FANATIC_DEATH_METAL,Army Painter,Warpaints Fanatic,Fanatic,FANATIC,,Death Metal,DEATH_METAL,,,,,,Metallic,Active/Unknown,All_Warpaints_Fanatic_Poster.pdf,Official Fanatic poster; relationships deferred,,,,,,,,Warlord Paint Ranges conversion chart,,No listed match,Chart row found but no cross-brand fields,,,,,,,Warlord Paint Ranges conversion chart,Review,Fanatic chart row exists but no equivalent values listed,Metallic,,,,,,,,,,,,,,,,,,,,,,,,,,,,,,,,,,,,
AP_FANATIC_DEEP_AZURE,Army Painter,Warpaints Fanatic,Fanatic,FANATIC,WP3037,Deep Azure,DEEP_AZURE,,,,,,Acrylic,Active/Unknown,All_Warpaints_Fanatic_Poster.pdf,Official Fanatic poster; relationships deferred,,GW_LAYER_SOTEK_GREEN,Sotek Green,Layer,Layer,#0B6974,"11, 105, 116",Warlord Paint Ranges conversion chart,,High,Curated conversion chart,,,,,72.024,TURQUOISE,Warlord Paint Ranges conversion chart,,,Acrylic,,,,,,,,,,,,,,,,,,,,,,,,,,,,,,,,,,,,
AP_FANATIC_DEEP_GREY,Army Painter,Warpaints Fanatic,Fanatic,FANATIC,WP3002,Deep Grey,DEEP_GREY,,,,,,Acrylic,Active/Unknown,All_Warpaints_Fanatic_Poster.pdf,Official Fanatic poster; relationships deferred,,GW_BASE_MECHANICUS_STANDARD_GREY,Mechanicus Standard Grey,Base,Base,#3D4B4D,"61, 75, 77",Warlord Paint Ranges conversion chart,,High,Curated conversion chart,11020,ENGLISH GREY,70.836,LONDON GREY,,,Warlord Paint Ranges conversion chart,,,Acrylic,,,,,,,,,,,,,,,,,,,,,,,,,,,,,,,,,,,,
AP_FANATIC_DEEP_OCEAN_BLUE,Army Painter,Warpaints Fanatic,Fanatic,FANATIC,WP3031,Deep Ocean Blue,DEEP_OCEAN_BLUE,,,,,,Acrylic,Active/Unknown,All_Warpaints_Fanatic_Poster.pdf,Official Fanatic poster; relationships deferred,,GW_BASE_STEGADON_SCALE_GREEN,Stegadon Scale Green,Base,Base,#074863,"7, 72, 99",Warlord Paint Ranges conversion chart,,High,Curated conversion chart,,,,,72.12,ABYSSAL TURQUOISE,Warlord Paint Ranges conversion chart,,,Acrylic,,,,,,,,,,,,,,,,,,,,,,,,,,,,,,,,,,,,
AP_FANATIC_DEMIGOD_FLAMES,Army Painter,Warpaints Fanatic,Fanatic,FANATIC,WP3091,Demigod Flames,DEMIGOD_FLAMES,,,,,,Acrylic,Active/Unknown,All_Warpaints_Fanatic_Poster.pdf,Official Fanatic poster; relationships deferred,,GW_LAYER_TAU_LIGHT_OCHRE,Tau Light Ochre,Layer,Layer,#BF6E1D,"191, 110, 29",Warlord Paint Ranges conversion chart,,High,Curated conversion chart,,,70.856,OCHRE BROWN,72.036,BRONZE BROWN,Warlord Paint Ranges conversion chart,,,Acrylic,,,,,,,,,,,,,,,,,,,,,,,,,,,,,,,,,,,,
AP_FANATIC_DESERT_YELLOW,Army Painter,Warpaints Fanatic,Fanatic,FANATIC,72.063,Desert Yellow,DESERT_YELLOW,#9C8855,156,136,85,"156,136,85",Acrylic,Active/Unknown,All_Warpaints_Fanatic_Poster.pdf,Official Fanatic poster; relationships deferred,#9C8855,GW_LAYER_DESERT_YELLOW,Desert Yellow,Layer,Layer,#9C8855,"156, 136, 85",Warlord Paint Ranges conversion chart,0,High,Curated conversion chart,11034,MEDIUM SAND HOBGROT HIDE 70.977,,,,,Warlord Paint Ranges conversion chart,,,Acrylic,,,,,,,,,,,,,,,,,,,,,,,,,,,,,,,,,,,,
AP_FANATIC_DIABOLIC_PLUM,Army Painter,Warpaints Fanatic,Fanatic,FANATIC,WP3133,Diabolic Plum,DIABOLIC_PLUM,,,,,,Acrylic,Active/Unknown,All_Warpaints_Fanatic_Poster.pdf,Official Fanatic poster; relationships deferred,,GW_BASE_PHOENICIAN_PURPLE,Phoenician Purple,Base,Base,#450052,"69, 0, 82",Warlord Paint Ranges conversion chart,,High,Curated conversion chart,,,,,72.016,ROYAL PURPLE,Warlord Paint Ranges conversion chart,,,Acrylic,,,,,,,,,,,,,,,,,,,,,,,,,,,,,,,,,,,,
AP_FANATIC_DISGUSTING_SLIME,Army Painter,Warpaints Fanatic,Fanatic,FANATIC,,Disgusting Slime,DISGUSTING_SLIME,,,,,,Effect,Active/Unknown,All_Warpaints_Fanatic_Poster.pdf,Official Fanatic poster; relationships deferred,,GW_TECHNICAL_NURGLE_S_ROT,Nurgle's Rot,Technical,Technical,#9B8F22,"155, 143, 34",Warlord Paint Ranges conversion chart,,High,Curated conversion chart,,,,,72.6,VOMIT,Warlord Paint Ranges conversion chart,,,Effect,,,,,,,,,,,,,,,,,,,,,,,,,,,,,,,,,,,,
AP_FANATIC_DIVINER_LIGHT,Army Painter,Warpaints Fanatic,Fanatic,FANATIC,WP3138,Diviner Light,DIVINER_LIGHT,,,,,,Acrylic,Active/Unknown,All_Warpaints_Fanatic_Poster.pdf,Official Fanatic poster; relationships deferred,,,,,,,,Warlord Paint Ranges conversion chart,,No listed match,Chart row found but no cross-brand fields,,,,,,,Warlord Paint Ranges conversion chart,Review,Fanatic chart row exists but no equivalent values listed,Acrylic,,,,,,,,,,,,,,,,,,,,,,,,,,,,,,,,,,,,
AP_FANATIC_DOOMFIRE_DRAB,Army Painter,Warpaints Fanatic,Fanatic,FANATIC,WP3126,Doomfire Drab,DOOMFIRE_DRAB,,,,,,Acrylic,Active/Unknown,All_Warpaints_Fanatic_Poster.pdf,Official Fanatic poster; relationships deferred,,,,,,,,Warlord Paint Ranges conversion chart,,No listed match,Chart row found but no cross-brand fields,,,,,,,Warlord Paint Ranges conversion chart,Review,Fanatic chart row exists but no equivalent values listed,Acrylic,,,,,,,,,,,,,,,,,,,,,,,,,,,,,,,,,,,,
AP_FANATIC_DORADO_SKIN,Army Painter,Warpaints Fanatic,Fanatic,FANATIC,WP3161,Dorado Skin,DORADO_SKIN,,,,,,Acrylic,Active/Unknown,All_Warpaints_Fanatic_Poster.pdf,Official Fanatic poster; relationships deferred,,GW_LAYER_FLAYED_ONE_FLESH,Flayed One Flesh,Layer,Layer,#FCFCDE,"252, 252, 222",Warlord Paint Ranges conversion chart,,High,Curated conversion chart,11050,LIGHT FLESH,70.928,LIGHT FLESH,72.003,PALE FLESH,Warlord Paint Ranges conversion chart,,,Acrylic,,,,,,,,,,,,,,,,,,,,,,,,,,,,,,,,,,,,
AP_FANATIC_DRAGON_RED,Army Painter,Warpaints Fanatic,Fanatic,FANATIC,WP3117,Dragon Red,DRAGON_RED,#9A1B1E,154,27,30,"154,27,30",Acrylic,Active/Unknown,All_Warpaints_Fanatic_Poster.pdf,Official Fanatic poster; relationships deferred,#9A1B1E,GW_BASE_MEPHISTON_RED,Mephiston Red,Base,Base,#9A1115,"154, 17, 21",Warlord Paint Ranges conversion chart,13.45,High,Curated conversion chart,11095,DIRTY RED,70.926,RED,72.141,HEAVY RED,Warlord Paint Ranges conversion chart,,,Acrylic,,,,,,,,,,,,,,,,,,,,,,,,,,,,,,,,,,,,
AP_FANATIC_DRY_BLOOD,Army Painter,Warpaints Fanatic,Fanatic,FANATIC,,Dry Blood,DRY_BLOOD,,,,,,Effect,Active/Unknown,All_Warpaints_Fanatic_Poster.pdf,Official Fanatic poster; relationships deferred,,,,,,,,Warlord Paint Ranges conversion chart,,High,Curated conversion chart,,,,,72.602,THICK BLOOD,Warlord Paint Ranges conversion chart,,,Effect,,,,,,,,,,,,,,,,,,,,,,,,,,,,,,,,,,,,
AP_FANATIC_DRYAD_BROWN,Army Painter,Warpaints Fanatic,Fanatic,FANATIC,WP3111,Dryad Brown,DRYAD_BROWN,,,,,,Acrylic,Active/Unknown,All_Warpaints_Fanatic_Poster.pdf,Official Fanatic poster; relationships deferred,,GW_LAYER_DOOMBULL_BROWN,Doombull Brown,Layer,Layer,#5D0009,"93, 0, 9",Warlord Paint Ranges conversion chart,,High,Curated conversion chart,11106,MAHOGANY BROWN,70.846,MAHOGANY BROWN,72.044,DARK FLESHTONE,Warlord Paint Ranges conversion chart,,,Acrylic,,,,,,,,,,,,,,,,,,,,,,,,,,,,,,,,,,,,
AP_FANATIC_DUSTY_SKULL,Army Painter,Warpaints Fanatic,Fanatic,FANATIC,WP3085,Dusty Skull,DUSTY_SKULL,,,,,,Acrylic,Active/Unknown,All_Warpaints_Fanatic_Poster.pdf,Official Fanatic poster; relationships deferred,,GW_LAYER_STORMVERMIN_FUR,Stormvermin Fur,Layer,Layer,#736B65,"115, 107, 101",Warlord Paint Ranges conversion chart,,High,Curated conversion chart,,,70.821,GER C. BEIGE WWII,,,Warlord Paint Ranges conversion chart,,,Acrylic,,,,,,,,,,,,,,,,,,,,,,,,,,,,,,,,,,,,
AP_FANATIC_ELDER_FLOWER,Army Painter,Warpaints Fanatic,Fanatic,FANATIC,WP3141,Elder Flower,ELDER_FLOWER,,,,,,Acrylic,Active/Unknown,All_Warpaints_Fanatic_Poster.pdf,Official Fanatic poster; relationships deferred,,,,,,,,Warlord Paint Ranges conversion chart,,No listed match,Chart row found but no cross-brand fields,,,,,,,Warlord Paint Ranges conversion chart,Review,Fanatic chart row exists but no equivalent values listed,Acrylic,,,,,,,,,,,,,,,,,,,,,,,,,,,,,,,,,,,,
AP_FANATIC_ELECTRIC_LIME,Army Painter,Warpaints Fanatic,Fanatic,FANATIC,WP3058,Electric Lime,ELECTRIC_LIME,,,,,,Acrylic,Active/Unknown,All_Warpaints_Fanatic_Poster.pdf,Official Fanatic poster; relationships deferred,,,,,,,,Warlord Paint Ranges conversion chart,,High,Curated conversion chart,11137,LIME GREEN 70.827 LIME GREEN,70.827,LIME GREEN,,,Warlord Paint Ranges conversion chart,,,Acrylic,,,,,,,,,,,,,,,,,,,,,,,,,,,,,,,,,,,,
AP_FANATIC_EMERALD_FOREST,Army Painter,Warpaints Fanatic,Fanatic,FANATIC,WP3055,Emerald Forest,EMERALD_FOREST,,,,,,Metallic,Active/Unknown,All_Warpaints_Fanatic_Poster.pdf,Official Fanatic poster; relationships deferred,,,,,,,,Warlord Paint Ranges conversion chart,,No listed match,Chart row found but no cross-brand fields,,,,,,,Warlord Paint Ranges conversion chart,Review,Fanatic chart row exists but no equivalent values listed,Metallic,,,,,,,,,,,,,,,,,,,,,,,,,,,,,,,,,,,,
AP_FANATIC_ENCHANTED_PINK,Army Painter,Warpaints Fanatic,Fanatic,FANATIC,WP3137,Enchanted Pink,ENCHANTED_PINK,,,,,,Acrylic,Active/Unknown,All_Warpaints_Fanatic_Poster.pdf,Official Fanatic poster; relationships deferred,,,,,,,,Warlord Paint Ranges conversion chart,,No listed match,Chart row found but no cross-brand fields,,,,,,,Warlord Paint Ranges conversion chart,Review,Fanatic chart row exists but no equivalent values listed,Acrylic,,,,,,,,,,,,,,,,,,,,,,,,,,,,,,,,,,,,
AP_FANATIC_ETERNAL_HUNT,Army Painter,Warpaints Fanatic,Fanatic,FANATIC,WP3052,Eternal Hunt,ETERNAL_HUNT,,,,,,Acrylic,Active/Unknown,All_Warpaints_Fanatic_Poster.pdf,Official Fanatic poster; relationships deferred,,GW_LAYER_SYBARITE_GREEN,Sybarite Green,Layer,Layer,#30A56C,"48, 165, 108",Warlord Paint Ranges conversion chart,,High,Curated conversion chart,,,,,,,Warlord Paint Ranges conversion chart,,,Acrylic,,,,,,,,,,,,,,,,,,,,,,,,,,,,,,,,,,,,
AP_FANATIC_EVERGREEN_FOG,Army Painter,Warpaints Fanatic,Fanatic,FANATIC,WP3061,Evergreen Fog,EVERGREEN_FOG,,,,,,Acrylic,Active/Unknown,All_Warpaints_Fanatic_Poster.pdf,Official Fanatic poster; relationships deferred,,GW_LAYER_SONS_OF_HORUS_GREEN,Sons of Horus Green,Layer,Layer,#01545E,"1, 84, 94",Warlord Paint Ranges conversion chart,,High,Curated conversion chart,,,,,,,Warlord Paint Ranges conversion chart,,,Acrylic,,,,,,,,,,,,,,,,,,,,,,,,,,,,,,,,,,,,
AP_FANATIC_EVIL_CHROME,Army Painter,Warpaints Fanatic,Fanatic,FANATIC,,Evil Chrome,EVIL_CHROME,,,,,,Metallic,Active/Unknown,All_Warpaints_Fanatic_Poster.pdf,Official Fanatic poster; relationships deferred,,GW_LAYER_SYCORAX_BRONZE,Sycorax Bronze,Layer,Layer,#CBB394,"203, 179, 148",Warlord Paint Ranges conversion chart,,High,Curated conversion chart,,,,,,,Warlord Paint Ranges conversion chart,,,Metallic,,,,,,,,,,,,,,,,,,,,,,,,,,,,,,,,,,,,
AP_FANATIC_FEROCIOUS_GREEN,Army Painter,Warpaints Fanatic,Fanatic,FANATIC,WP3054,Ferocious Green,FEROCIOUS_GREEN,,,,,,Acrylic,Active/Unknown,All_Warpaints_Fanatic_Poster.pdf,Official Fanatic poster; relationships deferred,,GW_LAYER_GAUSS_BLASTER_GREEN,Gauss Blaster Green,Layer,Layer,#84C2A9,"132, 194, 169",Warlord Paint Ranges conversion chart,,High,Curated conversion chart,,,,,72.121,GHOST GREEN,Warlord Paint Ranges conversion chart,,,Acrylic,,,,,,,,,,,,,,,,,,,,,,,,,,,,,,,,,,,,
AP_FANATIC_FIENDISH_YELLOW,Army Painter,Warpaints Fanatic,Fanatic,FANATIC,WP3092,Fiendish Yellow,FIENDISH_YELLOW,,,,,,Acrylic,Active/Unknown,All_Warpaints_Fanatic_Poster.pdf,Official Fanatic poster; relationships deferred,,GW_BASE_AVERLAND_SUNSET,Averland Sunset,Base,Base,#FDB825,"253, 184, 37",Warlord Paint Ranges conversion chart,,High,Curated conversion chart,,,,,72.007,GOLD YELLOW,Warlord Paint Ranges conversion chart,,,Acrylic,,,,,,,,,,,,,,,,,,,,,,,,,,,,,,,,,,,,
AP_FANATIC_FIGGY_PINK,Army Painter,Warpaints Fanatic,Fanatic,FANATIC,WP3143,Figgy Pink,FIGGY_PINK,,,,,,Acrylic,Active/Unknown,All_Warpaints_Fanatic_Poster.pdf,Official Fanatic poster; relationships deferred,,GW_LAYER_FULGRIM_PINK,Fulgrim Pink,Layer,Layer,#F4AFCC,"244, 175, 204",Warlord Paint Ranges conversion chart,,High,Curated conversion chart,11065,INTENSE PINK,70.958,PINK,72.013,SQUID PINK,Warlord Paint Ranges conversion chart,,,Acrylic,,,,,,,,,,,,,,,,,,,,,,,,,,,,,,,,,,,,
AP_FANATIC_FLICKERING_FLAME,Army Painter,Warpaints Fanatic,Fanatic,FANATIC,WP3100,Flickering Flame,FLICKERING_FLAME,,,,,,Acrylic,Active/Unknown,All_Warpaints_Fanatic_Poster.pdf,Official Fanatic poster; relationships deferred,,,,,,,,Warlord Paint Ranges conversion chart,,No listed match,Chart row found but no cross-brand fields,,,,,,,Warlord Paint Ranges conversion chart,Review,Fanatic chart row exists but no equivalent values listed,Acrylic,,,,,,,,,,,,,,,,,,,,,,,,,,,,,,,,,,,,
AP_FANATIC_FORBIDDEN_FRUIT,Army Painter,Warpaints Fanatic,Fanatic,FANATIC,WP3142,Forbidden Fruit,FORBIDDEN_FRUIT,,,,,,Acrylic,Active/Unknown,All_Warpaints_Fanatic_Poster.pdf,Official Fanatic poster; relationships deferred,,GW_LAYER_SLAANESH_GREY,Slaanesh Grey,Layer,Layer,#8E8C97,"142, 140, 151",Warlord Paint Ranges conversion chart,,High,Curated conversion chart,,,,,72.049,STONEWALL GREY,Warlord Paint Ranges conversion chart,,,Acrylic,,,,,,,,,,,,,,,,,,,,,,,,,,,,,,,,,,,,
AP_FANATIC_FOREST_FAUN,Army Painter,Warpaints Fanatic,Fanatic,FANATIC,WP3065,Forest Faun,FOREST_FAUN,,,,,,Acrylic,Active/Unknown,All_Warpaints_Fanatic_Poster.pdf,Official Fanatic poster; relationships deferred,,,,,,,,Warlord Paint Ranges conversion chart,,No listed match,Chart row found but no cross-brand fields,,,,,,,Warlord Paint Ranges conversion chart,Review,Fanatic chart row exists but no equivalent values listed,Acrylic,,,,,,,,,,,,,,,,,,,,,,,,,,,,,,,,,,,,
AP_FANATIC_FRESH_RUST,Army Painter,Warpaints Fanatic,Fanatic,FANATIC,,Fresh Rust,FRESH_RUST,,,,,,Effect,Active/Unknown,All_Warpaints_Fanatic_Poster.pdf,Official Fanatic poster; relationships deferred,,GW_DRY_RYZA_RUST,Ryza Rust,Dry,Dry,#CE6426,"206, 100, 38",Warlord Paint Ranges conversion chart,,High,Curated conversion chart,,,,,72.61,GALVANIC CORROSION,Warlord Paint Ranges conversion chart,,,Effect,,,,,,,,,,,,,,,,,,,,,,,,,,,,,,,,,,,,
AP_FANATIC_FROST_BLUE,Army Painter,Warpaints Fanatic,Fanatic,FANATIC,WP3018,Frost Blue,FROST_BLUE,,,,,,Acrylic,Active/Unknown,All_Warpaints_Fanatic_Poster.pdf,Official Fanatic poster; relationships deferred,,,,,,,,Warlord Paint Ranges conversion chart,,No listed match,Chart row found but no cross-brand fields,,,,,,,Warlord Paint Ranges conversion chart,Review,Fanatic chart row exists but no equivalent values listed,Acrylic,,,,,,,,,,,,,,,,,,,,,,,,,,,,,,,,,,,,
AP_FANATIC_FUR_BROWN,Army Painter,Warpaints Fanatic,Fanatic,FANATIC,WP3112,Fur Brown,FUR_BROWN,#A14322,161,67,34,"161,67,34",Acrylic,Active/Unknown,All_Warpaints_Fanatic_Poster.pdf,Official Fanatic poster; relationships deferred,#A14322,GW_LAYER_SKRAG_BROWN,Skrag Brown,Layer,Layer,#90490F,"144, 73, 15",Warlord Paint Ranges conversion chart,26.19,High,Curated conversion chart,,,,,72.042,PARASITE BROWN,Warlord Paint Ranges conversion chart,,,Acrylic,,,,,,,,,,,,,,,,,,,,,,,,,,,,,,,,,,,,
AP_FANATIC_GARGOYLE_GREY,Army Painter,Warpaints Fanatic,Fanatic,FANATIC,WP3008,Gargoyle Grey,GARGOYLE_GREY,,,,,,Acrylic,Active/Unknown,All_Warpaints_Fanatic_Poster.pdf,Official Fanatic poster; relationships deferred,,GW_BASE_IONRACH_SKIN,Ionrach Skin,Base,Base,#C0BD81,"192, 189, 129",Warlord Paint Ranges conversion chart,,High,Curated conversion chart,,,,,,,Warlord Paint Ranges conversion chart,,,Acrylic,,,,,,,,,,,,,,,,,,,,,,,,,,,,,,,,,,,,
AP_FANATIC_GEMSTONE_RED,Army Painter,Warpaints Fanatic,Fanatic,FANATIC,,Gemstone Red,GEMSTONE_RED,,,,,,Metallic,Active/Unknown,All_Warpaints_Fanatic_Poster.pdf,Official Fanatic poster; relationships deferred,,,,,,,,Warlord Paint Ranges conversion chart,,No listed match,Chart row found but no cross-brand fields,,,,,,,Warlord Paint Ranges conversion chart,Review,Fanatic chart row exists but no equivalent values listed,Metallic,,,,,,,,,,,,,,,,,,,,,,,,,,,,,,,,,,,,
AP_FANATIC_GLITTERING_GREEN,Army Painter,Warpaints Fanatic,Fanatic,FANATIC,,Glittering Green,GLITTERING_GREEN,,,,,,Metallic,Active/Unknown,All_Warpaints_Fanatic_Poster.pdf,Official Fanatic poster; relationships deferred,,,,,,,,Warlord Paint Ranges conversion chart,,No listed match,Chart row found but no cross-brand fields,,,,,,,Warlord Paint Ranges conversion chart,Review,Fanatic chart row exists but no equivalent values listed,Metallic,,,,,,,,,,,,,,,,,,,,,,,,,,,,,,,,,,,,
AP_FANATIC_GLOSS_VARNISH,Army Painter,Warpaints Fanatic,Fanatic,FANATIC,70.510,Gloss Varnish,GLOSS_VARNISH,,,,,,Auxiliary,Active/Unknown,All_Warpaints_Fanatic_Poster.pdf,Official Fanatic poster; relationships deferred,,,,,,,,All_Warpaints_Fanatic_Poster.pdf,,,,,,,,,,,Review,No Warlord chart row matched by Paint_Code or Paint_Name,Varnish,,,,,,,,,,,,,,,,,,,,,,,,,,,,,,,,,,,,
AP_FANATIC_GLOWING_INFERNO,Army Painter,Warpaints Fanatic,Fanatic,FANATIC,WP3101,Glowing Inferno,GLOWING_INFERNO,,,,,,Effect,Active/Unknown,All_Warpaints_Fanatic_Poster.pdf,Official Fanatic poster; relationships deferred,,GW_LAYER_GOLDEN_YELLOW,Golden Yellow,Layer,Layer,#FFC20E,"255, 194, 14",Warlord Paint Ranges conversion chart,,High,Curated conversion chart,,,,,72.007,GOLD YELLOW,Warlord Paint Ranges conversion chart,,,Effect,,,,,,,,,,,,,,,,,,,,,,,,,,,,,,,,,,,,
AP_FANATIC_GOTHIC_BLUE,Army Painter,Warpaints Fanatic,Fanatic,FANATIC,WP3020,Gothic Blue,GOTHIC_BLUE,,,,,,Acrylic,Active/Unknown,All_Warpaints_Fanatic_Poster.pdf,Official Fanatic poster; relationships deferred,,GW_BASE_MACRAGGE_BLUE,Macragge Blue,Base,Base,#0D407F,"13, 64, 127",Warlord Paint Ranges conversion chart,,High,Curated conversion chart,11186,LIGHT PRUSSIAN BLUE,70.965,PRUSSIAN BLUE,72.143,HEAVY BLUE,Warlord Paint Ranges conversion chart,,,Acrylic,,,,,,,,,,,,,,,,,,,,,,,,,,,,,,,,,,,,
AP_FANATIC_GREAT_HALL_GREY,Army Painter,Warpaints Fanatic,Fanatic,FANATIC,WP3009,Great Hall Grey,GREAT_HALL_GREY,,,,,,Acrylic,Active/Unknown,All_Warpaints_Fanatic_Poster.pdf,Official Fanatic poster; relationships deferred,,,,,,,,Warlord Paint Ranges conversion chart,,No listed match,Chart row found but no cross-brand fields,,,,,,,Warlord Paint Ranges conversion chart,Review,Fanatic chart row exists but no equivalent values listed,Acrylic,,,,,,,,,,,,,,,,,,,,,,,,,,,,,,,,,,,,
AP_FANATIC_GREEDY_GOLD,Army Painter,Warpaints Fanatic,Fanatic,FANATIC,,Greedy Gold,GREEDY_GOLD,,,,,,Metallic,Active/Unknown,All_Warpaints_Fanatic_Poster.pdf,Official Fanatic poster; relationships deferred,,GW_BASE_RETRIBUTOR_ARMOUR,Retributor Armour,Base,Base,#C39E81,"195, 158, 129",Warlord Paint Ranges conversion chart,,High,Curated conversion chart,11194,BRASS,70.801,BRASS,,,Warlord Paint Ranges conversion chart,,,Metallic,,,,,,,,,,,,,,,,,,,,,,,,,,,,,,,,,,,,
AP_FANATIC_GREEN_TONE,Army Painter,Warpaints Fanatic,Fanatic,FANATIC,,Green Tone,GREEN_TONE,,,,,,Wash/Shade,Active/Unknown,All_Warpaints_Fanatic_Poster.pdf,Official Fanatic poster; relationships deferred,,GW_SHADE_BIEL_TAN_GREEN,Biel-Tan Green,Shade,Shade,#1BA169,"27, 161, 105",Warlord Paint Ranges conversion chart,,High,Curated conversion chart,,,,,73.205,GREEN WASH,Warlord Paint Ranges conversion chart,,,Wash,,,,,,,,,,,,,,,,,,,,,,,,,,,,,,,,,,,,
AP_FANATIC_GREENSKIN,Army Painter,Warpaints Fanatic,Fanatic,FANATIC,WP3051,Greenskin,GREENSKIN,#136232,19,98,50,"19,98,50",Acrylic,Active/Unknown,All_Warpaints_Fanatic_Poster.pdf,Official Fanatic poster; relationships deferred,#136232,GW_LAYER_WARPSTONE_GLOW,Warpstone Glow,Layer,Layer,#1E7331,"30, 115, 49",Warlord Paint Ranges conversion chart,20.27,High,Curated conversion chart,11149,INTERMEDIATE GREEN,70.891,INTERMEDIATE GREEN,72.029,SICK GREEN,Warlord Paint Ranges conversion chart,,,Acrylic,,,,,,,,,,,,,,,,,,,,,,,,,,,,,,,,,,,,
AP_FANATIC_GREY_CASTLE,Army Painter,Warpaints Fanatic,Fanatic,FANATIC,WP3007,Grey Castle,GREY_CASTLE,,,,,,Acrylic,Active/Unknown,All_Warpaints_Fanatic_Poster.pdf,Official Fanatic poster; relationships deferred,,,,,,,,Warlord Paint Ranges conversion chart,,No listed match,Chart row found but no cross-brand fields,,,,,,,Warlord Paint Ranges conversion chart,Review,Fanatic chart row exists but no equivalent values listed,Acrylic,,,,,,,,,,,,,,,,,,,,,,,,,,,,,,,,,,,,
AP_FANATIC_GROTESQUE_GREEN,Army Painter,Warpaints Fanatic,Fanatic,FANATIC,WP3072,Grotesque Green,GROTESQUE_GREEN,,,,,,Acrylic,Active/Unknown,All_Warpaints_Fanatic_Poster.pdf,Official Fanatic poster; relationships deferred,,GW_LAYER_KRIEG_KHAKI,Krieg Khaki,Layer,Layer,#B7AD78,"183, 173, 120",Warlord Paint Ranges conversion chart,,High,Curated conversion chart,,,,,,,Warlord Paint Ranges conversion chart,,,Acrylic,,,,,,,,,,,,,,,,,,,,,,,,,,,,,,,,,,,,
AP_FANATIC_GUARDIAN_GREEN,Army Painter,Warpaints Fanatic,Fanatic,FANATIC,WP3050,Guardian Green,GUARDIAN_GREEN,,,,,,Acrylic,Active/Unknown,All_Warpaints_Fanatic_Poster.pdf,Official Fanatic poster; relationships deferred,,,,,,,,Warlord Paint Ranges conversion chart,,No listed match,Chart row found but no cross-brand fields,,,,,,,Warlord Paint Ranges conversion chart,Review,Fanatic chart row exists but no equivalent values listed,Acrylic,,,,,,,,,,,,,,,,,,,,,,,,,,,,,,,,,,,,
AP_FANATIC_GUN_METAL,Army Painter,Warpaints Fanatic,Fanatic,FANATIC,71.072,Gun Metal,GUN_METAL,#393939,57,57,57,"57,57,57",Metallic,Active/Unknown,All_Warpaints_Fanatic_Poster.pdf,Official Fanatic poster; relationships deferred,#393939,GW_BASE_LEADBELCHER,Leadbelcher,Base,Base,#888D8F,"136, 141, 143",Warlord Paint Ranges conversion chart,143.85,High,Curated conversion chart,11212,GUN METAL,70.863,GUNMETAL GREY,72.054,GUNMETAL,Warlord Paint Ranges conversion chart,,,Metallic,,,,,,,,,,,,,,,,,,,,,,,,,,,,,,,,,,,,
AP_FANATIC_HEXED_VIOLET,Army Painter,Warpaints Fanatic,Fanatic,FANATIC,WP3130,Hexed Violet,HEXED_VIOLET,,,,,,Acrylic,Active/Unknown,All_Warpaints_Fanatic_Poster.pdf,Official Fanatic poster; relationships deferred,,GW_BASE_DAEMONETTE_HIDE,Daemonette Hide,Base,Base,#696684,"105, 102, 132",Warlord Paint Ranges conversion chart,,High,Curated conversion chart,,,,,72.048,SOMBRE GREY,Warlord Paint Ranges conversion chart,,,Acrylic,,,,,,,,,,,,,,,,,,,,,,,,,,,,,,,,,,,,
AP_FANATIC_HYDRA_TURQUOISE,Army Painter,Warpaints Fanatic,Fanatic,FANATIC,WP3038,Hydra Turquoise,HYDRA_TURQUOISE,#199BA3,25,155,163,"25,155,163",Acrylic,Active/Unknown,All_Warpaints_Fanatic_Poster.pdf,Official Fanatic poster; relationships deferred,#199BA3,GW_LAYER_TEMPLE_GUARD_BLUE,Temple Guard Blue,Layer,Layer,#339A8D,"51, 154, 141",Warlord Paint Ranges conversion chart,34.07,High,Curated conversion chart,11169,BLUE-GREEN,70.808,BLUE GREEN,,,Warlord Paint Ranges conversion chart,,,Acrylic,,,,,,,,,,,,,,,,,,,,,,,,,,,,,,,,,,,,
AP_FANATIC_ICE_YELLOW,Army Painter,Warpaints Fanatic,Fanatic,FANATIC,70.858,Ice Yellow,ICE_YELLOW,,,,,,Acrylic,Active/Unknown,All_Warpaints_Fanatic_Poster.pdf,Official Fanatic poster; relationships deferred,,GW_LAYER_DORN_YELLOW,Dorn Yellow,Layer,Layer,#E3D28C,"227, 210, 140",Warlord Paint Ranges conversion chart,,High,Curated conversion chart,,,,,72.109,TOXIC YELLOW,Warlord Paint Ranges conversion chart,,,Acrylic,,,,,,,,,,,,,,,,,,,,,,,,,,,,,,,,,,,,
AP_FANATIC_IMPERIAL_NAVY,Army Painter,Warpaints Fanatic,Fanatic,FANATIC,WP3025,Imperial Navy,IMPERIAL_NAVY,,,,,,Acrylic,Active/Unknown,All_Warpaints_Fanatic_Poster.pdf,Official Fanatic poster; relationships deferred,,,,,,,,Warlord Paint Ranges conversion chart,,High,Curated conversion chart,,,,,72.019,NIGHT BLUE,Warlord Paint Ranges conversion chart,,,Acrylic,,,,,,,,,,,,,,,,,,,,,,,,,,,,,,,,,,,,
AP_FANATIC_IMPISH_ROUGE,Army Painter,Warpaints Fanatic,Fanatic,FANATIC,WP3122,Impish Rouge,IMPISH_ROUGE,,,,,,Acrylic,Active/Unknown,All_Warpaints_Fanatic_Poster.pdf,Official Fanatic poster; relationships deferred,,,,,,,,Warlord Paint Ranges conversion chart,,No listed match,Chart row found but no cross-brand fields,,,,,,,Warlord Paint Ranges conversion chart,Review,Fanatic chart row exists but no equivalent values listed,Acrylic,,,,,,,,,,,,,,,,,,,,,,,,,,,,,,,,,,,,
AP_FANATIC_INNER_LIGHT,Army Painter,Warpaints Fanatic,Fanatic,FANATIC,WP3102,Inner Light,INNER_LIGHT,,,,,,Acrylic,Active/Unknown,All_Warpaints_Fanatic_Poster.pdf,Official Fanatic poster; relationships deferred,,GW_LAYER_YRIEL_YELLOW,Yriel Yellow,Layer,Layer,#FFDA00,"255, 218, 0",Warlord Paint Ranges conversion chart,,High,Curated conversion chart,,,,,72.006,SUN YELLOW,Warlord Paint Ranges conversion chart,,,Acrylic,,,,,,,,,,,,,,,,,,,,,,,,,,,,,,,,,,,,
AP_FANATIC_JASPER_SKIN,Army Painter,Warpaints Fanatic,Fanatic,FANATIC,WP3154,Jasper Skin,JASPER_SKIN,,,,,,Acrylic,Active/Unknown,All_Warpaints_Fanatic_Poster.pdf,Official Fanatic poster; relationships deferred,,,,,,,,Warlord Paint Ranges conversion chart,,No listed match,Chart row found but no cross-brand fields,,,,,,,Warlord Paint Ranges conversion chart,Review,Fanatic chart row exists but no equivalent values listed,Acrylic,,,,,,,,,,,,,,,,,,,,,,,,,,,,,,,,,,,,
AP_FANATIC_KRAKEN_LAVENDER,Army Painter,Warpaints Fanatic,Fanatic,FANATIC,WP3132,Kraken Lavender,KRAKEN_LAVENDER,,,,,,Acrylic,Active/Unknown,All_Warpaints_Fanatic_Poster.pdf,Official Fanatic poster; relationships deferred,,,,,,,,Warlord Paint Ranges conversion chart,,No listed match,Chart row found but no cross-brand fields,,,,,,,Warlord Paint Ranges conversion chart,Review,Fanatic chart row exists but no equivalent values listed,Acrylic,,,,,,,,,,,,,,,,,,,,,,,,,,,,,,,,,,,,
AP_FANATIC_LAVA_ORANGE,Army Painter,Warpaints Fanatic,Fanatic,FANATIC,WP3099,Lava Orange,LAVA_ORANGE,#E65525,230,85,37,"230,85,37",Acrylic,Active/Unknown,All_Warpaints_Fanatic_Poster.pdf,Official Fanatic poster; relationships deferred,#E65525,GW_LAYER_FIRE_DRAGON_BRIGHT,Fire Dragon Bright,Layer,Layer,#F58652,"245, 134, 82",Warlord Paint Ranges conversion chart,68.2,High,Curated conversion chart,11077,LIGHT ORANGE,70.911,LIGHT ORANGE,72.008,ORANGE FIRE,Warlord Paint Ranges conversion chart,,,Acrylic,,,,,,,,,,,,,,,,,,,,,,,,,,,,,,,,,,,,
AP_FANATIC_LEAFY_GREEN,Army Painter,Warpaints Fanatic,Fanatic,FANATIC,WP3056,Leafy Green,LEAFY_GREEN,,,,,,Acrylic,Active/Unknown,All_Warpaints_Fanatic_Poster.pdf,Official Fanatic poster; relationships deferred,,GW_LAYER_MOOT_GREEN,Moot Green,Layer,Layer,#52B244,"82, 178, 68",Warlord Paint Ranges conversion chart,,High,Curated conversion chart,11141,LIGHT GREEN,70.942,LIGHT GREEN,72.032,SCORPY GREEN,Warlord Paint Ranges conversion chart,,,Acrylic,,,,,,,,,,,,,,,,,,,,,,,,,,,,,,,,,,,,
AP_FANATIC_LEATHER_BROWN,Army Painter,Warpaints Fanatic,Fanatic,FANATIC,72.040,Leather Brown,LEATHER_BROWN,#764823,118,72,35,"118,72,35",Acrylic,Active/Unknown,All_Warpaints_Fanatic_Poster.pdf,Official Fanatic poster; relationships deferred,#764823,GW_BASE_MOURNFANG_BROWN,Mournfang Brown,Base,Base,#640909,"100, 9, 9",Warlord Paint Ranges conversion chart,70.49,High,Curated conversion chart,,,,,72.124,GORGON BROWN,Warlord Paint Ranges conversion chart,,,Acrylic,,,,,,,,,,,,,,,,,,,,,,,,,,,,,,,,,,,,
AP_FANATIC_LEGENDARY_RED,Army Painter,Warpaints Fanatic,Fanatic,FANATIC,WP3105,Legendary Red,LEGENDARY_RED,,,,,,Acrylic,Active/Unknown,All_Warpaints_Fanatic_Poster.pdf,Official Fanatic poster; relationships deferred,,GW_LAYER_SQUIG_ORANGE,Squig Orange,Layer,Layer,#AA4F44,"170, 79, 68",Warlord Paint Ranges conversion chart,,High,Curated conversion chart,11093,BRICK RED,70.946,DARK RED,,,Warlord Paint Ranges conversion chart,,,Acrylic,,,,,,,,,,,,,,,,,,,,,,,,,,,,,,,,,,,,
AP_FANATIC_LENS_FLARE_GLOW,Army Painter,Warpaints Fanatic,Fanatic,FANATIC,,Lens Flare Glow,LENS_FLARE_GLOW,,,,,,Effect,Active/Unknown,All_Warpaints_Fanatic_Poster.pdf,Official Fanatic poster; relationships deferred,,,,,,,,Warlord Paint Ranges conversion chart,,High,Curated conversion chart,11049,FLUORESCENT YELLOW 70.730 YELLOW FLUO,70.73,YELLOW FLUO,,,Warlord Paint Ranges conversion chart,,,Effect,,,,,,,,,,,,,,,,,,,,,,,,,,,,,,,,,,,,
AP_FANATIC_LEOPARD_STONE_SKIN,Army Painter,Warpaints Fanatic,Fanatic,FANATIC,WP3156,Leopard Stone Skin,LEOPARD_STONE_SKIN,,,,,,Acrylic,Active/Unknown,All_Warpaints_Fanatic_Poster.pdf,Official Fanatic poster; relationships deferred,,,,,,,,Warlord Paint Ranges conversion chart,,No listed match,Chart row found but no cross-brand fields,,,,,,,Warlord Paint Ranges conversion chart,Review,Fanatic chart row exists but no equivalent values listed,Acrylic,,,,,,,,,,,,,,,,,,,,,,,,,,,,,,,,,,,,
AP_FANATIC_LIGHT_TONE,Army Painter,Warpaints Fanatic,Fanatic,FANATIC,,Light Tone,LIGHT_TONE,,,,,,Wash/Shade,Active/Unknown,All_Warpaints_Fanatic_Poster.pdf,Official Fanatic poster; relationships deferred,,,,,,,,Warlord Paint Ranges conversion chart,,No listed match,Chart row found but no cross-brand fields,,,,,,,Warlord Paint Ranges conversion chart,Review,Fanatic chart row exists but no equivalent values listed,Wash,,,,,,,,,,,,,,,,,,,,,,,,,,,,,,,,,,,,
AP_FANATIC_MAGECAST_MAGENTA,Army Painter,Warpaints Fanatic,Fanatic,FANATIC,WP3134,Magecast Magenta,MAGECAST_MAGENTA,,,,,,Acrylic,Active/Unknown,All_Warpaints_Fanatic_Poster.pdf,Official Fanatic poster; relationships deferred,,,,,,,,Warlord Paint Ranges conversion chart,,No listed match,Chart row found but no cross-brand fields,,,,,,,Warlord Paint Ranges conversion chart,Review,Fanatic chart row exists but no equivalent values listed,Acrylic,,,,,,,,,,,,,,,,,,,,,,,,,,,,,,,,,,,,
AP_FANATIC_MAGENTA_TONE,Army Painter,Warpaints Fanatic,Fanatic,FANATIC,,Magenta Tone,MAGENTA_TONE,,,,,,Wash/Shade,Active/Unknown,All_Warpaints_Fanatic_Poster.pdf,Official Fanatic poster; relationships deferred,,GW_SHADE_CARROBURG_CRIMSON,Carroburg Crimson,Shade,Shade,#A82A70,"168, 42, 112",Warlord Paint Ranges conversion chart,,High,Curated conversion chart,,,,,,,Warlord Paint Ranges conversion chart,,,Wash,,,,,,,,,,,,,,,,,,,,,,,,,,,,,,,,,,,,
AP_FANATIC_MARINE_MIST,Army Painter,Warpaints Fanatic,Fanatic,FANATIC,WP3042,Marine Mist,MARINE_MIST,,,,,,Acrylic,Active/Unknown,All_Warpaints_Fanatic_Poster.pdf,Official Fanatic poster; relationships deferred,,,,,,,,Warlord Paint Ranges conversion chart,,No listed match,Chart row found but no cross-brand fields,,,,,,,Warlord Paint Ranges conversion chart,Review,Fanatic chart row exists but no equivalent values listed,Acrylic,,,,,,,,,,,,,,,,,,,,,,,,,,,,,,,,,,,,
AP_FANATIC_MATT_BLACK,Army Painter,Warpaints Fanatic,Fanatic,FANATIC,WP3001,Matt Black,MATT_BLACK,#231F20,35,31,32,"35,31,32",Acrylic,Active/Unknown,All_Warpaints_Fanatic_Poster.pdf,Official Fanatic poster; relationships deferred,#231F20,GW_BASE_ABADDON_BLACK,Abaddon Black,Base,Base,#231F20,"35, 31, 32",Warlord Paint Ranges conversion chart,0,High,Curated conversion chart,11029,BLACK,70.95,BLACK,72.051,BLACK,Warlord Paint Ranges conversion chart,,,Acrylic,,,,,,,,,,,,,,,,,,,,,,,,,,,,,,,,,,,,
AP_FANATIC_MATT_VARNISH,Army Painter,Warpaints Fanatic,Fanatic,FANATIC,70.520,Matt Varnish,MATT_VARNISH,,,,,,Auxiliary,Active/Unknown,All_Warpaints_Fanatic_Poster.pdf,Official Fanatic poster; relationships deferred,,,,,,,,All_Warpaints_Fanatic_Poster.pdf,,,,,,,,,,,Review,No Warlord chart row matched by Paint_Code or Paint_Name,Varnish,,,,,,,,,,,,,,,,,,,,,,,,,,,,,,,,,,,,
AP_FANATIC_MATT_WHITE,Army Painter,Warpaints Fanatic,Fanatic,FANATIC,WP3012,Matt White,MATT_WHITE,#FFFFFF,255,255,255,"255,255,255",Acrylic,Active/Unknown,All_Warpaints_Fanatic_Poster.pdf,Official Fanatic poster; relationships deferred,#FFFFFF,GW_LAYER_WHITE_SCAR,White Scar,Layer,Layer,#FFFFFF,"255, 255, 255",Warlord Paint Ranges conversion chart,0,High,Curated conversion chart,11001,WHITE,70.951,WHITE,72.001,DEAD WHITE,Warlord Paint Ranges conversion chart,,,Acrylic,,,,,,,,,,,,,,,,,,,,,,,,,,,,,,,,,,,,
AP_FANATIC_MEDIEVAL_FOREST,Army Painter,Warpaints Fanatic,Fanatic,FANATIC,WP3062,Medieval Forest,MEDIEVAL_FOREST,,,,,,Acrylic,Active/Unknown,All_Warpaints_Fanatic_Poster.pdf,Official Fanatic poster; relationships deferred,,,,,,,,Warlord Paint Ranges conversion chart,,No listed match,Chart row found but no cross-brand fields,,,,,,,Warlord Paint Ranges conversion chart,Review,Fanatic chart row exists but no equivalent values listed,Acrylic,,,,,,,,,,,,,,,,,,,,,,,,,,,,,,,,,,,,
AP_FANATIC_MILITARY_SHADE,Army Painter,Warpaints Fanatic,Fanatic,FANATIC,,Military Shade,MILITARY_SHADE,,,,,,Wash/Shade,Active/Unknown,All_Warpaints_Fanatic_Poster.pdf,Official Fanatic poster; relationships deferred,,GW_SHADE_ATHONIAN_CAMOSHADE,Athonian Camoshade,Shade,Shade,#6D8E44,"109, 142, 68",Warlord Paint Ranges conversion chart,,High,Curated conversion chart,,,,,,,Warlord Paint Ranges conversion chart,,,Wash,,,,,,,,,,,,,,,,,,,,,,,,,,,,,,,,,,,,
AP_FANATIC_MITHRIL,Army Painter,Warpaints Fanatic,Fanatic,FANATIC,,Mithril,MITHRIL,,,,,,Metallic,Active/Unknown,All_Warpaints_Fanatic_Poster.pdf,Official Fanatic poster; relationships deferred,,GW_LAYER_STORMHOST_SILVER,Stormhost Silver,Layer,Layer,#BBC6C9,"187, 198, 201",Warlord Paint Ranges conversion chart,,High,Curated conversion chart,11209,SILVER,70.997,SILVER,,,Warlord Paint Ranges conversion chart,,,Metallic,,,,,,,,,,,,,,,,,,,,,,,,,,,,,,,,,,,,
AP_FANATIC_MOCCA_SKIN,Army Painter,Warpaints Fanatic,Fanatic,FANATIC,WP3159,Mocca Skin,MOCCA_SKIN,,,,,,Acrylic,Active/Unknown,All_Warpaints_Fanatic_Poster.pdf,Official Fanatic poster; relationships deferred,,GW_BASE_STEEL_LEGION_DRAB,Steel Legion Drab,Base,Base,#5E5134,"94, 81, 52",Warlord Paint Ranges conversion chart,,High,Curated conversion chart,,,70.873,US FIELD DRAB,72.062,EARTH,Warlord Paint Ranges conversion chart,,,Acrylic,,,,,,,,,,,,,,,,,,,,,,,,,,,,,,,,,,,,
AP_FANATIC_MOLDY_WINE,Army Painter,Warpaints Fanatic,Fanatic,FANATIC,WP3140,Moldy Wine,MOLDY_WINE,,,,,,Acrylic,Active/Unknown,All_Warpaints_Fanatic_Poster.pdf,Official Fanatic poster; relationships deferred,,GW_BASE_SCREAMER_PINK,Screamer Pink,Base,Base,#7C1645,"124, 22, 69",Warlord Paint Ranges conversion chart,,High,Curated conversion chart,11075,VIOLET RED,70.812,VIOLET RED,,,Warlord Paint Ranges conversion chart,,,Acrylic,,,,,,,,,,,,,,,,,,,,,,,,,,,,,,,,,,,,
AP_FANATIC_MOLTEN_LAVA,Army Painter,Warpaints Fanatic,Fanatic,FANATIC,WP3097,Molten Lava,MOLTEN_LAVA,,,,,,Acrylic,Active/Unknown,All_Warpaints_Fanatic_Poster.pdf,Official Fanatic poster; relationships deferred,,,,,,,,Warlord Paint Ranges conversion chart,,No listed match,Chart row found but no cross-brand fields,,,,,,,Warlord Paint Ranges conversion chart,Review,Fanatic chart row exists but no equivalent values listed,Acrylic,,,,,,,,,,,,,,,,,,,,,,,,,,,,,,,,,,,,
AP_FANATIC_MOONSTONE_SKIN,Army Painter,Warpaints Fanatic,Fanatic,FANATIC,WP3145,Moonstone Skin,MOONSTONE_SKIN,,,,,,Acrylic,Active/Unknown,All_Warpaints_Fanatic_Poster.pdf,Official Fanatic poster; relationships deferred,,,,,,,,Warlord Paint Ranges conversion chart,,No listed match,Chart row found but no cross-brand fields,,,,,,,Warlord Paint Ranges conversion chart,Review,Fanatic chart row exists but no equivalent values listed,Acrylic,,,,,,,,,,,,,,,,,,,,,,,,,,,,,,,,,,,,
AP_FANATIC_MOSSY_GREEN,Army Painter,Warpaints Fanatic,Fanatic,FANATIC,WP3066,Mossy Green,MOSSY_GREEN,,,,,,Acrylic,Active/Unknown,All_Warpaints_Fanatic_Poster.pdf,Official Fanatic poster; relationships deferred,,GW_LAYER_DEEPKIN_FLESH,Deepkin Flesh,Layer,Layer,#D2D4C7,"210, 212, 199",Warlord Paint Ranges conversion chart,,High,Curated conversion chart,,,,,,,Warlord Paint Ranges conversion chart,,,Acrylic,,,,,,,,,,,,,,,,,,,,,,,,,,,,,,,,,,,,
AP_FANATIC_MULLED_BERRY,Army Painter,Warpaints Fanatic,Fanatic,FANATIC,WP3139,Mulled Berry,MULLED_BERRY,,,,,,Acrylic,Active/Unknown,All_Warpaints_Fanatic_Poster.pdf,Official Fanatic poster; relationships deferred,,GW_BASE_GAL_VORBAK_RED,Gal Vorbak Red,Base,Base,#4B213C,"75, 33, 60",Warlord Paint Ranges conversion chart,,High,Curated conversion chart,,,,,,,Warlord Paint Ranges conversion chart,,,Acrylic,,,,,,,,,,,,,,,,,,,,,,,,,,,,,,,,,,,,
AP_FANATIC_NECROTIC_FLESH,Army Painter,Warpaints Fanatic,Fanatic,FANATIC,WP3071,Necrotic Flesh,NECROTIC_FLESH,#BFC292,191,194,146,"191,194,146",Acrylic,Active/Unknown,All_Warpaints_Fanatic_Poster.pdf,Official Fanatic poster; relationships deferred,#BFC292,GW_LAYER_NURGLING_GREEN,Nurgling Green,Layer,Layer,#849B63,"132, 155, 99",Warlord Paint Ranges conversion chart,84.92,High,Curated conversion chart,11134,GREEN SKY,70.974,GREEN SKY,72.035,DEAD FLESH,Warlord Paint Ranges conversion chart,,,Acrylic,,,,,,,,,,,,,,,,,,,,,,,,,,,,,,,,,,,,
AP_FANATIC_NEPTUNE_GLOW,Army Painter,Warpaints Fanatic,Fanatic,FANATIC,WP3041,Neptune Glow,NEPTUNE_GLOW,,,,,,Effect,Active/Unknown,All_Warpaints_Fanatic_Poster.pdf,Official Fanatic poster; relationships deferred,,,,,,,,Warlord Paint Ranges conversion chart,,No listed match,Chart row found but no cross-brand fields,,,,,,,Warlord Paint Ranges conversion chart,Review,Fanatic chart row exists but no equivalent values listed,Effect,,,,,,,,,,,,,,,,,,,,,,,,,,,,,,,,,,,,
AP_FANATIC_NIGHT_SKY,Army Painter,Warpaints Fanatic,Fanatic,FANATIC,WP3013,Night Sky,NIGHT_SKY,,,,,,Acrylic,Active/Unknown,All_Warpaints_Fanatic_Poster.pdf,Official Fanatic poster; relationships deferred,,GW_LAYER_DARK_REAPER,Dark Reaper,Layer,Layer,#3B5150,"59, 81, 80",Warlord Paint Ranges conversion chart,,High,Curated conversion chart,,,,,,,Warlord Paint Ranges conversion chart,,,Acrylic,,,,,,,,,,,,,,,,,,,,,,,,,,,,,,,,,,,,
AP_FANATIC_OAK_BROWN,Army Painter,Warpaints Fanatic,Fanatic,FANATIC,WP3109,Oak Brown,OAK_BROWN,#432010,67,32,16,"67,32,16",Acrylic,Active/Unknown,All_Warpaints_Fanatic_Poster.pdf,Official Fanatic poster; relationships deferred,#432010,GW_BASE_DRYAD_BARK,Dryad Bark,Base,Base,#33312D,"51, 49, 45",Warlord Paint Ranges conversion chart,37.23,High,Curated conversion chart,,,,,72.045,CHARRED BROWN,Warlord Paint Ranges conversion chart,,,Acrylic,,,,,,,,,,,,,,,,,,,,,,,,,,,,,,,,,,,,
AP_FANATIC_OBSIDIAN_SKIN,Army Painter,Warpaints Fanatic,Fanatic,FANATIC,WP3157,Obsidian Skin,OBSIDIAN_SKIN,,,,,,Acrylic,Active/Unknown,All_Warpaints_Fanatic_Poster.pdf,Official Fanatic poster; relationships deferred,,GW_BASE_DRYAD_BARK,Dryad Bark,Base,Base,#33312D,"51, 49, 45",Warlord Paint Ranges conversion chart,,High,Curated conversion chart,,,,,72.045,CHARRED BROWN,Warlord Paint Ranges conversion chart,,,Acrylic,,,,,,,,,,,,,,,,,,,,,,,,,,,,,,,,,,,,
AP_FANATIC_OIL_STAINS,Army Painter,Warpaints Fanatic,Fanatic,FANATIC,,Oil Stains,OIL_STAINS,,,,,,Effect,Active/Unknown,All_Warpaints_Fanatic_Poster.pdf,Official Fanatic poster; relationships deferred,,,,,,,,All_Warpaints_Fanatic_Poster.pdf,,,,,,,,,,,Review,No Warlord chart row matched by Paint_Code or Paint_Name,Effect,,,,,,,,,,,,,,,,,,,,,,,,,,,,,,,,,,,,
AP_FANATIC_OLIVE_DRAB,Army Painter,Warpaints Fanatic,Fanatic,FANATIC,71.043,Olive Drab,OLIVE_DRAB,,,,,,Acrylic,Active/Unknown,All_Warpaints_Fanatic_Poster.pdf,Official Fanatic poster; relationships deferred,,GW_LAYER_STRAKEN_GREEN,Straken Green,Layer,Layer,#628126,"98, 129, 38",Warlord Paint Ranges conversion chart,,High,Curated conversion chart,11147,OLIVE GREEN,70.967,OLIVE GREEN,,,Warlord Paint Ranges conversion chart,,,Acrylic,,,,,,,,,,,,,,,,,,,,,,,,,,,,,,,,,,,,
AP_FANATIC_ONYX_SKIN,Army Painter,Warpaints Fanatic,Fanatic,FANATIC,WP3158,Onyx Skin,ONYX_SKIN,,,,,,Acrylic,Active/Unknown,All_Warpaints_Fanatic_Poster.pdf,Official Fanatic poster; relationships deferred,,GW_LAYER_GORTHOR_BROWN,Gorthor Brown,Layer,Layer,#654741,"101, 71, 65",Warlord Paint Ranges conversion chart,,High,Curated conversion chart,11111,BURNT UMBER,70.941,BURNT UMBER,,,Warlord Paint Ranges conversion chart,,,Acrylic,,,,,,,,,,,,,,,,,,,,,,,,,,,,,,,,,,,,
AP_FANATIC_OOZING_VOMIT,Army Painter,Warpaints Fanatic,Fanatic,FANATIC,,Oozing Vomit,OOZING_VOMIT,,,,,,Effect,Active/Unknown,All_Warpaints_Fanatic_Poster.pdf,Official Fanatic poster; relationships deferred,,,,,,,,Warlord Paint Ranges conversion chart,,No listed match,Chart row found but no cross-brand fields,,,,,,,Warlord Paint Ranges conversion chart,Review,Fanatic chart row exists but no equivalent values listed,Effect,,,,,,,,,,,,,,,,,,,,,,,,,,,,,,,,,,,,
AP_FANATIC_OPAL_SKIN,Army Painter,Warpaints Fanatic,Fanatic,FANATIC,WP3149,Opal Skin,OPAL_SKIN,,,,,,Acrylic,Active/Unknown,All_Warpaints_Fanatic_Poster.pdf,Official Fanatic poster; relationships deferred,,,,,,,,Warlord Paint Ranges conversion chart,,No listed match,Chart row found but no cross-brand fields,,,,,,,Warlord Paint Ranges conversion chart,Review,Fanatic chart row exists but no equivalent values listed,Acrylic,,,,,,,,,,,,,,,,,,,,,,,,,,,,,,,,,,,,
AP_FANATIC_ORANGE_TONE,Army Painter,Warpaints Fanatic,Fanatic,FANATIC,,Orange Tone,ORANGE_TONE,,,,,,Wash/Shade,Active/Unknown,All_Warpaints_Fanatic_Poster.pdf,Official Fanatic poster; relationships deferred,,GW_SHADE_FUEGAN_ORANGE,Fuegan Orange,Shade,Shade,#C77E4D,"199, 126, 77",Warlord Paint Ranges conversion chart,,High,Curated conversion chart,,,,,,,Warlord Paint Ranges conversion chart,,,Wash,,,,,,,,,,,,,,,,,,,,,,,,,,,,,,,,,,,,
AP_FANATIC_PALE_SAND,Army Painter,Warpaints Fanatic,Fanatic,FANATIC,70.837,Pale Sand,PALE_SAND,,,,,,Acrylic,Active/Unknown,All_Warpaints_Fanatic_Poster.pdf,Official Fanatic poster; relationships deferred,,GW_BASE_WRAITHBONE,Wraithbone,Base,Base,#DCCB9A,"220, 203, 154",Warlord Paint Ranges conversion chart,,High,Curated conversion chart,11004,IVORY,70.918,IVORY,,,Warlord Paint Ranges conversion chart,,,Acrylic,,,,,,,,,,,,,,,,,,,,,,,,,,,,,,,,,,,,
AP_FANATIC_PARATROOPER_TAN,Army Painter,Warpaints Fanatic,Fanatic,FANATIC,WP3076,Paratrooper Tan,PARATROOPER_TAN,,,,,,Acrylic,Active/Unknown,All_Warpaints_Fanatic_Poster.pdf,Official Fanatic poster; relationships deferred,,GW_LAYER_BANEBLADE_BROWN,Baneblade Brown,Layer,Layer,#937F6D,"147, 127, 109",Warlord Paint Ranges conversion chart,,High,Curated conversion chart,11121,TAN EARTH,70.874,TAN EARTH,,,Warlord Paint Ranges conversion chart,,,Acrylic,,,,,,,,,,,,,,,,,,,,,,,,,,,,,,,,,,,,
AP_FANATIC_PATAGON_PINE,Army Painter,Warpaints Fanatic,Fanatic,FANATIC,WP3063,Patagon Pine,PATAGON_PINE,,,,,,Acrylic,Active/Unknown,All_Warpaints_Fanatic_Poster.pdf,Official Fanatic poster; relationships deferred,,GW_LAYER_SKARSNIK_GREEN,Skarsnik Green,Layer,Layer,#5F9370,"95, 147, 112",Warlord Paint Ranges conversion chart,,High,Curated conversion chart,11149,INTERMEDIATE GREEN,70.891,INTERMEDIATE GREEN,,,Warlord Paint Ranges conversion chart,,,Acrylic,,,,,,,,,,,,,,,,,,,,,,,,,,,,,,,,,,,,
AP_FANATIC_PEARL_SKIN,Army Painter,Warpaints Fanatic,Fanatic,FANATIC,WP3150,Pearl Skin,PEARL_SKIN,,,,,,Acrylic,Active/Unknown,All_Warpaints_Fanatic_Poster.pdf,Official Fanatic poster; relationships deferred,,,,,,,,Warlord Paint Ranges conversion chart,,High,Curated conversion chart,11050,LIGHT FLESH 70.928 LIGHT FLESH,70.928,LIGHT FLESH,,,Warlord Paint Ranges conversion chart,,,Acrylic,,,,,,,,,,,,,,,,,,,,,,,,,,,,,,,,,,,,
AP_FANATIC_PHALANX_BLUE,Army Painter,Warpaints Fanatic,Fanatic,FANATIC,WP3034,Phalanx Blue,PHALANX_BLUE,,,,,,Acrylic,Active/Unknown,All_Warpaints_Fanatic_Poster.pdf,Official Fanatic poster; relationships deferred,,,,,,,,Warlord Paint Ranges conversion chart,,No listed match,Chart row found but no cross-brand fields,,,,,,,Warlord Paint Ranges conversion chart,Review,Fanatic chart row exists but no equivalent values listed,Acrylic,,,,,,,,,,,,,,,,,,,,,,,,,,,,,,,,,,,,
AP_FANATIC_PHARAOH_GUARD,Army Painter,Warpaints Fanatic,Fanatic,FANATIC,,Pharaoh Guard,PHARAOH_GUARD,,,,,,Acrylic,Active/Unknown,All_Warpaints_Fanatic_Poster.pdf,Official Fanatic poster; relationships deferred,,,,,,,,All_Warpaints_Fanatic_Poster.pdf,,,,,,,,,,,Review,No Warlord chart row matched by Paint_Code or Paint_Name,Acrylic,,,,,,,,,,,,,,,,,,,,,,,,,,,,,,,,,,,,
AP_FANATIC_PINK_POTION,Army Painter,Warpaints Fanatic,Fanatic,FANATIC,WP3125,Pink Potion,PINK_POTION,,,,,,Acrylic,Active/Unknown,All_Warpaints_Fanatic_Poster.pdf,Official Fanatic poster; relationships deferred,,,,,,,,Warlord Paint Ranges conversion chart,,No listed match,Chart row found but no cross-brand fields,,,,,,,Warlord Paint Ranges conversion chart,Review,Fanatic chart row exists but no equivalent values listed,Acrylic,,,,,,,,,,,,,,,,,,,,,,,,,,,,,,,,,,,,
AP_FANATIC_PIXIE_PINK,Army Painter,Warpaints Fanatic,Fanatic,FANATIC,WP3123,Pixie Pink,PIXIE_PINK,#D47A83,212,122,131,"212,122,131",Acrylic,Active/Unknown,All_Warpaints_Fanatic_Poster.pdf,Official Fanatic poster; relationships deferred,#D47A83,GW_LAYER_EMPEROR_S_CHILDREN,Emperor's Children,Layer,Layer,#B94278,"185, 66, 120",Warlord Paint Ranges conversion chart,63.13,High,Curated conversion chart,11084,RUBY,70.802,SUNSET RED,,,Warlord Paint Ranges conversion chart,,,Acrylic,,,,,,,,,,,,,,,,,,,,,,,,,,,,,,,,,,,,
AP_FANATIC_PLASMA_COIL_GLOW,Army Painter,Warpaints Fanatic,Fanatic,FANATIC,,Plasma Coil Glow,PLASMA_COIL_GLOW,,,,,,Effect,Active/Unknown,All_Warpaints_Fanatic_Poster.pdf,Official Fanatic poster; relationships deferred,,,,,,,,Warlord Paint Ranges conversion chart,,High,Curated conversion chart,11178,"FLUORESCENT BLUE 70,736 BLUE FLUO",70.736,BLUE FLUO,,,Warlord Paint Ranges conversion chart,,,Effect,,,,,,,,,,,,,,,,,,,,,,,,,,,,,,,,,,,,
AP_FANATIC_PLATE_MAIL_METAL,Army Painter,Warpaints Fanatic,Fanatic,FANATIC,,Plate Mail Metal,PLATE_MAIL_METAL,,,,,,Metallic,Active/Unknown,All_Warpaints_Fanatic_Poster.pdf,Official Fanatic poster; relationships deferred,,,,,,,,All_Warpaints_Fanatic_Poster.pdf,,,,,,,,,,,Review,No Warlord chart row matched by Paint_Code or Paint_Name,Metallic,,,,,,,,,,,,,,,,,,,,,,,,,,,,,,,,,,,,
AP_FANATIC_POWER_NODE_GLOW,Army Painter,Warpaints Fanatic,Fanatic,FANATIC,,Power Node Glow,POWER_NODE_GLOW,,,,,,Effect,Active/Unknown,All_Warpaints_Fanatic_Poster.pdf,Official Fanatic poster; relationships deferred,,,,,,,,Warlord Paint Ranges conversion chart,,High,Curated conversion chart,11068,FLUORESCENT MAGENTA 70.735 MAGENTA FLUO,70.735,MAGENTA FLUO,,,Warlord Paint Ranges conversion chart,,,Effect,,,,,,,,,,,,,,,,,,,,,,,,,,,,,,,,,,,,
AP_FANATIC_PRAIRIE_OCHRE,Army Painter,Warpaints Fanatic,Fanatic,FANATIC,WP3080,Prairie Ochre,PRAIRIE_OCHRE,,,,,,Acrylic,Active/Unknown,All_Warpaints_Fanatic_Poster.pdf,Official Fanatic poster; relationships deferred,,GW_LAYER_DESERT_YELLOW,Desert Yellow,Layer,Layer,#9C8855,"156, 136, 85",Warlord Paint Ranges conversion chart,,High,Curated conversion chart,11117,GOLDEN BROWN TALLARN SAND 70.877 GOLD BROWN 72.063,,,,,Warlord Paint Ranges conversion chart,,,Acrylic,,,,,,,,,,,,,,,,,,,,,,,,,,,,,,,,,,,,
AP_FANATIC_PURE_RED,Army Painter,Warpaints Fanatic,Fanatic,FANATIC,WP3118,Pure Red,PURE_RED,#CF2127,207,33,39,"207,33,39",Acrylic,Active/Unknown,All_Warpaints_Fanatic_Poster.pdf,Official Fanatic poster; relationships deferred,#CF2127,,,,,,,Warlord Paint Ranges conversion chart,,No listed match,Chart row found but no cross-brand fields,,,,,,,Warlord Paint Ranges conversion chart,Review,Fanatic chart row exists but no equivalent values listed,Acrylic,,,,,,,,,,,,,,,,,,,,,,,,,,,,,,,,,,,,
AP_FANATIC_PURPLE_TONE,Army Painter,Warpaints Fanatic,Fanatic,FANATIC,,Purple Tone,PURPLE_TONE,,,,,,Wash/Shade,Active/Unknown,All_Warpaints_Fanatic_Poster.pdf,Official Fanatic poster; relationships deferred,,GW_SHADE_DRUCHII_VIOLET,Druchii Violet,Shade,Shade,#7A468C,"122, 70, 140",Warlord Paint Ranges conversion chart,,High,Curated conversion chart,,,,,73.209,VIOLET WASH,Warlord Paint Ranges conversion chart,,,Wash,,,,,,,,,,,,,,,,,,,,,,,,,,,,,,,,,,,,
AP_FANATIC_QUARTZ_SKIN,Army Painter,Warpaints Fanatic,Fanatic,FANATIC,WP3162,Quartz Skin,QUARTZ_SKIN,,,,,,Acrylic,Active/Unknown,All_Warpaints_Fanatic_Poster.pdf,Official Fanatic poster; relationships deferred,,,,,,,,Warlord Paint Ranges conversion chart,,No listed match,Chart row found but no cross-brand fields,,,,,,,Warlord Paint Ranges conversion chart,Review,Fanatic chart row exists but no equivalent values listed,Acrylic,,,,,,,,,,,,,,,,,,,,,,,,,,,,,,,,,,,,
AP_FANATIC_RADIATION_GLOW,Army Painter,Warpaints Fanatic,Fanatic,FANATIC,,Radiation Glow,RADIATION_GLOW,,,,,,Effect,Active/Unknown,All_Warpaints_Fanatic_Poster.pdf,Official Fanatic poster; relationships deferred,,,,,,,,Warlord Paint Ranges conversion chart,,High,Curated conversion chart,11081,FLUORESCENT ORANGE 70.733 ORANGE FLUO,70.733,ORANGE FLUO,,,Warlord Paint Ranges conversion chart,,,Effect,,,,,,,,,,,,,,,,,,,,,,,,,,,,,,,,,,,,
AP_FANATIC_RAGING_ROSE,Army Painter,Warpaints Fanatic,Fanatic,FANATIC,WP3120,Raging Rose,RAGING_ROSE,,,,,,Acrylic,Active/Unknown,All_Warpaints_Fanatic_Poster.pdf,Official Fanatic poster; relationships deferred,,,,,,,,Warlord Paint Ranges conversion chart,,No listed match,Chart row found but no cross-brand fields,,,,,,,Warlord Paint Ranges conversion chart,Review,Fanatic chart row exists but no equivalent values listed,Acrylic,,,,,,,,,,,,,,,,,,,,,,,,,,,,,,,,,,,,
AP_FANATIC_RAGING_ROUGE,Army Painter,Warpaints Fanatic,Fanatic,FANATIC,WP3108,Raging Rouge,RAGING_ROUGE,,,,,,Acrylic,Active/Unknown,All_Warpaints_Fanatic_Poster.pdf,Official Fanatic poster; relationships deferred,,GW_BASE_RATSKIN_FLESH,Ratskin Flesh,Base,Base,#AD6B4C,"173, 107, 76",Warlord Paint Ranges conversion chart,,High,Curated conversion chart,,,70.876,BROWN SAND,,,Warlord Paint Ranges conversion chart,,,Acrylic,,,,,,,,,,,,,,,,,,,,,,,,,,,,,,,,,,,,
AP_FANATIC_RAINFOREST,Army Painter,Warpaints Fanatic,Fanatic,FANATIC,WP3057,Rainforest,RAINFOREST,,,,,,Acrylic,Active/Unknown,All_Warpaints_Fanatic_Poster.pdf,Official Fanatic poster; relationships deferred,,GW_DRY_NIBLET_GREEN,Niblet Green,Dry,Dry,#648B32,"100, 139, 50",Warlord Paint Ranges conversion chart,,High,Curated conversion chart,,,,,72.033,LIVERY GREEN,Warlord Paint Ranges conversion chart,,,Acrylic,,,,,,,,,,,,,,,,,,,,,,,,,,,,,,,,,,,,
AP_FANATIC_RED_COPPER,Army Painter,Warpaints Fanatic,Fanatic,FANATIC,,Red Copper,RED_COPPER,,,,,,Metallic,Active/Unknown,All_Warpaints_Fanatic_Poster.pdf,Official Fanatic poster; relationships deferred,,GW_BASE_SCREAMING_BELL,Screaming Bell,Base,Base,#C16F45,"193, 111, 69",Warlord Paint Ranges conversion chart,,High,Curated conversion chart,,,,,,,Warlord Paint Ranges conversion chart,,,Metallic,,,,,,,,,,,,,,,,,,,,,,,,,,,,,,,,,,,,
AP_FANATIC_RED_TONE,Army Painter,Warpaints Fanatic,Fanatic,FANATIC,,Red Tone,RED_TONE,,,,,,Wash/Shade,Active/Unknown,All_Warpaints_Fanatic_Poster.pdf,Official Fanatic poster; relationships deferred,,GW_SHADE_CARROBURG_CRIMSON,Carroburg Crimson,Shade,Shade,#A82A70,"168, 42, 112",Warlord Paint Ranges conversion chart,,High,Curated conversion chart,,,,,73.206,RED WASH,Warlord Paint Ranges conversion chart,,,Wash,,,,,,,,,,,,,,,,,,,,,,,,,,,,,,,,,,,,
AP_FANATIC_REGAL_BLUE,Army Painter,Warpaints Fanatic,Fanatic,FANATIC,WP3026,Regal Blue,REGAL_BLUE,#08085A,8,8,90,"8,8,90",Acrylic,Active/Unknown,All_Warpaints_Fanatic_Poster.pdf,Official Fanatic poster; relationships deferred,#08085A,GW_BASE_CALEDOR_SKY,Caledor Sky,Base,Base,#396E9E,"57, 110, 158",Warlord Paint Ranges conversion chart,132.02,High,Curated conversion chart,,,70.962,FLAT BLUE,72.021,MAGIC BLUE,Warlord Paint Ranges conversion chart,,,Acrylic,,,,,,,,,,,,,,,,,,,,,,,,,,,,,,,,,,,,
AP_FANATIC_RESPLENDENT_RED,Army Painter,Warpaints Fanatic,Fanatic,FANATIC,WP3103,Resplendent Red,RESPLENDENT_RED,,,,,,Acrylic,Active/Unknown,All_Warpaints_Fanatic_Poster.pdf,Official Fanatic poster; relationships deferred,,GW_LAYER_EVIL_SUNZ_SCARLET,Evil Sunz Scarlet,Layer,Layer,#C2191F,"194, 25, 31",Warlord Paint Ranges conversion chart,,High,Curated conversion chart,11089,BLOOD RED,70.909,VERMILLION,72.01,BLOODY RED,Warlord Paint Ranges conversion chart,,,Acrylic,,,,,,,,,,,,,,,,,,,,,,,,,,,,,,,,,,,,
AP_FANATIC_ROUGH_IRON,Army Painter,Warpaints Fanatic,Fanatic,FANATIC,,Rough Iron,ROUGH_IRON,,,,,,Metallic,Active/Unknown,All_Warpaints_Fanatic_Poster.pdf,Official Fanatic poster; relationships deferred,,,,,,,,Warlord Paint Ranges conversion chart,,High,Curated conversion chart,,,,,72.06,TINNY TIN,Warlord Paint Ranges conversion chart,,,Metallic,,,,,,,,,,,,,,,,,,,,,,,,,,,,,,,,,,,,
AP_FANATIC_ROYAL_BLUE,Army Painter,Warpaints Fanatic,Fanatic,FANATIC,70.809,Royal Blue,ROYAL_BLUE,#41558D,65,85,141,"65,85,141",Acrylic,Active/Unknown,All_Warpaints_Fanatic_Poster.pdf,Official Fanatic poster; relationships deferred,#41558D,,,,,,,Warlord Paint Ranges conversion chart,,No listed match,Chart row found but no cross-brand fields,,,,,,,Warlord Paint Ranges conversion chart,Review,Fanatic chart row exists but no equivalent values listed,Acrylic,,,,,,,,,,,,,,,,,,,,,,,,,,,,,,,,,,,,
AP_FANATIC_RUBY_SKIN,Army Painter,Warpaints Fanatic,Fanatic,FANATIC,WP3148,Ruby Skin,RUBY_SKIN,,,,,,Acrylic,Active/Unknown,All_Warpaints_Fanatic_Poster.pdf,Official Fanatic poster; relationships deferred,,,,,,,,Warlord Paint Ranges conversion chart,,No listed match,Chart row found but no cross-brand fields,,,,,,,Warlord Paint Ranges conversion chart,Review,Fanatic chart row exists but no equivalent values listed,Acrylic,,,,,,,,,,,,,,,,,,,,,,,,,,,,,,,,,,,,
AP_FANATIC_RUDDY_UMBER,Army Painter,Warpaints Fanatic,Fanatic,FANATIC,WP3113,Ruddy Umber,RUDDY_UMBER,,,,,,Acrylic,Active/Unknown,All_Warpaints_Fanatic_Poster.pdf,Official Fanatic poster; relationships deferred,,GW_BASE_BUGMAN_S_GLOW,Bugman's Glow,Base,Base,#834F44,"131, 79, 68",Warlord Paint Ranges conversion chart,,High,Curated conversion chart,,,,,72.107,ATHENA SKIN,Warlord Paint Ranges conversion chart,,,Acrylic,,,,,,,,,,,,,,,,,,,,,,,,,,,,,,,,,,,,
AP_FANATIC_RUNIC_COBALT,Army Painter,Warpaints Fanatic,Fanatic,FANATIC,WP3017,Runic Cobalt,RUNIC_COBALT,,,,,,Acrylic,Active/Unknown,All_Warpaints_Fanatic_Poster.pdf,Official Fanatic poster; relationships deferred,,GW_LAYER_FENRISIAN_GREY,Fenrisian Grey,Layer,Layer,#719BB7,"113, 155, 183",Warlord Paint Ranges conversion chart,,High,Curated conversion chart,,,,,72.047,WOLF GREY,Warlord Paint Ranges conversion chart,,,Acrylic,,,,,,,,,,,,,,,,,,,,,,,,,,,,,,,,,,,,
AP_FANATIC_RUST_TONE,Army Painter,Warpaints Fanatic,Fanatic,FANATIC,,Rust Tone,RUST_TONE,,,,,,Effect,Active/Unknown,All_Warpaints_Fanatic_Poster.pdf,Official Fanatic poster; relationships deferred,,,,,,,,Warlord Paint Ranges conversion chart,,No listed match,Chart row found but no cross-brand fields,,,,,,,Warlord Paint Ranges conversion chart,Review,Fanatic chart row exists but no equivalent values listed,Effect,,,,,,,,,,,,,,,,,,,,,,,,,,,,,,,,,,,,
AP_FANATIC_SACRED_SCARLET,Army Painter,Warpaints Fanatic,Fanatic,FANATIC,WP3106,Sacred Scarlet,SACRED_SCARLET,,,,,,Acrylic,Active/Unknown,All_Warpaints_Fanatic_Poster.pdf,Official Fanatic poster; relationships deferred,,,,,,,,Warlord Paint Ranges conversion chart,,No listed match,Chart row found but no cross-brand fields,,,,,,,Warlord Paint Ranges conversion chart,Review,Fanatic chart row exists but no equivalent values listed,Acrylic,,,,,,,,,,,,,,,,,,,,,,,,,,,,,,,,,,,,
AP_FANATIC_SCARAB_GREEN,Army Painter,Warpaints Fanatic,Fanatic,FANATIC,WP3043,Scarab Green,SCARAB_GREEN,,,,,,Acrylic,Active/Unknown,All_Warpaints_Fanatic_Poster.pdf,Official Fanatic poster; relationships deferred,,GW_BASE_INCUBI_DARKNESS,Incubi Darkness,Base,Base,#0B474A,"11, 71, 74",Warlord Paint Ranges conversion chart,,High,Curated conversion chart,,,,,,,Warlord Paint Ranges conversion chart,,,Acrylic,,,,,,,,,,,,,,,,,,,,,,,,,,,,,,,,,,,,
AP_FANATIC_SEPIA_TONE,Army Painter,Warpaints Fanatic,Fanatic,FANATIC,,Sepia Tone,SEPIA_TONE,,,,,,Wash/Shade,Active/Unknown,All_Warpaints_Fanatic_Poster.pdf,Official Fanatic poster; relationships deferred,,GW_SHADE_SERAPHIM_SEPIA,Seraphim Sepia,Shade,Shade,#D7824B,"215, 130, 75",Warlord Paint Ranges conversion chart,,High,Curated conversion chart,,,,,73.2,SEPIA WASH,Warlord Paint Ranges conversion chart,,,Wash,,,,,,,,,,,,,,,,,,,,,,,,,,,,,,,,,,,,
AP_FANATIC_SHIELDWALL_BLUE,Army Painter,Warpaints Fanatic,Fanatic,FANATIC,WP3035,Shieldwall Blue,SHIELDWALL_BLUE,,,,,,Acrylic,Active/Unknown,All_Warpaints_Fanatic_Poster.pdf,Official Fanatic poster; relationships deferred,,GW_LAYER_LOTHERN_BLUE,Lothern Blue,Layer,Layer,#34A2CF,"52, 162, 207",Warlord Paint Ranges conversion chart,,High,Curated conversion chart,,,,,72.095,ICE BLUE,Warlord Paint Ranges conversion chart,,,Acrylic,,,,,,,,,,,,,,,,,,,,,,,,,,,,,,,,,,,,
AP_FANATIC_SHINING_SILVER,Army Painter,Warpaints Fanatic,Fanatic,FANATIC,,Shining Silver,SHINING_SILVER,,,,,,Metallic,Active/Unknown,All_Warpaints_Fanatic_Poster.pdf,Official Fanatic poster; relationships deferred,,GW_LAYER_RUNEFANG_STEEL,Runefang Steel,Layer,Layer,#C3CACE,"195, 202, 206",Warlord Paint Ranges conversion chart,,High,Curated conversion chart,,,,,72.052,SILVER,Warlord Paint Ranges conversion chart,,,Metallic,,,,,,,,,,,,,,,,,,,,,,,,,,,,,,,,,,,,
AP_FANATIC_SKELETON_BONE,Army Painter,Warpaints Fanatic,Fanatic,FANATIC,WP3087,Skeleton Bone,SKELETON_BONE,#D3C89D,211,200,157,"211,200,157",Acrylic,Active/Unknown,All_Warpaints_Fanatic_Poster.pdf,Official Fanatic poster; relationships deferred,#D3C89D,GW_LAYER_USHABTI_BONE,Ushabti Bone,Layer,Layer,#BBBB7F,"187, 187, 127",Warlord Paint Ranges conversion chart,40.56,High,Curated conversion chart,11035,SAND YELLOW,70.916,SAND YELLOW,,,Warlord Paint Ranges conversion chart,,,Acrylic,,,,,,,,,,,,,,,,,,,,,,,,,,,,,,,,,,,,
AP_FANATIC_SOFT_TONE,Army Painter,Warpaints Fanatic,Fanatic,FANATIC,,Soft Tone,SOFT_TONE,,,,,,Wash/Shade,Active/Unknown,All_Warpaints_Fanatic_Poster.pdf,Official Fanatic poster; relationships deferred,,,,,,,,Warlord Paint Ranges conversion chart,,No listed match,Chart row found but no cross-brand fields,,,,,,,Warlord Paint Ranges conversion chart,Review,Fanatic chart row exists but no equivalent values listed,Wash,,,,,,,,,,,,,,,,,,,,,,,,,,,,,,,,,,,,
AP_FANATIC_SPACE_DUST,Army Painter,Warpaints Fanatic,Fanatic,FANATIC,WP3095,Space Dust,SPACE_DUST,,,,,,Acrylic,Active/Unknown,All_Warpaints_Fanatic_Poster.pdf,Official Fanatic poster; relationships deferred,,GW_LAYER_FLASH_GITZ_YELLOW,Flash Gitz Yellow,Layer,Layer,#FFF200,"255, 242, 0",Warlord Paint Ranges conversion chart,,High,Curated conversion chart,11044,YELLOW,70.953,FLAT YELLOW,72.005,MOON YELLOW,Warlord Paint Ranges conversion chart,,,Acrylic,,,,,,,,,,,,,,,,,,,,,,,,,,,,,,,,,,,,
AP_FANATIC_SPELLBOUND_FUCHSIA,Army Painter,Warpaints Fanatic,Fanatic,FANATIC,WP3136,Spellbound Fuchsia,SPELLBOUND_FUCHSIA,,,,,,Acrylic,Active/Unknown,All_Warpaints_Fanatic_Poster.pdf,Official Fanatic poster; relationships deferred,,GW_LAYER_KAKOPHONI_PURPLE,Kakophoni Purple,Layer,Layer,#886AAE,"136, 106, 174",Warlord Paint Ranges conversion chart,,High,Curated conversion chart,,,,,72.014,WARLORD PURPLE,Warlord Paint Ranges conversion chart,,,Acrylic,,,,,,,,,,,,,,,,,,,,,,,,,,,,,,,,,,,,
AP_FANATIC_STRATOS_BLUE,Army Painter,Warpaints Fanatic,Fanatic,FANATIC,WP3015,Stratos Blue,STRATOS_BLUE,,,,,,Acrylic,Active/Unknown,All_Warpaints_Fanatic_Poster.pdf,Official Fanatic poster; relationships deferred,,,,,,,,Warlord Paint Ranges conversion chart,,No listed match,Chart row found but no cross-brand fields,,,,,,,Warlord Paint Ranges conversion chart,Review,Fanatic chart row exists but no equivalent values listed,Acrylic,,,,,,,,,,,,,,,,,,,,,,,,,,,,,,,,,,,,
AP_FANATIC_STRONG_SKIN_SHADE,Army Painter,Warpaints Fanatic,Fanatic,FANATIC,,Strong Skin Shade,STRONG_SKIN_SHADE,,,,,,Wash/Shade,Active/Unknown,All_Warpaints_Fanatic_Poster.pdf,Official Fanatic poster; relationships deferred,,,,,,,,All_Warpaints_Fanatic_Poster.pdf,,,,,,,,,,,Review,No Warlord chart row matched by Paint_Code or Paint_Name,Wash,,,,,,,,,,,,,,,,,,,,,,,,,,,,,,,,,,,,
AP_FANATIC_STRONG_TONE,Army Painter,Warpaints Fanatic,Fanatic,FANATIC,,Strong Tone,STRONG_TONE,,,,,,Wash/Shade,Active/Unknown,All_Warpaints_Fanatic_Poster.pdf,Official Fanatic poster; relationships deferred,,GW_SHADE_AGRAX_EARTHSHADE,Agrax Earthshade,Shade,Shade,#5A543C,"90, 84, 60",Warlord Paint Ranges conversion chart,,High,Curated conversion chart,,,,,73.203,UMBER WASH,Warlord Paint Ranges conversion chart,,,Wash,,,,,,,,,,,,,,,,,,,,,,,,,,,,,,,,,,,,
AP_FANATIC_TAINTED_GOLD,Army Painter,Warpaints Fanatic,Fanatic,FANATIC,,Tainted Gold,TAINTED_GOLD,,,,,,Metallic,Active/Unknown,All_Warpaints_Fanatic_Poster.pdf,Official Fanatic poster; relationships deferred,,,,,,,,Warlord Paint Ranges conversion chart,,High,Curated conversion chart,11192,OLD GOLD 70.878 OLD GOLD,70.878,OLD GOLD,,,Warlord Paint Ranges conversion chart,,,Metallic,,,,,,,,,,,,,,,,,,,,,,,,,,,,,,,,,,,,
AP_FANATIC_TALISMAN_TEAL,Army Painter,Warpaints Fanatic,Fanatic,FANATIC,WP3046,Talisman Teal,TALISMAN_TEAL,,,,,,Acrylic,Active/Unknown,All_Warpaints_Fanatic_Poster.pdf,Official Fanatic poster; relationships deferred,,GW_LAYER_SYBARITE_GREEN,Sybarite Green,Layer,Layer,#30A56C,"48, 165, 108",Warlord Paint Ranges conversion chart,,High,Curated conversion chart,,,,,72.025,FOUL GREEN,Warlord Paint Ranges conversion chart,,,Acrylic,,,,,,,,,,,,,,,,,,,,,,,,,,,,,,,,,,,,
AP_FANATIC_TEMPLE_GATE_TEAL,Army Painter,Warpaints Fanatic,Fanatic,FANATIC,WP3044,Temple Gate Teal,TEMPLE_GATE_TEAL,,,,,,Acrylic,Active/Unknown,All_Warpaints_Fanatic_Poster.pdf,Official Fanatic poster; relationships deferred,,GW_LAYER_KABALITE_GREEN,Kabalite Green,Layer,Layer,#038C67,"3, 140, 103",Warlord Paint Ranges conversion chart,,High,Curated conversion chart,11144,EMERALD,70.838,EMERALD,72.027,SCURVY GREEN,Warlord Paint Ranges conversion chart,,,Acrylic,,,,,,,,,,,,,,,,,,,,,,,,,,,,,,,,,,,,
AP_FANATIC_TERRESTRIAL_TITAN,Army Painter,Warpaints Fanatic,Fanatic,FANATIC,WP3127,Terrestrial Titan,TERRESTRIAL_TITAN,,,,,,Acrylic,Active/Unknown,All_Warpaints_Fanatic_Poster.pdf,Official Fanatic poster; relationships deferred,,GW_BASE_NAGGAROTH_NIGHT,Naggaroth Night,Base,Base,#3D3354,"61, 51, 84",Warlord Paint Ranges conversion chart,,High,Curated conversion chart,,,70.96,VIOLET,,,Warlord Paint Ranges conversion chart,,,Acrylic,,,,,,,,,,,,,,,,,,,,,,,,,,,,,,,,,,,,
AP_FANATIC_THUNDEROUS_BLUE,Army Painter,Warpaints Fanatic,Fanatic,FANATIC,WP3014,Thunderous Blue,THUNDEROUS_BLUE,,,,,,Acrylic,Active/Unknown,All_Warpaints_Fanatic_Poster.pdf,Official Fanatic poster; relationships deferred,,GW_BASE_THE_FANG,The Fang,Base,Base,#436174,"67, 97, 116",Warlord Paint Ranges conversion chart,,High,Curated conversion chart,11166,FRENCH BLUE,70.9,FRENCH MIRAGE BLUE,72.048,SOMBRE GREY,Warlord Paint Ranges conversion chart,,,Acrylic,,,,,,,,,,,,,,,,,,,,,,,,,,,,,,,,,,,,
AP_FANATIC_TIDAL_BLUE,Army Painter,Warpaints Fanatic,Fanatic,FANATIC,WP3033,Tidal Blue,TIDAL_BLUE,,,,,,Acrylic,Active/Unknown,All_Warpaints_Fanatic_Poster.pdf,Official Fanatic poster; relationships deferred,,GW_LAYER_AHRIMAN_BLUE,Ahriman Blue,Layer,Layer,#00A5B9,"0, 165, 185",Warlord Paint Ranges conversion chart,,High,Curated conversion chart,11171,TURQUOISE,70.966,TURQUOISE,,,Warlord Paint Ranges conversion chart,,,Acrylic,,,,,,,,,,,,,,,,,,,,,,,,,,,,,,,,,,,,
AP_FANATIC_TIGER_S_EYE_SKIN,Army Painter,Warpaints Fanatic,Fanatic,FANATIC,WP3152,Tiger'S Eye Skin,TIGER_S_EYE_SKIN,,,,,,Acrylic,Active/Unknown,All_Warpaints_Fanatic_Poster.pdf,Official Fanatic poster; relationships deferred,,GW_LAYER_TUSKGOR_FUR,Tuskgor Fur,Layer,Layer,#883736,"136, 55, 54",Warlord Paint Ranges conversion chart,,High,Curated conversion chart,,,70.982,CAVALRY BROWN,,,Warlord Paint Ranges conversion chart,,,Acrylic,,,,,,,,,,,,,,,,,,,,,,,,,,,,,,,,,,,,
AP_FANATIC_TOMB_KING_TAN,Army Painter,Warpaints Fanatic,Fanatic,FANATIC,WP3086,Tomb King Tan,TOMB_KING_TAN,,,,,,Acrylic,Active/Unknown,All_Warpaints_Fanatic_Poster.pdf,Official Fanatic poster; relationships deferred,,GW_BASE_RAKARTH_FLESH,Rakarth Flesh,Base,Base,#A29E91,"162, 158, 145",Warlord Paint Ranges conversion chart,,High,Curated conversion chart,,,,,72.148,HEAVY WARM GREY,Warlord Paint Ranges conversion chart,,,Acrylic,,,,,,,,,,,,,,,,,,,,,,,,,,,,,,,,,,,,
AP_FANATIC_TOPAZ_SKIN,Army Painter,Warpaints Fanatic,Fanatic,FANATIC,WP3153,Topaz Skin,TOPAZ_SKIN,,,,,,Acrylic,Active/Unknown,All_Warpaints_Fanatic_Poster.pdf,Official Fanatic poster; relationships deferred,,,,,,,,Warlord Paint Ranges conversion chart,,No listed match,Chart row found but no cross-brand fields,,,,,,,Warlord Paint Ranges conversion chart,Review,Fanatic chart row exists but no equivalent values listed,Acrylic,,,,,,,,,,,,,,,,,,,,,,,,,,,,,,,,,,,,
AP_FANATIC_TOURMALINE_SKIN,Army Painter,Warpaints Fanatic,Fanatic,FANATIC,WP3155,Tourmaline Skin,TOURMALINE_SKIN,,,,,,Acrylic,Active/Unknown,All_Warpaints_Fanatic_Poster.pdf,Official Fanatic poster; relationships deferred,,,,,,,,Warlord Paint Ranges conversion chart,,High,Curated conversion chart,,,70.803,BROWN ROSE,,,Warlord Paint Ranges conversion chart,,,Acrylic,,,,,,,,,,,,,,,,,,,,,,,,,,,,,,,,,,,,
AP_FANATIC_TREE_ANCIENT,Army Painter,Warpaints Fanatic,Fanatic,FANATIC,WP3110,Tree Ancient,TREE_ANCIENT,,,,,,Acrylic,Active/Unknown,All_Warpaints_Fanatic_Poster.pdf,Official Fanatic poster; relationships deferred,,GW_BASE_CATACHAN_FLESH,Catachan Flesh,Base,Base,#5D0009,"93, 0, 9",Warlord Paint Ranges conversion chart,,High,Curated conversion chart,11110,LEATHER BROWN,70.871,LEATHER BROWN,,,Warlord Paint Ranges conversion chart,,,Acrylic,,,,,,,,,,,,,,,,,,,,,,,,,,,,,,,,,,,,
AP_FANATIC_TRIUMPHANT_NAVY,Army Painter,Warpaints Fanatic,Fanatic,FANATIC,WP3019,Triumphant Navy,TRIUMPHANT_NAVY,,,,,,Acrylic,Active/Unknown,All_Warpaints_Fanatic_Poster.pdf,Official Fanatic poster; relationships deferred,,GW_BASE_KANTOR_BLUE,Kantor Blue,Base,Base,#002151,"0, 33, 81",Warlord Paint Ranges conversion chart,,High,Curated conversion chart,11189,DARK PRUSSIAN BLUE,70.899,DARK PRUSSIAN BLUE,72.02,IMPERIAL BLUE,Warlord Paint Ranges conversion chart,,,Acrylic,,,,,,,,,,,,,,,,,,,,,,,,,,,,,,,,,,,,
AP_FANATIC_TRUE_BLOOD,Army Painter,Warpaints Fanatic,Fanatic,FANATIC,,True Blood,TRUE_BLOOD,,,,,,Effect,Active/Unknown,All_Warpaints_Fanatic_Poster.pdf,Official Fanatic poster; relationships deferred,,GW_TECHNICAL_BLOOD_FOR_THE_BLOOD_GOD,Blood For The Blood God,Technical,Technical,#581011,"88, 16, 17",Warlord Paint Ranges conversion chart,,High,Curated conversion chart,,,,,72.601,FRESH BLOOD,Warlord Paint Ranges conversion chart,,,Effect,,,,,,,,,,,,,,,,,,,,,,,,,,,,,,,,,,,,
AP_FANATIC_TRUE_BRASS,Army Painter,Warpaints Fanatic,Fanatic,FANATIC,,True Brass,TRUE_BRASS,,,,,,Metallic,Active/Unknown,All_Warpaints_Fanatic_Poster.pdf,Official Fanatic poster; relationships deferred,,GW_LAYER_CANOPTEK_ALLOY,Canoptek Alloy,Layer,Layer,#B6A89A,"182, 168, 154",Warlord Paint Ranges conversion chart,,High,Curated conversion chart,,,,,,,Warlord Paint Ranges conversion chart,,,Metallic,,,,,,,,,,,,,,,,,,,,,,,,,,,,,,,,,,,,
AP_FANATIC_TRUE_COPPER,Army Painter,Warpaints Fanatic,Fanatic,FANATIC,,True Copper,TRUE_COPPER,,,,,,Metallic,Active/Unknown,All_Warpaints_Fanatic_Poster.pdf,Official Fanatic poster; relationships deferred,,,,,,,,Warlord Paint Ranges conversion chart,,High,Curated conversion chart,,,,,72.059,HAMMERED COPPER,Warlord Paint Ranges conversion chart,,,Metallic,,,,,,,,,,,,,,,,,,,,,,,,,,,,,,,,,,,,
AP_FANATIC_TUNDRA_TAUPE,Army Painter,Warpaints Fanatic,Fanatic,FANATIC,WP3079,Tundra Taupe,TUNDRA_TAUPE,,,,,,Acrylic,Active/Unknown,All_Warpaints_Fanatic_Poster.pdf,Official Fanatic poster; relationships deferred,,GW_BASE_DEATHWORLD_FOREST,Deathworld Forest,Base,Base,#5D6732,"93, 103, 50",Warlord Paint Ranges conversion chart,,High,Curated conversion chart,,,,,72.145,DIRTY GREY,Warlord Paint Ranges conversion chart,,,Acrylic,,,,,,,,,,,,,,,,,,,,,,,,,,,,,,,,,,,,
AP_FANATIC_TURQUOISE_SIREN,Army Painter,Warpaints Fanatic,Fanatic,FANATIC,WP3039,Turquoise Siren,TURQUOISE_SIREN,,,,,,Acrylic,Active/Unknown,All_Warpaints_Fanatic_Poster.pdf,Official Fanatic poster; relationships deferred,,GW_LAYER_BAHARROTH_BLUE,Baharroth Blue,Layer,Layer,#78C4C7,"120, 196, 199",Warlord Paint Ranges conversion chart,,High,Curated conversion chart,11161,PALE BLUE,70.906,PALE BLUE,,,Warlord Paint Ranges conversion chart,,,Acrylic,,,,,,,,,,,,,,,,,,,,,,,,,,,,,,,,,,,,
AP_FANATIC_ULTRAMARINE_BLUE,Army Painter,Warpaints Fanatic,Fanatic,FANATIC,72.022,Ultramarine Blue,ULTRAMARINE_BLUE,#29397B,41,57,123,"41,57,123",Acrylic,Active/Unknown,All_Warpaints_Fanatic_Poster.pdf,Official Fanatic poster; relationships deferred,#29397B,GW_LAYER_ALTDORF_GUARD_BLUE,Altdorf Guard Blue,Layer,Layer,#1F56A7,"31, 86, 167",Warlord Paint Ranges conversion chart,53.64,High,Curated conversion chart,,,70.809,ROYAL BLUE,72.022,ULTRAMARINE BLUE,Warlord Paint Ranges conversion chart,,,Acrylic,,,,,,,,,,,,,,,,,,,,,,,,,,,,,,,,,,,,
AP_FANATIC_UNIFORM_GREY,Army Painter,Warpaints Fanatic,Fanatic,FANATIC,WP3003,Uniform Grey,UNIFORM_GREY,#5E6A73,94,106,115,"94,106,115",Acrylic,Active/Unknown,All_Warpaints_Fanatic_Poster.pdf,Official Fanatic poster; relationships deferred,#5E6A73,GW_LAYER_DAWNSTONE,Dawnstone,Layer,Layer,#70756E,"112, 117, 110",Warlord Paint Ranges conversion chart,21.68,High,Curated conversion chart,11021,BASALT GREY,70.869,BASALT GREY,72.049,STONEWALL GREY,Warlord Paint Ranges conversion chart,,,Acrylic,,,,,,,,,,,,,,,,,,,,,,,,,,,,,,,,,,,,
AP_FANATIC_URBAN_BUFF,Army Painter,Warpaints Fanatic,Fanatic,FANATIC,WP3078,Urban Buff,URBAN_BUFF,,,,,,Acrylic,Active/Unknown,All_Warpaints_Fanatic_Poster.pdf,Official Fanatic poster; relationships deferred,,GW_LAYER_CADIAN_FLESHTONE,Cadian Fleshtone,Layer,Layer,#C77958,"199, 121, 88",Warlord Paint Ranges conversion chart,,High,Curated conversion chart,11063,BROWN ROSE,70.803,BROWN ROSE,72.041,DWARF SKIN,Warlord Paint Ranges conversion chart,,,Acrylic,,,,,,,,,,,,,,,,,,,,,,,,,,,,,,,,,,,,
AP_FANATIC_VERDIGRIS,Army Painter,Warpaints Fanatic,Fanatic,FANATIC,72.096,Verdigris,VERDIGRIS,#B3CECA,179,206,202,"179,206,202",Effect,Active/Unknown,All_Warpaints_Fanatic_Poster.pdf,Official Fanatic poster; relationships deferred,#B3CECA,,,,,,,Warlord Paint Ranges conversion chart,,High,Curated conversion chart,,,70.832,VERDIGRIS GLAZE,72.605,GREEN RUST,Warlord Paint Ranges conversion chart,,,Effect,,,,,,,,,,,,,,,,,,,,,,,,,,,,,,,,,,,,
AP_FANATIC_VIOLENT_VERMILLION,Army Painter,Warpaints Fanatic,Fanatic,FANATIC,WP3107,Violent Vermillion,VIOLENT_VERMILLION,,,,,,Acrylic,Active/Unknown,All_Warpaints_Fanatic_Poster.pdf,Official Fanatic poster; relationships deferred,,GW_LAYER_LUGGANATH_ORANGE,Lugganath Orange,Layer,Layer,#F89E86,"248, 158, 134",Warlord Paint Ranges conversion chart,,High,Curated conversion chart,11061,SALMON,70.835,SALMON ROSE,,,Warlord Paint Ranges conversion chart,,,Acrylic,,,,,,,,,,,,,,,,,,,,,,,,,,,,,,,,,,,,
AP_FANATIC_VIOLET_COVEN,Army Painter,Warpaints Fanatic,Fanatic,FANATIC,WP3131,Violet Coven,VIOLET_COVEN,,,,,,Acrylic,Active/Unknown,All_Warpaints_Fanatic_Poster.pdf,Official Fanatic poster; relationships deferred,,GW_LAYER_DECHALA_LILAC,Dechala Lilac,Layer,Layer,#B59ECC,"181, 158, 204",Warlord Paint Ranges conversion chart,,High,Curated conversion chart,,,,,72.114,LUSTFUL PURPLE,Warlord Paint Ranges conversion chart,,,Acrylic,,,,,,,,,,,,,,,,,,,,,,,,,,,,,,,,,,,,
AP_FANATIC_VIVID_VOLT,Army Painter,Warpaints Fanatic,Fanatic,FANATIC,WP3059,Vivid Volt,VIVID_VOLT,,,,,,Acrylic,Active/Unknown,All_Warpaints_Fanatic_Poster.pdf,Official Fanatic poster; relationships deferred,,,,,,,,Warlord Paint Ranges conversion chart,,High,Curated conversion chart,,,70.737,GREEN FLUO,,,Warlord Paint Ranges conversion chart,,,Acrylic,,,,,,,,,,,,,,,,,,,,,,,,,,,,,,,,,,,,
AP_FANATIC_WARLOCK_MAGENTA,Army Painter,Warpaints Fanatic,Fanatic,FANATIC,WP3135,Warlock Magenta,WARLOCK_MAGENTA,,,,,,Acrylic,Active/Unknown,All_Warpaints_Fanatic_Poster.pdf,Official Fanatic poster; relationships deferred,,GW_LAYER_XEREUS_PURPLE,Xereus Purple,Layer,Layer,#471F5F,"71, 31, 95",Warlord Paint Ranges conversion chart,,High,Curated conversion chart,,,70.81,ROYAL PURPLE,72.015,HEXED LICHEN,Warlord Paint Ranges conversion chart,,,Acrylic,,,,,,,,,,,,,,,,,,,,,,,,,,,,,,,,,,,,
AP_FANATIC_WARPAINTS_RETARDER,Army Painter,Warpaints Fanatic,Fanatic,FANATIC,,Warpaints Retarder,WARPAINTS_RETARDER,,,,,,Auxiliary,Active/Unknown,All_Warpaints_Fanatic_Poster.pdf,Official Fanatic poster; relationships deferred,,,,,,,,Warlord Paint Ranges conversion chart,,High,Curated conversion chart,,,70.597,DRYING RETARDER,,,Warlord Paint Ranges conversion chart,,,Medium,,,,,,,,,,,,,,,,,,,,,,,,,,,,,,,,,,,,
AP_FANATIC_WARPAINTS_STABILIZER,Army Painter,Warpaints Fanatic,Fanatic,FANATIC,,Warpaints Stabilizer,WARPAINTS_STABILIZER,,,,,,Auxiliary,Active/Unknown,All_Warpaints_Fanatic_Poster.pdf,Official Fanatic poster; relationships deferred,,,,,,,,All_Warpaints_Fanatic_Poster.pdf,,,,,,,,,,,Review,No Warlord chart row matched by Paint_Code or Paint_Name,Medium,,,,,,,,,,,,,,,,,,,,,,,,,,,,,,,,,,,,
AP_FANATIC_WARPED_YELLOW,Army Painter,Warpaints Fanatic,Fanatic,FANATIC,WP3094,Warped Yellow,WARPED_YELLOW,,,,,,Acrylic,Active/Unknown,All_Warpaints_Fanatic_Poster.pdf,Official Fanatic poster; relationships deferred,,GW_LAYER_PHALANX_YELLOW,Phalanx Yellow,Layer,Layer,#FFE200,"255, 226, 0",Warlord Paint Ranges conversion chart,,High,Curated conversion chart,,,,,,,Warlord Paint Ranges conversion chart,,,Acrylic,,,,,,,,,,,,,,,,,,,,,,,,,,,,,,,,,,,,
AP_FANATIC_WASH_MEDIUM,Army Painter,Warpaints Fanatic,Fanatic,FANATIC,,Wash Medium,WASH_MEDIUM,,,,,,Wash/Shade,Active/Unknown,All_Warpaints_Fanatic_Poster.pdf,Official Fanatic poster; relationships deferred,,,,,,,,Warlord Paint Ranges conversion chart,,No listed match,Chart row found but no cross-brand fields,,,,,,,Warlord Paint Ranges conversion chart,Review,Fanatic chart row exists but no equivalent values listed,Wash,,,,,,,,,,,,,,,,,,,,,,,,,,,,,,,,,,,,
AP_FANATIC_WASTELAND_CLAY,Army Painter,Warpaints Fanatic,Fanatic,FANATIC,WP3082,Wasteland Clay,WASTELAND_CLAY,,,,,,Acrylic,Active/Unknown,All_Warpaints_Fanatic_Poster.pdf,Official Fanatic poster; relationships deferred,,GW_LAYER_BALOR_BROWN,Balor Brown,Layer,Layer,#8B5910,"139, 89, 16",Warlord Paint Ranges conversion chart,,High,Curated conversion chart,,,70.856,OCHRE BROWN,,,Warlord Paint Ranges conversion chart,,,Acrylic,,,,,,,,,,,,,,,,,,,,,,,,,,,,,,,,,,,,
AP_FANATIC_WEAPON_BRONZE,Army Painter,Warpaints Fanatic,Fanatic,FANATIC,,Weapon Bronze,WEAPON_BRONZE,,,,,,Metallic,Active/Unknown,All_Warpaints_Fanatic_Poster.pdf,Official Fanatic poster; relationships deferred,,GW_LAYER_BRASS_SCORPION,Brass Scorpion,Layer,Layer,#B7885F,"183, 136, 95",Warlord Paint Ranges conversion chart,,High,Curated conversion chart,,,,,72.057,BRIGHT BRONZE,Warlord Paint Ranges conversion chart,,,Metallic,,,,,,,,,,,,,,,,,,,,,,,,,,,,,,,,,,,,
AP_FANATIC_WEIRD_ELIXIR,Army Painter,Warpaints Fanatic,Fanatic,FANATIC,WP3124,Weird Elixir,WEIRD_ELIXIR,,,,,,Acrylic,Active/Unknown,All_Warpaints_Fanatic_Poster.pdf,Official Fanatic poster; relationships deferred,,GW_LAYER_FULGRIM_PINK,Fulgrim Pink,Layer,Layer,#F4AFCC,"244, 175, 204",Warlord Paint Ranges conversion chart,,High,Curated conversion chart,11065,INTENSE PINK,70.958,PINK,72.013,SQUID PINK,Warlord Paint Ranges conversion chart,,,Acrylic,,,,,,,,,,,,,,,,,,,,,,,,,,,,,,,,,,,,
AP_FANATIC_WICKED_PINK,Army Painter,Warpaints Fanatic,Fanatic,FANATIC,WP3121,Wicked Pink,WICKED_PINK,,,,,,Acrylic,Active/Unknown,All_Warpaints_Fanatic_Poster.pdf,Official Fanatic poster; relationships deferred,,GW_LAYER_PINK_HORROR,Pink Horror,Layer,Layer,#90305D,"144, 48, 93",Warlord Paint Ranges conversion chart,,High,Curated conversion chart,11067,MAGENTA,70.945,MAGENTA,,,Warlord Paint Ranges conversion chart,,,Acrylic,,,,,,,,,,,,,,,,,,,,,,,,,,,,,,,,,,,,
AP_FANATIC_WILD_GREEN,Army Painter,Warpaints Fanatic,Fanatic,FANATIC,WP3053,Wild Green,WILD_GREEN,,,,,,Acrylic,Active/Unknown,All_Warpaints_Fanatic_Poster.pdf,Official Fanatic poster; relationships deferred,,,,,,,,Warlord Paint Ranges conversion chart,,No listed match,Chart row found but no cross-brand fields,,,,,,,Warlord Paint Ranges conversion chart,Review,Fanatic chart row exists but no equivalent values listed,Acrylic,,,,,,,,,,,,,,,,,,,,,,,,,,,,,,,,,,,,
AP_FANATIC_WILTED_ROSE,Army Painter,Warpaints Fanatic,Fanatic,FANATIC,WP3144,Wilted Rose,WILTED_ROSE,,,,,,Acrylic,Active/Unknown,All_Warpaints_Fanatic_Poster.pdf,Official Fanatic poster; relationships deferred,,,,,,,,Warlord Paint Ranges conversion chart,,No listed match,Chart row found but no cross-brand fields,,,,,,,Warlord Paint Ranges conversion chart,Review,Fanatic chart row exists but no equivalent values listed,Acrylic,,,,,,,,,,,,,,,,,,,,,,,,,,,,,,,,,,,,
AP_FANATIC_WOLF_GREY,Army Painter,Warpaints Fanatic,Fanatic,FANATIC,72.047,Wolf Grey,WOLF_GREY,#5B8093,91,128,147,"91,128,147",Acrylic,Active/Unknown,All_Warpaints_Fanatic_Poster.pdf,Official Fanatic poster; relationships deferred,#5B8093,GW_LAYER_RUSS_GREY,Russ Grey,Layer,Layer,#547588,"84, 117, 136",Warlord Paint Ranges conversion chart,17.06,High,Curated conversion chart,11165,GREY-BLUE,70.943,GREY BLUE,,,Warlord Paint Ranges conversion chart,,,Acrylic,,,,,,,,,,,,,,,,,,,,,,,,,,,,,,,,,,,,
AP_FANATIC_WOODLAND_CAMO,Army Painter,Warpaints Fanatic,Fanatic,FANATIC,WP3067,Woodland Camo,WOODLAND_CAMO,,,,,,Acrylic,Active/Unknown,All_Warpaints_Fanatic_Poster.pdf,Official Fanatic poster; relationships deferred,,GW_BASE_WAAAGH_FLESH,Waaagh! Flesh,Base,Base,#1F5429,"31, 84, 41",Warlord Paint Ranges conversion chart,,High,Curated conversion chart,AK11154,GERMAN FIELD GREY,70.967,GERMAN FIELDGREY WWII,,,Warlord Paint Ranges conversion chart,,,Acrylic,,,,,,,,,,,,,,,,,,,,,,,,,,,,,,,,,,,,
AP_FANATIC_WORN_STONE,Army Painter,Warpaints Fanatic,Fanatic,FANATIC,WP3010,Worn Stone,WORN_STONE,,,,,,Acrylic,Active/Unknown,All_Warpaints_Fanatic_Poster.pdf,Official Fanatic poster; relationships deferred,,GW_BASE_WRAITHBONE,Wraithbone,Base,Base,#DCCB9A,"220, 203, 154",Warlord Paint Ranges conversion chart,,High,Curated conversion chart,11004,IVORY,70.918,IVORY,,,Warlord Paint Ranges conversion chart,,,Acrylic,,,,,,,,,,,,,,,,,,,,,,,,,,,,,,,,,,,,
AP_FANATIC_WYVERN_FURY,Army Painter,Warpaints Fanatic,Fanatic,FANATIC,WP3116,Wyvern Fury,WYVERN_FURY,,,,,,Acrylic,Active/Unknown,All_Warpaints_Fanatic_Poster.pdf,Official Fanatic poster; relationships deferred,,GW_LAYER_WAZDAKKA_RED,Wazdakka Red,Layer,Layer,#8C0A0C,"140, 10, 12",Warlord Paint Ranges conversion chart,,High,Curated conversion chart,,,70.982,CAVALRY BROWN,72.011,GORY RED,Warlord Paint Ranges conversion chart,,,Acrylic,,,,,,,,,,,,,,,,,,,,,,,,,,,,,,,,,,,,
