Paint_ID,Company,Brand,Product_Line,Product_Line_Code,Paint_Code,Paint_Name,Normalized_Name,Hex,R,G,B,RGB,Paint_Type,Status,Source,Notes
AP_SPEEDPAINT_ABSOLUTION_GREEN,Army Painter,Speedpaint,Speedpaint,SPEEDPAINT,,Absolution Green,ABSOLUTION_GREEN,,,,,,Speedpaint/one-coat,Active/Unknown,A3_Speedpaint_Practical_Naming_Chart.pdf,Official Speedpaint 2.0 practical naming chart; relationships deferred
AP_SPEEDPAINT_AGED_HIDE,Army Painter,Speedpaint,Speedpaint,SPEEDPAINT,,Aged Hide,AGED_HIDE,,,,,,Speedpaint/one-coat,Active/Unknown,A3_Speedpaint_Practical_Naming_Chart.pdf,Official Speedpaint 2.0 practical naming chart; relationships deferred
AP_SPEEDPAINT_ALGAE_GREEN,Army Painter,Speedpaint,Speedpaint,SPEEDPAINT,,Algae Green,ALGAE_GREEN,,,,,,Speedpaint/one-coat,Active/Unknown,A3_Speedpaint_Practical_Naming_Chart.pdf,Official Speedpaint 2.0 practical naming chart; relationships deferred
AP_SPEEDPAINT_ANCIENT_HONEY,Army Painter,Speedpaint,Speedpaint,SPEEDPAINT,,Ancient Honey,ANCIENT_HONEY,,,,,,Speedpaint/one-coat,Active/Unknown,A3_Speedpaint_Practical_Naming_Chart.pdf,Official Speedpaint 2.0 practical naming chart; relationships deferred
AP_SPEEDPAINT_ASHEN_STONE,Army Painter,Speedpaint,Speedpaint,SPEEDPAINT,,Ashen Stone,ASHEN_STONE,,,,,,Speedpaint/one-coat,Active/Unknown,A3_Speedpaint_Practical_Naming_Chart.pdf,Official Speedpaint 2.0 practical naming chart; relationships deferred
AP_SPEEDPAINT_AZTEC_GOLD,Army Painter,Speedpaint,Speedpaint,SPEEDPAINT,,Aztec Gold,AZTEC_GOLD,,,,,,Speedpaint Metallic,Active/Unknown,A3_Speedpaint_Practical_Naming_Chart.pdf,Official Speedpaint 2.0 practical naming chart; relationships deferred
AP_SPEEDPAINT_BATTLESHIP_GREY,Army Painter,Speedpaint,Speedpaint,SPEEDPAINT,,Battleship Grey,BATTLESHIP_GREY,,,,,,Speedpaint/one-coat,Active/Unknown,A3_Speedpaint_Practical_Naming_Chart.pdf,Official Speedpaint 2.0 practical naming chart; relationships deferred
AP_SPEEDPAINT_BEOWULF_BLUE,Army Painter,Speedpaint,Speedpaint,SPEEDPAINT,,Beowulf Blue,BEOWULF_BLUE,,,,,,Speedpaint/one-coat,Active/Unknown,A3_Speedpaint_Practical_Naming_Chart.pdf,Official Speedpaint 2.0 practical naming chart; relationships deferred
AP_SPEEDPAINT_BLINDING_LIGHT,Army Painter,Speedpaint,Speedpaint,SPEEDPAINT,,Blinding Light,BLINDING_LIGHT,,,,,,Speedpaint/one-coat,Active/Unknown,A3_Speedpaint_Practical_Naming_Chart.pdf,Official Speedpaint 2.0 practical naming chart; relationships deferred
AP_SPEEDPAINT_BLOOD_RED,Army Painter,Speedpaint,Speedpaint,SPEEDPAINT,11089,Blood Red,BLOOD_RED,#CE0018,206,0,24,"206,0,24",Speedpaint/one-coat,Active/Unknown,A3_Speedpaint_Practical_Naming_Chart.pdf,Official Speedpaint 2.0 practical naming chart; relationships deferred
AP_SPEEDPAINT_BONY_MATTER,Army Painter,Speedpaint,Speedpaint,SPEEDPAINT,,Bony Matter,BONY_MATTER,,,,,,Speedpaint/one-coat,Active/Unknown,A3_Speedpaint_Practical_Naming_Chart.pdf,Official Speedpaint 2.0 practical naming chart; relationships deferred
AP_SPEEDPAINT_BRAZEN_COPPER,Army Painter,Speedpaint,Speedpaint,SPEEDPAINT,,Brazen Copper,BRAZEN_COPPER,,,,,,Speedpaint Metallic,Active/Unknown,A3_Speedpaint_Practical_Naming_Chart.pdf,Official Speedpaint 2.0 practical naming chart; relationships deferred
AP_SPEEDPAINT_BRIGHT_RED,Army Painter,Speedpaint,Speedpaint,SPEEDPAINT,,Bright Red,BRIGHT_RED,,,,,,Speedpaint/one-coat,Active/Unknown,A3_Speedpaint_Practical_Naming_Chart.pdf,Official Speedpaint 2.0 practical naming chart; relationships deferred
AP_SPEEDPAINT_BROADSWORD_SILVER,Army Painter,Speedpaint,Speedpaint,SPEEDPAINT,,Broadsword Silver,BROADSWORD_SILVER,,,,,,Speedpaint Metallic,Active/Unknown,A3_Speedpaint_Practical_Naming_Chart.pdf,Official Speedpaint 2.0 practical naming chart; relationships deferred
AP_SPEEDPAINT_BROWNISH_DECAY,Army Painter,Speedpaint,Speedpaint,SPEEDPAINT,,Brownish Decay,BROWNISH_DECAY,,,,,,Speedpaint/one-coat,Active/Unknown,A3_Speedpaint_Practical_Naming_Chart.pdf,Official Speedpaint 2.0 practical naming chart; relationships deferred
AP_SPEEDPAINT_BURNISHED_RED,Army Painter,Speedpaint,Speedpaint,SPEEDPAINT,,Burnished Red,BURNISHED_RED,,,,,,Speedpaint/one-coat,Active/Unknown,A3_Speedpaint_Practical_Naming_Chart.pdf,Official Speedpaint 2.0 practical naming chart; relationships deferred
AP_SPEEDPAINT_BURNT_MOSS,Army Painter,Speedpaint,Speedpaint,SPEEDPAINT,,Burnt Moss,BURNT_MOSS,,,,,,Speedpaint/one-coat,Active/Unknown,A3_Speedpaint_Practical_Naming_Chart.pdf,Official Speedpaint 2.0 practical naming chart; relationships deferred
AP_SPEEDPAINT_CAMO_CLOAK,Army Painter,Speedpaint,Speedpaint,SPEEDPAINT,,Camo Cloak,CAMO_CLOAK,,,,,,Speedpaint/one-coat,Active/Unknown,A3_Speedpaint_Practical_Naming_Chart.pdf,Official Speedpaint 2.0 practical naming chart; relationships deferred
AP_SPEEDPAINT_CARIBBEAN_OCEAN,Army Painter,Speedpaint,Speedpaint,SPEEDPAINT,,Caribbean Ocean,CARIBBEAN_OCEAN,,,,,,Speedpaint/one-coat,Active/Unknown,A3_Speedpaint_Practical_Naming_Chart.pdf,Official Speedpaint 2.0 practical naming chart; relationships deferred
AP_SPEEDPAINT_CARMINE_DRAGON,Army Painter,Speedpaint,Speedpaint,SPEEDPAINT,,Carmine Dragon,CARMINE_DRAGON,,,,,,Speedpaint/one-coat,Active/Unknown,A3_Speedpaint_Practical_Naming_Chart.pdf,Official Speedpaint 2.0 practical naming chart; relationships deferred
AP_SPEEDPAINT_CHARMING_CHARTREUSE,Army Painter,Speedpaint,Speedpaint,SPEEDPAINT,,Charming Chartreuse,CHARMING_CHARTREUSE,,,,,,Speedpaint/one-coat,Active/Unknown,A3_Speedpaint_Practical_Naming_Chart.pdf,Official Speedpaint 2.0 practical naming chart; relationships deferred
AP_SPEEDPAINT_CLOUDBURST_BLUE,Army Painter,Speedpaint,Speedpaint,SPEEDPAINT,,Cloudburst Blue,CLOUDBURST_BLUE,,,,,,Speedpaint/one-coat,Active/Unknown,A3_Speedpaint_Practical_Naming_Chart.pdf,Official Speedpaint 2.0 practical naming chart; relationships deferred
AP_SPEEDPAINT_CRUSADER_SKIN,Army Painter,Speedpaint,Speedpaint,SPEEDPAINT,,Crusader Skin,CRUSADER_SKIN,,,,,,Speedpaint/one-coat,Active/Unknown,A3_Speedpaint_Practical_Naming_Chart.pdf,Official Speedpaint 2.0 practical naming chart; relationships deferred
AP_SPEEDPAINT_DARK_WOOD,Army Painter,Speedpaint,Speedpaint,SPEEDPAINT,,Dark Wood,DARK_WOOD,,,,,,Speedpaint/one-coat,Active/Unknown,A3_Speedpaint_Practical_Naming_Chart.pdf,Official Speedpaint 2.0 practical naming chart; relationships deferred
AP_SPEEDPAINT_DESOLATE_BROWN,Army Painter,Speedpaint,Speedpaint,SPEEDPAINT,,Desolate Brown,DESOLATE_BROWN,,,,,,Speedpaint/one-coat,Active/Unknown,A3_Speedpaint_Practical_Naming_Chart.pdf,Official Speedpaint 2.0 practical naming chart; relationships deferred
AP_SPEEDPAINT_DUSK_RED,Army Painter,Speedpaint,Speedpaint,SPEEDPAINT,,Dusk Red,DUSK_RED,,,,,,Speedpaint/one-coat,Active/Unknown,A3_Speedpaint_Practical_Naming_Chart.pdf,Official Speedpaint 2.0 practical naming chart; relationships deferred
AP_SPEEDPAINT_ENCHANTED_STEEL,Army Painter,Speedpaint,Speedpaint,SPEEDPAINT,,Enchanted Steel,ENCHANTED_STEEL,,,,,,Speedpaint Metallic,Active/Unknown,A3_Speedpaint_Practical_Naming_Chart.pdf,Official Speedpaint 2.0 practical naming chart; relationships deferred
AP_SPEEDPAINT_FAMILIAR_PINK,Army Painter,Speedpaint,Speedpaint,SPEEDPAINT,,Familiar Pink,FAMILIAR_PINK,,,,,,Speedpaint/one-coat,Active/Unknown,A3_Speedpaint_Practical_Naming_Chart.pdf,Official Speedpaint 2.0 practical naming chart; relationships deferred
AP_SPEEDPAINT_FIRE_DRAKE,Army Painter,Speedpaint,Speedpaint,SPEEDPAINT,,Fire Drake,FIRE_DRAKE,,,,,,Speedpaint/one-coat,Active/Unknown,A3_Speedpaint_Practical_Naming_Chart.pdf,Official Speedpaint 2.0 practical naming chart; relationships deferred
AP_SPEEDPAINT_FIRE_GIANT_ORANGE,Army Painter,Speedpaint,Speedpaint,SPEEDPAINT,,Fire Giant Orange,FIRE_GIANT_ORANGE,,,,,,Speedpaint/one-coat,Active/Unknown,A3_Speedpaint_Practical_Naming_Chart.pdf,Official Speedpaint 2.0 practical naming chart; relationships deferred
AP_SPEEDPAINT_FOREST_SPRITE,Army Painter,Speedpaint,Speedpaint,SPEEDPAINT,,Forest Sprite,FOREST_SPRITE,,,,,,Speedpaint/one-coat,Active/Unknown,A3_Speedpaint_Practical_Naming_Chart.pdf,Official Speedpaint 2.0 practical naming chart; relationships deferred
AP_SPEEDPAINT_GHILLIE_DEW,Army Painter,Speedpaint,Speedpaint,SPEEDPAINT,,Ghillie Dew,GHILLIE_DEW,,,,,,Speedpaint/one-coat,Active/Unknown,A3_Speedpaint_Practical_Naming_Chart.pdf,Official Speedpaint 2.0 practical naming chart; relationships deferred
AP_SPEEDPAINT_GHOUL_GREEN,Army Painter,Speedpaint,Speedpaint,SPEEDPAINT,,Ghoul Green,GHOUL_GREEN,,,,,,Speedpaint/one-coat,Active/Unknown,A3_Speedpaint_Practical_Naming_Chart.pdf,Official Speedpaint 2.0 practical naming chart; relationships deferred
AP_SPEEDPAINT_GLITTERING_LOOT,Army Painter,Speedpaint,Speedpaint,SPEEDPAINT,,Glittering Loot,GLITTERING_LOOT,,,,,,Speedpaint Metallic,Active/Unknown,A3_Speedpaint_Practical_Naming_Chart.pdf,Official Speedpaint 2.0 practical naming chart; relationships deferred
AP_SPEEDPAINT_GODDESS_GLOW,Army Painter,Speedpaint,Speedpaint,SPEEDPAINT,,Goddess Glow,GODDESS_GLOW,,,,,,Speedpaint/one-coat,Active/Unknown,A3_Speedpaint_Practical_Naming_Chart.pdf,Official Speedpaint 2.0 practical naming chart; relationships deferred
AP_SPEEDPAINT_GOLDEN_ARMOUR,Army Painter,Speedpaint,Speedpaint,SPEEDPAINT,,Golden Armour,GOLDEN_ARMOUR,,,,,,Speedpaint Metallic,Active/Unknown,A3_Speedpaint_Practical_Naming_Chart.pdf,Official Speedpaint 2.0 practical naming chart; relationships deferred
AP_SPEEDPAINT_GRAVELORD_GREY,Army Painter,Speedpaint,Speedpaint,SPEEDPAINT,,Gravelord Grey,GRAVELORD_GREY,,,,,,Speedpaint/one-coat,Active/Unknown,A3_Speedpaint_Practical_Naming_Chart.pdf,Official Speedpaint 2.0 practical naming chart; relationships deferred
AP_SPEEDPAINT_GRIM_BLACK,Army Painter,Speedpaint,Speedpaint,SPEEDPAINT,,Grim Black,GRIM_BLACK,,,,,,Speedpaint/one-coat,Active/Unknown,A3_Speedpaint_Practical_Naming_Chart.pdf,Official Speedpaint 2.0 practical naming chart; relationships deferred
AP_SPEEDPAINT_GUNNER_CAMO,Army Painter,Speedpaint,Speedpaint,SPEEDPAINT,,Gunner Camo,GUNNER_CAMO,,,,,,Speedpaint/one-coat,Active/Unknown,A3_Speedpaint_Practical_Naming_Chart.pdf,Official Speedpaint 2.0 practical naming chart; relationships deferred
AP_SPEEDPAINT_HARDENED_LEATHER,Army Painter,Speedpaint,Speedpaint,SPEEDPAINT,,Hardened Leather,HARDENED_LEATHER,,,,,,Speedpaint/one-coat,Active/Unknown,A3_Speedpaint_Practical_Naming_Chart.pdf,Official Speedpaint 2.0 practical naming chart; relationships deferred
AP_SPEEDPAINT_HIGHLORD_BLUE,Army Painter,Speedpaint,Speedpaint,SPEEDPAINT,,Highlord Blue,HIGHLORD_BLUE,,,,,,Speedpaint/one-coat,Active/Unknown,A3_Speedpaint_Practical_Naming_Chart.pdf,Official Speedpaint 2.0 practical naming chart; relationships deferred
AP_SPEEDPAINT_HIVE_DWELLER_PURPLE,Army Painter,Speedpaint,Speedpaint,SPEEDPAINT,,Hive Dweller Purple,HIVE_DWELLER_PURPLE,,,,,,Speedpaint/one-coat,Active/Unknown,A3_Speedpaint_Practical_Naming_Chart.pdf,Official Speedpaint 2.0 practical naming chart; relationships deferred
AP_SPEEDPAINT_HOARD_BRONZE,Army Painter,Speedpaint,Speedpaint,SPEEDPAINT,,Hoard Bronze,HOARD_BRONZE,,,,,,Speedpaint Metallic,Active/Unknown,A3_Speedpaint_Practical_Naming_Chart.pdf,Official Speedpaint 2.0 practical naming chart; relationships deferred
AP_SPEEDPAINT_HOLY_WHITE,Army Painter,Speedpaint,Speedpaint,SPEEDPAINT,,Holy White,HOLY_WHITE,,,,,,Speedpaint/one-coat,Active/Unknown,A3_Speedpaint_Practical_Naming_Chart.pdf,Official Speedpaint 2.0 practical naming chart; relationships deferred
AP_SPEEDPAINT_HOPLITE_GOLD,Army Painter,Speedpaint,Speedpaint,SPEEDPAINT,,Hoplite Gold,HOPLITE_GOLD,,,,,,Speedpaint Metallic,Active/Unknown,A3_Speedpaint_Practical_Naming_Chart.pdf,Official Speedpaint 2.0 practical naming chart; relationships deferred
AP_SPEEDPAINT_HOWLING_SAND,Army Painter,Speedpaint,Speedpaint,SPEEDPAINT,,Howling Sand,HOWLING_SAND,,,,,,Speedpaint/one-coat,Active/Unknown,A3_Speedpaint_Practical_Naming_Chart.pdf,Official Speedpaint 2.0 practical naming chart; relationships deferred
AP_SPEEDPAINT_LIZARDFOLK_CYAN,Army Painter,Speedpaint,Speedpaint,SPEEDPAINT,,Lizardfolk Cyan,LIZARDFOLK_CYAN,,,,,,Speedpaint/one-coat,Active/Unknown,A3_Speedpaint_Practical_Naming_Chart.pdf,Official Speedpaint 2.0 practical naming chart; relationships deferred
AP_SPEEDPAINT_MAGGOT_SKIN,Army Painter,Speedpaint,Speedpaint,SPEEDPAINT,,Maggot Skin,MAGGOT_SKIN,,,,,,Speedpaint/one-coat,Active/Unknown,A3_Speedpaint_Practical_Naming_Chart.pdf,Official Speedpaint 2.0 practical naming chart; relationships deferred
AP_SPEEDPAINT_MAGIC_BLUE,Army Painter,Speedpaint,Speedpaint,SPEEDPAINT,72.021,Magic Blue,MAGIC_BLUE,#024381,2,67,129,"2,67,129",Speedpaint/one-coat,Active/Unknown,A3_Speedpaint_Practical_Naming_Chart.pdf,Official Speedpaint 2.0 practical naming chart; relationships deferred
AP_SPEEDPAINT_MAIZE_YELLOW,Army Painter,Speedpaint,Speedpaint,SPEEDPAINT,,Maize Yellow,MAIZE_YELLOW,,,,,,Speedpaint/one-coat,Active/Unknown,A3_Speedpaint_Practical_Naming_Chart.pdf,Official Speedpaint 2.0 practical naming chart; relationships deferred
AP_SPEEDPAINT_MALIGNANT_GREEN,Army Painter,Speedpaint,Speedpaint,SPEEDPAINT,,Malignant Green,MALIGNANT_GREEN,,,,,,Speedpaint/one-coat,Active/Unknown,A3_Speedpaint_Practical_Naming_Chart.pdf,Official Speedpaint 2.0 practical naming chart; relationships deferred
AP_SPEEDPAINT_MOODY_MAUVE,Army Painter,Speedpaint,Speedpaint,SPEEDPAINT,,Moody Mauve,MOODY_MAUVE,,,,,,Speedpaint/one-coat,Active/Unknown,A3_Speedpaint_Practical_Naming_Chart.pdf,Official Speedpaint 2.0 practical naming chart; relationships deferred
AP_SPEEDPAINT_MOONLAKE_CORAL,Army Painter,Speedpaint,Speedpaint,SPEEDPAINT,,Moonlake Coral,MOONLAKE_CORAL,,,,,,Speedpaint/one-coat,Active/Unknown,A3_Speedpaint_Practical_Naming_Chart.pdf,Official Speedpaint 2.0 practical naming chart; relationships deferred
AP_SPEEDPAINT_MUMMIFIED_GRIME,Army Painter,Speedpaint,Speedpaint,SPEEDPAINT,,Mummified Grime,MUMMIFIED_GRIME,,,,,,Speedpaint/one-coat,Active/Unknown,A3_Speedpaint_Practical_Naming_Chart.pdf,Official Speedpaint 2.0 practical naming chart; relationships deferred
AP_SPEEDPAINT_MURDER_SCENE,Army Painter,Speedpaint,Speedpaint,SPEEDPAINT,,Murder Scene,MURDER_SCENE,,,,,,Speedpaint/one-coat,Active/Unknown,A3_Speedpaint_Practical_Naming_Chart.pdf,Official Speedpaint 2.0 practical naming chart; relationships deferred
AP_SPEEDPAINT_NOBLE_SKIN,Army Painter,Speedpaint,Speedpaint,SPEEDPAINT,,Noble Skin,NOBLE_SKIN,,,,,,Speedpaint/one-coat,Active/Unknown,A3_Speedpaint_Practical_Naming_Chart.pdf,Official Speedpaint 2.0 practical naming chart; relationships deferred
AP_SPEEDPAINT_NUCLEAR_SUNRISE,Army Painter,Speedpaint,Speedpaint,SPEEDPAINT,,Nuclear Sunrise,NUCLEAR_SUNRISE,,,,,,Speedpaint/one-coat,Active/Unknown,A3_Speedpaint_Practical_Naming_Chart.pdf,Official Speedpaint 2.0 practical naming chart; relationships deferred
AP_SPEEDPAINT_OCCULTIST_CLOAK,Army Painter,Speedpaint,Speedpaint,SPEEDPAINT,,Occultist Cloak,OCCULTIST_CLOAK,,,,,,Speedpaint/one-coat,Active/Unknown,A3_Speedpaint_Practical_Naming_Chart.pdf,Official Speedpaint 2.0 practical naming chart; relationships deferred
AP_SPEEDPAINT_OCHRE_CLAY,Army Painter,Speedpaint,Speedpaint,SPEEDPAINT,,Ochre Clay,OCHRE_CLAY,,,,,,Speedpaint/one-coat,Active/Unknown,A3_Speedpaint_Practical_Naming_Chart.pdf,Official Speedpaint 2.0 practical naming chart; relationships deferred
AP_SPEEDPAINT_ORC_SKIN,Army Painter,Speedpaint,Speedpaint,SPEEDPAINT,72.415,Orc Skin,ORC_SKIN,,,,,,Speedpaint/one-coat,Active/Unknown,A3_Speedpaint_Practical_Naming_Chart.pdf,Official Speedpaint 2.0 practical naming chart; relationships deferred
AP_SPEEDPAINT_PALLID_BONE,Army Painter,Speedpaint,Speedpaint,SPEEDPAINT,,Pallid Bone,PALLID_BONE,,,,,,Speedpaint/one-coat,Active/Unknown,A3_Speedpaint_Practical_Naming_Chart.pdf,Official Speedpaint 2.0 practical naming chart; relationships deferred
AP_SPEEDPAINT_PASTEL_INDIGO,Army Painter,Speedpaint,Speedpaint,SPEEDPAINT,,Pastel Indigo,PASTEL_INDIGO,,,,,,Speedpaint/one-coat,Active/Unknown,A3_Speedpaint_Practical_Naming_Chart.pdf,Official Speedpaint 2.0 practical naming chart; relationships deferred
AP_SPEEDPAINT_PASTEL_LAVENDER,Army Painter,Speedpaint,Speedpaint,SPEEDPAINT,,Pastel Lavender,PASTEL_LAVENDER,,,,,,Speedpaint/one-coat,Active/Unknown,A3_Speedpaint_Practical_Naming_Chart.pdf,Official Speedpaint 2.0 practical naming chart; relationships deferred
AP_SPEEDPAINT_PASTEL_SALMON,Army Painter,Speedpaint,Speedpaint,SPEEDPAINT,,Pastel Salmon,PASTEL_SALMON,,,,,,Speedpaint/one-coat,Active/Unknown,A3_Speedpaint_Practical_Naming_Chart.pdf,Official Speedpaint 2.0 practical naming chart; relationships deferred
AP_SPEEDPAINT_PASTEL_SEAFOAM,Army Painter,Speedpaint,Speedpaint,SPEEDPAINT,,Pastel Seafoam,PASTEL_SEAFOAM,,,,,,Speedpaint/one-coat,Active/Unknown,A3_Speedpaint_Practical_Naming_Chart.pdf,Official Speedpaint 2.0 practical naming chart; relationships deferred
AP_SPEEDPAINT_PASTEL_YELLOW,Army Painter,Speedpaint,Speedpaint,SPEEDPAINT,,Pastel Yellow,PASTEL_YELLOW,,,,,,Speedpaint/one-coat,Active/Unknown,A3_Speedpaint_Practical_Naming_Chart.pdf,Official Speedpaint 2.0 practical naming chart; relationships deferred
AP_SPEEDPAINT_PEACHY_FLESH,Army Painter,Speedpaint,Speedpaint,SPEEDPAINT,,Peachy Flesh,PEACHY_FLESH,,,,,,Speedpaint/one-coat,Active/Unknown,A3_Speedpaint_Practical_Naming_Chart.pdf,Official Speedpaint 2.0 practical naming chart; relationships deferred
AP_SPEEDPAINT_PERIWINKLE_PURPLE,Army Painter,Speedpaint,Speedpaint,SPEEDPAINT,,Periwinkle Purple,PERIWINKLE_PURPLE,,,,,,Speedpaint/one-coat,Active/Unknown,A3_Speedpaint_Practical_Naming_Chart.pdf,Official Speedpaint 2.0 practical naming chart; relationships deferred
AP_SPEEDPAINT_PLASMATIC_BOLT,Army Painter,Speedpaint,Speedpaint,SPEEDPAINT,,Plasmatic Bolt,PLASMATIC_BOLT,,,,,,Speedpaint/one-coat,Active/Unknown,A3_Speedpaint_Practical_Naming_Chart.pdf,Official Speedpaint 2.0 practical naming chart; relationships deferred
AP_SPEEDPAINT_POLISHED_SILVER,Army Painter,Speedpaint,Speedpaint,SPEEDPAINT,,Polished Silver,POLISHED_SILVER,,,,,,Speedpaint Metallic,Active/Unknown,A3_Speedpaint_Practical_Naming_Chart.pdf,Official Speedpaint 2.0 practical naming chart; relationships deferred
AP_SPEEDPAINT_POPPY_RED,Army Painter,Speedpaint,Speedpaint,SPEEDPAINT,,Poppy Red,POPPY_RED,,,,,,Speedpaint/one-coat,Active/Unknown,A3_Speedpaint_Practical_Naming_Chart.pdf,Official Speedpaint 2.0 practical naming chart; relationships deferred
AP_SPEEDPAINT_PRINCESS_PINK,Army Painter,Speedpaint,Speedpaint,SPEEDPAINT,,Princess Pink,PRINCESS_PINK,,,,,,Speedpaint/one-coat,Active/Unknown,A3_Speedpaint_Practical_Naming_Chart.pdf,Official Speedpaint 2.0 practical naming chart; relationships deferred
AP_SPEEDPAINT_PURPLE_ALCHEMY,Army Painter,Speedpaint,Speedpaint,SPEEDPAINT,,Purple Alchemy,PURPLE_ALCHEMY,,,,,,Speedpaint/one-coat,Active/Unknown,A3_Speedpaint_Practical_Naming_Chart.pdf,Official Speedpaint 2.0 practical naming chart; relationships deferred
AP_SPEEDPAINT_PURPLE_SWARM,Army Painter,Speedpaint,Speedpaint,SPEEDPAINT,,Purple Swarm,PURPLE_SWARM,,,,,,Speedpaint/one-coat,Active/Unknown,A3_Speedpaint_Practical_Naming_Chart.pdf,Official Speedpaint 2.0 practical naming chart; relationships deferred
AP_SPEEDPAINT_RAGING_SEA,Army Painter,Speedpaint,Speedpaint,SPEEDPAINT,,Raging Sea,RAGING_SEA,,,,,,Speedpaint/one-coat,Active/Unknown,A3_Speedpaint_Practical_Naming_Chart.pdf,Official Speedpaint 2.0 practical naming chart; relationships deferred
AP_SPEEDPAINT_RIGOR_MORTIS,Army Painter,Speedpaint,Speedpaint,SPEEDPAINT,,Rigor Mortis,RIGOR_MORTIS,,,,,,Speedpaint/one-coat,Active/Unknown,A3_Speedpaint_Practical_Naming_Chart.pdf,Official Speedpaint 2.0 practical naming chart; relationships deferred
AP_SPEEDPAINT_ROYAL_ROBES,Army Painter,Speedpaint,Speedpaint,SPEEDPAINT,,Royal Robes,ROYAL_ROBES,,,,,,Speedpaint/one-coat,Active/Unknown,A3_Speedpaint_Practical_Naming_Chart.pdf,Official Speedpaint 2.0 practical naming chart; relationships deferred
AP_SPEEDPAINT_RUDDY_FUR,Army Painter,Speedpaint,Speedpaint,SPEEDPAINT,,Ruddy Fur,RUDDY_FUR,,,,,,Speedpaint/one-coat,Active/Unknown,A3_Speedpaint_Practical_Naming_Chart.pdf,Official Speedpaint 2.0 practical naming chart; relationships deferred
AP_SPEEDPAINT_RUNIC_GREY,Army Painter,Speedpaint,Speedpaint,SPEEDPAINT,,Runic Grey,RUNIC_GREY,,,,,,Speedpaint/one-coat,Active/Unknown,A3_Speedpaint_Practical_Naming_Chart.pdf,Official Speedpaint 2.0 practical naming chart; relationships deferred
AP_SPEEDPAINT_SAND_GOLEM,Army Painter,Speedpaint,Speedpaint,SPEEDPAINT,,Sand Golem,SAND_GOLEM,,,,,,Speedpaint/one-coat,Active/Unknown,A3_Speedpaint_Practical_Naming_Chart.pdf,Official Speedpaint 2.0 practical naming chart; relationships deferred
AP_SPEEDPAINT_SATCHEL_BROWN,Army Painter,Speedpaint,Speedpaint,SPEEDPAINT,,Satchel Brown,SATCHEL_BROWN,,,,,,Speedpaint/one-coat,Active/Unknown,A3_Speedpaint_Practical_Naming_Chart.pdf,Official Speedpaint 2.0 practical naming chart; relationships deferred
AP_SPEEDPAINT_SHAMROCK_GREEN,Army Painter,Speedpaint,Speedpaint,SPEEDPAINT,,Shamrock Green,SHAMROCK_GREEN,,,,,,Speedpaint/one-coat,Active/Unknown,A3_Speedpaint_Practical_Naming_Chart.pdf,Official Speedpaint 2.0 practical naming chart; relationships deferred
AP_SPEEDPAINT_SLAUGHTER_RED,Army Painter,Speedpaint,Speedpaint,SPEEDPAINT,,Slaughter Red,SLAUGHTER_RED,,,,,,Speedpaint/one-coat,Active/Unknown,A3_Speedpaint_Practical_Naming_Chart.pdf,Official Speedpaint 2.0 practical naming chart; relationships deferred
AP_SPEEDPAINT_SPEEDPAINT_MEDIUM,Army Painter,Speedpaint,Speedpaint,SPEEDPAINT,,Speedpaint Medium,SPEEDPAINT_MEDIUM,,,,,,Speedpaint/one-coat,Active/Unknown,A3_Speedpaint_Practical_Naming_Chart.pdf,Official Speedpaint 2.0 practical naming chart; relationships deferred
AP_SPEEDPAINT_TALOS_BRONZE,Army Painter,Speedpaint,Speedpaint,SPEEDPAINT,,Talos Bronze,TALOS_BRONZE,,,,,,Speedpaint Metallic,Active/Unknown,A3_Speedpaint_Practical_Naming_Chart.pdf,Official Speedpaint 2.0 practical naming chart; relationships deferred
AP_SPEEDPAINT_THUNDERBIRD_BLUE,Army Painter,Speedpaint,Speedpaint,SPEEDPAINT,,Thunderbird Blue,THUNDERBIRD_BLUE,,,,,,Speedpaint/one-coat,Active/Unknown,A3_Speedpaint_Practical_Naming_Chart.pdf,Official Speedpaint 2.0 practical naming chart; relationships deferred
AP_SPEEDPAINT_TIDAL_WAVE,Army Painter,Speedpaint,Speedpaint,SPEEDPAINT,,Tidal Wave,TIDAL_WAVE,,,,,,Speedpaint/one-coat,Active/Unknown,A3_Speedpaint_Practical_Naming_Chart.pdf,Official Speedpaint 2.0 practical naming chart; relationships deferred
AP_SPEEDPAINT_TYRIAN_NAVY,Army Painter,Speedpaint,Speedpaint,SPEEDPAINT,,Tyrian Navy,TYRIAN_NAVY,,,,,,Speedpaint/one-coat,Active/Unknown,A3_Speedpaint_Practical_Naming_Chart.pdf,Official Speedpaint 2.0 practical naming chart; relationships deferred
AP_SPEEDPAINT_WARRIOR_SKIN,Army Painter,Speedpaint,Speedpaint,SPEEDPAINT,,Warrior Skin,WARRIOR_SKIN,,,,,,Speedpaint/one-coat,Active/Unknown,A3_Speedpaint_Practical_Naming_Chart.pdf,Official Speedpaint 2.0 practical naming chart; relationships deferred
AP_SPEEDPAINT_ZEALOT_YELLOW,Army Painter,Speedpaint,Speedpaint,SPEEDPAINT,,Zealot Yellow,ZEALOT_YELLOW,,,,,,Speedpaint/one-coat,Active/Unknown,A3_Speedpaint_Practical_Naming_Chart.pdf,Official Speedpaint 2.0 practical naming chart; relationships deferred
AP_AIR_AIRBRUSH_CLEANER,Army Painter,Warpaints Air,Air,AIR,,Airbrush Cleaner,AIRBRUSH_CLEANER,,,,,,Auxiliary,Active/Unknown,All_Warpaints_Air.pdf,Official Warpaints Air poster; Hex/RGB filled only if already available from supplied swatch data
AP_AIR_AIRBRUSH_MEDIUM,Army Painter,Warpaints Air,Air,AIR,,Airbrush Medium,AIRBRUSH_MEDIUM,,,,,,Auxiliary,Active/Unknown,All_Warpaints_Air.pdf,Official Warpaints Air poster; Hex/RGB filled only if already available from supplied swatch data
AP_AIR_ALIEN_PURPLE,Army Painter,Warpaints Air,Air,AIR,72.076,Alien Purple,ALIEN_PURPLE,#50317B,80,49,123,"80,49,123",Air,Active/Unknown,All_Warpaints_Air.pdf,Official Warpaints Air poster; Hex/RGB filled only if already available from supplied swatch data
AP_AIR_ANGEL_GREEN,Army Painter,Warpaints Air,Air,AIR,72.123,Angel Green,ANGEL_GREEN,#0C391D,12,57,29,"12,57,29",Air,Active/Unknown,All_Warpaints_Air.pdf,Official Warpaints Air poster; Hex/RGB filled only if already available from supplied swatch data
AP_AIR_ARCHANGEL_RED,Army Painter,Warpaints Air,Air,AIR,,Archangel Red,ARCHANGEL_RED,,,,,,Air,Active/Unknown,All_Warpaints_Air.pdf,Official Warpaints Air poster; Hex/RGB filled only if already available from supplied swatch data
AP_AIR_ARMY_GREEN,Army Painter,Warpaints Air,Air,AIR,WP3068,Army Green,ARMY_GREEN,#6E7645,110,118,69,"110,118,69",Air,Active/Unknown,All_Warpaints_Air.pdf,Official Warpaints Air poster; Hex/RGB filled only if already available from supplied swatch data
AP_AIR_AZURE_MAGIC,Army Painter,Warpaints Air,Air,AIR,,Azure Magic,AZURE_MAGIC,,,,,,Air Metallic/Effect,Active/Unknown,All_Warpaints_Air.pdf,Official Warpaints Air poster; Hex/RGB filled only if already available from supplied swatch data
AP_AIR_BARBARIAN_FLESH,Army Painter,Warpaints Air,Air,AIR,WP3147,Barbarian Flesh,BARBARIAN_FLESH,#E89C6C,232,156,108,"232,156,108",Air,Active/Unknown,All_Warpaints_Air.pdf,Official Warpaints Air poster; Hex/RGB filled only if already available from supplied swatch data
AP_AIR_BARREN_YELLOW,Army Painter,Warpaints Air,Air,AIR,,Barren Yellow,BARREN_YELLOW,,,,,,Air,Active/Unknown,All_Warpaints_Air.pdf,Official Warpaints Air poster; Hex/RGB filled only if already available from supplied swatch data
AP_AIR_BLEACHED_BONE,Army Painter,Warpaints Air,Air,AIR,,Bleached Bone,BLEACHED_BONE,#EFD9A8,239,217,168,"239,217,168",Air,Active/Unknown,All_Warpaints_Air.pdf,Official Warpaints Air poster; Hex/RGB filled only if already available from supplied swatch data
AP_AIR_BLUE_FLUX,Army Painter,Warpaints Air,Air,AIR,,Blue Flux,BLUE_FLUX,,,,,,Air,Active/Unknown,All_Warpaints_Air.pdf,Official Warpaints Air poster; Hex/RGB filled only if already available from supplied swatch data
AP_AIR_BOGEY_GREEN,Army Painter,Warpaints Air,Air,AIR,,Bogey Green,BOGEY_GREEN,,,,,,Air,Active/Unknown,All_Warpaints_Air.pdf,Official Warpaints Air poster; Hex/RGB filled only if already available from supplied swatch data
AP_AIR_BRETHIL_BLUSH,Army Painter,Warpaints Air,Air,AIR,,Brethil Blush,BRETHIL_BLUSH,,,,,,Air,Active/Unknown,All_Warpaints_Air.pdf,Official Warpaints Air poster; Hex/RGB filled only if already available from supplied swatch data
AP_AIR_BRIGHT_GOLD,Army Painter,Warpaints Air,Air,AIR,,Bright Gold,BRIGHT_GOLD,,,,,,Air Metallic/Effect,Active/Unknown,All_Warpaints_Air.pdf,Official Warpaints Air poster; Hex/RGB filled only if already available from supplied swatch data
AP_AIR_BROODMOTHER_PURPLE,Army Painter,Warpaints Air,Air,AIR,,Broodmother Purple,BROODMOTHER_PURPLE,,,,,,Air,Active/Unknown,All_Warpaints_Air.pdf,Official Warpaints Air poster; Hex/RGB filled only if already available from supplied swatch data
AP_AIR_BULLWHACK_BROWN,Army Painter,Warpaints Air,Air,AIR,,Bullwhack Brown,BULLWHACK_BROWN,,,,,,Air,Active/Unknown,All_Warpaints_Air.pdf,Official Warpaints Air poster; Hex/RGB filled only if already available from supplied swatch data
AP_AIR_CADRE_GREY,Army Painter,Warpaints Air,Air,AIR,,Cadre Grey,CADRE_GREY,,,,,,Air,Active/Unknown,All_Warpaints_Air.pdf,Official Warpaints Air poster; Hex/RGB filled only if already available from supplied swatch data
AP_AIR_CANOPY_GREEN,Army Painter,Warpaints Air,Air,AIR,,Canopy Green,CANOPY_GREEN,,,,,,Air,Active/Unknown,All_Warpaints_Air.pdf,Official Warpaints Air poster; Hex/RGB filled only if already available from supplied swatch data
AP_AIR_CHAOTIC_RED,Army Painter,Warpaints Air,Air,AIR,,Chaotic Red,CHAOTIC_RED,#6C1E10,108,30,16,"108,30,16",Air,Active/Unknown,All_Warpaints_Air.pdf,Official Warpaints Air poster; Hex/RGB filled only if already available from supplied swatch data
AP_AIR_CHARRED_BONE,Army Painter,Warpaints Air,Air,AIR,,Charred Bone,CHARRED_BONE,,,,,,Air,Active/Unknown,All_Warpaints_Air.pdf,Official Warpaints Air poster; Hex/RGB filled only if already available from supplied swatch data
AP_AIR_CHIMERA_RED,Army Painter,Warpaints Air,Air,AIR,,Chimera Red,CHIMERA_RED,,,,,,Air,Active/Unknown,All_Warpaints_Air.pdf,Official Warpaints Air poster; Hex/RGB filled only if already available from supplied swatch data
AP_AIR_CONSUL_BLUE,Army Painter,Warpaints Air,Air,AIR,,Consul Blue,CONSUL_BLUE,,,,,,Air,Active/Unknown,All_Warpaints_Air.pdf,Official Warpaints Air poster; Hex/RGB filled only if already available from supplied swatch data
AP_AIR_COSMIC_DUST,Army Painter,Warpaints Air,Air,AIR,,Cosmic Dust,COSMIC_DUST,,,,,,Air Metallic/Effect,Active/Unknown,All_Warpaints_Air.pdf,Official Warpaints Air poster; Hex/RGB filled only if already available from supplied swatch data
AP_AIR_COVEN_PURPLE,Army Painter,Warpaints Air,Air,AIR,,Coven Purple,COVEN_PURPLE,,,,,,Air,Active/Unknown,All_Warpaints_Air.pdf,Official Warpaints Air poster; Hex/RGB filled only if already available from supplied swatch data
AP_AIR_CROW_HUE,Army Painter,Warpaints Air,Air,AIR,,Crow Hue,CROW_HUE,,,,,,Air,Active/Unknown,All_Warpaints_Air.pdf,Official Warpaints Air poster; Hex/RGB filled only if already available from supplied swatch data
AP_AIR_CRYSTAL_BLUE,Army Painter,Warpaints Air,Air,AIR,WP3028,Crystal Blue,CRYSTAL_BLUE,#0083C2,0,131,194,"0,131,194",Air,Active/Unknown,All_Warpaints_Air.pdf,Official Warpaints Air poster; Hex/RGB filled only if already available from supplied swatch data
AP_AIR_CYPRESS_BROWN,Army Painter,Warpaints Air,Air,AIR,,Cypress Brown,CYPRESS_BROWN,,,,,,Air,Active/Unknown,All_Warpaints_Air.pdf,Official Warpaints Air poster; Hex/RGB filled only if already available from supplied swatch data
AP_AIR_DAEMONIC_YELLOW,Army Painter,Warpaints Air,Air,AIR,WP3093,Daemonic Yellow,DAEMONIC_YELLOW,#FADA06,250,218,6,"250,218,6",Air,Active/Unknown,All_Warpaints_Air.pdf,Official Warpaints Air poster; Hex/RGB filled only if already available from supplied swatch data
AP_AIR_DARK_SKY,Army Painter,Warpaints Air,Air,AIR,,Dark Sky,DARK_SKY,#2B4B5F,43,75,95,"43,75,95",Air,Active/Unknown,All_Warpaints_Air.pdf,Official Warpaints Air poster; Hex/RGB filled only if already available from supplied swatch data
AP_AIR_DESERT_YELLOW,Army Painter,Warpaints Air,Air,AIR,72.063,Desert Yellow,DESERT_YELLOW,#9C8855,156,136,85,"156,136,85",Air,Active/Unknown,All_Warpaints_Air.pdf,Official Warpaints Air poster; Hex/RGB filled only if already available from supplied swatch data
AP_AIR_DRAB_GREEN,Army Painter,Warpaints Air,Air,AIR,,Drab Green,DRAB_GREEN,,,,,,Air,Active/Unknown,All_Warpaints_Air.pdf,Official Warpaints Air poster; Hex/RGB filled only if already available from supplied swatch data
AP_AIR_DRAGON_RED,Army Painter,Warpaints Air,Air,AIR,WP3117,Dragon Red,DRAGON_RED,#9A1B1E,154,27,30,"154,27,30",Air,Active/Unknown,All_Warpaints_Air.pdf,Official Warpaints Air poster; Hex/RGB filled only if already available from supplied swatch data
AP_AIR_ELEMENTAL_BOLT,Army Painter,Warpaints Air,Air,AIR,,Elemental Bolt,ELEMENTAL_BOLT,#009A82,0,154,130,"0,154,130",Air,Active/Unknown,All_Warpaints_Air.pdf,Official Warpaints Air poster; Hex/RGB filled only if already available from supplied swatch data
AP_AIR_ELVEN_ARMOUR,Army Painter,Warpaints Air,Air,AIR,,Elven Armour,ELVEN_ARMOUR,,,,,,Air Metallic/Effect,Active/Unknown,All_Warpaints_Air.pdf,Official Warpaints Air poster; Hex/RGB filled only if already available from supplied swatch data
AP_AIR_ELVEN_FLESH,Army Painter,Warpaints Air,Air,AIR,,Elven Flesh,ELVEN_FLESH,#495122,73,81,34,"73,81,34",Air,Active/Unknown,All_Warpaints_Air.pdf,Official Warpaints Air poster; Hex/RGB filled only if already available from supplied swatch data
AP_AIR_ENCARMINE_RED,Army Painter,Warpaints Air,Air,AIR,,Encarmine Red,ENCARMINE_RED,,,,,,Air,Active/Unknown,All_Warpaints_Air.pdf,Official Warpaints Air poster; Hex/RGB filled only if already available from supplied swatch data
AP_AIR_EVIL_CHROME,Army Painter,Warpaints Air,Air,AIR,,Evil Chrome,EVIL_CHROME,,,,,,Air,Active/Unknown,All_Warpaints_Air.pdf,Official Warpaints Air poster; Hex/RGB filled only if already available from supplied swatch data
AP_AIR_EXILE_GREEN,Army Painter,Warpaints Air,Air,AIR,,Exile Green,EXILE_GREEN,,,,,,Air,Active/Unknown,All_Warpaints_Air.pdf,Official Warpaints Air poster; Hex/RGB filled only if already available from supplied swatch data
AP_AIR_FAIRY_DUST,Army Painter,Warpaints Air,Air,AIR,,Fairy Dust,FAIRY_DUST,,,,,,Air Metallic/Effect,Active/Unknown,All_Warpaints_Air.pdf,Official Warpaints Air poster; Hex/RGB filled only if already available from supplied swatch data
AP_AIR_FAIRY_PINK,Army Painter,Warpaints Air,Air,AIR,,Fairy Pink,FAIRY_PINK,,,,,,Air,Active/Unknown,All_Warpaints_Air.pdf,Official Warpaints Air poster; Hex/RGB filled only if already available from supplied swatch data
AP_AIR_FERAL_GREEN,Army Painter,Warpaints Air,Air,AIR,,Feral Green,FERAL_GREEN,,,,,,Air,Active/Unknown,All_Warpaints_Air.pdf,Official Warpaints Air poster; Hex/RGB filled only if already available from supplied swatch data
AP_AIR_FEY_PINK,Army Painter,Warpaints Air,Air,AIR,,Fey Pink,FEY_PINK,,,,,,Air,Active/Unknown,All_Warpaints_Air.pdf,Official Warpaints Air poster; Hex/RGB filled only if already available from supplied swatch data
AP_AIR_FEYWILD_GLOW,Army Painter,Warpaints Air,Air,AIR,,Feywild Glow,FEYWILD_GLOW,,,,,,Air,Active/Unknown,All_Warpaints_Air.pdf,Official Warpaints Air poster; Hex/RGB filled only if already available from supplied swatch data
AP_AIR_FUR_BROWN,Army Painter,Warpaints Air,Air,AIR,WP3112,Fur Brown,FUR_BROWN,#A14322,161,67,34,"161,67,34",Air,Active/Unknown,All_Warpaints_Air.pdf,Official Warpaints Air poster; Hex/RGB filled only if already available from supplied swatch data
AP_AIR_GAUSS_GREEN,Army Painter,Warpaints Air,Air,AIR,,Gauss Green,GAUSS_GREEN,,,,,,Air,Active/Unknown,All_Warpaints_Air.pdf,Official Warpaints Air poster; Hex/RGB filled only if already available from supplied swatch data
AP_AIR_GEMSTONE_RED,Army Painter,Warpaints Air,Air,AIR,,Gemstone Red,GEMSTONE_RED,,,,,,Air Metallic/Effect,Active/Unknown,All_Warpaints_Air.pdf,Official Warpaints Air poster; Hex/RGB filled only if already available from supplied swatch data
AP_AIR_GLITTERING_GREEN,Army Painter,Warpaints Air,Air,AIR,,Glittering Green,GLITTERING_GREEN,,,,,,Air Metallic/Effect,Active/Unknown,All_Warpaints_Air.pdf,Official Warpaints Air poster; Hex/RGB filled only if already available from supplied swatch data
AP_AIR_GLOSS_VARNISH,Army Painter,Warpaints Air,Air,AIR,70.510,Gloss Varnish,GLOSS_VARNISH,,,,,,Auxiliary,Active/Unknown,All_Warpaints_Air.pdf,Official Warpaints Air poster; Hex/RGB filled only if already available from supplied swatch data
AP_AIR_GNOME_CHEEKS,Army Painter,Warpaints Air,Air,AIR,,Gnome Cheeks,GNOME_CHEEKS,,,,,,Air,Active/Unknown,All_Warpaints_Air.pdf,Official Warpaints Air poster; Hex/RGB filled only if already available from supplied swatch data
AP_AIR_GOBLIN_GREEN,Army Painter,Warpaints Air,Air,AIR,72.030,Goblin Green,GOBLIN_GREEN,#63B521,99,181,33,"99,181,33",Air,Active/Unknown,All_Warpaints_Air.pdf,Official Warpaints Air poster; Hex/RGB filled only if already available from supplied swatch data
AP_AIR_GREEDY_GOLD,Army Painter,Warpaints Air,Air,AIR,,Greedy Gold,GREEDY_GOLD,,,,,,Air Metallic/Effect,Active/Unknown,All_Warpaints_Air.pdf,Official Warpaints Air poster; Hex/RGB filled only if already available from supplied swatch data
AP_AIR_GREENSKIN,Army Painter,Warpaints Air,Air,AIR,WP3051,Greenskin,GREENSKIN,#136232,19,98,50,"19,98,50",Air,Active/Unknown,All_Warpaints_Air.pdf,Official Warpaints Air poster; Hex/RGB filled only if already available from supplied swatch data
AP_AIR_GREMLIN_GREEN,Army Painter,Warpaints Air,Air,AIR,,Gremlin Green,GREMLIN_GREEN,,,,,,Air,Active/Unknown,All_Warpaints_Air.pdf,Official Warpaints Air poster; Hex/RGB filled only if already available from supplied swatch data
AP_AIR_GUN_METAL,Army Painter,Warpaints Air,Air,AIR,71.072,Gun Metal,GUN_METAL,#393939,57,57,57,"57,57,57",Air Metallic/Effect,Active/Unknown,All_Warpaints_Air.pdf,Official Warpaints Air poster; Hex/RGB filled only if already available from supplied swatch data
AP_AIR_HAZARDOUS_SMOG,Army Painter,Warpaints Air,Air,AIR,,Hazardous Smog,HAZARDOUS_SMOG,,,,,,Air,Active/Unknown,All_Warpaints_Air.pdf,Official Warpaints Air poster; Hex/RGB filled only if already available from supplied swatch data
AP_AIR_HOBGOBLIN_HUE,Army Painter,Warpaints Air,Air,AIR,,Hobgoblin Hue,HOBGOBLIN_HUE,,,,,,Air,Active/Unknown,All_Warpaints_Air.pdf,Official Warpaints Air poster; Hex/RGB filled only if already available from supplied swatch data
AP_AIR_HOT_PINK,Army Painter,Warpaints Air,Air,AIR,,Hot Pink,HOT_PINK,,,,,,Air,Active/Unknown,All_Warpaints_Air.pdf,Official Warpaints Air poster; Hex/RGB filled only if already available from supplied swatch data
AP_AIR_HUSK_BROWN,Army Painter,Warpaints Air,Air,AIR,,Husk Brown,HUSK_BROWN,,,,,,Air,Active/Unknown,All_Warpaints_Air.pdf,Official Warpaints Air poster; Hex/RGB filled only if already available from supplied swatch data
AP_AIR_HYDRA_TURQUOISE,Army Painter,Warpaints Air,Air,AIR,WP3038,Hydra Turquoise,HYDRA_TURQUOISE,#199BA3,25,155,163,"25,155,163",Air,Active/Unknown,All_Warpaints_Air.pdf,Official Warpaints Air poster; Hex/RGB filled only if already available from supplied swatch data
AP_AIR_IMP_YELLOW,Army Painter,Warpaints Air,Air,AIR,,Imp Yellow,IMP_YELLOW,,,,,,Air,Active/Unknown,All_Warpaints_Air.pdf,Official Warpaints Air poster; Hex/RGB filled only if already available from supplied swatch data
AP_AIR_INCURSION_ORANGE,Army Painter,Warpaints Air,Air,AIR,,Incursion Orange,INCURSION_ORANGE,,,,,,Air,Active/Unknown,All_Warpaints_Air.pdf,Official Warpaints Air poster; Hex/RGB filled only if already available from supplied swatch data
AP_AIR_IONIC_BLUE,Army Painter,Warpaints Air,Air,AIR,,Ionic Blue,IONIC_BLUE,,,,,,Air,Active/Unknown,All_Warpaints_Air.pdf,Official Warpaints Air poster; Hex/RGB filled only if already available from supplied swatch data
AP_AIR_IRON_WOLF,Army Painter,Warpaints Air,Air,AIR,,Iron Wolf,IRON_WOLF,,,,,,Air Metallic/Effect,Active/Unknown,All_Warpaints_Air.pdf,Official Warpaints Air poster; Hex/RGB filled only if already available from supplied swatch data
AP_AIR_JUNGLE_GREEN,Army Painter,Warpaints Air,Air,AIR,,Jungle Green,JUNGLE_GREEN,#88AC2E,136,172,46,"136,172,46",Air,Active/Unknown,All_Warpaints_Air.pdf,Official Warpaints Air poster; Hex/RGB filled only if already available from supplied swatch data
AP_AIR_KOBOLD_SKIN,Army Painter,Warpaints Air,Air,AIR,,Kobold Skin,KOBOLD_SKIN,#C9A484,201,164,132,"201,164,132",Air,Active/Unknown,All_Warpaints_Air.pdf,Official Warpaints Air poster; Hex/RGB filled only if already available from supplied swatch data
AP_AIR_LAVA_ORANGE,Army Painter,Warpaints Air,Air,AIR,WP3099,Lava Orange,LAVA_ORANGE,#E65525,230,85,37,"230,85,37",Air,Active/Unknown,All_Warpaints_Air.pdf,Official Warpaints Air poster; Hex/RGB filled only if already available from supplied swatch data
AP_AIR_LEATHER_BROWN,Army Painter,Warpaints Air,Air,AIR,72.040,Leather Brown,LEATHER_BROWN,#764823,118,72,35,"118,72,35",Air,Active/Unknown,All_Warpaints_Air.pdf,Official Warpaints Air poster; Hex/RGB filled only if already available from supplied swatch data
AP_AIR_LEVIATHAN_LIGHT,Army Painter,Warpaints Air,Air,AIR,,Leviathan Light,LEVIATHAN_LIGHT,,,,,,Air,Active/Unknown,All_Warpaints_Air.pdf,Official Warpaints Air poster; Hex/RGB filled only if already available from supplied swatch data
AP_AIR_MAGNOLIA_BROWN,Army Painter,Warpaints Air,Air,AIR,,Magnolia Brown,MAGNOLIA_BROWN,,,,,,Air,Active/Unknown,All_Warpaints_Air.pdf,Official Warpaints Air poster; Hex/RGB filled only if already available from supplied swatch data
AP_AIR_MAJESTIC_FORTRESS,Army Painter,Warpaints Air,Air,AIR,,Majestic Fortress,MAJESTIC_FORTRESS,,,,,,Air,Active/Unknown,All_Warpaints_Air.pdf,Official Warpaints Air poster; Hex/RGB filled only if already available from supplied swatch data
AP_AIR_MATT_BLACK,Army Painter,Warpaints Air,Air,AIR,WP3001,Matt Black,MATT_BLACK,#231F20,35,31,32,"35,31,32",Air,Active/Unknown,All_Warpaints_Air.pdf,Official Warpaints Air poster; Hex/RGB filled only if already available from supplied swatch data
AP_AIR_MATT_BLACK_PRIMER,Army Painter,Warpaints Air,Air,AIR,,Matt Black Primer,MATT_BLACK_PRIMER,,,,,,Primer,Active/Unknown,All_Warpaints_Air.pdf,Official Warpaints Air poster; Hex/RGB filled only if already available from supplied swatch data
AP_AIR_MATT_GREY_PRIMER,Army Painter,Warpaints Air,Air,AIR,,Matt Grey Primer,MATT_GREY_PRIMER,,,,,,Primer,Active/Unknown,All_Warpaints_Air.pdf,Official Warpaints Air poster; Hex/RGB filled only if already available from supplied swatch data
AP_AIR_MATT_VARNISH,Army Painter,Warpaints Air,Air,AIR,70.520,Matt Varnish,MATT_VARNISH,,,,,,Auxiliary,Active/Unknown,All_Warpaints_Air.pdf,Official Warpaints Air poster; Hex/RGB filled only if already available from supplied swatch data
AP_AIR_MATT_WHITE,Army Painter,Warpaints Air,Air,AIR,WP3012,Matt White,MATT_WHITE,#FFFFFF,255,255,255,"255,255,255",Air,Active/Unknown,All_Warpaints_Air.pdf,Official Warpaints Air poster; Hex/RGB filled only if already available from supplied swatch data
AP_AIR_MATT_WHITE_PRIMER,Army Painter,Warpaints Air,Air,AIR,,Matt White Primer,MATT_WHITE_PRIMER,,,,,,Primer,Active/Unknown,All_Warpaints_Air.pdf,Official Warpaints Air poster; Hex/RGB filled only if already available from supplied swatch data
AP_AIR_METEOR_ROCK,Army Painter,Warpaints Air,Air,AIR,,Meteor Rock,METEOR_ROCK,,,,,,Air,Active/Unknown,All_Warpaints_Air.pdf,Official Warpaints Air poster; Hex/RGB filled only if already available from supplied swatch data
AP_AIR_MILITIA_GREEN,Army Painter,Warpaints Air,Air,AIR,,Militia Green,MILITIA_GREEN,,,,,,Air,Active/Unknown,All_Warpaints_Air.pdf,Official Warpaints Air poster; Hex/RGB filled only if already available from supplied swatch data
AP_AIR_MOLTEN_ORANGE,Army Painter,Warpaints Air,Air,AIR,,Molten Orange,MOLTEN_ORANGE,,,,,,Air,Active/Unknown,All_Warpaints_Air.pdf,Official Warpaints Air poster; Hex/RGB filled only if already available from supplied swatch data
AP_AIR_MOON_DUST,Army Painter,Warpaints Air,Air,AIR,,Moon Dust,MOON_DUST,#E8D468,232,212,104,"232,212,104",Air Metallic/Effect,Active/Unknown,All_Warpaints_Air.pdf,Official Warpaints Air poster; Hex/RGB filled only if already available from supplied swatch data
AP_AIR_NECROTIC_FLESH,Army Painter,Warpaints Air,Air,AIR,WP3071,Necrotic Flesh,NECROTIC_FLESH,#BFC292,191,194,146,"191,194,146",Air,Active/Unknown,All_Warpaints_Air.pdf,Official Warpaints Air poster; Hex/RGB filled only if already available from supplied swatch data
AP_AIR_NEON_YELLOW,Army Painter,Warpaints Air,Air,AIR,,Neon Yellow,NEON_YELLOW,,,,,,Air,Active/Unknown,All_Warpaints_Air.pdf,Official Warpaints Air poster; Hex/RGB filled only if already available from supplied swatch data
AP_AIR_NIGHT_SCALES,Army Painter,Warpaints Air,Air,AIR,,Night Scales,NIGHT_SCALES,,,,,,Air,Active/Unknown,All_Warpaints_Air.pdf,Official Warpaints Air poster; Hex/RGB filled only if already available from supplied swatch data
AP_AIR_NOMAD_FLESH,Army Painter,Warpaints Air,Air,AIR,,Nomad Flesh,NOMAD_FLESH,,,,,,Air,Active/Unknown,All_Warpaints_Air.pdf,Official Warpaints Air poster; Hex/RGB filled only if already available from supplied swatch data
AP_AIR_OAK_BROWN,Army Painter,Warpaints Air,Air,AIR,WP3109,Oak Brown,OAK_BROWN,#432010,67,32,16,"67,32,16",Air,Active/Unknown,All_Warpaints_Air.pdf,Official Warpaints Air poster; Hex/RGB filled only if already available from supplied swatch data
AP_AIR_OCEAN_DEPTHS,Army Painter,Warpaints Air,Air,AIR,,Ocean Depths,OCEAN_DEPTHS,,,,,,Air,Active/Unknown,All_Warpaints_Air.pdf,Official Warpaints Air poster; Hex/RGB filled only if already available from supplied swatch data
AP_AIR_OMEGA_BLUE,Army Painter,Warpaints Air,Air,AIR,72.413,Omega Blue,OMEGA_BLUE,,,,,,Air,Active/Unknown,All_Warpaints_Air.pdf,Official Warpaints Air poster; Hex/RGB filled only if already available from supplied swatch data
AP_AIR_ORANGE_MAGMA,Army Painter,Warpaints Air,Air,AIR,,Orange Magma,ORANGE_MAGMA,,,,,,Air,Active/Unknown,All_Warpaints_Air.pdf,Official Warpaints Air poster; Hex/RGB filled only if already available from supplied swatch data
AP_AIR_PESTILENT_FLESH,Army Painter,Warpaints Air,Air,AIR,,Pestilent Flesh,PESTILENT_FLESH,,,,,,Air,Active/Unknown,All_Warpaints_Air.pdf,Official Warpaints Air poster; Hex/RGB filled only if already available from supplied swatch data
AP_AIR_PHANTASMAL_BLUE,Army Painter,Warpaints Air,Air,AIR,,Phantasmal Blue,PHANTASMAL_BLUE,,,,,,Air,Active/Unknown,All_Warpaints_Air.pdf,Official Warpaints Air poster; Hex/RGB filled only if already available from supplied swatch data
AP_AIR_PIXIE_PINK,Army Painter,Warpaints Air,Air,AIR,WP3123,Pixie Pink,PIXIE_PINK,#D47A83,212,122,131,"212,122,131",Air,Active/Unknown,All_Warpaints_Air.pdf,Official Warpaints Air poster; Hex/RGB filled only if already available from supplied swatch data
AP_AIR_PLATE_MAIL_METAL,Army Painter,Warpaints Air,Air,AIR,,Plate Mail Metal,PLATE_MAIL_METAL,,,,,,Air Metallic/Effect,Active/Unknown,All_Warpaints_Air.pdf,Official Warpaints Air poster; Hex/RGB filled only if already available from supplied swatch data
AP_AIR_POTION_GREEN,Army Painter,Warpaints Air,Air,AIR,,Potion Green,POTION_GREEN,,,,,,Air,Active/Unknown,All_Warpaints_Air.pdf,Official Warpaints Air poster; Hex/RGB filled only if already available from supplied swatch data
AP_AIR_PSYCHIC_SHOCK,Army Painter,Warpaints Air,Air,AIR,,Psychic Shock,PSYCHIC_SHOCK,,,,,,Air,Active/Unknown,All_Warpaints_Air.pdf,Official Warpaints Air poster; Hex/RGB filled only if already available from supplied swatch data
AP_AIR_PURE_RED,Army Painter,Warpaints Air,Air,AIR,WP3118,Pure Red,PURE_RED,#CF2127,207,33,39,"207,33,39",Air,Active/Unknown,All_Warpaints_Air.pdf,Official Warpaints Air poster; Hex/RGB filled only if already available from supplied swatch data
AP_AIR_RAVEN_BLACK,Army Painter,Warpaints Air,Air,AIR,,Raven Black,RAVEN_BLACK,,,,,,Air,Active/Unknown,All_Warpaints_Air.pdf,Official Warpaints Air poster; Hex/RGB filled only if already available from supplied swatch data
AP_AIR_RAWHIDE_BROWN,Army Painter,Warpaints Air,Air,AIR,,Rawhide Brown,RAWHIDE_BROWN,,,,,,Air,Active/Unknown,All_Warpaints_Air.pdf,Official Warpaints Air poster; Hex/RGB filled only if already available from supplied swatch data
AP_AIR_REBEL_RED,Army Painter,Warpaints Air,Air,AIR,,Rebel Red,REBEL_RED,,,,,,Air,Active/Unknown,All_Warpaints_Air.pdf,Official Warpaints Air poster; Hex/RGB filled only if already available from supplied swatch data
AP_AIR_REGIMENT_GREY,Army Painter,Warpaints Air,Air,AIR,,Regiment Grey,REGIMENT_GREY,,,,,,Air,Active/Unknown,All_Warpaints_Air.pdf,Official Warpaints Air poster; Hex/RGB filled only if already available from supplied swatch data
AP_AIR_ROUGH_IRON,Army Painter,Warpaints Air,Air,AIR,,Rough Iron,ROUGH_IRON,,,,,,Air Metallic/Effect,Active/Unknown,All_Warpaints_Air.pdf,Official Warpaints Air poster; Hex/RGB filled only if already available from supplied swatch data
AP_AIR_ROYAL_PURPLE,Army Painter,Warpaints Air,Air,AIR,72.016,Royal Purple,ROYAL_PURPLE,#4B2967,75,41,103,"75,41,103",Air,Active/Unknown,All_Warpaints_Air.pdf,Official Warpaints Air poster; Hex/RGB filled only if already available from supplied swatch data
AP_AIR_RUINOUS_SPELL,Army Painter,Warpaints Air,Air,AIR,,Ruinous Spell,RUINOUS_SPELL,,,,,,Air,Active/Unknown,All_Warpaints_Air.pdf,Official Warpaints Air poster; Hex/RGB filled only if already available from supplied swatch data
AP_AIR_SAFETY_ORANGE,Army Painter,Warpaints Air,Air,AIR,,Safety Orange,SAFETY_ORANGE,,,,,,Air,Active/Unknown,All_Warpaints_Air.pdf,Official Warpaints Air poster; Hex/RGB filled only if already available from supplied swatch data
AP_AIR_SAPPHIRE_GEM,Army Painter,Warpaints Air,Air,AIR,,Sapphire Gem,SAPPHIRE_GEM,,,,,,Air,Active/Unknown,All_Warpaints_Air.pdf,Official Warpaints Air poster; Hex/RGB filled only if already available from supplied swatch data
AP_AIR_SATIN_VARNISH,Army Painter,Warpaints Air,Air,AIR,70.522,Satin Varnish,SATIN_VARNISH,,,,,,Auxiliary,Active/Unknown,All_Warpaints_Air.pdf,Official Warpaints Air poster; Hex/RGB filled only if already available from supplied swatch data
AP_AIR_SAVAGE_GREEN,Army Painter,Warpaints Air,Air,AIR,,Savage Green,SAVAGE_GREEN,,,,,,Air,Active/Unknown,All_Warpaints_Air.pdf,Official Warpaints Air poster; Hex/RGB filled only if already available from supplied swatch data
AP_AIR_SHARK_WHITE,Army Painter,Warpaints Air,Air,AIR,,Shark White,SHARK_WHITE,,,,,,Air,Active/Unknown,All_Warpaints_Air.pdf,Official Warpaints Air poster; Hex/RGB filled only if already available from supplied swatch data
AP_AIR_SHINING_SILVER,Army Painter,Warpaints Air,Air,AIR,,Shining Silver,SHINING_SILVER,,,,,,Air Metallic/Effect,Active/Unknown,All_Warpaints_Air.pdf,Official Warpaints Air poster; Hex/RGB filled only if already available from supplied swatch data
AP_AIR_SKELETON_BONE,Army Painter,Warpaints Air,Air,AIR,WP3087,Skeleton Bone,SKELETON_BONE,#D3C89D,211,200,157,"211,200,157",Air,Active/Unknown,All_Warpaints_Air.pdf,Official Warpaints Air poster; Hex/RGB filled only if already available from supplied swatch data
AP_AIR_STORM_WOLF,Army Painter,Warpaints Air,Air,AIR,,Storm Wolf,STORM_WOLF,,,,,,Air,Active/Unknown,All_Warpaints_Air.pdf,Official Warpaints Air poster; Hex/RGB filled only if already available from supplied swatch data
AP_AIR_TAINTED_GOLD,Army Painter,Warpaints Air,Air,AIR,,Tainted Gold,TAINTED_GOLD,,,,,,Air Metallic/Effect,Active/Unknown,All_Warpaints_Air.pdf,Official Warpaints Air poster; Hex/RGB filled only if already available from supplied swatch data
AP_AIR_TALISMAN_PURPLE,Army Painter,Warpaints Air,Air,AIR,,Talisman Purple,TALISMAN_PURPLE,,,,,,Air,Active/Unknown,All_Warpaints_Air.pdf,Official Warpaints Air poster; Hex/RGB filled only if already available from supplied swatch data
AP_AIR_THUNDER_STORM,Army Painter,Warpaints Air,Air,AIR,,Thunder Storm,THUNDER_STORM,,,,,,Air,Active/Unknown,All_Warpaints_Air.pdf,Official Warpaints Air poster; Hex/RGB filled only if already available from supplied swatch data
AP_AIR_TOXIC_MIST,Army Painter,Warpaints Air,Air,AIR,,Toxic Mist,TOXIC_MIST,#39C0C5,57,192,197,"57,192,197",Air,Active/Unknown,All_Warpaints_Air.pdf,Official Warpaints Air poster; Hex/RGB filled only if already available from supplied swatch data
AP_AIR_TRAITOR_RED,Army Painter,Warpaints Air,Air,AIR,,Traitor Red,TRAITOR_RED,,,,,,Air,Active/Unknown,All_Warpaints_Air.pdf,Official Warpaints Air poster; Hex/RGB filled only if already available from supplied swatch data
AP_AIR_TRUE_COPPER,Army Painter,Warpaints Air,Air,AIR,,True Copper,TRUE_COPPER,,,,,,Air Metallic/Effect,Active/Unknown,All_Warpaints_Air.pdf,Official Warpaints Air poster; Hex/RGB filled only if already available from supplied swatch data
AP_AIR_TWILIGHT_SKY,Army Painter,Warpaints Air,Air,AIR,,Twilight Sky,TWILIGHT_SKY,,,,,,Air,Active/Unknown,All_Warpaints_Air.pdf,Official Warpaints Air poster; Hex/RGB filled only if already available from supplied swatch data
AP_AIR_ULTRAMARINE_BLUE,Army Painter,Warpaints Air,Air,AIR,72.022,Ultramarine Blue,ULTRAMARINE_BLUE,#29397B,41,57,123,"41,57,123",Air,Active/Unknown,All_Warpaints_Air.pdf,Official Warpaints Air poster; Hex/RGB filled only if already available from supplied swatch data
AP_AIR_UNDERGROWTH_GREEN,Army Painter,Warpaints Air,Air,AIR,,Undergrowth Green,UNDERGROWTH_GREEN,,,,,,Air,Active/Unknown,All_Warpaints_Air.pdf,Official Warpaints Air poster; Hex/RGB filled only if already available from supplied swatch data
AP_AIR_UNFORGIVEN_GREEN,Army Painter,Warpaints Air,Air,AIR,,Unforgiven Green,UNFORGIVEN_GREEN,,,,,,Air,Active/Unknown,All_Warpaints_Air.pdf,Official Warpaints Air poster; Hex/RGB filled only if already available from supplied swatch data
AP_AIR_UNIFORM_GREY,Army Painter,Warpaints Air,Air,AIR,WP3003,Uniform Grey,UNIFORM_GREY,#5E6A73,94,106,115,"94,106,115",Air,Active/Unknown,All_Warpaints_Air.pdf,Official Warpaints Air poster; Hex/RGB filled only if already available from supplied swatch data
AP_AIR_VIOLET_VOLT,Army Painter,Warpaints Air,Air,AIR,,Violet Volt,VIOLET_VOLT,,,,,,Air,Active/Unknown,All_Warpaints_Air.pdf,Official Warpaints Air poster; Hex/RGB filled only if already available from supplied swatch data
AP_AIR_VIPER_BROWN,Army Painter,Warpaints Air,Air,AIR,,Viper Brown,VIPER_BROWN,,,,,,Air,Active/Unknown,All_Warpaints_Air.pdf,Official Warpaints Air poster; Hex/RGB filled only if already available from supplied swatch data
AP_AIR_WARLOCK_PURPLE,Army Painter,Warpaints Air,Air,AIR,,Warlock Purple,WARLOCK_PURPLE,#9C004A,156,0,74,"156,0,74",Air,Active/Unknown,All_Warpaints_Air.pdf,Official Warpaints Air poster; Hex/RGB filled only if already available from supplied swatch data
AP_AIR_WEAPON_BRONZE,Army Painter,Warpaints Air,Air,AIR,,Weapon Bronze,WEAPON_BRONZE,,,,,,Air Metallic/Effect,Active/Unknown,All_Warpaints_Air.pdf,Official Warpaints Air poster; Hex/RGB filled only if already available from supplied swatch data
AP_AIR_WILDLING_FLESH,Army Painter,Warpaints Air,Air,AIR,,Wildling Flesh,WILDLING_FLESH,,,,,,Air,Active/Unknown,All_Warpaints_Air.pdf,Official Warpaints Air poster; Hex/RGB filled only if already available from supplied swatch data
AP_AIR_WITCHBANE_PLUM,Army Painter,Warpaints Air,Air,AIR,,Witchbane Plum,WITCHBANE_PLUM,,,,,,Air,Active/Unknown,All_Warpaints_Air.pdf,Official Warpaints Air poster; Hex/RGB filled only if already available from supplied swatch data
AP_AIR_WIZARDS_ORB,Army Painter,Warpaints Air,Air,AIR,,Wizards Orb,WIZARDS_ORB,#00726A,0,114,106,"0,114,106",Air,Active/Unknown,All_Warpaints_Air.pdf,Official Warpaints Air poster; Hex/RGB filled only if already available from supplied swatch data
AP_AIR_WOLF_GREY,Army Painter,Warpaints Air,Air,AIR,72.047,Wolf Grey,WOLF_GREY,#5B8093,91,128,147,"91,128,147",Air,Active/Unknown,All_Warpaints_Air.pdf,Official Warpaints Air poster; Hex/RGB filled only if already available from supplied swatch data
AP_AIR_WYRMLING_RED,Army Painter,Warpaints Air,Air,AIR,,Wyrmling Red,WYRMLING_RED,,,,,,Air,Active/Unknown,All_Warpaints_Air.pdf,Official Warpaints Air poster; Hex/RGB filled only if already available from supplied swatch data
AP_AIR_YELLOW_DUNE,Army Painter,Warpaints Air,Air,AIR,,Yellow Dune,YELLOW_DUNE,,,,,,Air,Active/Unknown,All_Warpaints_Air.pdf,Official Warpaints Air poster; Hex/RGB filled only if already available from supplied swatch data
AP_AIR_YETI_WHITE,Army Painter,Warpaints Air,Air,AIR,,Yeti White,YETI_WHITE,,,,,,Air,Active/Unknown,All_Warpaints_Air.pdf,Official Warpaints Air poster; Hex/RGB filled only if already available from supplied swatch data
AP_AIR_ZEPHYR_PINK,Army Painter,Warpaints Air,Air,AIR,,Zephyr Pink,ZEPHYR_PINK,,,,,,Air,Active/Unknown,All_Warpaints_Air.pdf,Official Warpaints Air poster; Hex/RGB filled only if already available from supplied swatch data
AP_AIR_ZOMBIE_FLESH,Army Painter,Warpaints Air,Air,AIR,72.470,Zombie Flesh,ZOMBIE_FLESH,,,,,,Air,Active/Unknown,All_Warpaints_Air.pdf,Official Warpaints Air poster; Hex/RGB filled only if already available from supplied swatch data
AP_FANATIC_ABYSSAL_BLUE,Army Painter,Warpaints Fanatic,Fanatic,FANATIC,WP3032,Abyssal Blue,ABYSSAL_BLUE,,,,,,Acrylic,Active/Unknown,All_Warpaints_Fanatic_Poster.pdf,Official Fanatic poster; relationships deferred
AP_FANATIC_AEGIS_AQUA,Army Painter,Warpaints Fanatic,Fanatic,FANATIC,WP3036,Aegis Aqua,AEGIS_AQUA,,,,,,Acrylic,Active/Unknown,All_Warpaints_Fanatic_Poster.pdf,Official Fanatic poster; relationships deferred
AP_FANATIC_AFTERGLOW,Army Painter,Warpaints Fanatic,Fanatic,FANATIC,WP3060,Afterglow,AFTERGLOW,,,,,,Acrylic,Active/Unknown,All_Warpaints_Fanatic_Poster.pdf,Official Fanatic poster; relationships deferred
AP_FANATIC_AGATE_SKIN,Army Painter,Warpaints Fanatic,Fanatic,FANATIC,WP3146,Agate Skin,AGATE_SKIN,,,,,,Acrylic,Active/Unknown,All_Warpaints_Fanatic_Poster.pdf,Official Fanatic poster; relationships deferred
AP_FANATIC_ALIEN_PURPLE,Army Painter,Warpaints Fanatic,Fanatic,FANATIC,72.076,Alien Purple,ALIEN_PURPLE,#50317B,80,49,123,"80,49,123",Acrylic,Active/Unknown,All_Warpaints_Fanatic_Poster.pdf,Official Fanatic poster; relationships deferred
AP_FANATIC_ALPHA_BLUE,Army Painter,Warpaints Fanatic,Fanatic,FANATIC,WP3022,Alpha Blue,ALPHA_BLUE,,,,,,Acrylic,Active/Unknown,All_Warpaints_Fanatic_Poster.pdf,Official Fanatic poster; relationships deferred
AP_FANATIC_AMBER_SKIN,Army Painter,Warpaints Fanatic,Fanatic,FANATIC,WP3160,Amber Skin,AMBER_SKIN,,,,,,Acrylic,Active/Unknown,All_Warpaints_Fanatic_Poster.pdf,Official Fanatic poster; relationships deferred
AP_FANATIC_AMULET_AQUA,Army Painter,Warpaints Fanatic,Fanatic,FANATIC,WP3048,Amulet Aqua,AMULET_AQUA,,,,,,Acrylic,Active/Unknown,All_Warpaints_Fanatic_Poster.pdf,Official Fanatic poster; relationships deferred
AP_FANATIC_ANCIENT_STONE,Army Painter,Warpaints Fanatic,Fanatic,FANATIC,WP3088,Ancient Stone,ANCIENT_STONE,,,,,,Acrylic,Active/Unknown,All_Warpaints_Fanatic_Poster.pdf,Official Fanatic poster; relationships deferred
AP_FANATIC_ANGEL_GREEN,Army Painter,Warpaints Fanatic,Fanatic,FANATIC,72.123,Angel Green,ANGEL_GREEN,#0C391D,12,57,29,"12,57,29",Acrylic,Active/Unknown,All_Warpaints_Fanatic_Poster.pdf,Official Fanatic poster; relationships deferred
AP_FANATIC_ANGELIC_RED,Army Painter,Warpaints Fanatic,Fanatic,FANATIC,WP3104,Angelic Red,ANGELIC_RED,,,,,,Acrylic,Active/Unknown,All_Warpaints_Fanatic_Poster.pdf,Official Fanatic poster; relationships deferred
AP_FANATIC_AQUA_ALCHEMY,Army Painter,Warpaints Fanatic,Fanatic,FANATIC,WP3047,Aqua Alchemy,AQUA_ALCHEMY,,,,,,Acrylic,Active/Unknown,All_Warpaints_Fanatic_Poster.pdf,Official Fanatic poster; relationships deferred
AP_FANATIC_AQUAMARINE,Army Painter,Warpaints Fanatic,Fanatic,FANATIC,72.119,Aquamarine,AQUAMARINE,,,,,,Acrylic,Active/Unknown,All_Warpaints_Fanatic_Poster.pdf,Official Fanatic poster; relationships deferred
AP_FANATIC_ARCTIC_GEM,Army Painter,Warpaints Fanatic,Fanatic,FANATIC,WP3029,Arctic Gem,ARCTIC_GEM,,,,,,Acrylic,Active/Unknown,All_Warpaints_Fanatic_Poster.pdf,Official Fanatic poster; relationships deferred
AP_FANATIC_ARMY_GREEN,Army Painter,Warpaints Fanatic,Fanatic,FANATIC,WP3068,Army Green,ARMY_GREEN,#6E7645,110,118,69,"110,118,69",Acrylic,Active/Unknown,All_Warpaints_Fanatic_Poster.pdf,Official Fanatic poster; relationships deferred
AP_FANATIC_ASH_GREY,Army Painter,Warpaints Fanatic,Fanatic,FANATIC,WP3004,Ash Grey,ASH_GREY,#A2A5A4,162,165,164,"162,165,164",Acrylic,Active/Unknown,All_Warpaints_Fanatic_Poster.pdf,Official Fanatic poster; relationships deferred
AP_FANATIC_AUGUR_BLUE,Army Painter,Warpaints Fanatic,Fanatic,FANATIC,WP3024,Augur Blue,AUGUR_BLUE,,,,,,Acrylic,Active/Unknown,All_Warpaints_Fanatic_Poster.pdf,Official Fanatic poster; relationships deferred
AP_FANATIC_AUTUMN_SAGE,Army Painter,Warpaints Fanatic,Fanatic,FANATIC,WP3064,Autumn Sage,AUTUMN_SAGE,,,,,,Acrylic,Active/Unknown,All_Warpaints_Fanatic_Poster.pdf,Official Fanatic poster; relationships deferred
AP_FANATIC_BARBARIAN_FLESH,Army Painter,Warpaints Fanatic,Fanatic,FANATIC,WP3147,Barbarian Flesh,BARBARIAN_FLESH,#E89C6C,232,156,108,"232,156,108",Acrylic,Active/Unknown,All_Warpaints_Fanatic_Poster.pdf,Official Fanatic poster; relationships deferred
AP_FANATIC_BARON_BLUE,Army Painter,Warpaints Fanatic,Fanatic,FANATIC,WP3023,Baron Blue,BARON_BLUE,,,,,,Acrylic,Active/Unknown,All_Warpaints_Fanatic_Poster.pdf,Official Fanatic poster; relationships deferred
AP_FANATIC_BARREN_DUNE,Army Painter,Warpaints Fanatic,Fanatic,FANATIC,WP3084,Barren Dune,BARREN_DUNE,,,,,,Acrylic,Active/Unknown,All_Warpaints_Fanatic_Poster.pdf,Official Fanatic poster; relationships deferred
AP_FANATIC_BASILISK_RED,Army Painter,Warpaints Fanatic,Fanatic,FANATIC,WP3115,Basilisk Red,BASILISK_RED,,,,,,Acrylic,Active/Unknown,All_Warpaints_Fanatic_Poster.pdf,Official Fanatic poster; relationships deferred
AP_FANATIC_BLOOD_CHALICE,Army Painter,Warpaints Fanatic,Fanatic,FANATIC,WP3119,Blood Chalice,BLOOD_CHALICE,,,,,,Effect,Active/Unknown,All_Warpaints_Fanatic_Poster.pdf,Official Fanatic poster; relationships deferred
AP_FANATIC_BLUE_TONE,Army Painter,Warpaints Fanatic,Fanatic,FANATIC,,Blue Tone,BLUE_TONE,,,,,,Wash/Shade,Active/Unknown,All_Warpaints_Fanatic_Poster.pdf,Official Fanatic poster; relationships deferred
AP_FANATIC_BONY_SPIKES,Army Painter,Warpaints Fanatic,Fanatic,FANATIC,WP3089,Bony Spikes,BONY_SPIKES,,,,,,Acrylic,Active/Unknown,All_Warpaints_Fanatic_Poster.pdf,Official Fanatic poster; relationships deferred
AP_FANATIC_BOOTSTRAP_BROWN,Army Painter,Warpaints Fanatic,Fanatic,FANATIC,WP3074,Bootstrap Brown,BOOTSTRAP_BROWN,,,,,,Acrylic,Active/Unknown,All_Warpaints_Fanatic_Poster.pdf,Official Fanatic poster; relationships deferred
AP_FANATIC_BRAINMATTER_BEIGE,Army Painter,Warpaints Fanatic,Fanatic,FANATIC,WP3011,Brainmatter Beige,BRAINMATTER_BEIGE,#F1F0E0,241,240,224,"241,240,224",Acrylic,Active/Unknown,All_Warpaints_Fanatic_Poster.pdf,Official Fanatic poster; relationships deferred
AP_FANATIC_BRIGADE_GREY,Army Painter,Warpaints Fanatic,Fanatic,FANATIC,WP3006,Brigade Grey,BRIGADE_GREY,,,,,,Acrylic,Active/Unknown,All_Warpaints_Fanatic_Poster.pdf,Official Fanatic poster; relationships deferred
AP_FANATIC_BRIGANDINE_BROWN,Army Painter,Warpaints Fanatic,Fanatic,FANATIC,WP3073,Brigandine Brown,BRIGANDINE_BROWN,,,,,,Acrylic,Active/Unknown,All_Warpaints_Fanatic_Poster.pdf,Official Fanatic poster; relationships deferred
AP_FANATIC_BRIGHT_GOLD,Army Painter,Warpaints Fanatic,Fanatic,FANATIC,,Bright Gold,BRIGHT_GOLD,,,,,,Metallic,Active/Unknown,All_Warpaints_Fanatic_Poster.pdf,Official Fanatic poster; relationships deferred
AP_FANATIC_BRIGHT_SAPPHIRE,Army Painter,Warpaints Fanatic,Fanatic,FANATIC,WP3030,Bright Sapphire,BRIGHT_SAPPHIRE,,,,,,Acrylic,Active/Unknown,All_Warpaints_Fanatic_Poster.pdf,Official Fanatic poster; relationships deferred
AP_FANATIC_BRUSH_ON_PRIMER,Army Painter,Warpaints Fanatic,Fanatic,FANATIC,WP3175,Brush-On Primer,BRUSH_ON_PRIMER,,,,,,Auxiliary,Active/Unknown,All_Warpaints_Fanatic_Poster.pdf,Official Fanatic poster; relationships deferred
AP_FANATIC_BUFFED_HIDE,Army Painter,Warpaints Fanatic,Fanatic,FANATIC,WP3114,Buffed Hide,BUFFED_HIDE,,,,,,Acrylic,Active/Unknown,All_Warpaints_Fanatic_Poster.pdf,Official Fanatic poster; relationships deferred
AP_FANATIC_BURNING_ORE,Army Painter,Warpaints Fanatic,Fanatic,FANATIC,WP3098,Burning Ore,BURNING_ORE,,,,,,Acrylic,Active/Unknown,All_Warpaints_Fanatic_Poster.pdf,Official Fanatic poster; relationships deferred
AP_FANATIC_BURNT_TURF,Army Painter,Warpaints Fanatic,Fanatic,FANATIC,WP3083,Burnt Turf,BURNT_TURF,,,,,,Acrylic,Active/Unknown,All_Warpaints_Fanatic_Poster.pdf,Official Fanatic poster; relationships deferred
AP_FANATIC_CAMOUFLAGE_GREEN,Army Painter,Warpaints Fanatic,Fanatic,FANATIC,72.031,Camouflage Green,CAMOUFLAGE_GREEN,#A5A542,165,165,66,"165,165,66",Acrylic,Active/Unknown,All_Warpaints_Fanatic_Poster.pdf,Official Fanatic poster; relationships deferred
AP_FANATIC_CARNELIAN_SKIN,Army Painter,Warpaints Fanatic,Fanatic,FANATIC,WP3151,Carnelian Skin,CARNELIAN_SKIN,,,,,,Acrylic,Active/Unknown,All_Warpaints_Fanatic_Poster.pdf,Official Fanatic poster; relationships deferred
AP_FANATIC_COBALT_METAL,Army Painter,Warpaints Fanatic,Fanatic,FANATIC,,Cobalt Metal,COBALT_METAL,,,,,,Metallic,Active/Unknown,All_Warpaints_Fanatic_Poster.pdf,Official Fanatic poster; relationships deferred
AP_FANATIC_COMMAND_KHAKI,Army Painter,Warpaints Fanatic,Fanatic,FANATIC,WP3077,Command Khaki,COMMAND_KHAKI,,,,,,Acrylic,Active/Unknown,All_Warpaints_Fanatic_Poster.pdf,Official Fanatic poster; relationships deferred
AP_FANATIC_COMPANY_GREY,Army Painter,Warpaints Fanatic,Fanatic,FANATIC,WP3005,Company Grey,COMPANY_GREY,,,,,,Acrylic,Active/Unknown,All_Warpaints_Fanatic_Poster.pdf,Official Fanatic poster; relationships deferred
AP_FANATIC_CRYSTAL_BLUE,Army Painter,Warpaints Fanatic,Fanatic,FANATIC,WP3028,Crystal Blue,CRYSTAL_BLUE,#0083C2,0,131,194,"0,131,194",Acrylic,Active/Unknown,All_Warpaints_Fanatic_Poster.pdf,Official Fanatic poster; relationships deferred
AP_FANATIC_CULTIST_PURPLE,Army Painter,Warpaints Fanatic,Fanatic,FANATIC,WP3129,Cultist Purple,CULTIST_PURPLE,,,,,,Acrylic,Active/Unknown,All_Warpaints_Fanatic_Poster.pdf,Official Fanatic poster; relationships deferred
AP_FANATIC_DAEMONIC_YELLOW,Army Painter,Warpaints Fanatic,Fanatic,FANATIC,WP3093,Daemonic Yellow,DAEMONIC_YELLOW,#FADA06,250,218,6,"250,218,6",Acrylic,Active/Unknown,All_Warpaints_Fanatic_Poster.pdf,Official Fanatic poster; relationships deferred
AP_FANATIC_DARK_BLUE_TONE,Army Painter,Warpaints Fanatic,Fanatic,FANATIC,,Dark Blue Tone,DARK_BLUE_TONE,,,,,,Wash/Shade,Active/Unknown,All_Warpaints_Fanatic_Poster.pdf,Official Fanatic poster; relationships deferred
AP_FANATIC_DARK_EMERALD,Army Painter,Warpaints Fanatic,Fanatic,FANATIC,,Dark Emerald,DARK_EMERALD,,,,,,Metallic,Active/Unknown,All_Warpaints_Fanatic_Poster.pdf,Official Fanatic poster; relationships deferred
AP_FANATIC_DARK_RED_TONE,Army Painter,Warpaints Fanatic,Fanatic,FANATIC,,Dark Red Tone,DARK_RED_TONE,,,,,,Wash/Shade,Active/Unknown,All_Warpaints_Fanatic_Poster.pdf,Official Fanatic poster; relationships deferred
AP_FANATIC_DARK_RUST,Army Painter,Warpaints Fanatic,Fanatic,FANATIC,70.771,Dark Rust,DARK_RUST,,,,,,Effect,Active/Unknown,All_Warpaints_Fanatic_Poster.pdf,Official Fanatic poster; relationships deferred
AP_FANATIC_DARK_SKIN_SHADE,Army Painter,Warpaints Fanatic,Fanatic,FANATIC,,Dark Skin Shade,DARK_SKIN_SHADE,,,,,,Wash/Shade,Active/Unknown,All_Warpaints_Fanatic_Poster.pdf,Official Fanatic poster; relationships deferred
AP_FANATIC_DARK_TONE,Army Painter,Warpaints Fanatic,Fanatic,FANATIC,,Dark Tone,DARK_TONE,,,,,,Wash/Shade,Active/Unknown,All_Warpaints_Fanatic_Poster.pdf,Official Fanatic poster; relationships deferred
AP_FANATIC_DATA_SYSTEM_GLOW,Army Painter,Warpaints Fanatic,Fanatic,FANATIC,,Data System Glow,DATA_SYSTEM_GLOW,,,,,,Effect,Active/Unknown,All_Warpaints_Fanatic_Poster.pdf,Official Fanatic poster; relationships deferred
AP_FANATIC_DEATH_METAL,Army Painter,Warpaints Fanatic,Fanatic,FANATIC,,Death Metal,DEATH_METAL,,,,,,Metallic,Active/Unknown,All_Warpaints_Fanatic_Poster.pdf,Official Fanatic poster; relationships deferred
AP_FANATIC_DEEP_AZURE,Army Painter,Warpaints Fanatic,Fanatic,FANATIC,WP3037,Deep Azure,DEEP_AZURE,,,,,,Acrylic,Active/Unknown,All_Warpaints_Fanatic_Poster.pdf,Official Fanatic poster; relationships deferred
AP_FANATIC_DEEP_GREY,Army Painter,Warpaints Fanatic,Fanatic,FANATIC,WP3002,Deep Grey,DEEP_GREY,,,,,,Acrylic,Active/Unknown,All_Warpaints_Fanatic_Poster.pdf,Official Fanatic poster; relationships deferred
AP_FANATIC_DEEP_OCEAN_BLUE,Army Painter,Warpaints Fanatic,Fanatic,FANATIC,WP3031,Deep Ocean Blue,DEEP_OCEAN_BLUE,,,,,,Acrylic,Active/Unknown,All_Warpaints_Fanatic_Poster.pdf,Official Fanatic poster; relationships deferred
AP_FANATIC_DEMIGOD_FLAMES,Army Painter,Warpaints Fanatic,Fanatic,FANATIC,WP3091,Demigod Flames,DEMIGOD_FLAMES,,,,,,Acrylic,Active/Unknown,All_Warpaints_Fanatic_Poster.pdf,Official Fanatic poster; relationships deferred
AP_FANATIC_DESERT_YELLOW,Army Painter,Warpaints Fanatic,Fanatic,FANATIC,72.063,Desert Yellow,DESERT_YELLOW,#9C8855,156,136,85,"156,136,85",Acrylic,Active/Unknown,All_Warpaints_Fanatic_Poster.pdf,Official Fanatic poster; relationships deferred
AP_FANATIC_DIABOLIC_PLUM,Army Painter,Warpaints Fanatic,Fanatic,FANATIC,WP3133,Diabolic Plum,DIABOLIC_PLUM,,,,,,Acrylic,Active/Unknown,All_Warpaints_Fanatic_Poster.pdf,Official Fanatic poster; relationships deferred
AP_FANATIC_DISGUSTING_SLIME,Army Painter,Warpaints Fanatic,Fanatic,FANATIC,,Disgusting Slime,DISGUSTING_SLIME,,,,,,Effect,Active/Unknown,All_Warpaints_Fanatic_Poster.pdf,Official Fanatic poster; relationships deferred
AP_FANATIC_DIVINER_LIGHT,Army Painter,Warpaints Fanatic,Fanatic,FANATIC,WP3138,Diviner Light,DIVINER_LIGHT,,,,,,Acrylic,Active/Unknown,All_Warpaints_Fanatic_Poster.pdf,Official Fanatic poster; relationships deferred
AP_FANATIC_DOOMFIRE_DRAB,Army Painter,Warpaints Fanatic,Fanatic,FANATIC,WP3126,Doomfire Drab,DOOMFIRE_DRAB,,,,,,Acrylic,Active/Unknown,All_Warpaints_Fanatic_Poster.pdf,Official Fanatic poster; relationships deferred
AP_FANATIC_DORADO_SKIN,Army Painter,Warpaints Fanatic,Fanatic,FANATIC,WP3161,Dorado Skin,DORADO_SKIN,,,,,,Acrylic,Active/Unknown,All_Warpaints_Fanatic_Poster.pdf,Official Fanatic poster; relationships deferred
AP_FANATIC_DRAGON_RED,Army Painter,Warpaints Fanatic,Fanatic,FANATIC,WP3117,Dragon Red,DRAGON_RED,#9A1B1E,154,27,30,"154,27,30",Acrylic,Active/Unknown,All_Warpaints_Fanatic_Poster.pdf,Official Fanatic poster; relationships deferred
AP_FANATIC_DRY_BLOOD,Army Painter,Warpaints Fanatic,Fanatic,FANATIC,,Dry Blood,DRY_BLOOD,,,,,,Effect,Active/Unknown,All_Warpaints_Fanatic_Poster.pdf,Official Fanatic poster; relationships deferred
AP_FANATIC_DRYAD_BROWN,Army Painter,Warpaints Fanatic,Fanatic,FANATIC,WP3111,Dryad Brown,DRYAD_BROWN,,,,,,Acrylic,Active/Unknown,All_Warpaints_Fanatic_Poster.pdf,Official Fanatic poster; relationships deferred
AP_FANATIC_DUSTY_SKULL,Army Painter,Warpaints Fanatic,Fanatic,FANATIC,WP3085,Dusty Skull,DUSTY_SKULL,,,,,,Acrylic,Active/Unknown,All_Warpaints_Fanatic_Poster.pdf,Official Fanatic poster; relationships deferred
AP_FANATIC_ELDER_FLOWER,Army Painter,Warpaints Fanatic,Fanatic,FANATIC,WP3141,Elder Flower,ELDER_FLOWER,,,,,,Acrylic,Active/Unknown,All_Warpaints_Fanatic_Poster.pdf,Official Fanatic poster; relationships deferred
AP_FANATIC_ELECTRIC_LIME,Army Painter,Warpaints Fanatic,Fanatic,FANATIC,WP3058,Electric Lime,ELECTRIC_LIME,,,,,,Acrylic,Active/Unknown,All_Warpaints_Fanatic_Poster.pdf,Official Fanatic poster; relationships deferred
AP_FANATIC_EMERALD_FOREST,Army Painter,Warpaints Fanatic,Fanatic,FANATIC,WP3055,Emerald Forest,EMERALD_FOREST,,,,,,Metallic,Active/Unknown,All_Warpaints_Fanatic_Poster.pdf,Official Fanatic poster; relationships deferred
AP_FANATIC_ENCHANTED_PINK,Army Painter,Warpaints Fanatic,Fanatic,FANATIC,WP3137,Enchanted Pink,ENCHANTED_PINK,,,,,,Acrylic,Active/Unknown,All_Warpaints_Fanatic_Poster.pdf,Official Fanatic poster; relationships deferred
AP_FANATIC_ETERNAL_HUNT,Army Painter,Warpaints Fanatic,Fanatic,FANATIC,WP3052,Eternal Hunt,ETERNAL_HUNT,,,,,,Acrylic,Active/Unknown,All_Warpaints_Fanatic_Poster.pdf,Official Fanatic poster; relationships deferred
AP_FANATIC_EVERGREEN_FOG,Army Painter,Warpaints Fanatic,Fanatic,FANATIC,WP3061,Evergreen Fog,EVERGREEN_FOG,,,,,,Acrylic,Active/Unknown,All_Warpaints_Fanatic_Poster.pdf,Official Fanatic poster; relationships deferred
AP_FANATIC_EVIL_CHROME,Army Painter,Warpaints Fanatic,Fanatic,FANATIC,,Evil Chrome,EVIL_CHROME,,,,,,Metallic,Active/Unknown,All_Warpaints_Fanatic_Poster.pdf,Official Fanatic poster; relationships deferred
AP_FANATIC_FEROCIOUS_GREEN,Army Painter,Warpaints Fanatic,Fanatic,FANATIC,WP3054,Ferocious Green,FEROCIOUS_GREEN,,,,,,Acrylic,Active/Unknown,All_Warpaints_Fanatic_Poster.pdf,Official Fanatic poster; relationships deferred
AP_FANATIC_FIENDISH_YELLOW,Army Painter,Warpaints Fanatic,Fanatic,FANATIC,WP3092,Fiendish Yellow,FIENDISH_YELLOW,,,,,,Acrylic,Active/Unknown,All_Warpaints_Fanatic_Poster.pdf,Official Fanatic poster; relationships deferred
AP_FANATIC_FIGGY_PINK,Army Painter,Warpaints Fanatic,Fanatic,FANATIC,WP3143,Figgy Pink,FIGGY_PINK,,,,,,Acrylic,Active/Unknown,All_Warpaints_Fanatic_Poster.pdf,Official Fanatic poster; relationships deferred
AP_FANATIC_FLICKERING_FLAME,Army Painter,Warpaints Fanatic,Fanatic,FANATIC,WP3100,Flickering Flame,FLICKERING_FLAME,,,,,,Acrylic,Active/Unknown,All_Warpaints_Fanatic_Poster.pdf,Official Fanatic poster; relationships deferred
AP_FANATIC_FORBIDDEN_FRUIT,Army Painter,Warpaints Fanatic,Fanatic,FANATIC,WP3142,Forbidden Fruit,FORBIDDEN_FRUIT,,,,,,Acrylic,Active/Unknown,All_Warpaints_Fanatic_Poster.pdf,Official Fanatic poster; relationships deferred
AP_FANATIC_FOREST_FAUN,Army Painter,Warpaints Fanatic,Fanatic,FANATIC,WP3065,Forest Faun,FOREST_FAUN,,,,,,Acrylic,Active/Unknown,All_Warpaints_Fanatic_Poster.pdf,Official Fanatic poster; relationships deferred
AP_FANATIC_FRESH_RUST,Army Painter,Warpaints Fanatic,Fanatic,FANATIC,,Fresh Rust,FRESH_RUST,,,,,,Effect,Active/Unknown,All_Warpaints_Fanatic_Poster.pdf,Official Fanatic poster; relationships deferred
AP_FANATIC_FROST_BLUE,Army Painter,Warpaints Fanatic,Fanatic,FANATIC,WP3018,Frost Blue,FROST_BLUE,,,,,,Acrylic,Active/Unknown,All_Warpaints_Fanatic_Poster.pdf,Official Fanatic poster; relationships deferred
AP_FANATIC_FUR_BROWN,Army Painter,Warpaints Fanatic,Fanatic,FANATIC,WP3112,Fur Brown,FUR_BROWN,#A14322,161,67,34,"161,67,34",Acrylic,Active/Unknown,All_Warpaints_Fanatic_Poster.pdf,Official Fanatic poster; relationships deferred
AP_FANATIC_GARGOYLE_GREY,Army Painter,Warpaints Fanatic,Fanatic,FANATIC,WP3008,Gargoyle Grey,GARGOYLE_GREY,,,,,,Acrylic,Active/Unknown,All_Warpaints_Fanatic_Poster.pdf,Official Fanatic poster; relationships deferred
AP_FANATIC_GEMSTONE_RED,Army Painter,Warpaints Fanatic,Fanatic,FANATIC,,Gemstone Red,GEMSTONE_RED,,,,,,Metallic,Active/Unknown,All_Warpaints_Fanatic_Poster.pdf,Official Fanatic poster; relationships deferred
AP_FANATIC_GLITTERING_GREEN,Army Painter,Warpaints Fanatic,Fanatic,FANATIC,,Glittering Green,GLITTERING_GREEN,,,,,,Metallic,Active/Unknown,All_Warpaints_Fanatic_Poster.pdf,Official Fanatic poster; relationships deferred
AP_FANATIC_GLOSS_VARNISH,Army Painter,Warpaints Fanatic,Fanatic,FANATIC,70.510,Gloss Varnish,GLOSS_VARNISH,,,,,,Auxiliary,Active/Unknown,All_Warpaints_Fanatic_Poster.pdf,Official Fanatic poster; relationships deferred
AP_FANATIC_GLOWING_INFERNO,Army Painter,Warpaints Fanatic,Fanatic,FANATIC,WP3101,Glowing Inferno,GLOWING_INFERNO,,,,,,Effect,Active/Unknown,All_Warpaints_Fanatic_Poster.pdf,Official Fanatic poster; relationships deferred
AP_FANATIC_GOTHIC_BLUE,Army Painter,Warpaints Fanatic,Fanatic,FANATIC,WP3020,Gothic Blue,GOTHIC_BLUE,,,,,,Acrylic,Active/Unknown,All_Warpaints_Fanatic_Poster.pdf,Official Fanatic poster; relationships deferred
AP_FANATIC_GREAT_HALL_GREY,Army Painter,Warpaints Fanatic,Fanatic,FANATIC,WP3009,Great Hall Grey,GREAT_HALL_GREY,,,,,,Acrylic,Active/Unknown,All_Warpaints_Fanatic_Poster.pdf,Official Fanatic poster; relationships deferred
AP_FANATIC_GREEDY_GOLD,Army Painter,Warpaints Fanatic,Fanatic,FANATIC,,Greedy Gold,GREEDY_GOLD,,,,,,Metallic,Active/Unknown,All_Warpaints_Fanatic_Poster.pdf,Official Fanatic poster; relationships deferred
AP_FANATIC_GREEN_TONE,Army Painter,Warpaints Fanatic,Fanatic,FANATIC,,Green Tone,GREEN_TONE,,,,,,Wash/Shade,Active/Unknown,All_Warpaints_Fanatic_Poster.pdf,Official Fanatic poster; relationships deferred
AP_FANATIC_GREENSKIN,Army Painter,Warpaints Fanatic,Fanatic,FANATIC,WP3051,Greenskin,GREENSKIN,#136232,19,98,50,"19,98,50",Acrylic,Active/Unknown,All_Warpaints_Fanatic_Poster.pdf,Official Fanatic poster; relationships deferred
AP_FANATIC_GREY_CASTLE,Army Painter,Warpaints Fanatic,Fanatic,FANATIC,WP3007,Grey Castle,GREY_CASTLE,,,,,,Acrylic,Active/Unknown,All_Warpaints_Fanatic_Poster.pdf,Official Fanatic poster; relationships deferred
AP_FANATIC_GROTESQUE_GREEN,Army Painter,Warpaints Fanatic,Fanatic,FANATIC,WP3072,Grotesque Green,GROTESQUE_GREEN,,,,,,Acrylic,Active/Unknown,All_Warpaints_Fanatic_Poster.pdf,Official Fanatic poster; relationships deferred
AP_FANATIC_GUARDIAN_GREEN,Army Painter,Warpaints Fanatic,Fanatic,FANATIC,WP3050,Guardian Green,GUARDIAN_GREEN,,,,,,Acrylic,Active/Unknown,All_Warpaints_Fanatic_Poster.pdf,Official Fanatic poster; relationships deferred
AP_FANATIC_GUN_METAL,Army Painter,Warpaints Fanatic,Fanatic,FANATIC,71.072,Gun Metal,GUN_METAL,#393939,57,57,57,"57,57,57",Metallic,Active/Unknown,All_Warpaints_Fanatic_Poster.pdf,Official Fanatic poster; relationships deferred
AP_FANATIC_HEXED_VIOLET,Army Painter,Warpaints Fanatic,Fanatic,FANATIC,WP3130,Hexed Violet,HEXED_VIOLET,,,,,,Acrylic,Active/Unknown,All_Warpaints_Fanatic_Poster.pdf,Official Fanatic poster; relationships deferred
AP_FANATIC_HYDRA_TURQUOISE,Army Painter,Warpaints Fanatic,Fanatic,FANATIC,WP3038,Hydra Turquoise,HYDRA_TURQUOISE,#199BA3,25,155,163,"25,155,163",Acrylic,Active/Unknown,All_Warpaints_Fanatic_Poster.pdf,Official Fanatic poster; relationships deferred
AP_FANATIC_ICE_YELLOW,Army Painter,Warpaints Fanatic,Fanatic,FANATIC,70.858,Ice Yellow,ICE_YELLOW,,,,,,Acrylic,Active/Unknown,All_Warpaints_Fanatic_Poster.pdf,Official Fanatic poster; relationships deferred
AP_FANATIC_IMPERIAL_NAVY,Army Painter,Warpaints Fanatic,Fanatic,FANATIC,WP3025,Imperial Navy,IMPERIAL_NAVY,,,,,,Acrylic,Active/Unknown,All_Warpaints_Fanatic_Poster.pdf,Official Fanatic poster; relationships deferred
AP_FANATIC_IMPISH_ROUGE,Army Painter,Warpaints Fanatic,Fanatic,FANATIC,WP3122,Impish Rouge,IMPISH_ROUGE,,,,,,Acrylic,Active/Unknown,All_Warpaints_Fanatic_Poster.pdf,Official Fanatic poster; relationships deferred
AP_FANATIC_INNER_LIGHT,Army Painter,Warpaints Fanatic,Fanatic,FANATIC,WP3102,Inner Light,INNER_LIGHT,,,,,,Acrylic,Active/Unknown,All_Warpaints_Fanatic_Poster.pdf,Official Fanatic poster; relationships deferred
AP_FANATIC_JASPER_SKIN,Army Painter,Warpaints Fanatic,Fanatic,FANATIC,WP3154,Jasper Skin,JASPER_SKIN,,,,,,Acrylic,Active/Unknown,All_Warpaints_Fanatic_Poster.pdf,Official Fanatic poster; relationships deferred
AP_FANATIC_KRAKEN_LAVENDER,Army Painter,Warpaints Fanatic,Fanatic,FANATIC,WP3132,Kraken Lavender,KRAKEN_LAVENDER,,,,,,Acrylic,Active/Unknown,All_Warpaints_Fanatic_Poster.pdf,Official Fanatic poster; relationships deferred
AP_FANATIC_LAVA_ORANGE,Army Painter,Warpaints Fanatic,Fanatic,FANATIC,WP3099,Lava Orange,LAVA_ORANGE,#E65525,230,85,37,"230,85,37",Acrylic,Active/Unknown,All_Warpaints_Fanatic_Poster.pdf,Official Fanatic poster; relationships deferred
AP_FANATIC_LEAFY_GREEN,Army Painter,Warpaints Fanatic,Fanatic,FANATIC,WP3056,Leafy Green,LEAFY_GREEN,,,,,,Acrylic,Active/Unknown,All_Warpaints_Fanatic_Poster.pdf,Official Fanatic poster; relationships deferred
AP_FANATIC_LEATHER_BROWN,Army Painter,Warpaints Fanatic,Fanatic,FANATIC,72.040,Leather Brown,LEATHER_BROWN,#764823,118,72,35,"118,72,35",Acrylic,Active/Unknown,All_Warpaints_Fanatic_Poster.pdf,Official Fanatic poster; relationships deferred
AP_FANATIC_LEGENDARY_RED,Army Painter,Warpaints Fanatic,Fanatic,FANATIC,WP3105,Legendary Red,LEGENDARY_RED,,,,,,Acrylic,Active/Unknown,All_Warpaints_Fanatic_Poster.pdf,Official Fanatic poster; relationships deferred
AP_FANATIC_LENS_FLARE_GLOW,Army Painter,Warpaints Fanatic,Fanatic,FANATIC,,Lens Flare Glow,LENS_FLARE_GLOW,,,,,,Effect,Active/Unknown,All_Warpaints_Fanatic_Poster.pdf,Official Fanatic poster; relationships deferred
AP_FANATIC_LEOPARD_STONE_SKIN,Army Painter,Warpaints Fanatic,Fanatic,FANATIC,WP3156,Leopard Stone Skin,LEOPARD_STONE_SKIN,,,,,,Acrylic,Active/Unknown,All_Warpaints_Fanatic_Poster.pdf,Official Fanatic poster; relationships deferred
AP_FANATIC_LIGHT_TONE,Army Painter,Warpaints Fanatic,Fanatic,FANATIC,,Light Tone,LIGHT_TONE,,,,,,Wash/Shade,Active/Unknown,All_Warpaints_Fanatic_Poster.pdf,Official Fanatic poster; relationships deferred
AP_FANATIC_MAGECAST_MAGENTA,Army Painter,Warpaints Fanatic,Fanatic,FANATIC,WP3134,Magecast Magenta,MAGECAST_MAGENTA,,,,,,Acrylic,Active/Unknown,All_Warpaints_Fanatic_Poster.pdf,Official Fanatic poster; relationships deferred
AP_FANATIC_MAGENTA_TONE,Army Painter,Warpaints Fanatic,Fanatic,FANATIC,,Magenta Tone,MAGENTA_TONE,,,,,,Wash/Shade,Active/Unknown,All_Warpaints_Fanatic_Poster.pdf,Official Fanatic poster; relationships deferred
AP_FANATIC_MARINE_MIST,Army Painter,Warpaints Fanatic,Fanatic,FANATIC,WP3042,Marine Mist,MARINE_MIST,,,,,,Acrylic,Active/Unknown,All_Warpaints_Fanatic_Poster.pdf,Official Fanatic poster; relationships deferred
AP_FANATIC_MATT_BLACK,Army Painter,Warpaints Fanatic,Fanatic,FANATIC,WP3001,Matt Black,MATT_BLACK,#231F20,35,31,32,"35,31,32",Acrylic,Active/Unknown,All_Warpaints_Fanatic_Poster.pdf,Official Fanatic poster; relationships deferred
AP_FANATIC_MATT_VARNISH,Army Painter,Warpaints Fanatic,Fanatic,FANATIC,70.520,Matt Varnish,MATT_VARNISH,,,,,,Auxiliary,Active/Unknown,All_Warpaints_Fanatic_Poster.pdf,Official Fanatic poster; relationships deferred
AP_FANATIC_MATT_WHITE,Army Painter,Warpaints Fanatic,Fanatic,FANATIC,WP3012,Matt White,MATT_WHITE,#FFFFFF,255,255,255,"255,255,255",Acrylic,Active/Unknown,All_Warpaints_Fanatic_Poster.pdf,Official Fanatic poster; relationships deferred
AP_FANATIC_MEDIEVAL_FOREST,Army Painter,Warpaints Fanatic,Fanatic,FANATIC,WP3062,Medieval Forest,MEDIEVAL_FOREST,,,,,,Acrylic,Active/Unknown,All_Warpaints_Fanatic_Poster.pdf,Official Fanatic poster; relationships deferred
AP_FANATIC_MILITARY_SHADE,Army Painter,Warpaints Fanatic,Fanatic,FANATIC,,Military Shade,MILITARY_SHADE,,,,,,Wash/Shade,Active/Unknown,All_Warpaints_Fanatic_Poster.pdf,Official Fanatic poster; relationships deferred
AP_FANATIC_MITHRIL,Army Painter,Warpaints Fanatic,Fanatic,FANATIC,,Mithril,MITHRIL,,,,,,Metallic,Active/Unknown,All_Warpaints_Fanatic_Poster.pdf,Official Fanatic poster; relationships deferred
AP_FANATIC_MOCCA_SKIN,Army Painter,Warpaints Fanatic,Fanatic,FANATIC,WP3159,Mocca Skin,MOCCA_SKIN,,,,,,Acrylic,Active/Unknown,All_Warpaints_Fanatic_Poster.pdf,Official Fanatic poster; relationships deferred
AP_FANATIC_MOLDY_WINE,Army Painter,Warpaints Fanatic,Fanatic,FANATIC,WP3140,Moldy Wine,MOLDY_WINE,,,,,,Acrylic,Active/Unknown,All_Warpaints_Fanatic_Poster.pdf,Official Fanatic poster; relationships deferred
AP_FANATIC_MOLTEN_LAVA,Army Painter,Warpaints Fanatic,Fanatic,FANATIC,WP3097,Molten Lava,MOLTEN_LAVA,,,,,,Acrylic,Active/Unknown,All_Warpaints_Fanatic_Poster.pdf,Official Fanatic poster; relationships deferred
AP_FANATIC_MOONSTONE_SKIN,Army Painter,Warpaints Fanatic,Fanatic,FANATIC,WP3145,Moonstone Skin,MOONSTONE_SKIN,,,,,,Acrylic,Active/Unknown,All_Warpaints_Fanatic_Poster.pdf,Official Fanatic poster; relationships deferred
AP_FANATIC_MOSSY_GREEN,Army Painter,Warpaints Fanatic,Fanatic,FANATIC,WP3066,Mossy Green,MOSSY_GREEN,,,,,,Acrylic,Active/Unknown,All_Warpaints_Fanatic_Poster.pdf,Official Fanatic poster; relationships deferred
AP_FANATIC_MULLED_BERRY,Army Painter,Warpaints Fanatic,Fanatic,FANATIC,WP3139,Mulled Berry,MULLED_BERRY,,,,,,Acrylic,Active/Unknown,All_Warpaints_Fanatic_Poster.pdf,Official Fanatic poster; relationships deferred
AP_FANATIC_NECROTIC_FLESH,Army Painter,Warpaints Fanatic,Fanatic,FANATIC,WP3071,Necrotic Flesh,NECROTIC_FLESH,#BFC292,191,194,146,"191,194,146",Acrylic,Active/Unknown,All_Warpaints_Fanatic_Poster.pdf,Official Fanatic poster; relationships deferred
AP_FANATIC_NEPTUNE_GLOW,Army Painter,Warpaints Fanatic,Fanatic,FANATIC,WP3041,Neptune Glow,NEPTUNE_GLOW,,,,,,Effect,Active/Unknown,All_Warpaints_Fanatic_Poster.pdf,Official Fanatic poster; relationships deferred
AP_FANATIC_NIGHT_SKY,Army Painter,Warpaints Fanatic,Fanatic,FANATIC,WP3013,Night Sky,NIGHT_SKY,,,,,,Acrylic,Active/Unknown,All_Warpaints_Fanatic_Poster.pdf,Official Fanatic poster; relationships deferred
AP_FANATIC_OAK_BROWN,Army Painter,Warpaints Fanatic,Fanatic,FANATIC,WP3109,Oak Brown,OAK_BROWN,#432010,67,32,16,"67,32,16",Acrylic,Active/Unknown,All_Warpaints_Fanatic_Poster.pdf,Official Fanatic poster; relationships deferred
AP_FANATIC_OBSIDIAN_SKIN,Army Painter,Warpaints Fanatic,Fanatic,FANATIC,WP3157,Obsidian Skin,OBSIDIAN_SKIN,,,,,,Acrylic,Active/Unknown,All_Warpaints_Fanatic_Poster.pdf,Official Fanatic poster; relationships deferred
AP_FANATIC_OIL_STAINS,Army Painter,Warpaints Fanatic,Fanatic,FANATIC,,Oil Stains,OIL_STAINS,,,,,,Effect,Active/Unknown,All_Warpaints_Fanatic_Poster.pdf,Official Fanatic poster; relationships deferred
AP_FANATIC_OLIVE_DRAB,Army Painter,Warpaints Fanatic,Fanatic,FANATIC,71.043,Olive Drab,OLIVE_DRAB,,,,,,Acrylic,Active/Unknown,All_Warpaints_Fanatic_Poster.pdf,Official Fanatic poster; relationships deferred
AP_FANATIC_ONYX_SKIN,Army Painter,Warpaints Fanatic,Fanatic,FANATIC,WP3158,Onyx Skin,ONYX_SKIN,,,,,,Acrylic,Active/Unknown,All_Warpaints_Fanatic_Poster.pdf,Official Fanatic poster; relationships deferred
AP_FANATIC_OOZING_VOMIT,Army Painter,Warpaints Fanatic,Fanatic,FANATIC,,Oozing Vomit,OOZING_VOMIT,,,,,,Effect,Active/Unknown,All_Warpaints_Fanatic_Poster.pdf,Official Fanatic poster; relationships deferred
AP_FANATIC_OPAL_SKIN,Army Painter,Warpaints Fanatic,Fanatic,FANATIC,WP3149,Opal Skin,OPAL_SKIN,,,,,,Acrylic,Active/Unknown,All_Warpaints_Fanatic_Poster.pdf,Official Fanatic poster; relationships deferred
AP_FANATIC_ORANGE_TONE,Army Painter,Warpaints Fanatic,Fanatic,FANATIC,,Orange Tone,ORANGE_TONE,,,,,,Wash/Shade,Active/Unknown,All_Warpaints_Fanatic_Poster.pdf,Official Fanatic poster; relationships deferred
AP_FANATIC_PALE_SAND,Army Painter,Warpaints Fanatic,Fanatic,FANATIC,70.837,Pale Sand,PALE_SAND,,,,,,Acrylic,Active/Unknown,All_Warpaints_Fanatic_Poster.pdf,Official Fanatic poster; relationships deferred
AP_FANATIC_PARATROOPER_TAN,Army Painter,Warpaints Fanatic,Fanatic,FANATIC,WP3076,Paratrooper Tan,PARATROOPER_TAN,,,,,,Acrylic,Active/Unknown,All_Warpaints_Fanatic_Poster.pdf,Official Fanatic poster; relationships deferred
AP_FANATIC_PATAGON_PINE,Army Painter,Warpaints Fanatic,Fanatic,FANATIC,WP3063,Patagon Pine,PATAGON_PINE,,,,,,Acrylic,Active/Unknown,All_Warpaints_Fanatic_Poster.pdf,Official Fanatic poster; relationships deferred
AP_FANATIC_PEARL_SKIN,Army Painter,Warpaints Fanatic,Fanatic,FANATIC,WP3150,Pearl Skin,PEARL_SKIN,,,,,,Acrylic,Active/Unknown,All_Warpaints_Fanatic_Poster.pdf,Official Fanatic poster; relationships deferred
AP_FANATIC_PHALANX_BLUE,Army Painter,Warpaints Fanatic,Fanatic,FANATIC,WP3034,Phalanx Blue,PHALANX_BLUE,,,,,,Acrylic,Active/Unknown,All_Warpaints_Fanatic_Poster.pdf,Official Fanatic poster; relationships deferred
AP_FANATIC_PHARAOH_GUARD,Army Painter,Warpaints Fanatic,Fanatic,FANATIC,,Pharaoh Guard,PHARAOH_GUARD,,,,,,Acrylic,Active/Unknown,All_Warpaints_Fanatic_Poster.pdf,Official Fanatic poster; relationships deferred
AP_FANATIC_PINK_POTION,Army Painter,Warpaints Fanatic,Fanatic,FANATIC,WP3125,Pink Potion,PINK_POTION,,,,,,Acrylic,Active/Unknown,All_Warpaints_Fanatic_Poster.pdf,Official Fanatic poster; relationships deferred
AP_FANATIC_PIXIE_PINK,Army Painter,Warpaints Fanatic,Fanatic,FANATIC,WP3123,Pixie Pink,PIXIE_PINK,#D47A83,212,122,131,"212,122,131",Acrylic,Active/Unknown,All_Warpaints_Fanatic_Poster.pdf,Official Fanatic poster; relationships deferred
AP_FANATIC_PLASMA_COIL_GLOW,Army Painter,Warpaints Fanatic,Fanatic,FANATIC,,Plasma Coil Glow,PLASMA_COIL_GLOW,,,,,,Effect,Active/Unknown,All_Warpaints_Fanatic_Poster.pdf,Official Fanatic poster; relationships deferred
AP_FANATIC_PLATE_MAIL_METAL,Army Painter,Warpaints Fanatic,Fanatic,FANATIC,,Plate Mail Metal,PLATE_MAIL_METAL,,,,,,Metallic,Active/Unknown,All_Warpaints_Fanatic_Poster.pdf,Official Fanatic poster; relationships deferred
AP_FANATIC_POWER_NODE_GLOW,Army Painter,Warpaints Fanatic,Fanatic,FANATIC,,Power Node Glow,POWER_NODE_GLOW,,,,,,Effect,Active/Unknown,All_Warpaints_Fanatic_Poster.pdf,Official Fanatic poster; relationships deferred
AP_FANATIC_PRAIRIE_OCHRE,Army Painter,Warpaints Fanatic,Fanatic,FANATIC,WP3080,Prairie Ochre,PRAIRIE_OCHRE,,,,,,Acrylic,Active/Unknown,All_Warpaints_Fanatic_Poster.pdf,Official Fanatic poster; relationships deferred
AP_FANATIC_PURE_RED,Army Painter,Warpaints Fanatic,Fanatic,FANATIC,WP3118,Pure Red,PURE_RED,#CF2127,207,33,39,"207,33,39",Acrylic,Active/Unknown,All_Warpaints_Fanatic_Poster.pdf,Official Fanatic poster; relationships deferred
AP_FANATIC_PURPLE_TONE,Army Painter,Warpaints Fanatic,Fanatic,FANATIC,,Purple Tone,PURPLE_TONE,,,,,,Wash/Shade,Active/Unknown,All_Warpaints_Fanatic_Poster.pdf,Official Fanatic poster; relationships deferred
AP_FANATIC_QUARTZ_SKIN,Army Painter,Warpaints Fanatic,Fanatic,FANATIC,WP3162,Quartz Skin,QUARTZ_SKIN,,,,,,Acrylic,Active/Unknown,All_Warpaints_Fanatic_Poster.pdf,Official Fanatic poster; relationships deferred
AP_FANATIC_RADIATION_GLOW,Army Painter,Warpaints Fanatic,Fanatic,FANATIC,,Radiation Glow,RADIATION_GLOW,,,,,,Effect,Active/Unknown,All_Warpaints_Fanatic_Poster.pdf,Official Fanatic poster; relationships deferred
AP_FANATIC_RAGING_ROSE,Army Painter,Warpaints Fanatic,Fanatic,FANATIC,WP3120,Raging Rose,RAGING_ROSE,,,,,,Acrylic,Active/Unknown,All_Warpaints_Fanatic_Poster.pdf,Official Fanatic poster; relationships deferred
AP_FANATIC_RAGING_ROUGE,Army Painter,Warpaints Fanatic,Fanatic,FANATIC,WP3108,Raging Rouge,RAGING_ROUGE,,,,,,Acrylic,Active/Unknown,All_Warpaints_Fanatic_Poster.pdf,Official Fanatic poster; relationships deferred
AP_FANATIC_RAINFOREST,Army Painter,Warpaints Fanatic,Fanatic,FANATIC,WP3057,Rainforest,RAINFOREST,,,,,,Acrylic,Active/Unknown,All_Warpaints_Fanatic_Poster.pdf,Official Fanatic poster; relationships deferred
AP_FANATIC_RED_COPPER,Army Painter,Warpaints Fanatic,Fanatic,FANATIC,,Red Copper,RED_COPPER,,,,,,Metallic,Active/Unknown,All_Warpaints_Fanatic_Poster.pdf,Official Fanatic poster; relationships deferred
AP_FANATIC_RED_TONE,Army Painter,Warpaints Fanatic,Fanatic,FANATIC,,Red Tone,RED_TONE,,,,,,Wash/Shade,Active/Unknown,All_Warpaints_Fanatic_Poster.pdf,Official Fanatic poster; relationships deferred
AP_FANATIC_REGAL_BLUE,Army Painter,Warpaints Fanatic,Fanatic,FANATIC,WP3026,Regal Blue,REGAL_BLUE,#08085A,8,8,90,"8,8,90",Acrylic,Active/Unknown,All_Warpaints_Fanatic_Poster.pdf,Official Fanatic poster; relationships deferred
AP_FANATIC_RESPLENDENT_RED,Army Painter,Warpaints Fanatic,Fanatic,FANATIC,WP3103,Resplendent Red,RESPLENDENT_RED,,,,,,Acrylic,Active/Unknown,All_Warpaints_Fanatic_Poster.pdf,Official Fanatic poster; relationships deferred
AP_FANATIC_ROUGH_IRON,Army Painter,Warpaints Fanatic,Fanatic,FANATIC,,Rough Iron,ROUGH_IRON,,,,,,Metallic,Active/Unknown,All_Warpaints_Fanatic_Poster.pdf,Official Fanatic poster; relationships deferred
AP_FANATIC_ROYAL_BLUE,Army Painter,Warpaints Fanatic,Fanatic,FANATIC,70.809,Royal Blue,ROYAL_BLUE,#41558D,65,85,141,"65,85,141",Acrylic,Active/Unknown,All_Warpaints_Fanatic_Poster.pdf,Official Fanatic poster; relationships deferred
AP_FANATIC_RUBY_SKIN,Army Painter,Warpaints Fanatic,Fanatic,FANATIC,WP3148,Ruby Skin,RUBY_SKIN,,,,,,Acrylic,Active/Unknown,All_Warpaints_Fanatic_Poster.pdf,Official Fanatic poster; relationships deferred
AP_FANATIC_RUDDY_UMBER,Army Painter,Warpaints Fanatic,Fanatic,FANATIC,WP3113,Ruddy Umber,RUDDY_UMBER,,,,,,Acrylic,Active/Unknown,All_Warpaints_Fanatic_Poster.pdf,Official Fanatic poster; relationships deferred
AP_FANATIC_RUNIC_COBALT,Army Painter,Warpaints Fanatic,Fanatic,FANATIC,WP3017,Runic Cobalt,RUNIC_COBALT,,,,,,Acrylic,Active/Unknown,All_Warpaints_Fanatic_Poster.pdf,Official Fanatic poster; relationships deferred
AP_FANATIC_RUST_TONE,Army Painter,Warpaints Fanatic,Fanatic,FANATIC,,Rust Tone,RUST_TONE,,,,,,Effect,Active/Unknown,All_Warpaints_Fanatic_Poster.pdf,Official Fanatic poster; relationships deferred
AP_FANATIC_SACRED_SCARLET,Army Painter,Warpaints Fanatic,Fanatic,FANATIC,WP3106,Sacred Scarlet,SACRED_SCARLET,,,,,,Acrylic,Active/Unknown,All_Warpaints_Fanatic_Poster.pdf,Official Fanatic poster; relationships deferred
AP_FANATIC_SCARAB_GREEN,Army Painter,Warpaints Fanatic,Fanatic,FANATIC,WP3043,Scarab Green,SCARAB_GREEN,,,,,,Acrylic,Active/Unknown,All_Warpaints_Fanatic_Poster.pdf,Official Fanatic poster; relationships deferred
AP_FANATIC_SEPIA_TONE,Army Painter,Warpaints Fanatic,Fanatic,FANATIC,,Sepia Tone,SEPIA_TONE,,,,,,Wash/Shade,Active/Unknown,All_Warpaints_Fanatic_Poster.pdf,Official Fanatic poster; relationships deferred
AP_FANATIC_SHIELDWALL_BLUE,Army Painter,Warpaints Fanatic,Fanatic,FANATIC,WP3035,Shieldwall Blue,SHIELDWALL_BLUE,,,,,,Acrylic,Active/Unknown,All_Warpaints_Fanatic_Poster.pdf,Official Fanatic poster; relationships deferred
AP_FANATIC_SHINING_SILVER,Army Painter,Warpaints Fanatic,Fanatic,FANATIC,,Shining Silver,SHINING_SILVER,,,,,,Metallic,Active/Unknown,All_Warpaints_Fanatic_Poster.pdf,Official Fanatic poster; relationships deferred
AP_FANATIC_SKELETON_BONE,Army Painter,Warpaints Fanatic,Fanatic,FANATIC,WP3087,Skeleton Bone,SKELETON_BONE,#D3C89D,211,200,157,"211,200,157",Acrylic,Active/Unknown,All_Warpaints_Fanatic_Poster.pdf,Official Fanatic poster; relationships deferred
AP_FANATIC_SOFT_TONE,Army Painter,Warpaints Fanatic,Fanatic,FANATIC,,Soft Tone,SOFT_TONE,,,,,,Wash/Shade,Active/Unknown,All_Warpaints_Fanatic_Poster.pdf,Official Fanatic poster; relationships deferred
AP_FANATIC_SPACE_DUST,Army Painter,Warpaints Fanatic,Fanatic,FANATIC,WP3095,Space Dust,SPACE_DUST,,,,,,Acrylic,Active/Unknown,All_Warpaints_Fanatic_Poster.pdf,Official Fanatic poster; relationships deferred
AP_FANATIC_SPELLBOUND_FUCHSIA,Army Painter,Warpaints Fanatic,Fanatic,FANATIC,WP3136,Spellbound Fuchsia,SPELLBOUND_FUCHSIA,,,,,,Acrylic,Active/Unknown,All_Warpaints_Fanatic_Poster.pdf,Official Fanatic poster; relationships deferred
AP_FANATIC_STRATOS_BLUE,Army Painter,Warpaints Fanatic,Fanatic,FANATIC,WP3015,Stratos Blue,STRATOS_BLUE,,,,,,Acrylic,Active/Unknown,All_Warpaints_Fanatic_Poster.pdf,Official Fanatic poster; relationships deferred
AP_FANATIC_STRONG_SKIN_SHADE,Army Painter,Warpaints Fanatic,Fanatic,FANATIC,,Strong Skin Shade,STRONG_SKIN_SHADE,,,,,,Wash/Shade,Active/Unknown,All_Warpaints_Fanatic_Poster.pdf,Official Fanatic poster; relationships deferred
AP_FANATIC_STRONG_TONE,Army Painter,Warpaints Fanatic,Fanatic,FANATIC,,Strong Tone,STRONG_TONE,,,,,,Wash/Shade,Active/Unknown,All_Warpaints_Fanatic_Poster.pdf,Official Fanatic poster; relationships deferred
AP_FANATIC_TAINTED_GOLD,Army Painter,Warpaints Fanatic,Fanatic,FANATIC,,Tainted Gold,TAINTED_GOLD,,,,,,Metallic,Active/Unknown,All_Warpaints_Fanatic_Poster.pdf,Official Fanatic poster; relationships deferred
AP_FANATIC_TALISMAN_TEAL,Army Painter,Warpaints Fanatic,Fanatic,FANATIC,WP3046,Talisman Teal,TALISMAN_TEAL,,,,,,Acrylic,Active/Unknown,All_Warpaints_Fanatic_Poster.pdf,Official Fanatic poster; relationships deferred
AP_FANATIC_TEMPLE_GATE_TEAL,Army Painter,Warpaints Fanatic,Fanatic,FANATIC,WP3044,Temple Gate Teal,TEMPLE_GATE_TEAL,,,,,,Acrylic,Active/Unknown,All_Warpaints_Fanatic_Poster.pdf,Official Fanatic poster; relationships deferred
AP_FANATIC_TERRESTRIAL_TITAN,Army Painter,Warpaints Fanatic,Fanatic,FANATIC,WP3127,Terrestrial Titan,TERRESTRIAL_TITAN,,,,,,Acrylic,Active/Unknown,All_Warpaints_Fanatic_Poster.pdf,Official Fanatic poster; relationships deferred
AP_FANATIC_THUNDEROUS_BLUE,Army Painter,Warpaints Fanatic,Fanatic,FANATIC,WP3014,Thunderous Blue,THUNDEROUS_BLUE,,,,,,Acrylic,Active/Unknown,All_Warpaints_Fanatic_Poster.pdf,Official Fanatic poster; relationships deferred
AP_FANATIC_TIDAL_BLUE,Army Painter,Warpaints Fanatic,Fanatic,FANATIC,WP3033,Tidal Blue,TIDAL_BLUE,,,,,,Acrylic,Active/Unknown,All_Warpaints_Fanatic_Poster.pdf,Official Fanatic poster; relationships deferred
AP_FANATIC_TIGER_S_EYE_SKIN,Army Painter,Warpaints Fanatic,Fanatic,FANATIC,WP3152,Tiger'S Eye Skin,TIGER_S_EYE_SKIN,,,,,,Acrylic,Active/Unknown,All_Warpaints_Fanatic_Poster.pdf,Official Fanatic poster; relationships deferred
AP_FANATIC_TOMB_KING_TAN,Army Painter,Warpaints Fanatic,Fanatic,FANATIC,WP3086,Tomb King Tan,TOMB_KING_TAN,,,,,,Acrylic,Active/Unknown,All_Warpaints_Fanatic_Poster.pdf,Official Fanatic poster; relationships deferred
AP_FANATIC_TOPAZ_SKIN,Army Painter,Warpaints Fanatic,Fanatic,FANATIC,WP3153,Topaz Skin,TOPAZ_SKIN,,,,,,Acrylic,Active/Unknown,All_Warpaints_Fanatic_Poster.pdf,Official Fanatic poster; relationships deferred
AP_FANATIC_TOURMALINE_SKIN,Army Painter,Warpaints Fanatic,Fanatic,FANATIC,WP3155,Tourmaline Skin,TOURMALINE_SKIN,,,,,,Acrylic,Active/Unknown,All_Warpaints_Fanatic_Poster.pdf,Official Fanatic poster; relationships deferred
AP_FANATIC_TREE_ANCIENT,Army Painter,Warpaints Fanatic,Fanatic,FANATIC,WP3110,Tree Ancient,TREE_ANCIENT,,,,,,Acrylic,Active/Unknown,All_Warpaints_Fanatic_Poster.pdf,Official Fanatic poster; relationships deferred
AP_FANATIC_TRIUMPHANT_NAVY,Army Painter,Warpaints Fanatic,Fanatic,FANATIC,WP3019,Triumphant Navy,TRIUMPHANT_NAVY,,,,,,Acrylic,Active/Unknown,All_Warpaints_Fanatic_Poster.pdf,Official Fanatic poster; relationships deferred
AP_FANATIC_TRUE_BLOOD,Army Painter,Warpaints Fanatic,Fanatic,FANATIC,,True Blood,TRUE_BLOOD,,,,,,Effect,Active/Unknown,All_Warpaints_Fanatic_Poster.pdf,Official Fanatic poster; relationships deferred
AP_FANATIC_TRUE_BRASS,Army Painter,Warpaints Fanatic,Fanatic,FANATIC,,True Brass,TRUE_BRASS,,,,,,Metallic,Active/Unknown,All_Warpaints_Fanatic_Poster.pdf,Official Fanatic poster; relationships deferred
AP_FANATIC_TRUE_COPPER,Army Painter,Warpaints Fanatic,Fanatic,FANATIC,,True Copper,TRUE_COPPER,,,,,,Metallic,Active/Unknown,All_Warpaints_Fanatic_Poster.pdf,Official Fanatic poster; relationships deferred
AP_FANATIC_TUNDRA_TAUPE,Army Painter,Warpaints Fanatic,Fanatic,FANATIC,WP3079,Tundra Taupe,TUNDRA_TAUPE,,,,,,Acrylic,Active/Unknown,All_Warpaints_Fanatic_Poster.pdf,Official Fanatic poster; relationships deferred
AP_FANATIC_TURQUOISE_SIREN,Army Painter,Warpaints Fanatic,Fanatic,FANATIC,WP3039,Turquoise Siren,TURQUOISE_SIREN,,,,,,Acrylic,Active/Unknown,All_Warpaints_Fanatic_Poster.pdf,Official Fanatic poster; relationships deferred
AP_FANATIC_ULTRAMARINE_BLUE,Army Painter,Warpaints Fanatic,Fanatic,FANATIC,72.022,Ultramarine Blue,ULTRAMARINE_BLUE,#29397B,41,57,123,"41,57,123",Acrylic,Active/Unknown,All_Warpaints_Fanatic_Poster.pdf,Official Fanatic poster; relationships deferred
AP_FANATIC_UNIFORM_GREY,Army Painter,Warpaints Fanatic,Fanatic,FANATIC,WP3003,Uniform Grey,UNIFORM_GREY,#5E6A73,94,106,115,"94,106,115",Acrylic,Active/Unknown,All_Warpaints_Fanatic_Poster.pdf,Official Fanatic poster; relationships deferred
AP_FANATIC_URBAN_BUFF,Army Painter,Warpaints Fanatic,Fanatic,FANATIC,WP3078,Urban Buff,URBAN_BUFF,,,,,,Acrylic,Active/Unknown,All_Warpaints_Fanatic_Poster.pdf,Official Fanatic poster; relationships deferred
AP_FANATIC_VERDIGRIS,Army Painter,Warpaints Fanatic,Fanatic,FANATIC,72.096,Verdigris,VERDIGRIS,#B3CECA,179,206,202,"179,206,202",Effect,Active/Unknown,All_Warpaints_Fanatic_Poster.pdf,Official Fanatic poster; relationships deferred
AP_FANATIC_VIOLENT_VERMILLION,Army Painter,Warpaints Fanatic,Fanatic,FANATIC,WP3107,Violent Vermillion,VIOLENT_VERMILLION,,,,,,Acrylic,Active/Unknown,All_Warpaints_Fanatic_Poster.pdf,Official Fanatic poster; relationships deferred
AP_FANATIC_VIOLET_COVEN,Army Painter,Warpaints Fanatic,Fanatic,FANATIC,WP3131,Violet Coven,VIOLET_COVEN,,,,,,Acrylic,Active/Unknown,All_Warpaints_Fanatic_Poster.pdf,Official Fanatic poster; relationships deferred
AP_FANATIC_VIVID_VOLT,Army Painter,Warpaints Fanatic,Fanatic,FANATIC,WP3059,Vivid Volt,VIVID_VOLT,,,,,,Acrylic,Active/Unknown,All_Warpaints_Fanatic_Poster.pdf,Official Fanatic poster; relationships deferred
AP_FANATIC_WARLOCK_MAGENTA,Army Painter,Warpaints Fanatic,Fanatic,FANATIC,WP3135,Warlock Magenta,WARLOCK_MAGENTA,,,,,,Acrylic,Active/Unknown,All_Warpaints_Fanatic_Poster.pdf,Official Fanatic poster; relationships deferred
AP_FANATIC_WARPAINTS_RETARDER,Army Painter,Warpaints Fanatic,Fanatic,FANATIC,,Warpaints Retarder,WARPAINTS_RETARDER,,,,,,Auxiliary,Active/Unknown,All_Warpaints_Fanatic_Poster.pdf,Official Fanatic poster; relationships deferred
AP_FANATIC_WARPAINTS_STABILIZER,Army Painter,Warpaints Fanatic,Fanatic,FANATIC,,Warpaints Stabilizer,WARPAINTS_STABILIZER,,,,,,Auxiliary,Active/Unknown,All_Warpaints_Fanatic_Poster.pdf,Official Fanatic poster; relationships deferred
AP_FANATIC_WARPED_YELLOW,Army Painter,Warpaints Fanatic,Fanatic,FANATIC,WP3094,Warped Yellow,WARPED_YELLOW,,,,,,Acrylic,Active/Unknown,All_Warpaints_Fanatic_Poster.pdf,Official Fanatic poster; relationships deferred
AP_FANATIC_WASH_MEDIUM,Army Painter,Warpaints Fanatic,Fanatic,FANATIC,,Wash Medium,WASH_MEDIUM,,,,,,Wash/Shade,Active/Unknown,All_Warpaints_Fanatic_Poster.pdf,Official Fanatic poster; relationships deferred
AP_FANATIC_WASTELAND_CLAY,Army Painter,Warpaints Fanatic,Fanatic,FANATIC,WP3082,Wasteland Clay,WASTELAND_CLAY,,,,,,Acrylic,Active/Unknown,All_Warpaints_Fanatic_Poster.pdf,Official Fanatic poster; relationships deferred
AP_FANATIC_WEAPON_BRONZE,Army Painter,Warpaints Fanatic,Fanatic,FANATIC,,Weapon Bronze,WEAPON_BRONZE,,,,,,Metallic,Active/Unknown,All_Warpaints_Fanatic_Poster.pdf,Official Fanatic poster; relationships deferred
AP_FANATIC_WEIRD_ELIXIR,Army Painter,Warpaints Fanatic,Fanatic,FANATIC,WP3124,Weird Elixir,WEIRD_ELIXIR,,,,,,Acrylic,Active/Unknown,All_Warpaints_Fanatic_Poster.pdf,Official Fanatic poster; relationships deferred
AP_FANATIC_WICKED_PINK,Army Painter,Warpaints Fanatic,Fanatic,FANATIC,WP3121,Wicked Pink,WICKED_PINK,,,,,,Acrylic,Active/Unknown,All_Warpaints_Fanatic_Poster.pdf,Official Fanatic poster; relationships deferred
AP_FANATIC_WILD_GREEN,Army Painter,Warpaints Fanatic,Fanatic,FANATIC,WP3053,Wild Green,WILD_GREEN,,,,,,Acrylic,Active/Unknown,All_Warpaints_Fanatic_Poster.pdf,Official Fanatic poster; relationships deferred
AP_FANATIC_WILTED_ROSE,Army Painter,Warpaints Fanatic,Fanatic,FANATIC,WP3144,Wilted Rose,WILTED_ROSE,,,,,,Acrylic,Active/Unknown,All_Warpaints_Fanatic_Poster.pdf,Official Fanatic poster; relationships deferred
AP_FANATIC_WOLF_GREY,Army Painter,Warpaints Fanatic,Fanatic,FANATIC,72.047,Wolf Grey,WOLF_GREY,#5B8093,91,128,147,"91,128,147",Acrylic,Active/Unknown,All_Warpaints_Fanatic_Poster.pdf,Official Fanatic poster; relationships deferred
AP_FANATIC_WOODLAND_CAMO,Army Painter,Warpaints Fanatic,Fanatic,FANATIC,WP3067,Woodland Camo,WOODLAND_CAMO,,,,,,Acrylic,Active/Unknown,All_Warpaints_Fanatic_Poster.pdf,Official Fanatic poster; relationships deferred
AP_FANATIC_WORN_STONE,Army Painter,Warpaints Fanatic,Fanatic,FANATIC,WP3010,Worn Stone,WORN_STONE,,,,,,Acrylic,Active/Unknown,All_Warpaints_Fanatic_Poster.pdf,Official Fanatic poster; relationships deferred
AP_FANATIC_WYVERN_FURY,Army Painter,Warpaints Fanatic,Fanatic,FANATIC,WP3116,Wyvern Fury,WYVERN_FURY,,,,,,Acrylic,Active/Unknown,All_Warpaints_Fanatic_Poster.pdf,Official Fanatic poster; relationships deferred
