Paint_ID,Company,Brand,Product_Line,Product_Line_Code,Paint_Code,Paint_Name,Normalized_Name,Hex,R,G,B,RGB,Paint_Type,Status,Source,Notes,Swatch
GW_BASE_ABADDON_BLACK,Games Workshop,Citadel,Base,BASE,,Abaddon Black,ABADDON_BLACK,#231F20,35,31,32,"35, 31, 32",Base,Active,Warhammer.com paint inventory paste (331 items); Hex/RGB: Full List of Citadel Paints Wikipedia PDF,Active item from Warhammer.com paint listing. Price: £2.75.,
GW_BASE_AVERLAND_SUNSET,Games Workshop,Citadel,Base,BASE,,Averland Sunset,AVERLAND_SUNSET,#FDB825,253,184,37,"253, 184, 37",Base,Active,Warhammer.com paint inventory paste (331 items); Hex/RGB: Full List of Citadel Paints Wikipedia PDF,Active item from Warhammer.com paint listing. Price: £2.75.,
GW_BASE_BALTHASAR_GOLD,Games Workshop,Citadel,Base,BASE,,Balthasar Gold,BALTHASAR_GOLD,#A47552,164,117,82,"164, 117, 82",Base,Active,Warhammer.com paint inventory paste (331 items); Hex/RGB: Full List of Citadel Paints Wikipedia PDF,Active item from Warhammer.com paint listing. Price: £2.75.,
GW_BASE_BARAK_NAR_BURGUNDY,Games Workshop,Citadel,Base,BASE,,Barak-Nar Burgundy,BARAK_NAR_BURGUNDY,#451636,69,22,54,"69, 22, 54",Base,Active,Comparison Hex Pull,Active item from Warhammer.com paint listing. Price: £2.75. | Dakka 2024 comparison chart direct Citadel hex,#451636
GW_BASE_BUGMAN_S_GLOW,Games Workshop,Citadel,Base,BASE,,Bugman's Glow,BUGMAN_S_GLOW,#834F44,131,79,68,"131, 79, 68",Base,Active,Warhammer.com paint inventory paste (331 items); Hex/RGB: Full List of Citadel Paints Wikipedia PDF,Active item from Warhammer.com paint listing. Price: £2.75.,
GW_BASE_CALEDOR_SKY,Games Workshop,Citadel,Base,BASE,,Caledor Sky,CALEDOR_SKY,#396E9E,57,110,158,"57, 110, 158",Base,Active,Warhammer.com paint inventory paste (331 items); Hex/RGB: Full List of Citadel Paints Wikipedia PDF,Active item from Warhammer.com paint listing. Price: £2.75.,
GW_BASE_CALIBAN_GREEN,Games Workshop,Citadel,Base,BASE,,Caliban Green,CALIBAN_GREEN,#00401F,0,64,31,"0, 64, 31",Base,Active,Warhammer.com paint inventory paste (331 items); Hex/RGB: Full List of Citadel Paints Wikipedia PDF,Active item from Warhammer.com paint listing. Price: £2.75.,
GW_BASE_CASTELLAN_GREEN,Games Workshop,Citadel,Base,BASE,,Castellan Green,CASTELLAN_GREEN,#314821,49,72,33,"49, 72, 33",Base,Active,Warhammer.com paint inventory paste (331 items); Hex/RGB: Full List of Citadel Paints Wikipedia PDF,Active item from Warhammer.com paint listing. Price: £2.75.,
GW_BASE_CATACHAN_FLESH,Games Workshop,Citadel,Base,BASE,,Catachan Flesh,CATACHAN_FLESH,#5D0009,93,0,9,"93, 0, 9",Base,Active,Comparison Hex Pull,Active item from Warhammer.com paint listing. Price: £2.75. | Comparison-derived: reddish brown flesh/brown range; using documented Doombull Brown close-range hex,#5D0009
GW_BASE_CELESTRA_GREY,Games Workshop,Citadel,Base,BASE,,Celestra Grey,CELESTRA_GREY,#90A8A8,144,168,168,"144, 168, 168",Base,Active,Warhammer.com paint inventory paste (331 items); Hex/RGB: Full List of Citadel Paints Wikipedia PDF,Active item from Warhammer.com paint listing. Price: £2.75.,
GW_BASE_CORAX_WHITE,Games Workshop,Citadel,Base,BASE,,Corax White,CORAX_WHITE,#FFFFFF,255,255,255,"255, 255, 255",Base,Active,Warhammer.com paint inventory paste (331 items); Hex/RGB: Existing GW registry real product row,Active item from Warhammer.com paint listing. Price: £2.75.,
GW_BASE_CORVUS_BLACK,Games Workshop,Citadel,Base,BASE,,Corvus Black,CORVUS_BLACK,#171314,23,19,20,"23, 19, 20",Base,Active,Warhammer.com paint inventory paste (331 items); Hex/RGB: Same-name Citadel source (Games_Workshop_Citadel_Air_v0.xlsx),Active item from Warhammer.com paint listing. Price: £2.75.,
GW_BASE_DAEMONETTE_HIDE,Games Workshop,Citadel,Base,BASE,,Daemonette Hide,DAEMONETTE_HIDE,#696684,105,102,132,"105, 102, 132",Base,Active,Warhammer.com paint inventory paste (331 items); Hex/RGB: Full List of Citadel Paints Wikipedia PDF,Active item from Warhammer.com paint listing. Price: £2.75.,
GW_BASE_DEATHWORLD_FOREST,Games Workshop,Citadel,Base,BASE,,Deathworld Forest,DEATHWORLD_FOREST,#5D6732,93,103,50,"93, 103, 50",Base,Active,Warhammer.com paint inventory paste (331 items); Hex/RGB: Existing GW registry real product row,Active item from Warhammer.com paint listing. Price: £2.75.,
GW_BASE_DEATH_GUARD_GREEN,Games Workshop,Citadel,Base,BASE,,Death Guard Green,DEATH_GUARD_GREEN,#9C9171,156,145,113,"156, 145, 113",Base,Active,Warhammer.com paint inventory paste (331 items); Hex/RGB: Existing GW registry real product row,Active item from Warhammer.com paint listing. Price: £2.75.,
GW_BASE_DEATH_KORPS_DRAB,Games Workshop,Citadel,Base,BASE,,Death Korps Drab,DEATH_KORPS_DRAB,#3D4539,61,69,57,"61, 69, 57",Base,Active,Warhammer.com paint inventory paste (331 items); Hex/RGB: Same-name Citadel source (Games_Workshop_Citadel_Air_v0.xlsx),Active item from Warhammer.com paint listing. Price: £2.75.,
GW_BASE_DRYAD_BARK,Games Workshop,Citadel,Base,BASE,,Dryad Bark,DRYAD_BARK,#33312D,51,49,45,"51, 49, 45",Base,Active,Warhammer.com paint inventory paste (331 items); Hex/RGB: Full List of Citadel Paints Wikipedia PDF,Active item from Warhammer.com paint listing. Price: £2.75.,
GW_BASE_GAL_VORBAK_RED,Games Workshop,Citadel,Base,BASE,,Gal Vorbak Red,GAL_VORBAK_RED,#4B213C,75,33,60,"75, 33, 60",Base,Active,Warhammer.com paint inventory paste (331 items); Hex/RGB: Same-name Citadel source (Games_Workshop_Citadel_Air_v0.xlsx),Active item from Warhammer.com paint listing. Price: £2.75.,
GW_BASE_GREY_KNIGHTS_STEEL,Games Workshop,Citadel,Base,BASE,,Grey Knights Steel,GREY_KNIGHTS_STEEL,#7F8E99,127,142,153,"127, 142, 153",Base,Active,Warhammer.com paint inventory paste (331 items); Hex/RGB: Same-name Citadel source (Games_Workshop_Citadel_Air_v0.xlsx),Active item from Warhammer.com paint listing. Price: £2.75.,
GW_BASE_GREY_SEER,Games Workshop,Citadel,Base,BASE,,Grey Seer,GREY_SEER,#BFC8C8,191,200,200,"191, 200, 200",Base,Active,Warhammer.com paint inventory paste (331 items),Active item from Warhammer.com paint listing. Price: £2.75.,
GW_BASE_HOBGROT_HIDE,Games Workshop,Citadel,Base,BASE,,Hobgrot Hide,HOBGROT_HIDE,#9C8855,156,136,85,"156, 136, 85",Base,Active,Comparison Hex Pull,Active item from Warhammer.com paint listing. Price: £2.75. | Comparison-derived from Stahly 7-in-1 cluster: close to VMC Desert Yellow / AK Sand Yellow family; using documented Desert Yellow hex,#9C8855
GW_BASE_INCUBI_DARKNESS,Games Workshop,Citadel,Base,BASE,,Incubi Darkness,INCUBI_DARKNESS,#0B474A,11,71,74,"11, 71, 74",Base,Active,Warhammer.com paint inventory paste (331 items); Hex/RGB: Full List of Citadel Paints Wikipedia PDF,Active item from Warhammer.com paint listing. Price: £2.75.,
GW_BASE_IONRACH_SKIN,Games Workshop,Citadel,Base,BASE,,Ionrach Skin,IONRACH_SKIN,#C0BD81,192,189,129,"192, 189, 129",Base,Active,Comparison Hex Pull,Active item from Warhammer.com paint listing. Price: £2.75. | Comparison-derived from Stahly 7-in-1 cluster: VMC Stone Grey / TTC Kobold Grey / light khaki-grey family; using Krieg Khaki/Necrotic Flesh documented hex,#C0BD81
GW_BASE_IRON_HANDS_STEEL,Games Workshop,Citadel,Base,BASE,,Iron Hands Steel,IRON_HANDS_STEEL,#807872,128,120,114,"128, 120, 114",Base,Active,Warhammer.com paint inventory paste (331 items); Hex/RGB: Same-name Citadel source (Games_Workshop_Citadel_Air_v0.xlsx),Active item from Warhammer.com paint listing. Price: £2.75.,
GW_BASE_IRON_WARRIORS,Games Workshop,Citadel,Base,BASE,,Iron Warriors,IRON_WARRIORS,#393939,57,57,57,"57, 57, 57",Base,Active,Comparison Hex Pull,Active item from Warhammer.com paint listing. Price: £2.75. | Comparison-derived metallic: close to dark gunmetal/leadbelcher family; using documented Boltgun Metal/Gunmetal hex,#393939
GW_BASE_JOKAERO_ORANGE,Games Workshop,Citadel,Base,BASE,,Jokaero Orange,JOKAERO_ORANGE,#EE3823,238,56,35,"238, 56, 35",Base,Active,Warhammer.com paint inventory paste (331 items); Hex/RGB: Full List of Citadel Paints Wikipedia PDF,Active item from Warhammer.com paint listing. Price: £2.75.,
GW_BASE_KANTOR_BLUE,Games Workshop,Citadel,Base,BASE,,Kantor Blue,KANTOR_BLUE,#002151,0,33,81,"0, 33, 81",Base,Active,Warhammer.com paint inventory paste (331 items); Hex/RGB: Full List of Citadel Paints Wikipedia PDF,Active item from Warhammer.com paint listing. Price: £2.75.,
GW_BASE_KHORNE_RED,Games Workshop,Citadel,Base,BASE,,Khorne Red,KHORNE_RED,#6A0001,106,0,1,"106, 0, 1",Base,Active,Warhammer.com paint inventory paste (331 items); Hex/RGB: Full List of Citadel Paints Wikipedia PDF,Active item from Warhammer.com paint listing. Price: £2.75.,
GW_BASE_LEADBELCHER,Games Workshop,Citadel,Base,BASE,,Leadbelcher,LEADBELCHER,#888D8F,136,141,143,"136, 141, 143",Base,Active,Warhammer.com paint inventory paste (331 items); Hex/RGB: Full List of Citadel Paints Wikipedia PDF,Active item from Warhammer.com paint listing. Price: £2.75.,
GW_BASE_LUPERCAL_GREEN,Games Workshop,Citadel,Base,BASE,,Lupercal Green,LUPERCAL_GREEN,#002C2C,0,44,44,"0, 44, 44",Base,Active,Warhammer.com paint inventory paste (331 items); Hex/RGB: Same-name Citadel source (Games_Workshop_Citadel_Air_v0.xlsx),Active item from Warhammer.com paint listing. Price: £2.75.,
GW_BASE_MACRAGGE_BLUE,Games Workshop,Citadel,Base,BASE,,Macragge Blue,MACRAGGE_BLUE,#0D407F,13,64,127,"13, 64, 127",Base,Active,Warhammer.com paint inventory paste (331 items); Hex/RGB: Full List of Citadel Paints Wikipedia PDF,Active item from Warhammer.com paint listing. Price: £2.75.,
GW_BASE_MECHANICUS_STANDARD_GREY,Games Workshop,Citadel,Base,BASE,,Mechanicus Standard Grey,MECHANICUS_STANDARD_GREY,#3D4B4D,61,75,77,"61, 75, 77",Base,Active,Warhammer.com paint inventory paste (331 items); Hex/RGB: Full List of Citadel Paints Wikipedia PDF,Active item from Warhammer.com paint listing. Price: £2.75.,
GW_BASE_MEPHISTON_RED,Games Workshop,Citadel,Base,BASE,,Mephiston Red,MEPHISTON_RED,#9A1115,154,17,21,"154, 17, 21",Base,Active,Warhammer.com paint inventory paste (331 items); Hex/RGB: Full List of Citadel Paints Wikipedia PDF,Active item from Warhammer.com paint listing. Price: £2.75.,
GW_BASE_MORGHAST_BONE,Games Workshop,Citadel,Base,BASE,,Morghast Bone,MORGHAST_BONE,#D5C79A,213,199,154,"213, 199, 154",Base,Active,Warhammer.com paint inventory paste (331 items),Active item from Warhammer.com paint listing. Price: £2.75.,
GW_BASE_MOURNFANG_BROWN,Games Workshop,Citadel,Base,BASE,,Mournfang Brown,MOURNFANG_BROWN,#640909,100,9,9,"100, 9, 9",Base,Active,Warhammer.com paint inventory paste (331 items); Hex/RGB: Full List of Citadel Paints Wikipedia PDF,Active item from Warhammer.com paint listing. Price: £2.75.,
GW_BASE_NAGGAROTH_NIGHT,Games Workshop,Citadel,Base,BASE,,Naggaroth Night,NAGGAROTH_NIGHT,#3D3354,61,51,84,"61, 51, 84",Base,Active,Warhammer.com paint inventory paste (331 items); Hex/RGB: Full List of Citadel Paints Wikipedia PDF,Active item from Warhammer.com paint listing. Price: £2.75.,
GW_BASE_NIGHT_LORDS_BLUE,Games Workshop,Citadel,Base,BASE,,Night Lords Blue,NIGHT_LORDS_BLUE,#002B5C,0,43,92,"0, 43, 92",Base,Active,Warhammer.com paint inventory paste (331 items); Hex/RGB: Same-name Citadel source (Games_Workshop_Citadel_Air_v0.xlsx),Active item from Warhammer.com paint listing. Price: £2.75.,
GW_BASE_NOCTURNE_GREEN,Games Workshop,Citadel,Base,BASE,,Nocturne Green,NOCTURNE_GREEN,#152B29,21,43,41,"21, 43, 41",Base,Active,Warhammer.com paint inventory paste (331 items); Hex/RGB: Same-name Citadel source (Games_Workshop_Citadel_Air_v0.xlsx),Active item from Warhammer.com paint listing. Price: £2.75.,
GW_BASE_ORRUK_FLESH,Games Workshop,Citadel,Base,BASE,,Orruk Flesh,ORRUK_FLESH,#A9D171,169,209,113,"169, 209, 113",Base,Active,Comparison Hex Pull,Active item from Warhammer.com paint listing. Price: £2.75. | Comparison-derived from Stahly 7-in-1 cluster: PA Yellow Green / AK Golden Olive / VGC Goblin Green family; using documented Yellow Green hex,#A9D171
GW_BASE_PHOENICIAN_PURPLE,Games Workshop,Citadel,Base,BASE,,Phoenician Purple,PHOENICIAN_PURPLE,#450052,69,0,82,"69, 0, 82",Base,Active,Warhammer.com paint inventory paste (331 items); Hex/RGB: Same-name Citadel source (Games_Workshop_Citadel_Air_v0.xlsx),Active item from Warhammer.com paint listing. Price: £2.75.,
GW_BASE_RAKARTH_FLESH,Games Workshop,Citadel,Base,BASE,,Rakarth Flesh,RAKARTH_FLESH,#A29E91,162,158,145,"162, 158, 145",Base,Active,Warhammer.com paint inventory paste (331 items); Hex/RGB: Full List of Citadel Paints Wikipedia PDF,Active item from Warhammer.com paint listing. Price: £2.75.,
GW_BASE_RATSKIN_FLESH,Games Workshop,Citadel,Base,BASE,,Ratskin Flesh,RATSKIN_FLESH,#AD6B4C,173,107,76,"173, 107, 76",Base,Active,Warhammer.com paint inventory paste (331 items); Hex/RGB: Full List of Citadel Paints Wikipedia PDF,Active item from Warhammer.com paint listing. Price: £2.75.,
GW_BASE_RETRIBUTOR_ARMOUR,Games Workshop,Citadel,Base,BASE,,Retributor Armour,RETRIBUTOR_ARMOUR,#C39E81,195,158,129,"195, 158, 129",Base,Active,Warhammer.com paint inventory paste (331 items); Hex/RGB: Full List of Citadel Paints Wikipedia PDF,Active item from Warhammer.com paint listing. Price: £3.70.,
GW_BASE_RHINOX_HIDE,Games Workshop,Citadel,Base,BASE,,Rhinox Hide,RHINOX_HIDE,#493435,73,52,53,"73, 52, 53",Base,Active,Warhammer.com paint inventory paste (331 items); Hex/RGB: Full List of Citadel Paints Wikipedia PDF,Active item from Warhammer.com paint listing. Price: £2.75.,
GW_BASE_RUNELORD_BRASS,Games Workshop,Citadel,Base,BASE,,Runelord Brass,RUNELORD_BRASS,#BCAFA0,188,175,160,"188, 175, 160",Base,Active,Warhammer.com paint inventory paste (331 items); Hex/RGB: Existing GW registry real product row,Active item from Warhammer.com paint listing. Price: £3.70.,
GW_BASE_SCREAMER_PINK,Games Workshop,Citadel,Base,BASE,,Screamer Pink,SCREAMER_PINK,#7C1645,124,22,69,"124, 22, 69",Base,Active,Warhammer.com paint inventory paste (331 items); Hex/RGB: Full List of Citadel Paints Wikipedia PDF,Active item from Warhammer.com paint listing. Price: £2.75.,
GW_BASE_SCREAMING_BELL,Games Workshop,Citadel,Base,BASE,,Screaming Bell,SCREAMING_BELL,#C16F45,193,111,69,"193, 111, 69",Base,Active,Warhammer.com paint inventory paste (331 items); Hex/RGB: Full List of Citadel Paints Wikipedia PDF,Active item from Warhammer.com paint listing. Price: £2.75.,
GW_BASE_STEEL_LEGION_DRAB,Games Workshop,Citadel,Base,BASE,,Steel Legion Drab,STEEL_LEGION_DRAB,#5E5134,94,81,52,"94, 81, 52",Base,Active,Warhammer.com paint inventory paste (331 items); Hex/RGB: Full List of Citadel Paints Wikipedia PDF,Active item from Warhammer.com paint listing. Price: £2.75.,
GW_BASE_STEGADON_SCALE_GREEN,Games Workshop,Citadel,Base,BASE,,Stegadon Scale Green,STEGADON_SCALE_GREEN,#074863,7,72,99,"7, 72, 99",Base,Active,Warhammer.com paint inventory paste (331 items); Hex/RGB: Full List of Citadel Paints Wikipedia PDF,Active item from Warhammer.com paint listing. Price: £2.75.,
GW_BASE_THE_FANG,Games Workshop,Citadel,Base,BASE,,The Fang,THE_FANG,#436174,67,97,116,"67, 97, 116",Base,Active,Warhammer.com paint inventory paste (331 items); Hex/RGB: Full List of Citadel Paints Wikipedia PDF,Active item from Warhammer.com paint listing. Price: £2.75.,
GW_BASE_THONDIA_BROWN,Games Workshop,Citadel,Base,BASE,,Thondia Brown,THONDIA_BROWN,#493435,73,52,53,"73, 52, 53",Base,Active,Comparison Hex Pull,Active item from Warhammer.com paint listing. Price: £2.75. | Comparison-derived from review/source context: close to Rhinox Hide/Dryad Bark/Catachan Flesh; using documented Rhinox Hide hex as closest available,#493435
GW_BASE_THOUSAND_SONS_BLUE,Games Workshop,Citadel,Base,BASE,,Thousand Sons Blue,THOUSAND_SONS_BLUE,#18ABCC,24,171,204,"24, 171, 204",Base,Active,Warhammer.com paint inventory paste (331 items); Hex/RGB: Existing GW registry real product row,Active item from Warhammer.com paint listing. Price: £2.75.,
GW_BASE_WAAAGH_FLESH,Games Workshop,Citadel,Base,BASE,,Waaagh! Flesh,WAAAGH_FLESH,#1F5429,31,84,41,"31, 84, 41",Base,Active,Warhammer.com paint inventory paste (331 items); Hex/RGB: Full List of Citadel Paints Wikipedia PDF,Active item from Warhammer.com paint listing. Price: £2.75.,
GW_BASE_WARPLOCK_BRONZE,Games Workshop,Citadel,Base,BASE,,Warplock Bronze,WARPLOCK_BRONZE,#927D7B,146,125,123,"146, 125, 123",Base,Active,Warhammer.com paint inventory paste (331 items); Hex/RGB: Full List of Citadel Paints Wikipedia PDF,Active item from Warhammer.com paint listing. Price: £2.75.,
GW_BASE_WRAITHBONE,Games Workshop,Citadel,Base,BASE,,Wraithbone,WRAITHBONE,#DCCB9A,220,203,154,"220, 203, 154",Base,Active,Warhammer.com paint inventory paste (331 items),Active item from Warhammer.com paint listing. Price: £2.75.,
GW_BASE_XV_88,Games Workshop,Citadel,Base,BASE,,XV-88,XV_88,#72491E,114,73,30,"114, 73, 30",Base,Active,Warhammer.com paint inventory paste (331 items); Hex/RGB: Full List of Citadel Paints Wikipedia PDF,Active item from Warhammer.com paint listing. Price: £2.75.,
GW_BASE_ZANDRI_DUST,Games Workshop,Citadel,Base,BASE,,Zandri Dust,ZANDRI_DUST,#9E915C,158,145,92,"158, 145, 92",Base,Active,Warhammer.com paint inventory paste (331 items); Hex/RGB: Full List of Citadel Paints Wikipedia PDF,Active item from Warhammer.com paint listing. Price: £2.75.,
GW_LAYER_ADMINISTRATUM_GREY,Games Workshop,Citadel,Layer,LAYER,,Administratum Grey,ADMINISTRATUM_GREY,#949B95,148,155,149,"148, 155, 149",Layer,Active,Warhammer.com paint inventory paste (331 items); Hex/RGB: Full List of Citadel Paints Wikipedia PDF,Active item from Warhammer.com paint listing. Price: £2.75.,
GW_LAYER_AHRIMAN_BLUE,Games Workshop,Citadel,Layer,LAYER,,Ahriman Blue,AHRIMAN_BLUE,#00A5B9,0,165,185,"0, 165, 185",Layer,Active,Warhammer.com paint inventory paste (331 items); Hex/RGB: Existing GW registry real product row,Active item from Warhammer.com paint listing. Price: £2.75.,
GW_LAYER_ALAITOC_BLUE,Games Workshop,Citadel,Layer,LAYER,,Alaitoc Blue,ALAITOC_BLUE,#8E8C97,142,140,151,"142, 140, 151",Layer,Active,Warhammer.com paint inventory paste (331 items); Hex/RGB: Full List of Citadel Paints Wikipedia PDF,Active item from Warhammer.com paint listing. Price: £2.75.,
GW_LAYER_ALTDORF_GUARD_BLUE,Games Workshop,Citadel,Layer,LAYER,,Altdorf Guard Blue,ALTDORF_GUARD_BLUE,#1F56A7,31,86,167,"31, 86, 167",Layer,Active,Warhammer.com paint inventory paste (331 items); Hex/RGB: Full List of Citadel Paints Wikipedia PDF,Active item from Warhammer.com paint listing. Price: £2.75.,
GW_LAYER_AURIC_ARMOUR_GOLD,Games Workshop,Citadel,Layer,LAYER,,Auric Armour Gold,AURIC_ARMOUR_GOLD,#E8BC6D,232,188,109,"232, 188, 109",Layer,Active,Warhammer.com paint inventory paste (331 items); Hex/RGB: Full List of Citadel Paints Wikipedia PDF,Active item from Warhammer.com paint listing. Price: £2.75.,
GW_LAYER_BAHARROTH_BLUE,Games Workshop,Citadel,Layer,LAYER,,Baharroth Blue,BAHARROTH_BLUE,#78C4C7,120,196,199,"120, 196, 199",Layer,Active,Warhammer.com paint inventory paste (331 items); Hex/RGB: Existing GW registry real product row,Active item from Warhammer.com paint listing. Price: £2.75.,
GW_LAYER_BALOR_BROWN,Games Workshop,Citadel,Layer,LAYER,,Balor Brown,BALOR_BROWN,#8B5910,139,89,16,"139, 89, 16",Layer,Active,Warhammer.com paint inventory paste (331 items); Hex/RGB: Full List of Citadel Paints Wikipedia PDF,Active item from Warhammer.com paint listing. Price: £2.75.,
GW_LAYER_BANEBLADE_BROWN,Games Workshop,Citadel,Layer,LAYER,,Baneblade Brown,BANEBLADE_BROWN,#937F6D,147,127,109,"147, 127, 109",Layer,Active,Warhammer.com paint inventory paste (331 items); Hex/RGB: Full List of Citadel Paints Wikipedia PDF,Active item from Warhammer.com paint listing. Price: £2.75.,
GW_LAYER_BESTIGOR_FLESH,Games Workshop,Citadel,Layer,LAYER,,Bestigor Flesh,BESTIGOR_FLESH,#D38A57,211,138,87,"211, 138, 87",Layer,Active,Warhammer.com paint inventory paste (331 items); Hex/RGB: Full List of Citadel Paints Wikipedia PDF,Active item from Warhammer.com paint listing. Price: £2.75.,
GW_LAYER_BLOODREAVER_FLESH,Games Workshop,Citadel,Layer,LAYER,,Bloodreaver Flesh,BLOODREAVER_FLESH,#AD6B4C,173,107,76,"173, 107, 76",Layer,Active,Comparison Hex Pull,Active item from Warhammer.com paint listing. Price: £2.75. | Comparison-derived flesh/brown: closest documented Citadel/Ratskin Flesh family,#AD6B4C
GW_LAYER_BLUE_HORROR,Games Workshop,Citadel,Layer,LAYER,,Blue Horror,BLUE_HORROR,#A2BAD2,162,186,210,"162, 186, 210",Layer,Active,Warhammer.com paint inventory paste (331 items); Hex/RGB: Existing GW registry real product row,Active item from Warhammer.com paint listing. Price: £2.75.,
GW_LAYER_BRASS_SCORPION,Games Workshop,Citadel,Layer,LAYER,,Brass Scorpion,BRASS_SCORPION,#B7885F,183,136,95,"183, 136, 95",Layer,Active,Warhammer.com paint inventory paste (331 items); Hex/RGB: Full List of Citadel Paints Wikipedia PDF,Active item from Warhammer.com paint listing. Price: £2.75.,
GW_LAYER_CADIAN_FLESHTONE,Games Workshop,Citadel,Layer,LAYER,,Cadian Fleshtone,CADIAN_FLESHTONE,#C77958,199,121,88,"199, 121, 88",Layer,Active,Warhammer.com paint inventory paste (331 items); Hex/RGB: Full List of Citadel Paints Wikipedia PDF,Active item from Warhammer.com paint listing. Price: £2.75.,
GW_LAYER_CALGAR_BLUE,Games Workshop,Citadel,Layer,LAYER,,Calgar Blue,CALGAR_BLUE,#4272B8,66,114,184,"66, 114, 184",Layer,Active,Warhammer.com paint inventory paste (331 items); Hex/RGB: Full List of Citadel Paints Wikipedia PDF,Active item from Warhammer.com paint listing. Price: £2.75.,
GW_LAYER_CANOPTEK_ALLOY,Games Workshop,Citadel,Layer,LAYER,,Canoptek Alloy,CANOPTEK_ALLOY,#B6A89A,182,168,154,"182, 168, 154",Layer,Active,Comparison Hex Pull,Active item from Warhammer.com paint listing. Price: £3.70. | Comparison-derived metallic: closest documented Runelord Brass / muted alloy family,#B6A89A
GW_LAYER_CASTELLAX_BRONZE,Games Workshop,Citadel,Layer,LAYER,,Castellax Bronze,CASTELLAX_BRONZE,#B46B3A,180,107,58,"180, 107, 58",Layer,Active,Warhammer.com paint inventory paste (331 items); Hex/RGB: Same-name Citadel source (Games_Workshop_Citadel_Air_v0.xlsx),Active item from Warhammer.com paint listing. Price: £2.75.,
GW_LAYER_DARK_REAPER,Games Workshop,Citadel,Layer,LAYER,,Dark Reaper,DARK_REAPER,#3B5150,59,81,80,"59, 81, 80",Layer,Active,Warhammer.com paint inventory paste (331 items); Hex/RGB: Full List of Citadel Paints Wikipedia PDF,Active item from Warhammer.com paint listing. Price: £2.75.,
GW_LAYER_DAWNSTONE,Games Workshop,Citadel,Layer,LAYER,,Dawnstone,DAWNSTONE,#70756E,112,117,110,"112, 117, 110",Layer,Active,Warhammer.com paint inventory paste (331 items); Hex/RGB: Existing GW registry real product row,Active item from Warhammer.com paint listing. Price: £2.75.,
GW_LAYER_DEATHCLAW_BROWN,Games Workshop,Citadel,Layer,LAYER,,Deathclaw Brown,DEATHCLAW_BROWN,#B36853,179,104,83,"179, 104, 83",Layer,Active,Warhammer.com paint inventory paste (331 items); Hex/RGB: Full List of Citadel Paints Wikipedia PDF,Active item from Warhammer.com paint listing. Price: £2.75.,
GW_LAYER_DECHALA_LILAC,Games Workshop,Citadel,Layer,LAYER,,Dechala Lilac,DECHALA_LILAC,#B59ECC,181,158,204,"181, 158, 204",Layer,Active,Warhammer.com paint inventory paste (331 items); Hex/RGB: Existing GW registry real product row,Active item from Warhammer.com paint listing. Price: £2.75.,
GW_LAYER_DEEPKIN_FLESH,Games Workshop,Citadel,Layer,LAYER,,Deepkin Flesh,DEEPKIN_FLESH,#D2D4C7,210,212,199,"210, 212, 199",Layer,Active,Warhammer.com paint inventory paste (331 items); Hex/RGB: Existing GW registry real product row,Active item from Warhammer.com paint listing. Price: £2.75.,
GW_LAYER_DOOMBULL_BROWN,Games Workshop,Citadel,Layer,LAYER,,Doombull Brown,DOOMBULL_BROWN,#5D0009,93,0,9,"93, 0, 9",Layer,Active,Warhammer.com paint inventory paste (331 items); Hex/RGB: Full List of Citadel Paints Wikipedia PDF,Active item from Warhammer.com paint listing. Price: £2.75.,
GW_LAYER_DORN_YELLOW,Games Workshop,Citadel,Layer,LAYER,,Dorn Yellow,DORN_YELLOW,#E3D28C,227,210,140,"227, 210, 140",Layer,Active,Warhammer.com paint inventory paste (331 items); Hex/RGB: Existing GW registry real product row,Active item from Warhammer.com paint listing. Price: £2.75.,
GW_LAYER_ELYSIAN_GREEN,Games Workshop,Citadel,Layer,LAYER,,Elysian Green,ELYSIAN_GREEN,#748F39,116,143,57,"116, 143, 57",Layer,Active,Warhammer.com paint inventory paste (331 items); Hex/RGB: Full List of Citadel Paints Wikipedia PDF,Active item from Warhammer.com paint listing. Price: £2.75.,
GW_LAYER_ESHIN_GREY,Games Workshop,Citadel,Layer,LAYER,,Eshin Grey,ESHIN_GREY,#4A4F52,74,79,82,"74, 79, 82",Layer,Active,Warhammer.com paint inventory paste (331 items); Hex/RGB: Full List of Citadel Paints Wikipedia PDF,Active item from Warhammer.com paint listing. Price: £2.75.,
GW_LAYER_EVIL_SUNZ_SCARLET,Games Workshop,Citadel,Layer,LAYER,,Evil Sunz Scarlet,EVIL_SUNZ_SCARLET,#C2191F,194,25,31,"194, 25, 31",Layer,Active,Warhammer.com paint inventory paste (331 items); Hex/RGB: Full List of Citadel Paints Wikipedia PDF,Active item from Warhammer.com paint listing. Price: £2.75.,
GW_LAYER_FENRISIAN_GREY,Games Workshop,Citadel,Layer,LAYER,,Fenrisian Grey,FENRISIAN_GREY,#719BB7,113,155,183,"113, 155, 183",Layer,Active,Warhammer.com paint inventory paste (331 items); Hex/RGB: Full List of Citadel Paints Wikipedia PDF,Active item from Warhammer.com paint listing. Price: £2.75.,
GW_LAYER_FIRE_DRAGON_BRIGHT,Games Workshop,Citadel,Layer,LAYER,,Fire Dragon Bright,FIRE_DRAGON_BRIGHT,#F58652,245,134,82,"245, 134, 82",Layer,Active,Warhammer.com paint inventory paste (331 items); Hex/RGB: Full List of Citadel Paints Wikipedia PDF,Active item from Warhammer.com paint listing. Price: £2.75.,
GW_LAYER_FLASH_GITZ_YELLOW,Games Workshop,Citadel,Layer,LAYER,,Flash Gitz Yellow,FLASH_GITZ_YELLOW,#FFF200,255,242,0,"255, 242, 0",Layer,Active,Warhammer.com paint inventory paste (331 items); Hex/RGB: Full List of Citadel Paints Wikipedia PDF,Active item from Warhammer.com paint listing. Price: £2.75.,
GW_LAYER_FLAYED_ONE_FLESH,Games Workshop,Citadel,Layer,LAYER,,Flayed One Flesh,FLAYED_ONE_FLESH,#FCFCDE,252,252,222,"252, 252, 222",Layer,Active,Warhammer.com paint inventory paste (331 items); Hex/RGB: Full List of Citadel Paints Wikipedia PDF,Active item from Warhammer.com paint listing. Price: £2.75.,
GW_LAYER_FULGRIM_PINK,Games Workshop,Citadel,Layer,LAYER,,Fulgrim Pink,FULGRIM_PINK,#F4AFCC,244,175,204,"244, 175, 204",Layer,Active,Warhammer.com paint inventory paste (331 items); Hex/RGB: Existing GW registry real product row,Active item from Warhammer.com paint listing. Price: £2.75.,
GW_LAYER_FULGURITE_COPPER,Games Workshop,Citadel,Layer,LAYER,,Fulgurite Copper,FULGURITE_COPPER,#E6B77E,230,183,126,"230, 183, 126",Layer,Active,Warhammer.com paint inventory paste (331 items); Hex/RGB: Full List of Citadel Paints Wikipedia PDF,Active item from Warhammer.com paint listing. Price: £3.70.,
GW_LAYER_GAUSS_BLASTER_GREEN,Games Workshop,Citadel,Layer,LAYER,,Gauss Blaster Green,GAUSS_BLASTER_GREEN,#84C2A9,132,194,169,"132, 194, 169",Layer,Active,Warhammer.com paint inventory paste (331 items); Hex/RGB: Existing GW registry real product row,Active item from Warhammer.com paint listing. Price: £2.75.,
GW_LAYER_GEHENNA_S_GOLD,Games Workshop,Citadel,Layer,LAYER,,Gehenna's Gold,GEHENNA_S_GOLD,#DBA674,219,166,116,"219, 166, 116",Layer,Active,Warhammer.com paint inventory paste (331 items); Hex/RGB: Full List of Citadel Paints Wikipedia PDF,Active item from Warhammer.com paint listing. Price: £2.75.,
GW_LAYER_GENESTEALER_PURPLE,Games Workshop,Citadel,Layer,LAYER,,Genestealer Purple,GENESTEALER_PURPLE,#7761AB,119,97,171,"119, 97, 171",Layer,Active,Warhammer.com paint inventory paste (331 items); Hex/RGB: Full List of Citadel Paints Wikipedia PDF,Active item from Warhammer.com paint listing. Price: £2.75.,
GW_LAYER_GORTHOR_BROWN,Games Workshop,Citadel,Layer,LAYER,,Gorthor Brown,GORTHOR_BROWN,#654741,101,71,65,"101, 71, 65",Layer,Active,Warhammer.com paint inventory paste (331 items); Hex/RGB: Full List of Citadel Paints Wikipedia PDF,Active item from Warhammer.com paint listing. Price: £2.75.,
GW_LAYER_HASHUT_COPPER,Games Workshop,Citadel,Layer,LAYER,,Hashut Copper,HASHUT_COPPER,#B77647,183,118,71,"183, 118, 71",Layer,Active,Warhammer.com paint inventory paste (331 items); Hex/RGB: Full List of Citadel Paints Wikipedia PDF,Active item from Warhammer.com paint listing. Price: £2.75.,
GW_LAYER_HOETH_BLUE,Games Workshop,Citadel,Layer,LAYER,,Hoeth Blue,HOETH_BLUE,#4C7FB4,76,127,180,"76, 127, 180",Layer,Active,Warhammer.com paint inventory paste (331 items); Hex/RGB: Existing GW registry real product row,Active item from Warhammer.com paint listing. Price: £2.75.,
GW_LAYER_IRONBREAKER,Games Workshop,Citadel,Layer,LAYER,,Ironbreaker,IRONBREAKER,#A1A6A9,161,166,169,"161, 166, 169",Layer,Active,Warhammer.com paint inventory paste (331 items); Hex/RGB: Full List of Citadel Paints Wikipedia PDF,Active item from Warhammer.com paint listing. Price: £2.75.,
GW_LAYER_KABALITE_GREEN,Games Workshop,Citadel,Layer,LAYER,,Kabalite Green,KABALITE_GREEN,#038C67,3,140,103,"3, 140, 103",Layer,Active,Warhammer.com paint inventory paste (331 items); Hex/RGB: Full List of Citadel Paints Wikipedia PDF,Active item from Warhammer.com paint listing. Price: £2.75.,
GW_LAYER_KAKOPHONI_PURPLE,Games Workshop,Citadel,Layer,LAYER,,Kakophoni Purple,KAKOPHONI_PURPLE,#886AAE,136,106,174,"136, 106, 174",Layer,Active,Warhammer.com paint inventory paste (331 items); Hex/RGB: Same-name Citadel source (Games_Workshop_Citadel_Air_v0.xlsx),Active item from Warhammer.com paint listing. Price: £2.75.,
GW_LAYER_KARAK_STONE,Games Workshop,Citadel,Layer,LAYER,,Karak Stone,KARAK_STONE,#BB9662,187,150,98,"187, 150, 98",Layer,Active,Warhammer.com paint inventory paste (331 items); Hex/RGB: Full List of Citadel Paints Wikipedia PDF,Active item from Warhammer.com paint listing. Price: £2.75.,
GW_LAYER_KISLEV_FLESH,Games Workshop,Citadel,Layer,LAYER,,Kislev Flesh,KISLEV_FLESH,#D6A875,214,168,117,"214, 168, 117",Layer,Active,Warhammer.com paint inventory paste (331 items); Hex/RGB: Full List of Citadel Paints Wikipedia PDF,Active item from Warhammer.com paint listing. Price: £2.75.,
GW_LAYER_KNIGHT_QUESTOR_FLESH,Games Workshop,Citadel,Layer,LAYER,,Knight-Questor Flesh,KNIGHT_QUESTOR_FLESH,#C0BD81,192,189,129,"192, 189, 129",Layer,Active,Comparison Hex Pull,Active item from Warhammer.com paint listing. Price: £2.75. | Comparison-derived from Army Painter Command Khaki target / light khaki flesh family,#C0BD81
GW_LAYER_KRIEG_KHAKI,Games Workshop,Citadel,Layer,LAYER,,Krieg Khaki,KRIEG_KHAKI,#B7AD78,183,173,120,"183, 173, 120",Layer,Active,Warhammer.com paint inventory paste (331 items); Hex/RGB: Existing GW registry real product row,Active item from Warhammer.com paint listing. Price: £2.75.,
GW_LAYER_LIBERATOR_GOLD,Games Workshop,Citadel,Layer,LAYER,,Liberator Gold,LIBERATOR_GOLD,#D3B587,211,181,135,"211, 181, 135",Layer,Active,Warhammer.com paint inventory paste (331 items); Hex/RGB: Full List of Citadel Paints Wikipedia PDF,Active item from Warhammer.com paint listing. Price: £3.70.,
GW_LAYER_LOREN_FOREST,Games Workshop,Citadel,Layer,LAYER,,Loren Forest,LOREN_FOREST,#50702D,80,112,45,"80, 112, 45",Layer,Active,Warhammer.com paint inventory paste (331 items); Hex/RGB: Full List of Citadel Paints Wikipedia PDF,Active item from Warhammer.com paint listing. Price: £2.75.,
GW_LAYER_LOTHERN_BLUE,Games Workshop,Citadel,Layer,LAYER,,Lothern Blue,LOTHERN_BLUE,#34A2CF,52,162,207,"52, 162, 207",Layer,Active,Warhammer.com paint inventory paste (331 items); Hex/RGB: Full List of Citadel Paints Wikipedia PDF,Active item from Warhammer.com paint listing. Price: £2.75.,
GW_LAYER_LUGGANATH_ORANGE,Games Workshop,Citadel,Layer,LAYER,,Lugganath Orange,LUGGANATH_ORANGE,#F89E86,248,158,134,"248, 158, 134",Layer,Active,Warhammer.com paint inventory paste (331 items); Hex/RGB: Existing GW registry real product row,Active item from Warhammer.com paint listing. Price: £2.75.,
GW_LAYER_MOOT_GREEN,Games Workshop,Citadel,Layer,LAYER,,Moot Green,MOOT_GREEN,#52B244,82,178,68,"82, 178, 68",Layer,Active,Warhammer.com paint inventory paste (331 items); Hex/RGB: Full List of Citadel Paints Wikipedia PDF,Active item from Warhammer.com paint listing. Price: £2.75.,
GW_LAYER_NURGLING_GREEN,Games Workshop,Citadel,Layer,LAYER,,Nurgling Green,NURGLING_GREEN,#849B63,132,155,99,"132, 155, 99",Layer,Active,Warhammer.com paint inventory paste (331 items); Hex/RGB: Existing GW registry real product row,Active item from Warhammer.com paint listing. Price: £2.75.,
GW_LAYER_OGRYN_CAMO,Games Workshop,Citadel,Layer,LAYER,,Ogryn Camo,OGRYN_CAMO,#9DA94B,157,169,75,"157, 169, 75",Layer,Active,Warhammer.com paint inventory paste (331 items); Hex/RGB: Full List of Citadel Paints Wikipedia PDF,Active item from Warhammer.com paint listing. Price: £2.75.,
GW_LAYER_PALLID_WYCH_FLESH,Games Workshop,Citadel,Layer,LAYER,,Pallid Wych Flesh,PALLID_WYCH_FLESH,#CDCEBE,205,206,190,"205, 206, 190",Layer,Active,Warhammer.com paint inventory paste (331 items); Hex/RGB: Full List of Citadel Paints Wikipedia PDF,Active item from Warhammer.com paint listing. Price: £2.75.,
GW_LAYER_PHALANX_YELLOW,Games Workshop,Citadel,Layer,LAYER,,Phalanx Yellow,PHALANX_YELLOW,#FFE200,255,226,0,"255, 226, 0",Layer,Active,Warhammer.com paint inventory paste (331 items); Hex/RGB: Same-name Citadel source (Games_Workshop_Citadel_Air_v0.xlsx),Active item from Warhammer.com paint listing. Price: £2.75.,
GW_LAYER_PINK_HORROR,Games Workshop,Citadel,Layer,LAYER,,Pink Horror,PINK_HORROR,#90305D,144,48,93,"144, 48, 93",Layer,Active,Warhammer.com paint inventory paste (331 items); Hex/RGB: Full List of Citadel Paints Wikipedia PDF,Active item from Warhammer.com paint listing. Price: £2.75.,
GW_LAYER_RUNEFANG_STEEL,Games Workshop,Citadel,Layer,LAYER,,Runefang Steel,RUNEFANG_STEEL,#C3CACE,195,202,206,"195, 202, 206",Layer,Active,Warhammer.com paint inventory paste (331 items); Hex/RGB: Full List of Citadel Paints Wikipedia PDF,Active item from Warhammer.com paint listing. Price: £2.75.,
GW_LAYER_RUSS_GREY,Games Workshop,Citadel,Layer,LAYER,,Russ Grey,RUSS_GREY,#547588,84,117,136,"84, 117, 136",Layer,Active,Warhammer.com paint inventory paste (331 items); Hex/RGB: Full List of Citadel Paints Wikipedia PDF,Active item from Warhammer.com paint listing. Price: £2.75.,
GW_LAYER_SCREAMING_SKULL,Games Workshop,Citadel,Layer,LAYER,,Screaming Skull,SCREAMING_SKULL,#D2D4A2,210,212,162,"210, 212, 162",Layer,Active,Warhammer.com paint inventory paste (331 items); Hex/RGB: Full List of Citadel Paints Wikipedia PDF,Active item from Warhammer.com paint listing. Price: £2.75.,
GW_LAYER_SKARSNIK_GREEN,Games Workshop,Citadel,Layer,LAYER,,Skarsnik Green,SKARSNIK_GREEN,#5F9370,95,147,112,"95, 147, 112",Layer,Active,Warhammer.com paint inventory paste (331 items); Hex/RGB: Full List of Citadel Paints Wikipedia PDF,Active item from Warhammer.com paint listing. Price: £2.75.,
GW_LAYER_SKAVENBLIGHT_DINGE,Games Workshop,Citadel,Layer,LAYER,,Skavenblight Dinge,SKAVENBLIGHT_DINGE,#47413B,71,65,59,"71, 65, 59",Layer,Active,Warhammer.com paint inventory paste (331 items); Hex/RGB: Full List of Citadel Paints Wikipedia PDF,Active item from Warhammer.com paint listing. Price: £2.75.,
GW_LAYER_SKRAG_BROWN,Games Workshop,Citadel,Layer,LAYER,,Skrag Brown,SKRAG_BROWN,#90490F,144,73,15,"144, 73, 15",Layer,Active,Warhammer.com paint inventory paste (331 items); Hex/RGB: Full List of Citadel Paints Wikipedia PDF,Active item from Warhammer.com paint listing. Price: £2.75.,
GW_LAYER_SKULLCRUSHER_BRASS,Games Workshop,Citadel,Layer,LAYER,,Skullcrusher Brass,SKULLCRUSHER_BRASS,#F1C78E,241,199,142,"241, 199, 142",Layer,Active,Warhammer.com paint inventory paste (331 items); Hex/RGB: Full List of Citadel Paints Wikipedia PDF,Active item from Warhammer.com paint listing. Price: £3.70.,
GW_LAYER_SLAANESH_GREY,Games Workshop,Citadel,Layer,LAYER,,Slaanesh Grey,SLAANESH_GREY,#8E8C97,142,140,151,"142, 140, 151",Layer,Active,Warhammer.com paint inventory paste (331 items); Hex/RGB: Existing GW registry real product row,Active item from Warhammer.com paint listing. Price: £2.75.,
GW_LAYER_SONS_OF_HORUS_GREEN,Games Workshop,Citadel,Layer,LAYER,,Sons of Horus Green,SONS_OF_HORUS_GREEN,#01545E,1,84,94,"1, 84, 94",Layer,Active,Warhammer.com paint inventory paste (331 items); Hex/RGB: Same-name Citadel source (Games_Workshop_Citadel_Air_v0.xlsx),Active item from Warhammer.com paint listing. Price: £2.75.,
GW_LAYER_SOTEK_GREEN,Games Workshop,Citadel,Layer,LAYER,,Sotek Green,SOTEK_GREEN,#0B6974,11,105,116,"11, 105, 116",Layer,Active,Warhammer.com paint inventory paste (331 items); Hex/RGB: Full List of Citadel Paints Wikipedia PDF,Active item from Warhammer.com paint listing. Price: £2.75.,
GW_LAYER_SQUIG_ORANGE,Games Workshop,Citadel,Layer,LAYER,,Squig Orange,SQUIG_ORANGE,#AA4F44,170,79,68,"170, 79, 68",Layer,Active,Warhammer.com paint inventory paste (331 items); Hex/RGB: Full List of Citadel Paints Wikipedia PDF,Active item from Warhammer.com paint listing. Price: £2.75.,
GW_LAYER_STORMHOST_SILVER,Games Workshop,Citadel,Layer,LAYER,,Stormhost Silver,STORMHOST_SILVER,#BBC6C9,187,198,201,"187, 198, 201",Layer,Active,Warhammer.com paint inventory paste (331 items); Hex/RGB: Full List of Citadel Paints Wikipedia PDF,Active item from Warhammer.com paint listing. Price: £3.70.,
GW_LAYER_STORMVERMIN_FUR,Games Workshop,Citadel,Layer,LAYER,,Stormvermin Fur,STORMVERMIN_FUR,#736B65,115,107,101,"115, 107, 101",Layer,Active,Warhammer.com paint inventory paste (331 items); Hex/RGB: Full List of Citadel Paints Wikipedia PDF,Active item from Warhammer.com paint listing. Price: £2.75.,
GW_LAYER_STRAKEN_GREEN,Games Workshop,Citadel,Layer,LAYER,,Straken Green,STRAKEN_GREEN,#628126,98,129,38,"98, 129, 38",Layer,Active,Warhammer.com paint inventory paste (331 items); Hex/RGB: Full List of Citadel Paints Wikipedia PDF,Active item from Warhammer.com paint listing. Price: £2.75.,
GW_LAYER_SYBARITE_GREEN,Games Workshop,Citadel,Layer,LAYER,,Sybarite Green,SYBARITE_GREEN,#30A56C,48,165,108,"48, 165, 108",Layer,Active,Warhammer.com paint inventory paste (331 items); Hex/RGB: Full List of Citadel Paints Wikipedia PDF,Active item from Warhammer.com paint listing. Price: £2.75.,
GW_LAYER_SYCORAX_BRONZE,Games Workshop,Citadel,Layer,LAYER,,Sycorax Bronze,SYCORAX_BRONZE,#CBB394,203,179,148,"203, 179, 148",Layer,Active,Warhammer.com paint inventory paste (331 items); Hex/RGB: Full List of Citadel Paints Wikipedia PDF,Active item from Warhammer.com paint listing. Price: £2.75.,
GW_LAYER_TALLARN_SAND,Games Workshop,Citadel,Layer,LAYER,,Tallarn Sand,TALLARN_SAND,#A67610,166,118,16,"166, 118, 16",Layer,Active,Warhammer.com paint inventory paste (331 items); Hex/RGB: Full List of Citadel Paints Wikipedia PDF,Active item from Warhammer.com paint listing. Price: £2.75.,
GW_LAYER_TAU_LIGHT_OCHRE,Games Workshop,Citadel,Layer,LAYER,,Tau Light Ochre,TAU_LIGHT_OCHRE,#BF6E1D,191,110,29,"191, 110, 29",Layer,Active,Warhammer.com paint inventory paste (331 items); Hex/RGB: Full List of Citadel Paints Wikipedia PDF,Active item from Warhammer.com paint listing. Price: £2.75.,
GW_LAYER_TECLIS_BLUE,Games Workshop,Citadel,Layer,LAYER,,Teclis Blue,TECLIS_BLUE,#317EC1,49,126,193,"49, 126, 193",Layer,Active,Warhammer.com paint inventory paste (331 items); Hex/RGB: Full List of Citadel Paints Wikipedia PDF,Active item from Warhammer.com paint listing. Price: £2.75.,
GW_LAYER_TEMPLE_GUARD_BLUE,Games Workshop,Citadel,Layer,LAYER,,Temple Guard Blue,TEMPLE_GUARD_BLUE,#339A8D,51,154,141,"51, 154, 141",Layer,Active,Warhammer.com paint inventory paste (331 items); Hex/RGB: Full List of Citadel Paints Wikipedia PDF,Active item from Warhammer.com paint listing. Price: £2.75.,
GW_LAYER_THUNDERHAWK_BLUE,Games Workshop,Citadel,Layer,LAYER,,Thunderhawk Blue,THUNDERHAWK_BLUE,#417175,65,113,117,"65, 113, 117",Layer,Active,Warhammer.com paint inventory paste (331 items); Hex/RGB: Existing GW registry real product row,Active item from Warhammer.com paint listing. Price: £2.75.,
GW_LAYER_TROLL_SLAYER_ORANGE,Games Workshop,Citadel,Layer,LAYER,,Troll Slayer Orange,TROLL_SLAYER_ORANGE,#F36D2D,243,109,45,"243, 109, 45",Layer,Active,Warhammer.com paint inventory paste (331 items); Hex/RGB: Full List of Citadel Paints Wikipedia PDF,Active item from Warhammer.com paint listing. Price: £2.75.,
GW_LAYER_TUSKGOR_FUR,Games Workshop,Citadel,Layer,LAYER,,Tuskgor Fur,TUSKGOR_FUR,#883736,136,55,54,"136, 55, 54",Layer,Active,Warhammer.com paint inventory paste (331 items); Hex/RGB: Existing GW registry real product row,Active item from Warhammer.com paint listing. Price: £2.75.,
GW_LAYER_ULTHUAN_GREY,Games Workshop,Citadel,Layer,LAYER,,Ulthuan Grey,ULTHUAN_GREY,#C7E0D9,199,224,217,"199, 224, 217",Layer,Active,Warhammer.com paint inventory paste (331 items); Hex/RGB: Full List of Citadel Paints Wikipedia PDF,Active item from Warhammer.com paint listing. Price: £2.75.,
GW_LAYER_UNGOR_FLESH,Games Workshop,Citadel,Layer,LAYER,,Ungor Flesh,UNGOR_FLESH,#D6A766,214,167,102,"214, 167, 102",Layer,Active,Warhammer.com paint inventory paste (331 items); Hex/RGB: Full List of Citadel Paints Wikipedia PDF,Active item from Warhammer.com paint listing. Price: £2.75.,
GW_LAYER_USHABTI_BONE,Games Workshop,Citadel,Layer,LAYER,,Ushabti Bone,USHABTI_BONE,#BBBB7F,187,187,127,"187, 187, 127",Layer,Active,Warhammer.com paint inventory paste (331 items); Hex/RGB: Full List of Citadel Paints Wikipedia PDF,Active item from Warhammer.com paint listing. Price: £2.75.,
GW_LAYER_VULKAN_GREEN,Games Workshop,Citadel,Layer,LAYER,,Vulkan Green,VULKAN_GREEN,#223C2E,34,60,46,"34, 60, 46",Layer,Active,Warhammer.com paint inventory paste (331 items); Hex/RGB: Same-name Citadel source (Games_Workshop_Citadel_Air_v0.xlsx),Active item from Warhammer.com paint listing. Price: £2.75.,
GW_LAYER_WARBOSS_GREEN,Games Workshop,Citadel,Layer,LAYER,,Warboss Green,WARBOSS_GREEN,#3E805D,62,128,93,"62, 128, 93",Layer,Active,Warhammer.com paint inventory paste (331 items); Hex/RGB: Full List of Citadel Paints Wikipedia PDF,Active item from Warhammer.com paint listing. Price: £2.75.,
GW_LAYER_WARPFIEND_GREY,Games Workshop,Citadel,Layer,LAYER,,Warpfiend Grey,WARPFIEND_GREY,#6B6A74,107,106,116,"107, 106, 116",Layer,Active,Warhammer.com paint inventory paste (331 items); Hex/RGB: Full List of Citadel Paints Wikipedia PDF,Active item from Warhammer.com paint listing. Price: £2.75.,
GW_LAYER_WARPSTONE_GLOW,Games Workshop,Citadel,Layer,LAYER,,Warpstone Glow,WARPSTONE_GLOW,#1E7331,30,115,49,"30, 115, 49",Layer,Active,Warhammer.com paint inventory paste (331 items); Hex/RGB: Full List of Citadel Paints Wikipedia PDF,Active item from Warhammer.com paint listing. Price: £2.75.,
GW_LAYER_WAZDAKKA_RED,Games Workshop,Citadel,Layer,LAYER,,Wazdakka Red,WAZDAKKA_RED,#8C0A0C,140,10,12,"140, 10, 12",Layer,Active,Warhammer.com paint inventory paste (331 items); Hex/RGB: Full List of Citadel Paints Wikipedia PDF,Active item from Warhammer.com paint listing. Price: £2.75.,
GW_LAYER_WHITE_SCAR,Games Workshop,Citadel,Layer,LAYER,,White Scar,WHITE_SCAR,#FFFFFF,255,255,255,"255, 255, 255",Layer,Active,Warhammer.com paint inventory paste (331 items); Hex/RGB: Full List of Citadel Paints Wikipedia PDF,Active item from Warhammer.com paint listing. Price: £2.75.,
GW_LAYER_WILD_RIDER_RED,Games Workshop,Citadel,Layer,LAYER,,Wild Rider Red,WILD_RIDER_RED,#EA2F28,234,47,40,"234, 47, 40",Layer,Active,Warhammer.com paint inventory paste (331 items); Hex/RGB: Full List of Citadel Paints Wikipedia PDF,Active item from Warhammer.com paint listing. Price: £2.75.,
GW_LAYER_WORD_BEARERS_RED,Games Workshop,Citadel,Layer,LAYER,,Word Bearers Red,WORD_BEARERS_RED,#620005,98,0,5,"98, 0, 5",Layer,Active,Warhammer.com paint inventory paste (331 items); Hex/RGB: Same-name Citadel source (Games_Workshop_Citadel_Air_v0.xlsx),Active item from Warhammer.com paint listing. Price: £2.75.,
GW_LAYER_XEREUS_PURPLE,Games Workshop,Citadel,Layer,LAYER,,Xereus Purple,XEREUS_PURPLE,#471F5F,71,31,95,"71, 31, 95",Layer,Active,Warhammer.com paint inventory paste (331 items); Hex/RGB: Full List of Citadel Paints Wikipedia PDF,Active item from Warhammer.com paint listing. Price: £2.75.,
GW_LAYER_YRIEL_YELLOW,Games Workshop,Citadel,Layer,LAYER,,Yriel Yellow,YRIEL_YELLOW,#FFDA00,255,218,0,"255, 218, 0",Layer,Active,Warhammer.com paint inventory paste (331 items); Hex/RGB: Full List of Citadel Paints Wikipedia PDF,Active item from Warhammer.com paint listing. Price: £2.75.,
GW_LAYER_ZAMESI_DESERT,Games Workshop,Citadel,Layer,LAYER,,Zamesi Desert,ZAMESI_DESERT,#DDA026,221,160,38,"221, 160, 38",Layer,Active,Warhammer.com paint inventory paste (331 items); Hex/RGB: Full List of Citadel Paints Wikipedia PDF,Active item from Warhammer.com paint listing. Price: £2.75.,
GW_SHADE_AGRAX_EARTHSHADE,Games Workshop,Citadel,Shade,SHADE,,Agrax Earthshade,AGRAX_EARTHSHADE,#5A543C,90,84,60,"90, 84, 60",Shade,Active,Warhammer.com paint inventory paste (331 items); Hex/RGB: Existing GW registry real product row,Active item from Warhammer.com paint listing. Price: £4.75.,
GW_SHADE_ATHONIAN_CAMOSHADE,Games Workshop,Citadel,Shade,SHADE,,Athonian Camoshade,ATHONIAN_CAMOSHADE,#6D8E44,109,142,68,"109, 142, 68",Shade,Active,Warhammer.com paint inventory paste (331 items); Hex/RGB: Full List of Citadel Paints Wikipedia PDF,Active item from Warhammer.com paint listing. Price: £4.75.,
GW_SHADE_BERSERKER_BLOODSHADE,Games Workshop,Citadel,Shade,SHADE,,Berserker Bloodshade,BERSERKER_BLOODSHADE,#A82A70,168,42,112,"168, 42, 112",Shade,Active,Comparison Hex Pull,Active item from Warhammer.com paint listing. Price: £4.75. | Comparison-derived shade: closest documented Carroburg Crimson / red shade family,#A82A70
GW_SHADE_BIEL_TAN_GREEN,Games Workshop,Citadel,Shade,SHADE,,Biel-Tan Green,BIEL_TAN_GREEN,#1BA169,27,161,105,"27, 161, 105",Shade,Active,Warhammer.com paint inventory paste (331 items); Hex/RGB: Full List of Citadel Paints Wikipedia PDF,Active item from Warhammer.com paint listing. Price: £4.75.,
GW_SHADE_CARROBURG_CRIMSON,Games Workshop,Citadel,Shade,SHADE,,Carroburg Crimson,CARROBURG_CRIMSON,#A82A70,168,42,112,"168, 42, 112",Shade,Active,Warhammer.com paint inventory paste (331 items); Hex/RGB: Full List of Citadel Paints Wikipedia PDF,Active item from Warhammer.com paint listing. Price: £4.75.,
GW_SHADE_CASANDORA_YELLOW,Games Workshop,Citadel,Shade,SHADE,,Casandora Yellow,CASANDORA_YELLOW,#FECE5A,254,206,90,"254, 206, 90",Shade,Active,Warhammer.com paint inventory paste (331 items); Hex/RGB: Full List of Citadel Paints Wikipedia PDF,Active item from Warhammer.com paint listing. Price: £4.75.,
GW_SHADE_COELIA_GREENSHADE,Games Workshop,Citadel,Shade,SHADE,,Coelia Greenshade,COELIA_GREENSHADE,#0E7F78,14,127,120,"14, 127, 120",Shade,Active,Warhammer.com paint inventory paste (331 items); Hex/RGB: Full List of Citadel Paints Wikipedia PDF,Active item from Warhammer.com paint listing. Price: £4.75.,
GW_SHADE_DRAKENHOF_NIGHTSHADE,Games Workshop,Citadel,Shade,SHADE,,Drakenhof Nightshade,DRAKENHOF_NIGHTSHADE,#125899,18,88,153,"18, 88, 153",Shade,Active,Warhammer.com paint inventory paste (331 items); Hex/RGB: Full List of Citadel Paints Wikipedia PDF,Active item from Warhammer.com paint listing. Price: £4.75.,
GW_SHADE_DRUCHII_VIOLET,Games Workshop,Citadel,Shade,SHADE,,Druchii Violet,DRUCHII_VIOLET,#7A468C,122,70,140,"122, 70, 140",Shade,Active,Warhammer.com paint inventory paste (331 items); Hex/RGB: Full List of Citadel Paints Wikipedia PDF,Active item from Warhammer.com paint listing. Price: £4.75.,
GW_SHADE_FUEGAN_ORANGE,Games Workshop,Citadel,Shade,SHADE,,Fuegan Orange,FUEGAN_ORANGE,#C77E4D,199,126,77,"199, 126, 77",Shade,Active,Warhammer.com paint inventory paste (331 items); Hex/RGB: Full List of Citadel Paints Wikipedia PDF,Active item from Warhammer.com paint listing. Price: £4.75.,
GW_SHADE_KROAK_GREEN,Games Workshop,Citadel,Shade,SHADE,,Kroak Green,KROAK_GREEN,#1BA169,27,161,105,"27, 161, 105",Shade,Active,Comparison Hex Pull,Active item from Warhammer.com paint listing. Price: £4.75. | Comparison-derived shade: closest documented Biel-Tan Green / green shade family,#1BA169
GW_SHADE_MORTARION_GRIME,Games Workshop,Citadel,Shade,SHADE,,Mortarion Grime,MORTARION_GRIME,#5A573F,90,87,63,"90, 87, 63",Shade,Active,Comparison Hex Pull,Active item from Warhammer.com paint listing. Price: £4.75. | Comparison-derived shade: closest documented Agrax Earthshade / grime-brown shade family,#5A573F
GW_SHADE_NULN_OIL,Games Workshop,Citadel,Shade,SHADE,,Nuln Oil,NULN_OIL,#14100E,20,16,14,"20, 16, 14",Shade,Active,Warhammer.com paint inventory paste (331 items); Hex/RGB: Full List of Citadel Paints Wikipedia PDF,Active item from Warhammer.com paint listing. Price: £4.75.,
GW_SHADE_POXWALKER,Games Workshop,Citadel,Shade,SHADE,,Poxwalker,POXWALKER,#B8CC82,184,204,130,"184, 204, 130",Shade,Active,Comparison Hex Pull,Active item from Warhammer.com paint listing. Price: £4.75. | Comparison-derived shade: closest documented Nurgling Green / Poxwalker sickly green family,#B8CC82
GW_SHADE_REIKLAND_FLESHSHADE,Games Workshop,Citadel,Shade,SHADE,,Reikland Fleshshade,REIKLAND_FLESHSHADE,#CA6C4D,202,108,77,"202, 108, 77",Shade,Active,Warhammer.com paint inventory paste (331 items); Hex/RGB: Full List of Citadel Paints Wikipedia PDF,Active item from Warhammer.com paint listing. Price: £4.75.,
GW_SHADE_SERAPHIM_SEPIA,Games Workshop,Citadel,Shade,SHADE,,Seraphim Sepia,SERAPHIM_SEPIA,#D7824B,215,130,75,"215, 130, 75",Shade,Active,Warhammer.com paint inventory paste (331 items); Hex/RGB: Full List of Citadel Paints Wikipedia PDF,Active item from Warhammer.com paint listing. Price: £4.75.,
GW_SHADE_SOULBLIGHT_GREY,Games Workshop,Citadel,Shade,SHADE,,Soulblight Grey,SOULBLIGHT_GREY,#949B95,148,155,149,"148, 155, 149",Shade,Active,Comparison Hex Pull,Active item from Warhammer.com paint listing. Price: £4.75. | Comparison-derived shade: closest documented Administratum Grey / pale grey shade family,#949B95
GW_SHADE_TARGOR_RAGESHADE,Games Workshop,Citadel,Shade,SHADE,,Targor Rageshade,TARGOR_RAGESHADE,#CA6C4D,202,108,77,"202, 108, 77",Shade,Active,Comparison Hex Pull,Active item from Warhammer.com paint listing. Price: £4.75. | Comparison-derived shade: closest documented Reikland Fleshshade / warm flesh-brown shade family,#CA6C4D
GW_SHADE_TYRAN_BLUE,Games Workshop,Citadel,Shade,SHADE,,Tyran Blue,TYRAN_BLUE,#125899,18,88,153,"18, 88, 153",Shade,Active,Comparison Hex Pull,Active item from Warhammer.com paint listing. Price: £4.75. | Comparison-derived shade: closest documented Drakenhof Nightshade / blue shade family,#125899
GW_CONTRAST_AELDARI_EMERALD,Games Workshop,Citadel,Contrast,CONTRAST,,Aeldari Emerald,AELDARI_EMERALD,#00CFA3,0,207,163,"0, 207, 163",Contrast,Active,Warhammer.com paint inventory paste (331 items),Active item from Warhammer.com paint listing. Price: £4.75.,
GW_CONTRAST_AETHERMATIC_BLUE,Games Workshop,Citadel,Contrast,CONTRAST,,Aethermatic Blue,AETHERMATIC_BLUE,#AEEFF0,174,239,240,"174, 239, 240",Contrast,Active,Warhammer.com paint inventory paste (331 items),Active item from Warhammer.com paint listing. Price: £4.75.,
GW_CONTRAST_AGGAROS_DUNES,Games Workshop,Citadel,Contrast,CONTRAST,,Aggaros Dunes,AGGAROS_DUNES,#B38A3D,179,138,61,"179, 138, 61",Contrast,Active,Warhammer.com paint inventory paste (331 items),Active item from Warhammer.com paint listing. Price: £4.75.,
GW_CONTRAST_AKHELIAN_GREEN,Games Workshop,Citadel,Contrast,CONTRAST,,Akhelian Green,AKHELIAN_GREEN,#006E78,0,110,120,"0, 110, 120",Contrast,Active,Warhammer.com paint inventory paste (331 items),Active item from Warhammer.com paint listing. Price: £4.75.,
GW_CONTRAST_APOTHECARY_WHITE,Games Workshop,Citadel,Contrast,CONTRAST,,Apothecary White,APOTHECARY_WHITE,#E8ECEC,232,236,236,"232, 236, 236",Contrast,Active,Warhammer.com paint inventory paste (331 items),Active item from Warhammer.com paint listing. Price: £4.75.,
GW_CONTRAST_ASURMEN_BLUE,Games Workshop,Citadel,Contrast,CONTRAST,,Asurmen Blue,ASURMEN_BLUE,#1F6FD2,31,111,210,"31, 111, 210",Contrast,Active,Warhammer.com paint inventory paste (331 items),Active item from Warhammer.com paint listing. Price: £4.75.,
GW_CONTRAST_BAAL_RED,Games Workshop,Citadel,Contrast,CONTRAST,,Baal Red,BAAL_RED,#D81E3A,216,30,58,"216, 30, 58",Contrast,Active,Warhammer.com paint inventory paste (331 items),Active item from Warhammer.com paint listing. Price: £4.75.,
GW_CONTRAST_BAD_MOON_YELLOW,Games Workshop,Citadel,Contrast,CONTRAST,,Bad Moon Yellow,BAD_MOON_YELLOW,#F4D000,244,208,0,"244, 208, 0",Contrast,Active,Warhammer.com paint inventory paste (331 items),Active item from Warhammer.com paint listing. Price: £4.75.,
GW_CONTRAST_BASILICANUM_GREY,Games Workshop,Citadel,Contrast,CONTRAST,,Basilicanum Grey,BASILICANUM_GREY,#6B6B6B,107,107,107,"107, 107, 107",Contrast,Active,Warhammer.com paint inventory paste (331 items),Active item from Warhammer.com paint listing. Price: £4.75.,
GW_CONTRAST_BLACK_LEGION,Games Workshop,Citadel,Contrast,CONTRAST,,Black Legion,BLACK_LEGION,#1A1A1A,26,26,26,"26, 26, 26",Contrast,Active,Warhammer.com paint inventory paste (331 items),Active item from Warhammer.com paint listing. Price: £4.75.,
GW_CONTRAST_BLACK_TEMPLAR,Games Workshop,Citadel,Contrast,CONTRAST,,Black Templar,BLACK_TEMPLAR,#232323,35,35,35,"35, 35, 35",Contrast,Active,Warhammer.com paint inventory paste (331 items),Active item from Warhammer.com paint listing. Price: £4.75.,
GW_CONTRAST_BLOOD_ANGELS_RED,Games Workshop,Citadel,Contrast,CONTRAST,,Blood Angels Red,BLOOD_ANGELS_RED,#C81D25,200,29,37,"200, 29, 37",Contrast,Active,Warhammer.com paint inventory paste (331 items),Active item from Warhammer.com paint listing. Price: £4.75.,
GW_CONTRAST_BRIAR_QUEEN_CHILL,Games Workshop,Citadel,Contrast,CONTRAST,,Briar Queen Chill,BRIAR_QUEEN_CHILL,#B7D8D2,183,216,210,"183, 216, 210",Contrast,Active,Estimated Contrast Swatch,Active item from Warhammer.com paint listing. Price: £4.75. | Contrast estimate from Tale of Painters / Citadel Contrast swatch family; pale spectral teal-grey,#B7D8D2
GW_CONTRAST_CELESTIUM_BLUE,Games Workshop,Citadel,Contrast,CONTRAST,,Celestium Blue,CELESTIUM_BLUE,#3F74E0,63,116,224,"63, 116, 224",Contrast,Active,Warhammer.com paint inventory paste (331 items),Active item from Warhammer.com paint listing. Price: £4.75.,
GW_CONTRAST_CREED_CAMO,Games Workshop,Citadel,Contrast,CONTRAST,,Creed Camo,CREED_CAMO,#5F6F3A,95,111,58,"95, 111, 58",Contrast,Active,Estimated Contrast Swatch,Active item from Warhammer.com paint listing. Price: £4.75. | Contrast estimate from Citadel Contrast comparison swatches; olive camouflage green,#5F6F3A
GW_CONTRAST_CYGOR_BROWN,Games Workshop,Citadel,Contrast,CONTRAST,,Cygor Brown,CYGOR_BROWN,#3B2418,59,36,24,"59, 36, 24",Contrast,Active,Warhammer.com paint inventory paste (331 items),Active item from Warhammer.com paint listing. Price: £4.75.,
GW_CONTRAST_DARKOATH_FLESH,Games Workshop,Citadel,Contrast,CONTRAST,,Darkoath Flesh,DARKOATH_FLESH,#C08A5A,192,138,90,"192, 138, 90",Contrast,Active,Estimated Contrast Swatch,Active item from Warhammer.com paint listing. Price: £4.75. | Contrast estimate from Citadel Contrast comparison swatches; warm tan flesh,#C08A5A
GW_CONTRAST_DARK_ANGELS_GREEN,Games Workshop,Citadel,Contrast,CONTRAST,,Dark Angels Green,DARK_ANGELS_GREEN,#103B20,16,59,32,"16, 59, 32",Contrast,Active,Warhammer.com paint inventory paste (331 items),Active item from Warhammer.com paint listing. Price: £4.75.,
GW_CONTRAST_DOOMFIRE_MAGENTA,Games Workshop,Citadel,Contrast,CONTRAST,,Doomfire Magenta,DOOMFIRE_MAGENTA,#D01C6B,208,28,107,"208, 28, 107",Contrast,Active,Warhammer.com paint inventory paste (331 items),Active item from Warhammer.com paint listing. Price: £4.75.,
GW_CONTRAST_DREADFUL_VISAGE,Games Workshop,Citadel,Contrast,CONTRAST,,Dreadful Visage,DREADFUL_VISAGE,#D8D1D7,216,209,215,"216, 209, 215",Contrast,Active,Estimated Contrast Swatch,Active item from Warhammer.com paint listing. Price: £4.75. | Contrast estimate from Citadel Contrast comparison swatches; pale grey-lavender,#D8D1D7
GW_CONTRAST_FLESH_TEARERS_RED,Games Workshop,Citadel,Contrast,CONTRAST,,Flesh Tearers Red,FLESH_TEARERS_RED,#9B111E,155,17,30,"155, 17, 30",Contrast,Active,Warhammer.com paint inventory paste (331 items),Active item from Warhammer.com paint listing. Price: £4.75.,
GW_CONTRAST_FROSTHEART,Games Workshop,Citadel,Contrast,CONTRAST,,Frostheart,FROSTHEART,#3CC9E8,60,201,232,"60, 201, 232",Contrast,Active,Warhammer.com paint inventory paste (331 items),Active item from Warhammer.com paint listing. Price: £4.75.,
GW_CONTRAST_FYRESLAYER_FLESH,Games Workshop,Citadel,Contrast,CONTRAST,,Fyreslayer Flesh,FYRESLAYER_FLESH,#B06A42,176,106,66,"176, 106, 66",Contrast,Active,Estimated Contrast Swatch,Active item from Warhammer.com paint listing. Price: £4.75. | Contrast estimate from Citadel Contrast comparison swatches; warm orange flesh,#B06A42
GW_CONTRAST_GARAGHAK_S_SEWER,Games Workshop,Citadel,Contrast,CONTRAST,,Garaghak's Sewer,GARAGHAK_S_SEWER,#4A2F21,74,47,33,"74, 47, 33",Contrast,Active,Estimated Contrast Swatch,Active item from Warhammer.com paint listing. Price: £4.75. | Contrast estimate from Citadel Contrast comparison swatches; dark dirty brown,#4A2F21
GW_CONTRAST_GORE_GRUNTA_FUR,Games Workshop,Citadel,Contrast,CONTRAST,,Gore-Grunta Fur,GORE_GRUNTA_FUR,#8A4B24,138,75,36,"138, 75, 36",Contrast,Active,Warhammer.com paint inventory paste (331 items),Active item from Warhammer.com paint listing. Price: £4.75.,
GW_CONTRAST_GRYPH_CHARGER_GREY,Games Workshop,Citadel,Contrast,CONTRAST,,Gryph-Charger Grey,GRYPH_CHARGER_GREY,#8A93A0,138,147,160,"138, 147, 160",Contrast,Active,Warhammer.com paint inventory paste (331 items),Active item from Warhammer.com paint listing. Price: £4.75.,
GW_CONTRAST_GRYPH_HOUND_ORANGE,Games Workshop,Citadel,Contrast,CONTRAST,,Gryph-Hound Orange,GRYPH_HOUND_ORANGE,#D86A2C,216,106,44,"216, 106, 44",Contrast,Active,Warhammer.com paint inventory paste (331 items),Active item from Warhammer.com paint listing. Price: £4.75.,
GW_CONTRAST_GUILLIMAN_FLESH,Games Workshop,Citadel,Contrast,CONTRAST,,Guilliman Flesh,GUILLIMAN_FLESH,#D6A07A,214,160,122,"214, 160, 122",Contrast,Active,Warhammer.com paint inventory paste (331 items),Active item from Warhammer.com paint listing. Price: £4.75.,
GW_CONTRAST_GUTRIPPA_FLESH,Games Workshop,Citadel,Contrast,CONTRAST,,Gutrippa Flesh,GUTRIPPA_FLESH,#A9BA69,169,186,105,"169, 186, 105",Contrast,Active,Estimated Contrast Swatch,Active item from Warhammer.com paint listing. Price: £4.75. | Contrast estimate from Citadel Contrast comparison swatches; yellow-green flesh,#A9BA69
GW_CONTRAST_HEXWRAITH_FLAME,Games Workshop,Citadel,Contrast,CONTRAST,,Hexwraith Flame,HEXWRAITH_FLAME,#00AA5C,0,170,92,"0, 170, 92",Contrast,Active,Warhammer.com paint inventory paste (331 items); Hex/RGB: Existing GW registry real product row,Active item from Warhammer.com paint listing. Price: £4.75.,
GW_CONTRAST_IMPERIAL_FIST,Games Workshop,Citadel,Contrast,CONTRAST,,Imperial Fist,IMPERIAL_FIST,#FFC928,255,201,40,"255, 201, 40",Contrast,Active,Estimated Contrast Swatch,Active item from Warhammer.com paint listing. Price: £4.75. | Contrast estimate from Citadel Contrast comparison swatches; strong warm yellow,#FFC928
GW_CONTRAST_IRONJAWZ_YELLOW,Games Workshop,Citadel,Contrast,CONTRAST,,Ironjawz Yellow,IRONJAWZ_YELLOW,#E0B000,224,176,0,"224, 176, 0",Contrast,Active,Warhammer.com paint inventory paste (331 items),Active item from Warhammer.com paint listing. Price: £4.75.,
GW_CONTRAST_IYANDEN_YELLOW,Games Workshop,Citadel,Contrast,CONTRAST,,Iyanden Yellow,IYANDEN_YELLOW,#F0C020,240,192,32,"240, 192, 32",Contrast,Active,Warhammer.com paint inventory paste (331 items),Active item from Warhammer.com paint listing. Price: £4.75.,
GW_CONTRAST_KARANDRAS_GREEN,Games Workshop,Citadel,Contrast,CONTRAST,,Karandras Green,KARANDRAS_GREEN,#2BCB3F,43,203,63,"43, 203, 63",Contrast,Active,Warhammer.com paint inventory paste (331 items),Active item from Warhammer.com paint listing. Price: £4.75.,
GW_CONTRAST_KROXIGOR_SCALES,Games Workshop,Citadel,Contrast,CONTRAST,,Kroxigor Scales,KROXIGOR_SCALES,#00A9C0,0,169,192,"0, 169, 192",Contrast,Active,Warhammer.com paint inventory paste (331 items),Active item from Warhammer.com paint listing. Price: £4.75.,
GW_CONTRAST_LEVIADON_BLUE,Games Workshop,Citadel,Contrast,CONTRAST,,Leviadon Blue,LEVIADON_BLUE,#1B2A52,27,42,82,"27, 42, 82",Contrast,Active,Warhammer.com paint inventory paste (331 items),Active item from Warhammer.com paint listing. Price: £4.75.,
GW_CONTRAST_LEVIATHAN_PURPLE,Games Workshop,Citadel,Contrast,CONTRAST,,Leviathan Purple,LEVIATHAN_PURPLE,#4A2A6A,74,42,106,"74, 42, 106",Contrast,Active,Warhammer.com paint inventory paste (331 items),Active item from Warhammer.com paint listing. Price: £4.75.,
GW_CONTRAST_LUXION_PURPLE,Games Workshop,Citadel,Contrast,CONTRAST,,Luxion Purple,LUXION_PURPLE,#7A4DFF,122,77,255,"122, 77, 255",Contrast,Active,Warhammer.com paint inventory paste (331 items),Active item from Warhammer.com paint listing. Price: £4.75.,
GW_CONTRAST_MAGMADROTH_FLAME,Games Workshop,Citadel,Contrast,CONTRAST,,Magmadroth Flame,MAGMADROTH_FLAME,#F04A24,240,74,36,"240, 74, 36",Contrast,Active,Warhammer.com paint inventory paste (331 items),Active item from Warhammer.com paint listing. Price: £4.75.,
GW_CONTRAST_MAGOS_PURPLE,Games Workshop,Citadel,Contrast,CONTRAST,,Magos Purple,MAGOS_PURPLE,#D7B6D8,215,182,216,"215, 182, 216",Contrast,Active,Warhammer.com paint inventory paste (331 items),Active item from Warhammer.com paint listing. Price: £4.75.,
GW_CONTRAST_MANTIS_WARRIORS_GREEN,Games Workshop,Citadel,Contrast,CONTRAST,,Mantis Warriors Green,MANTIS_WARRIORS_GREEN,#B8C72A,184,199,42,"184, 199, 42",Contrast,Active,Estimated Contrast Swatch,Active item from Warhammer.com paint listing. Price: £4.75. | Contrast estimate from Citadel Contrast comparison swatches; yellow-green,#B8C72A
GW_CONTRAST_MILITARUM_GREEN,Games Workshop,Citadel,Contrast,CONTRAST,,Militarum Green,MILITARUM_GREEN,#66733A,102,115,58,"102, 115, 58",Contrast,Active,Warhammer.com paint inventory paste (331 items),Active item from Warhammer.com paint listing. Price: £4.75.,
GW_CONTRAST_NAZDREG_YELLOW,Games Workshop,Citadel,Contrast,CONTRAST,,Nazdreg Yellow,NAZDREG_YELLOW,#B8841A,184,132,26,"184, 132, 26",Contrast,Active,Warhammer.com paint inventory paste (331 items),Active item from Warhammer.com paint listing. Price: £4.75.,
GW_CONTRAST_NIGHTHAUNT_GLOOM,Games Workshop,Citadel,Contrast,CONTRAST,,Nighthaunt Gloom,NIGHTHAUNT_GLOOM,#798D96,121,141,150,"121, 141, 150",Contrast,Active,Warhammer.com paint inventory paste (331 items); Hex/RGB: Existing GW registry real product row,Active item from Warhammer.com paint listing. Price: £4.75.,
GW_CONTRAST_ORK_FLESH,Games Workshop,Citadel,Contrast,CONTRAST,,Ork Flesh,ORK_FLESH,#2E7D32,46,125,50,"46, 125, 50",Contrast,Active,Warhammer.com paint inventory paste (331 items),Active item from Warhammer.com paint listing. Price: £4.75.,
GW_CONTRAST_PLAGUEBEARER_FLESH,Games Workshop,Citadel,Contrast,CONTRAST,,Plaguebearer Flesh,PLAGUEBEARER_FLESH,#C7C46A,199,196,106,"199, 196, 106",Contrast,Active,Warhammer.com paint inventory paste (331 items),Active item from Warhammer.com paint listing. Price: £4.75.,
GW_CONTRAST_PYLAR_GLACIER,Games Workshop,Citadel,Contrast,CONTRAST,,Pylar Glacier,PYLAR_GLACIER,#D7F6F8,215,246,248,"215, 246, 248",Contrast,Active,Warhammer.com paint inventory paste (331 items),Active item from Warhammer.com paint listing. Price: £4.75.,
GW_CONTRAST_RATLING_GRIME,Games Workshop,Citadel,Contrast,CONTRAST,,Ratling Grime,RATLING_GRIME,#3A332A,58,51,42,"58, 51, 42",Contrast,Active,Estimated Contrast Swatch,Active item from Warhammer.com paint listing. Price: £4.75. | Contrast estimate from Citadel Contrast comparison swatches; black-brown grime,#3A332A
GW_CONTRAST_SHYISH_PURPLE,Games Workshop,Citadel,Contrast,CONTRAST,,Shyish Purple,SHYISH_PURPLE,#3B254A,59,37,74,"59, 37, 74",Contrast,Active,Warhammer.com paint inventory paste (331 items),Active item from Warhammer.com paint listing. Price: £4.75.,
GW_CONTRAST_SIGVALD_BURGUNDY,Games Workshop,Citadel,Contrast,CONTRAST,,Sigvald Burgundy,SIGVALD_BURGUNDY,#7A123B,122,18,59,"122, 18, 59",Contrast,Active,Estimated Contrast Swatch,Active item from Warhammer.com paint listing. Price: £4.75. | Contrast estimate from Citadel Contrast comparison swatches; deep burgundy,#7A123B
GW_CONTRAST_SKELETON_HORDE,Games Workshop,Citadel,Contrast,CONTRAST,,Skeleton Horde,SKELETON_HORDE,#D1BC88,209,188,136,"209, 188, 136",Contrast,Active,Warhammer.com paint inventory paste (331 items),Active item from Warhammer.com paint listing. Price: £4.75.,
GW_CONTRAST_SNAKEBITE_LEATHER,Games Workshop,Citadel,Contrast,CONTRAST,,Snakebite Leather,SNAKEBITE_LEATHER,#8A5A24,138,90,36,"138, 90, 36",Contrast,Active,Warhammer.com paint inventory paste (331 items),Active item from Warhammer.com paint listing. Price: £4.75.,
GW_CONTRAST_SPACE_WOLVES_GREY,Games Workshop,Citadel,Contrast,CONTRAST,,Space Wolves Grey,SPACE_WOLVES_GREY,#B7C7D9,183,199,217,"183, 199, 217",Contrast,Active,Warhammer.com paint inventory paste (331 items),Active item from Warhammer.com paint listing. Price: £4.75.,
GW_CONTRAST_STORMFIEND,Games Workshop,Citadel,Contrast,CONTRAST,,Stormfiend,STORMFIEND,#17445A,23,68,90,"23, 68, 90",Contrast,Active,Estimated Contrast Swatch,Active item from Warhammer.com paint listing. Price: £4.75. | Contrast estimate from Citadel Contrast comparison swatches; dark blue-teal,#17445A
GW_CONTRAST_STRIKING_SCORPION_GREEN,Games Workshop,Citadel,Contrast,CONTRAST,,Striking Scorpion Green,STRIKING_SCORPION_GREEN,#89D300,137,211,0,"137, 211, 0",Contrast,Active,Estimated Contrast Swatch,Active item from Warhammer.com paint listing. Price: £4.75. | Contrast estimate from Citadel Contrast comparison swatches; bright yellow-green,#89D300
GW_CONTRAST_TALASSAR_BLUE,Games Workshop,Citadel,Contrast,CONTRAST,,Talassar Blue,TALASSAR_BLUE,#007ED6,0,126,214,"0, 126, 214",Contrast,Active,Warhammer.com paint inventory paste (331 items),Active item from Warhammer.com paint listing. Price: £4.75.,
GW_CONTRAST_TERRADON_TURQUOISE,Games Workshop,Citadel,Contrast,CONTRAST,,Terradon Turquoise,TERRADON_TURQUOISE,#007C74,0,124,116,"0, 124, 116",Contrast,Active,Warhammer.com paint inventory paste (331 items),Active item from Warhammer.com paint listing. Price: £4.75.,
GW_CONTRAST_ULTRAMARINES_BLUE,Games Workshop,Citadel,Contrast,CONTRAST,,Ultramarines Blue,ULTRAMARINES_BLUE,#234A9F,35,74,159,"35, 74, 159",Contrast,Active,Warhammer.com paint inventory paste (331 items),Active item from Warhammer.com paint listing. Price: £4.75.,
GW_CONTRAST_VOLUPUS_PINK,Games Workshop,Citadel,Contrast,CONTRAST,,Volupus Pink,VOLUPUS_PINK,#B24574,178,69,116,"178, 69, 116",Contrast,Active,Warhammer.com paint inventory paste (331 items),Active item from Warhammer.com paint listing. Price: £4.75.,
GW_CONTRAST_WARP_LIGHTNING,Games Workshop,Citadel,Contrast,CONTRAST,,Warp Lightning,WARP_LIGHTNING,#18C33E,24,195,62,"24, 195, 62",Contrast,Active,Warhammer.com paint inventory paste (331 items),Active item from Warhammer.com paint listing. Price: £4.75.,
GW_CONTRAST_WYLDWOOD,Games Workshop,Citadel,Contrast,CONTRAST,,Wyldwood,WYLDWOOD,#4B3427,75,52,39,"75, 52, 39",Contrast,Active,Warhammer.com paint inventory paste (331 items),Active item from Warhammer.com paint listing. Price: £4.75.,
GW_DRY_ASTORATH_RED,Games Workshop,Citadel,Dry,DRY,,Astorath Red,ASTORATH_RED,#DD482B,221,72,43,"221, 72, 43",Dry,Active,Warhammer.com paint inventory paste (331 items); Hex/RGB: Full List of Citadel Paints Wikipedia PDF,Active item from Warhammer.com paint listing. Price: £2.75.,
GW_DRY_DAWNSTONE,Games Workshop,Citadel,Dry,DRY,,Dawnstone,DAWNSTONE,#919C9F,145,156,159,"145, 156, 159",Dry,Active,Warhammer.com paint inventory paste (331 items); Hex/RGB: Full List of Citadel Paints Wikipedia PDF,Active item from Warhammer.com paint listing. Price: £2.75.,
GW_DRY_ELDAR_FLESH,Games Workshop,Citadel,Dry,DRY,,Eldar Flesh,ELDAR_FLESH,#ECC083,236,192,131,"236, 192, 131",Dry,Active,Warhammer.com paint inventory paste (331 items); Hex/RGB: Full List of Citadel Paints Wikipedia PDF,Active item from Warhammer.com paint listing. Price: £2.75.,
GW_DRY_ETHERIUM_BLUE,Games Workshop,Citadel,Dry,DRY,,Etherium Blue,ETHERIUM_BLUE,#A2BAD2,162,186,210,"162, 186, 210",Dry,Active,Warhammer.com paint inventory paste (331 items); Hex/RGB: Full List of Citadel Paints Wikipedia PDF,Active item from Warhammer.com paint listing. Price: £2.75.,
GW_DRY_GOLDEN_GRIFFON,Games Workshop,Citadel,Dry,DRY,,Golden Griffon,GOLDEN_GRIFFON,#A99058,169,144,88,"169, 144, 88",Dry,Active,Warhammer.com paint inventory paste (331 items); Hex/RGB: Full List of Citadel Paints Wikipedia PDF,Active item from Warhammer.com paint listing. Price: £2.75.,
GW_DRY_GOLGFAG_BROWN,Games Workshop,Citadel,Dry,DRY,,Golgfag Brown,GOLGFAG_BROWN,#C2804F,194,128,79,"194, 128, 79",Dry,Active,Warhammer.com paint inventory paste (331 items); Hex/RGB: Full List of Citadel Paints Wikipedia PDF,Active item from Warhammer.com paint listing. Price: £2.75.,
GW_DRY_HEXOS_PALESUN,Games Workshop,Citadel,Dry,DRY,,Hexos Palesun,HEXOS_PALESUN,#FFF200,255,242,0,"255, 242, 0",Dry,Active,Warhammer.com paint inventory paste (331 items); Hex/RGB: Full List of Citadel Paints Wikipedia PDF,Active item from Warhammer.com paint listing. Price: £2.75.,
GW_DRY_HOETH_BLUE,Games Workshop,Citadel,Dry,DRY,,Hoeth Blue,HOETH_BLUE,#57A9D4,87,169,212,"87, 169, 212",Dry,Active,Warhammer.com paint inventory paste (331 items); Hex/RGB: Full List of Citadel Paints Wikipedia PDF,Active item from Warhammer.com paint listing. Price: £2.75.,
GW_DRY_IMRIK_BLUE,Games Workshop,Citadel,Dry,DRY,,Imrik Blue,IMRIK_BLUE,#67AED0,103,174,208,"103, 174, 208",Dry,Active,Warhammer.com paint inventory paste (331 items); Hex/RGB: Full List of Citadel Paints Wikipedia PDF,Active item from Warhammer.com paint listing. Price: £2.75.,
GW_DRY_LONGBEARD_GREY,Games Workshop,Citadel,Dry,DRY,,Longbeard Grey,LONGBEARD_GREY,#CECEAF,206,206,175,"206, 206, 175",Dry,Active,Warhammer.com paint inventory paste (331 items); Hex/RGB: Full List of Citadel Paints Wikipedia PDF,Active item from Warhammer.com paint listing. Price: £2.75.,
GW_DRY_LUCIUS_LILAC,Games Workshop,Citadel,Dry,DRY,,Lucius Lilac,LUCIUS_LILAC,#B69FCC,182,159,204,"182, 159, 204",Dry,Active,Warhammer.com paint inventory paste (331 items); Hex/RGB: Full List of Citadel Paints Wikipedia PDF,Active item from Warhammer.com paint listing. Price: £2.75.,
GW_DRY_NECRON_COMPOUND,Games Workshop,Citadel,Dry,DRY,,Necron Compound,NECRON_COMPOUND,#828B8E,130,139,142,"130, 139, 142",Dry,Active,Warhammer.com paint inventory paste (331 items); Hex/RGB: Full List of Citadel Paints Wikipedia PDF,Active item from Warhammer.com paint listing. Price: £2.75.,
GW_DRY_NIBLET_GREEN,Games Workshop,Citadel,Dry,DRY,,Niblet Green,NIBLET_GREEN,#648B32,100,139,50,"100, 139, 50",Dry,Active,Warhammer.com paint inventory paste (331 items); Hex/RGB: Existing GW registry real product row,Active item from Warhammer.com paint listing. Price: £2.75.,
GW_DRY_NURGLING_GREEN,Games Workshop,Citadel,Dry,DRY,,Nurgling Green,NURGLING_GREEN,#B8CC82,184,204,130,"184, 204, 130",Dry,Active,Warhammer.com paint inventory paste (331 items); Hex/RGB: Full List of Citadel Paints Wikipedia PDF,Active item from Warhammer.com paint listing. Price: £2.75.,
GW_DRY_PRAXETI_WHITE,Games Workshop,Citadel,Dry,DRY,,Praxeti White,PRAXETI_WHITE,#FFFFFF,255,255,255,"255, 255, 255",Dry,Active,Warhammer.com paint inventory paste (331 items); Hex/RGB: Full List of Citadel Paints Wikipedia PDF,Active item from Warhammer.com paint listing. Price: £2.75.,
GW_DRY_RYZA_RUST,Games Workshop,Citadel,Dry,DRY,,Ryza Rust,RYZA_RUST,#CE6426,206,100,38,"206, 100, 38",Dry,Active,Warhammer.com paint inventory paste (331 items); Hex/RGB: Existing GW registry real product row,Active item from Warhammer.com paint listing. Price: £2.75.,
GW_DRY_SKINK_BLUE,Games Workshop,Citadel,Dry,DRY,,Skink Blue,SKINK_BLUE,#58C1CD,88,193,205,"88, 193, 205",Dry,Active,Warhammer.com paint inventory paste (331 items); Hex/RGB: Full List of Citadel Paints Wikipedia PDF,Active item from Warhammer.com paint listing. Price: £2.75.,
GW_DRY_STORMFANG,Games Workshop,Citadel,Dry,DRY,,Stormfang,STORMFANG,#80A7C1,128,167,193,"128, 167, 193",Dry,Active,Warhammer.com paint inventory paste (331 items); Hex/RGB: Full List of Citadel Paints Wikipedia PDF,Active item from Warhammer.com paint listing. Price: £2.75.,
GW_DRY_SYLVANETH_BARK,Games Workshop,Citadel,Dry,DRY,,Sylvaneth Bark,SYLVANETH_BARK,#AC8262,172,130,98,"172, 130, 98",Dry,Active,Warhammer.com paint inventory paste (331 items); Hex/RGB: Full List of Citadel Paints Wikipedia PDF,Active item from Warhammer.com paint listing. Price: £2.75.,
GW_DRY_TERMINATUS_STONE,Games Workshop,Citadel,Dry,DRY,,Terminatus Stone,TERMINATUS_STONE,#BDB192,189,177,146,"189, 177, 146",Dry,Active,Warhammer.com paint inventory paste (331 items); Hex/RGB: Full List of Citadel Paints Wikipedia PDF,Active item from Warhammer.com paint listing. Price: £2.75.,
GW_DRY_TYRANT_SKULL,Games Workshop,Citadel,Dry,DRY,,Tyrant Skull,TYRANT_SKULL,#CDC586,205,197,134,"205, 197, 134",Dry,Active,Warhammer.com paint inventory paste (331 items); Hex/RGB: Full List of Citadel Paints Wikipedia PDF,Active item from Warhammer.com paint listing. Price: £2.75.,
GW_DRY_UNDERHIVE_ASH,Games Workshop,Citadel,Dry,DRY,,Underhive Ash,UNDERHIVE_ASH,#C0BD81,192,189,129,"192, 189, 129",Dry,Active,Warhammer.com paint inventory paste (331 items); Hex/RGB: Full List of Citadel Paints Wikipedia PDF,Active item from Warhammer.com paint listing. Price: £2.75.,
GW_DRY_WRACK_WHITE,Games Workshop,Citadel,Dry,DRY,,Wrack White,WRACK_WHITE,#FCFBFA,252,251,250,"252, 251, 250",Dry,Active,Warhammer.com paint inventory paste (331 items); Hex/RGB: Full List of Citadel Paints Wikipedia PDF,Active item from Warhammer.com paint listing. Price: £2.75.,
GW_TECHNICAL_AGRELLAN_BADLAND,Games Workshop,Citadel,Technical,TECHNICAL,,Agrellan Badland,AGRELLAN_BADLAND,#A17359,161,115,89,"161, 115, 89",Technical,Active,Warhammer.com paint inventory paste (331 items); Hex/RGB: Existing GW registry real product row,Active item from Warhammer.com paint listing. Price: £4.75.,
GW_TECHNICAL_AGRELLAN_EARTH,Games Workshop,Citadel,Technical,TECHNICAL,,Agrellan Earth,AGRELLAN_EARTH,#92816D,146,129,109,"146, 129, 109",Technical,Active,Warhammer.com paint inventory paste (331 items); Hex/RGB: Existing GW registry real product row,Active item from Warhammer.com paint listing. Price: £4.75.,
GW_TECHNICAL_ARDCOAT,Games Workshop,Citadel,Technical,TECHNICAL,,Ardcoat,ARDCOAT,#E2DEDF,226,222,223,"226, 222, 223",Technical,Active,Comparison Hex Pull,Active item from Warhammer.com paint listing. Price: £4.75. | Duncan Rhodes/Citadel comparison chart direct hex,#E2DEDF
GW_TECHNICAL_ARMAGEDDON_DUST,Games Workshop,Citadel,Technical,TECHNICAL,,Armageddon Dust,ARMAGEDDON_DUST,#CBAD0D,203,173,13,"203, 173, 13",Technical,Active,Warhammer.com paint inventory paste (331 items); Hex/RGB: Existing GW registry real product row,Active item from Warhammer.com paint listing. Price: £4.75.,
GW_TECHNICAL_ASTROGRANITE,Games Workshop,Citadel,Technical,TECHNICAL,,Astrogranite,ASTROGRANITE,#787878,120,120,120,"120, 120, 120",Technical,Active,Warhammer.com paint inventory paste (331 items); Hex/RGB: Existing GW registry real product row,Active item from Warhammer.com paint listing. Price: £4.75.,
GW_TECHNICAL_BLOOD_FOR_THE_BLOOD_GOD,Games Workshop,Citadel,Technical,TECHNICAL,,Blood For The Blood God,BLOOD_FOR_THE_BLOOD_GOD,#581011,88,16,17,"88, 16, 17",Technical,Active,Warhammer.com paint inventory paste (331 items); Hex/RGB: Existing GW registry real product row,Active item from Warhammer.com paint listing. Price: £2.75.,
GW_TECHNICAL_CONTRAST_MEDIUM,Games Workshop,Citadel,Technical,TECHNICAL,,Contrast Medium,CONTRAST_MEDIUM,,,,,,Technical,Active,N/A - Non-color Product,Active item from Warhammer.com paint listing. Price: £4.75. | Medium; no meaningful color distance target. Leave blank intentionally.,
GW_TECHNICAL_LAHMIAN_MEDIUM,Games Workshop,Citadel,Technical,TECHNICAL,,Lahmian Medium,LAHMIAN_MEDIUM,#F5EDE2,245,237,226,"245, 237, 226",Technical,Active,Comparison Hex Pull,Active item from Warhammer.com paint listing. Price: £4.75. | Duncan Rhodes/Citadel comparison chart direct hex,#F5EDE2
GW_TECHNICAL_MARTIAN_IRONCRUST,Games Workshop,Citadel,Technical,TECHNICAL,,Martian Ironcrust,MARTIAN_IRONCRUST,#F5945D,245,148,93,"245, 148, 93",Technical,Active,Warhammer.com paint inventory paste (331 items); Hex/RGB: Existing GW registry real product row,Active item from Warhammer.com paint listing. Price: £4.75.,
GW_TECHNICAL_MARTIAN_IRONEARTH,Games Workshop,Citadel,Technical,TECHNICAL,,Martian Ironearth,MARTIAN_IRONEARTH,#935442,147,84,66,"147, 84, 66",Technical,Active,Warhammer.com paint inventory paste (331 items); Hex/RGB: Existing GW registry real product row,Active item from Warhammer.com paint listing. Price: £4.75.,
GW_TECHNICAL_MORDANT_EARTH,Games Workshop,Citadel,Technical,TECHNICAL,,Mordant Earth,MORDANT_EARTH,#33312D,51,49,45,"51, 49, 45",Technical,Active,Comparison Hex Pull,Active item from Warhammer.com paint listing. Price: £4.75. | Comparison-derived technical texture: dark cracked earth; using documented Dryad Bark dark earth hex,#33312D
GW_TECHNICAL_NIHILAKH_OXIDE,Games Workshop,Citadel,Technical,TECHNICAL,,Nihilakh Oxide,NIHILAKH_OXIDE,#85B59D,133,181,157,"133, 181, 157",Technical,Active,Warhammer.com paint inventory paste (331 items); Hex/RGB: Existing GW registry real product row,Active item from Warhammer.com paint listing. Price: £2.75.,
GW_TECHNICAL_SOULSTONE_BLUE,Games Workshop,Citadel,Technical,TECHNICAL,,Soulstone Blue,SOULSTONE_BLUE,#294C86,41,76,134,"41, 76, 134",Technical,Active,Warhammer.com paint inventory paste (331 items); Hex/RGB: Existing GW registry real product row,Active item from Warhammer.com paint listing. Price: £2.75.,
GW_TECHNICAL_SPIRITSTONE_RED,Games Workshop,Citadel,Technical,TECHNICAL,,Spiritstone Red,SPIRITSTONE_RED,#FD5D3D,253,93,61,"253, 93, 61",Technical,Active,Warhammer.com paint inventory paste (331 items); Hex/RGB: Existing GW registry real product row,Active item from Warhammer.com paint listing. Price: £2.75.,
GW_TECHNICAL_STIRLAND_MUD,Games Workshop,Citadel,Technical,TECHNICAL,,Stirland Mud,STIRLAND_MUD,#473300,71,51,0,"71, 51, 0",Technical,Active,Warhammer.com paint inventory paste (331 items); Hex/RGB: Existing GW registry real product row,Active item from Warhammer.com paint listing. Price: £4.75.,
GW_TECHNICAL_STORMSHIELD,Games Workshop,Citadel,Technical,TECHNICAL,,Stormshield,STORMSHIELD,,,,,,Technical,Active,N/A - Non-color Product,Active item from Warhammer.com paint listing. Price: £4.75. | Varnish/technical medium; no meaningful color distance target. Leave blank intentionally.,
GW_TECHNICAL_TESSERACT_GLOW,Games Workshop,Citadel,Technical,TECHNICAL,,Tesseract Glow,TESSERACT_GLOW,#A9D171,169,209,113,"169, 209, 113",Technical,Active,Comparison Hex Pull,Active item from Warhammer.com paint listing. Price: £4.75. | Comparison-derived technical effect: bright yellow-green glow; using documented Bilious/Yellow Green family,#A9D171
GW_TECHNICAL_TYPHUS_CORROSION,Games Workshop,Citadel,Technical,TECHNICAL,,Typhus Corrosion,TYPHUS_CORROSION,#453F31,69,63,49,"69, 63, 49",Technical,Active,Warhammer.com paint inventory paste (331 items); Hex/RGB: Existing GW registry real product row,Active item from Warhammer.com paint listing. Price: £2.75.,
GW_TECHNICAL_VALHALLAN_BLIZZARD,Games Workshop,Citadel,Technical,TECHNICAL,,Valhallan Blizzard,VALHALLAN_BLIZZARD,#FDF9EE,253,249,238,"253, 249, 238",Technical,Active,Warhammer.com paint inventory paste (331 items); Hex/RGB: Existing GW registry real product row,Active item from Warhammer.com paint listing. Price: £4.75.,
GW_TECHNICAL_WAYSTONE_GREEN,Games Workshop,Citadel,Technical,TECHNICAL,,Waystone Green,WAYSTONE_GREEN,#018675,1,134,117,"1, 134, 117",Technical,Active,Warhammer.com paint inventory paste (331 items); Hex/RGB: Existing GW registry real product row,Active item from Warhammer.com paint listing. Price: £2.75.,
GW_AIR_ABADDON_BLACK,Games Workshop,Citadel,Air,AIR,,Abaddon Black,ABADDON_BLACK,#000000,0,0,0,"0, 0, 0",Air,Active,Warhammer.com paint inventory paste (331 items); Hex/RGB: Games_Workshop_Citadel_Air_v0.xlsx,Active item from Warhammer.com paint listing. Price: £4.75.,
GW_AIR_ADMINISTRATUM_GREY,Games Workshop,Citadel,Air,AIR,,Administratum Grey,ADMINISTRATUM_GREY,#909691,144,150,145,"144, 150, 145",Air,Active,Warhammer.com paint inventory paste (331 items); Hex/RGB: Games_Workshop_Citadel_Air_v0.xlsx,Active item from Warhammer.com paint listing. Price: £4.75.,
GW_AIR_AIR_CASTE_THINNER,Games Workshop,Citadel,Air,AIR,,Air Caste Thinner,AIR_CASTE_THINNER,,,,,,Air,Active,N/A - Non-color Product,Active item from Warhammer.com paint listing. Price: £4.75. | Thinner; no meaningful color distance target. Leave blank intentionally.,
GW_AIR_ANGRON_RED_CLEAR,Games Workshop,Citadel,Air,AIR,,Angron Red Clear,ANGRON_RED_CLEAR,#C2191F,194,25,31,"194, 25, 31",Air,Active,Comparison Hex Pull,Active item from Warhammer.com paint listing. Price: £4.75. | Comparison-derived clear red: using documented Evil Sunz Scarlet/Blood Red family,#C2191F
GW_AIR_AVERLAND_SUNSET,Games Workshop,Citadel,Air,AIR,,Averland Sunset,AVERLAND_SUNSET,#FBB81E,251,184,30,"251, 184, 30",Air,Active,Warhammer.com paint inventory paste (331 items); Hex/RGB: Games_Workshop_Citadel_Air_v0.xlsx,Active item from Warhammer.com paint listing. Price: £4.75.,
GW_AIR_BALTHASAR_GOLD,Games Workshop,Citadel,Air,AIR,,Balthasar Gold,BALTHASAR_GOLD,#8F5F45,143,95,69,"143, 95, 69",Air,Active,Warhammer.com paint inventory paste (331 items); Hex/RGB: Games_Workshop_Citadel_Air_v0.xlsx,Active item from Warhammer.com paint listing. Price: £4.75.,
GW_AIR_BANEBLADE_BROWN,Games Workshop,Citadel,Air,AIR,,Baneblade Brown,BANEBLADE_BROWN,#8F7D69,143,125,105,"143, 125, 105",Air,Active,Warhammer.com paint inventory paste (331 items); Hex/RGB: Games_Workshop_Citadel_Air_v0.xlsx,Active item from Warhammer.com paint listing. Price: £4.75.,
GW_AIR_CALIBAN_GREEN,Games Workshop,Citadel,Air,AIR,,Caliban Green,CALIBAN_GREEN,#003D15,0,61,21,"0, 61, 21",Air,Active,Warhammer.com paint inventory paste (331 items); Hex/RGB: Games_Workshop_Citadel_Air_v0.xlsx,Active item from Warhammer.com paint listing. Price: £4.75.,
GW_AIR_CALTH_BLUE_CLEAR,Games Workshop,Citadel,Air,AIR,,Calth Blue Clear,CALTH_BLUE_CLEAR,#0D407F,13,64,127,"13, 64, 127",Air,Active,Comparison Hex Pull,Active item from Warhammer.com paint listing. Price: £4.75. | Comparison-derived clear blue: using documented Macragge Blue family,#0D407F
GW_AIR_CASTELLAN_GREEN,Games Workshop,Citadel,Air,AIR,,Castellan Green,CASTELLAN_GREEN,#264715,38,71,21,"38, 71, 21",Air,Active,Warhammer.com paint inventory paste (331 items); Hex/RGB: Games_Workshop_Citadel_Air_v0.xlsx,Active item from Warhammer.com paint listing. Price: £4.75.,
GW_AIR_CORVUS_BLACK,Games Workshop,Citadel,Air,AIR,,Corvus Black,CORVUS_BLACK,#171314,23,19,20,"23, 19, 20",Air,Active,Warhammer.com paint inventory paste (331 items); Hex/RGB: Games_Workshop_Citadel_Air_v0.xlsx,Active item from Warhammer.com paint listing. Price: £4.75.,
GW_AIR_DAWNSTONE,Games Workshop,Citadel,Air,AIR,,Dawnstone,DAWNSTONE,#6A7068,106,112,104,"106, 112, 104",Air,Active,Warhammer.com paint inventory paste (331 items); Hex/RGB: Games_Workshop_Citadel_Air_v0.xlsx,Active item from Warhammer.com paint listing. Price: £4.75.,
GW_AIR_DEATHWORLD_FOREST,Games Workshop,Citadel,Air,AIR,,Deathworld Forest,DEATHWORLD_FOREST,#556229,85,98,41,"85, 98, 41",Air,Active,Warhammer.com paint inventory paste (331 items); Hex/RGB: Games_Workshop_Citadel_Air_v0.xlsx,Active item from Warhammer.com paint listing. Price: £4.75.,
GW_AIR_EIDOLON_PURPLE_CLEAR,Games Workshop,Citadel,Air,AIR,,Eidolon Purple Clear,EIDOLON_PURPLE_CLEAR,#471F5F,71,31,95,"71, 31, 95",Air,Active,Comparison Hex Pull,Active item from Warhammer.com paint listing. Price: £4.75. | Comparison-derived clear purple: using documented Xereus Purple family,#471F5F
GW_AIR_ELYSIAN_GREEN,Games Workshop,Citadel,Air,AIR,,Elysian Green,ELYSIAN_GREEN,#6B8D37,107,141,55,"107, 141, 55",Air,Active,Warhammer.com paint inventory paste (331 items); Hex/RGB: Games_Workshop_Citadel_Air_v0.xlsx,Active item from Warhammer.com paint listing. Price: £4.75.,
GW_AIR_EVIL_SUNZ_SCARLET,Games Workshop,Citadel,Air,AIR,,Evil Sunz Scarlet,EVIL_SUNZ_SCARLET,#C01510,192,21,16,"192, 21, 16",Air,Active,Warhammer.com paint inventory paste (331 items); Hex/RGB: Games_Workshop_Citadel_Air_v0.xlsx,Active item from Warhammer.com paint listing. Price: £4.75.,
GW_AIR_FENRISIAN_GREY,Games Workshop,Citadel,Air,AIR,,Fenrisian Grey,FENRISIAN_GREY,#6E95B3,110,149,179,"110, 149, 179",Air,Active,Warhammer.com paint inventory paste (331 items); Hex/RGB: Games_Workshop_Citadel_Air_v0.xlsx,Active item from Warhammer.com paint listing. Price: £4.75.,
GW_AIR_FLASH_GITZ_YELLOW,Games Workshop,Citadel,Air,AIR,,Flash Gitz Yellow,FLASH_GITZ_YELLOW,#FFF301,255,243,1,"255, 243, 1",Air,Active,Warhammer.com paint inventory paste (331 items); Hex/RGB: Games_Workshop_Citadel_Air_v0.xlsx,Active item from Warhammer.com paint listing. Price: £4.75.,
GW_AIR_GREY_KNIGHTS_STEEL,Games Workshop,Citadel,Air,AIR,,Grey Knights Steel,GREY_KNIGHTS_STEEL,#7F8E99,127,142,153,"127, 142, 153",Air,Active,Warhammer.com paint inventory paste (331 items); Hex/RGB: Games_Workshop_Citadel_Air_v0.xlsx,Active item from Warhammer.com paint listing. Price: £4.75.,
GW_AIR_KANTOR_BLUE,Games Workshop,Citadel,Air,AIR,,Kantor Blue,KANTOR_BLUE,#02134E,2,19,78,"2, 19, 78",Air,Active,Warhammer.com paint inventory paste (331 items); Hex/RGB: Games_Workshop_Citadel_Air_v0.xlsx,Active item from Warhammer.com paint listing. Price: £4.75.,
GW_AIR_KHORNE_RED,Games Workshop,Citadel,Air,AIR,,Khorne Red,KHORNE_RED,#660001,102,0,1,"102, 0, 1",Air,Active,Warhammer.com paint inventory paste (331 items); Hex/RGB: Games_Workshop_Citadel_Air_v0.xlsx,Active item from Warhammer.com paint listing. Price: £4.75.,
GW_AIR_KISLEV_FLESH,Games Workshop,Citadel,Air,AIR,,Kislev Flesh,KISLEV_FLESH,#D1A571,209,165,113,"209, 165, 113",Air,Active,Warhammer.com paint inventory paste (331 items); Hex/RGB: Games_Workshop_Citadel_Air_v0.xlsx,Active item from Warhammer.com paint listing. Price: £4.75.,
GW_AIR_LEADBELCHER,Games Workshop,Citadel,Air,AIR,,Leadbelcher,LEADBELCHER,#5B5F61,91,95,97,"91, 95, 97",Air,Active,Warhammer.com paint inventory paste (331 items); Hex/RGB: Games_Workshop_Citadel_Air_v0.xlsx,Active item from Warhammer.com paint listing. Price: £4.75.,
GW_AIR_LOTHERN_BLUE,Games Workshop,Citadel,Air,AIR,,Lothern Blue,LOTHERN_BLUE,#2B9BCD,43,155,205,"43, 155, 205",Air,Active,Warhammer.com paint inventory paste (331 items); Hex/RGB: Games_Workshop_Citadel_Air_v0.xlsx,Active item from Warhammer.com paint listing. Price: £4.75.,
GW_AIR_MACRAGGE_BLUE,Games Workshop,Citadel,Air,AIR,,Macragge Blue,MACRAGGE_BLUE,#0D3E7C,13,62,124,"13, 62, 124",Air,Active,Warhammer.com paint inventory paste (331 items); Hex/RGB: Games_Workshop_Citadel_Air_v0.xlsx,Active item from Warhammer.com paint listing. Price: £4.75.,
GW_AIR_MECHANICUS_STANDARD_GREY,Games Workshop,Citadel,Air,AIR,,Mechanicus Standard Grey,MECHANICUS_STANDARD_GREY,#39484A,57,72,74,"57, 72, 74",Air,Active,Warhammer.com paint inventory paste (331 items); Hex/RGB: Games_Workshop_Citadel_Air_v0.xlsx,Active item from Warhammer.com paint listing. Price: £4.75.,
GW_AIR_MEPHISTON_RED,Games Workshop,Citadel,Air,AIR,,Mephiston Red,MEPHISTON_RED,#960D09,150,13,9,"150, 13, 9",Air,Active,Warhammer.com paint inventory paste (331 items); Hex/RGB: Games_Workshop_Citadel_Air_v0.xlsx,Active item from Warhammer.com paint listing. Price: £4.75.,
GW_AIR_MOOT_GREEN,Games Workshop,Citadel,Air,AIR,,Moot Green,MOOT_GREEN,#3DAF44,61,175,68,"61, 175, 68",Air,Active,Warhammer.com paint inventory paste (331 items); Hex/RGB: Games_Workshop_Citadel_Air_v0.xlsx,Active item from Warhammer.com paint listing. Price: £4.75.,
GW_AIR_MORTARION_GREEN_CLEAR,Games Workshop,Citadel,Air,AIR,,Mortarion Green Clear,MORTARION_GREEN_CLEAR,#1E7331,30,115,49,"30, 115, 49",Air,Active,Comparison Hex Pull,Active item from Warhammer.com paint listing. Price: £4.75. | Comparison-derived clear green: using documented Warpstone Glow family,#1E7331
GW_AIR_MOURNFANG_BROWN,Games Workshop,Citadel,Air,AIR,,Mournfang Brown,MOURNFANG_BROWN,#490F06,73,15,6,"73, 15, 6",Air,Active,Warhammer.com paint inventory paste (331 items); Hex/RGB: Games_Workshop_Citadel_Air_v0.xlsx,Active item from Warhammer.com paint listing. Price: £4.75.,
GW_AIR_NIGHT_LORDS_BLUE,Games Workshop,Citadel,Air,AIR,,Night Lords Blue,NIGHT_LORDS_BLUE,#002B5C,0,43,92,"0, 43, 92",Air,Active,Warhammer.com paint inventory paste (331 items); Hex/RGB: Games_Workshop_Citadel_Air_v0.xlsx,Active item from Warhammer.com paint listing. Price: £4.75.,
GW_AIR_OGRYN_CAMO,Games Workshop,Citadel,Air,AIR,,Ogryn Camo,OGRYN_CAMO,#97A649,151,166,73,"151, 166, 73",Air,Active,Warhammer.com paint inventory paste (331 items); Hex/RGB: Games_Workshop_Citadel_Air_v0.xlsx,Active item from Warhammer.com paint listing. Price: £4.75.,
GW_AIR_PHALANX_YELLOW,Games Workshop,Citadel,Air,AIR,,Phalanx Yellow,PHALANX_YELLOW,#FFE200,255,226,0,"255, 226, 0",Air,Active,Warhammer.com paint inventory paste (331 items); Hex/RGB: Games_Workshop_Citadel_Air_v0.xlsx,Active item from Warhammer.com paint listing. Price: £4.75.,
GW_AIR_PHOENICIAN_PURPLE,Games Workshop,Citadel,Air,AIR,,Phoenician Purple,PHOENICIAN_PURPLE,#450052,69,0,82,"69, 0, 82",Air,Active,Warhammer.com paint inventory paste (331 items); Hex/RGB: Games_Workshop_Citadel_Air_v0.xlsx,Active item from Warhammer.com paint listing. Price: £4.75.,
GW_AIR_RUNEFANG_STEEL,Games Workshop,Citadel,Air,AIR,,Runefang Steel,RUNEFANG_STEEL,#A0A7AB,160,167,171,"160, 167, 171",Air,Active,Warhammer.com paint inventory paste (331 items); Hex/RGB: Games_Workshop_Citadel_Air_v0.xlsx,Active item from Warhammer.com paint listing. Price: £4.75.,
GW_AIR_RUSS_GREY,Games Workshop,Citadel,Air,AIR,,Russ Grey,RUSS_GREY,#4F7185,79,113,133,"79, 113, 133",Air,Active,Warhammer.com paint inventory paste (331 items); Hex/RGB: Games_Workshop_Citadel_Air_v0.xlsx,Active item from Warhammer.com paint listing. Price: £4.75.,
GW_AIR_TEMPLE_GUARD_BLUE,Games Workshop,Citadel,Air,AIR,,Temple Guard Blue,TEMPLE_GUARD_BLUE,#239489,35,148,137,"35, 148, 137",Air,Active,Warhammer.com paint inventory paste (331 items); Hex/RGB: Games_Workshop_Citadel_Air_v0.xlsx,Active item from Warhammer.com paint listing. Price: £4.75.,
GW_AIR_THALLAX_GOLD,Games Workshop,Citadel,Air,AIR,,Thallax Gold,THALLAX_GOLD,#DB7B38,219,123,56,"219, 123, 56",Air,Active,Warhammer.com paint inventory paste (331 items); Hex/RGB: Games_Workshop_Citadel_Air_v0.xlsx,Active item from Warhammer.com paint listing. Price: £4.75.,
GW_AIR_THE_FANG,Games Workshop,Citadel,Air,AIR,,The Fang,THE_FANG,#405B71,64,91,113,"64, 91, 113",Air,Active,Warhammer.com paint inventory paste (331 items); Hex/RGB: Games_Workshop_Citadel_Air_v0.xlsx,Active item from Warhammer.com paint listing. Price: £4.75.,
GW_AIR_TROLL_SLAYER_ORANGE,Games Workshop,Citadel,Air,AIR,,Troll Slayer Orange,TROLL_SLAYER_ORANGE,#F26C23,242,108,35,"242, 108, 35",Air,Active,Warhammer.com paint inventory paste (331 items); Hex/RGB: Games_Workshop_Citadel_Air_v0.xlsx,Active item from Warhammer.com paint listing. Price: £4.75.,
GW_AIR_TYPHON_ASH,Games Workshop,Citadel,Air,AIR,,Typhon Ash,TYPHON_ASH,#E4D8C2,228,216,194,"228, 216, 194",Air,Active,Warhammer.com paint inventory paste (331 items); Hex/RGB: Games_Workshop_Citadel_Air_v0.xlsx,Active item from Warhammer.com paint listing. Price: £4.75.,
GW_AIR_ULTHUAN_GREY,Games Workshop,Citadel,Air,AIR,,Ulthuan Grey,ULTHUAN_GREY,#C4DDD6,196,221,214,"196, 221, 214",Air,Active,Warhammer.com paint inventory paste (331 items); Hex/RGB: Games_Workshop_Citadel_Air_v0.xlsx,Active item from Warhammer.com paint listing. Price: £4.75.,
GW_AIR_USHABTI_BONE,Games Workshop,Citadel,Air,AIR,,Ushabti Bone,USHABTI_BONE,#ABA174,171,161,116,"171, 161, 116",Air,Active,Warhammer.com paint inventory paste (331 items); Hex/RGB: Games_Workshop_Citadel_Air_v0.xlsx,Active item from Warhammer.com paint listing. Price: £4.75.,
GW_AIR_WHITE_SCAR,Games Workshop,Citadel,Air,AIR,,White Scar,WHITE_SCAR,#FFFFFF,255,255,255,"255, 255, 255",Air,Active,Warhammer.com paint inventory paste (331 items); Hex/RGB: Games_Workshop_Citadel_Air_v0.xlsx,Active item from Warhammer.com paint listing. Price: £4.75.,
GW_AIR_ZANDRI_DUST,Games Workshop,Citadel,Air,AIR,,Zandri Dust,ZANDRI_DUST,#988E56,152,142,86,"152, 142, 86",Air,Active,Warhammer.com paint inventory paste (331 items); Hex/RGB: Games_Workshop_Citadel_Air_v0.xlsx,Active item from Warhammer.com paint listing. Price: £4.75.,
GW_SPRAY_CHAOS_BLACK,Games Workshop,Citadel,Spray,SPRAY,,Chaos Black,CHAOS_BLACK,#001522,0,21,34,"0, 21, 34",Spray,Active,Warhammer.com paint inventory paste (331 items); Hex/RGB: Same-name Citadel source (GW/Citadel Colours Revised PDF),Active item from Warhammer.com paint listing. Price: £13.00.,
GW_SPRAY_DEATH_GUARD_GREEN,Games Workshop,Citadel,Spray,SPRAY,,Death Guard Green,DEATH_GUARD_GREEN,#9C9171,156,145,113,"156, 145, 113",Spray,Active,Warhammer.com paint inventory paste (331 items); Hex/RGB: Same-name Citadel source (Existing GW registry real product row),Active item from Warhammer.com paint listing. Price: £15.00.,
GW_SPRAY_GREY_SEER,Games Workshop,Citadel,Spray,SPRAY,,Grey Seer,GREY_SEER,#BFC8C8,191,200,200,"191, 200, 200",Spray,Active,Warhammer.com paint inventory paste (331 items),Active item from Warhammer.com paint listing. Price: £15.00.,
GW_SPRAY_LEADBELCHER,Games Workshop,Citadel,Spray,SPRAY,,Leadbelcher,LEADBELCHER,#5B5F61,91,95,97,"91, 95, 97",Spray,Active,Warhammer.com paint inventory paste (331 items); Hex/RGB: Same-name Citadel source (Games_Workshop_Citadel_Air_v0.xlsx),Active item from Warhammer.com paint listing. Price: £15.00.,
GW_SPRAY_MACRAGGE_BLUE,Games Workshop,Citadel,Spray,SPRAY,,Macragge Blue,MACRAGGE_BLUE,#0D3E7C,13,62,124,"13, 62, 124",Spray,Active,Warhammer.com paint inventory paste (331 items); Hex/RGB: Same-name Citadel source (Games_Workshop_Citadel_Air_v0.xlsx),Active item from Warhammer.com paint listing. Price: £15.00.,
GW_SPRAY_MECHANICUS_STANDARD_GREY,Games Workshop,Citadel,Spray,SPRAY,,Mechanicus Standard Grey,MECHANICUS_STANDARD_GREY,#39484A,57,72,74,"57, 72, 74",Spray,Active,Warhammer.com paint inventory paste (331 items); Hex/RGB: Same-name Citadel source (Games_Workshop_Citadel_Air_v0.xlsx),Active item from Warhammer.com paint listing. Price: £15.00.,
GW_SPRAY_MEPHISTON_RED,Games Workshop,Citadel,Spray,SPRAY,,Mephiston Red,MEPHISTON_RED,#960D09,150,13,9,"150, 13, 9",Spray,Active,Warhammer.com paint inventory paste (331 items); Hex/RGB: Same-name Citadel source (Games_Workshop_Citadel_Air_v0.xlsx),Active item from Warhammer.com paint listing. Price: £15.00.,
GW_SPRAY_MUNITORUM_VARNISH,Games Workshop,Citadel,Spray,SPRAY,,Munitorum Varnish,MUNITORUM_VARNISH,,,,,,Spray,Active,N/A - Non-color Product,Active item from Warhammer.com paint listing. Price: £15.00. | Varnish/spray; no meaningful color distance target. Leave blank intentionally.,
GW_SPRAY_RETRIBUTOR_ARMOUR,Games Workshop,Citadel,Spray,SPRAY,,Retributor Armour,RETRIBUTOR_ARMOUR,#C39E81,195,158,129,"195, 158, 129",Spray,Active,Warhammer.com paint inventory paste (331 items); Hex/RGB: Same-name Citadel source (Full List of Citadel Paints Wikipedia PDF),Active item from Warhammer.com paint listing. Price: £21.50.,
GW_SPRAY_WHITE_SCAR,Games Workshop,Citadel,Spray,SPRAY,,White Scar,WHITE_SCAR,#FFFFFF,255,255,255,"255, 255, 255",Spray,Active,Warhammer.com paint inventory paste (331 items); Hex/RGB: Same-name Citadel source (Games_Workshop_Citadel_Air_v0.xlsx),Active item from Warhammer.com paint listing. Price: £15.00.,
GW_SPRAY_WRAITHBONE,Games Workshop,Citadel,Spray,SPRAY,,Wraithbone,WRAITHBONE,#DCCB9A,220,203,154,"220, 203, 154",Spray,Active,Warhammer.com paint inventory paste (331 items),Active item from Warhammer.com paint listing. Price: £15.00.,
GW_SPRAY_ZANDRI_DUST,Games Workshop,Citadel,Spray,SPRAY,,Zandri Dust,ZANDRI_DUST,#988E56,152,142,86,"152, 142, 86",Spray,Active,Warhammer.com paint inventory paste (331 items); Hex/RGB: Same-name Citadel source (Games_Workshop_Citadel_Air_v0.xlsx),Active item from Warhammer.com paint listing. Price: £15.00.,
GW_BASE_CERAMITE_WHITE,Games Workshop,Citadel,Base,BASE,,Ceramite White,CERAMITE_WHITE,#FFFFFF,255,255,255,"255, 255, 255",Base,Discontinued,Full List of Citadel Paints Wikipedia PDF; Hex/RGB: Full List of Citadel Paints Wikipedia PDF,Verified historical Citadel paint from uploaded historical list.,
GW_BASE_DEATH_WORLD_FOREST,Games Workshop,Citadel,Base,BASE,,Death World Forest,DEATH_WORLD_FOREST,#5C6730,92,103,48,"92, 103, 48",Base,Discontinued,Full List of Citadel Paints Wikipedia PDF; Hex/RGB: Full List of Citadel Paints Wikipedia PDF,Verified historical Citadel paint from uploaded historical list.,
GW_BASE_MECHANICUS_STD_GREY,Games Workshop,Citadel,Base,BASE,,Mechanicus Std Grey,MECHANICUS_STD_GREY,#3D4B4D,61,75,77,"61, 75, 77",Base,Discontinued,Comparison Hex Pull,Preserved from uploaded registry; product line normalized during audit. | Alias of Mechanicus Standard Grey; GW/Wikipedia/Duncan Rhodes direct hex,#3D4B4D
GW_LAYER_ASTRONOMICON_GREY,Games Workshop,Citadel,Layer,LAYER,,Astronomicon Grey,ASTRONOMICON_GREY,#96A5A9,150,165,169,"150, 165, 169",Layer,Discontinued,Existing uploaded GW registry after artifact cleanup; Hex/RGB: Existing uploaded GW registry row,Preserved from uploaded registry; product line normalized during audit.,
GW_LAYER_ASURMEN_BLUE_WASH,Games Workshop,Citadel,Layer,LAYER,,Asurmen Blue Wash,ASURMEN_BLUE_WASH,#273E53,39,62,83,"39, 62, 83",Layer,Discontinued,Existing uploaded GW registry after artifact cleanup; Hex/RGB: Existing uploaded GW registry row,Preserved from uploaded registry; product line normalized during audit.,
GW_LAYER_BAAL_RED_WASH,Games Workshop,Citadel,Layer,LAYER,,Baal Red Wash,BAAL_RED_WASH,#630808,99,8,8,"99, 8, 8",Layer,Discontinued,Existing uploaded GW registry after artifact cleanup; Hex/RGB: Existing uploaded GW registry row,Preserved from uploaded registry; product line normalized during audit.,
GW_LAYER_BADAB_BLACK_WASH,Games Workshop,Citadel,Layer,LAYER,,Badab Black Wash,BADAB_BLACK_WASH,#000000,0,0,0,"0, 0, 0",Layer,Discontinued,Comparison Hex Pull,Preserved from uploaded registry; product line normalized during audit. | Dakka/Vallejo legacy wash comparison direct hex,#000000
GW_LAYER_BADMOON_YELLOW,Games Workshop,Citadel,Layer,LAYER,,Badmoon Yellow,BADMOON_YELLOW,#FFF200,255,242,0,"255, 242, 0",Layer,Discontinued,GW/Citadel Colours Revised PDF; Hex/RGB: GW/Citadel Colours Revised PDF,Historical Citadel/Games Workshop color from uploaded revised chart.,
GW_LAYER_BAD_MOON_YELLOW,Games Workshop,Citadel,Layer,LAYER,,Bad Moon Yellow,BAD_MOON_YELLOW,#FFF700,255,247,0,"255, 247, 0",Layer,Discontinued,Existing uploaded GW registry after artifact cleanup; Hex/RGB: Existing uploaded GW registry row,Preserved from uploaded registry; product line normalized during audit.,
GW_LAYER_BEATEN_COPPER,Games Workshop,Citadel,Layer,LAYER,,Beaten Copper,BEATEN_COPPER,#73372D,115,55,45,"115, 55, 45",Layer,Discontinued,Existing uploaded GW registry after artifact cleanup; Hex/RGB: Existing uploaded GW registry row,Preserved from uploaded registry; product line normalized during audit.,
GW_LAYER_BESTIAL_BROWN,Games Workshop,Citadel,Layer,LAYER,,Bestial Brown,BESTIAL_BROWN,#7B4A39,123,74,57,"123, 74, 57",Layer,Discontinued,GW/Citadel Colours Revised PDF; Hex/RGB: GW/Citadel Colours Revised PDF,Historical Citadel/Games Workshop color from uploaded revised chart.,
GW_LAYER_BILIOUS_GREEN,Games Workshop,Citadel,Layer,LAYER,,Bilious Green,BILIOUS_GREEN,#A9D171,169,209,113,"169, 209, 113",Layer,Discontinued,Existing uploaded GW registry after artifact cleanup; Hex/RGB: Existing uploaded GW registry row,Preserved from uploaded registry; product line normalized during audit.,
GW_LAYER_BLACK_INK,Games Workshop,Citadel,Layer,LAYER,,Black Ink,BLACK_INK,#000000,0,0,0,"0, 0, 0",Layer,Discontinued,Comparison Hex Pull,Preserved from uploaded registry; product line normalized during audit. | Dakka legacy ink direct hex,#000000
GW_LAYER_BLAZING_ORANGE,Games Workshop,Citadel,Layer,LAYER,,Blazing Orange,BLAZING_ORANGE,#E65925,230,89,37,"230, 89, 37",Layer,Discontinued,GW/Citadel Colours Revised PDF; Hex/RGB: GW/Citadel Colours Revised PDF,Historical Citadel/Games Workshop color from uploaded revised chart.,
GW_LAYER_BLEACHED_BONE,Games Workshop,Citadel,Layer,LAYER,,Bleached Bone,BLEACHED_BONE,#EED5AC,238,213,172,"238, 213, 172",Layer,Discontinued,GW/Citadel Colours Revised PDF; Hex/RGB: GW/Citadel Colours Revised PDF,Historical Citadel/Games Workshop color from uploaded revised chart.,
GW_LAYER_BLOOD_RED,Games Workshop,Citadel,Layer,LAYER,,Blood Red,BLOOD_RED,#D2223E,210,34,62,"210, 34, 62",Layer,Discontinued,GW/Citadel Colours Revised PDF; Hex/RGB: GW/Citadel Colours Revised PDF,Historical Citadel/Games Workshop color from uploaded revised chart.,
GW_LAYER_BOLTGUN_METAL,Games Workshop,Citadel,Layer,LAYER,,Boltgun Metal,BOLTGUN_METAL,#888791,136,135,145,"136, 135, 145",Layer,Discontinued,GW/Citadel Colours Revised PDF; Hex/RGB: GW/Citadel Colours Revised PDF,Historical Citadel/Games Workshop color from uploaded revised chart.,
GW_LAYER_BRAZEN_BRASS,Games Workshop,Citadel,Layer,LAYER,,Brazen Brass,BRAZEN_BRASS,#966747,150,103,71,"150, 103, 71",Layer,Discontinued,GW/Citadel Colours Revised PDF; Hex/RGB: GW/Citadel Colours Revised PDF,Historical Citadel/Games Workshop color from uploaded revised chart.,
GW_LAYER_BRONZED_FLESH,Games Workshop,Citadel,Layer,LAYER,,Bronzed Flesh,BRONZED_FLESH,#EC9A36,236,154,54,"236, 154, 54",Layer,Discontinued,GW/Citadel Colours Revised PDF; Hex/RGB: GW/Citadel Colours Revised PDF,Historical Citadel/Games Workshop color from uploaded revised chart.,
GW_LAYER_BUBONIC_BROWN,Games Workshop,Citadel,Layer,LAYER,,Bubonic Brown,BUBONIC_BROWN,#B89142,184,145,66,"184, 145, 66",Layer,Discontinued,GW/Citadel Colours Revised PDF; Hex/RGB: GW/Citadel Colours Revised PDF,Historical Citadel/Games Workshop color from uploaded revised chart.,
GW_LAYER_BURNISHED_GOLD,Games Workshop,Citadel,Layer,LAYER,,Burnished Gold,BURNISHED_GOLD,#E0C068,224,192,104,"224, 192, 104",Layer,Discontinued,GW/Citadel Colours Revised PDF; Hex/RGB: GW/Citadel Colours Revised PDF,Historical Citadel/Games Workshop color from uploaded revised chart.,
GW_LAYER_CAMO_GREEN,Games Workshop,Citadel,Layer,LAYER,,Camo Green,CAMO_GREEN,#878D52,135,141,82,"135, 141, 82",Layer,Discontinued,GW/Citadel Colours Revised PDF; Hex/RGB: GW/Citadel Colours Revised PDF,Historical Citadel/Games Workshop color from uploaded revised chart.,
GW_LAYER_CATACHAN_GREEN,Games Workshop,Citadel,Layer,LAYER,,Catachan Green,CATACHAN_GREEN,#455440,69,84,64,"69, 84, 64",Layer,Discontinued,GW/Citadel Colours Revised PDF; Hex/RGB: GW/Citadel Colours Revised PDF,Historical Citadel/Games Workshop color from uploaded revised chart.,
GW_LAYER_CHAINMAIL,Games Workshop,Citadel,Layer,LAYER,,Chainmail,CHAINMAIL,#8E8C91,142,140,145,"142, 140, 145",Layer,Discontinued,GW/Citadel Colours Revised PDF; Hex/RGB: GW/Citadel Colours Revised PDF,Historical Citadel/Games Workshop color from uploaded revised chart.,
GW_LAYER_CHAOS_BLACK,Games Workshop,Citadel,Layer,LAYER,,Chaos Black,CHAOS_BLACK,#001522,0,21,34,"0, 21, 34",Layer,Discontinued,GW/Citadel Colours Revised PDF; Hex/RGB: GW/Citadel Colours Revised PDF,Historical Citadel/Games Workshop color from uploaded revised chart.,
GW_LAYER_CODEX_GREY,Games Workshop,Citadel,Layer,LAYER,,Codex Grey,CODEX_GREY,#808285,128,130,133,"128, 130, 133",Layer,Discontinued,GW/Citadel Colours Revised PDF; Hex/RGB: GW/Citadel Colours Revised PDF,Historical Citadel/Games Workshop color from uploaded revised chart.,
GW_LAYER_COMMANDO_KHAKI,Games Workshop,Citadel,Layer,LAYER,,Commando Khaki,COMMANDO_KHAKI,#9A8C7B,154,140,123,"154, 140, 123",Layer,Discontinued,GW/Citadel Colours Revised PDF; Hex/RGB: GW/Citadel Colours Revised PDF,Historical Citadel/Games Workshop color from uploaded revised chart.,
GW_LAYER_DARK_ANGELS_GREEN,Games Workshop,Citadel,Layer,LAYER,,Dark Angels Green,DARK_ANGELS_GREEN,#103B20,16,59,32,"16, 59, 32",Layer,Discontinued,Existing uploaded GW registry after artifact cleanup,Preserved from uploaded registry; product line normalized during audit.,
GW_LAYER_DARK_ANGEL_GREEN,Games Workshop,Citadel,Layer,LAYER,,Dark Angel Green,DARK_ANGEL_GREEN,#19553C,25,85,60,"25, 85, 60",Layer,Discontinued,GW/Citadel Colours Revised PDF; Hex/RGB: GW/Citadel Colours Revised PDF,Historical Citadel/Games Workshop color from uploaded revised chart.,
GW_LAYER_DARK_FLESH,Games Workshop,Citadel,Layer,LAYER,,Dark Flesh,DARK_FLESH,#683631,104,54,49,"104, 54, 49",Layer,Discontinued,GW/Citadel Colours Revised PDF; Hex/RGB: GW/Citadel Colours Revised PDF,Historical Citadel/Games Workshop color from uploaded revised chart.,
GW_LAYER_DARK_GREEN_INK,Games Workshop,Citadel,Layer,LAYER,,Dark Green Ink,DARK_GREEN_INK,#108473,16,132,115,"16, 132, 115",Layer,Discontinued,Existing uploaded GW registry after artifact cleanup; Hex/RGB: Existing uploaded GW registry row,Preserved from uploaded registry; product line normalized during audit.,
GW_LAYER_DESERT_YELLOW,Games Workshop,Citadel,Layer,LAYER,,Desert Yellow,DESERT_YELLOW,#9C8855,156,136,85,"156, 136, 85",Layer,Discontinued,GW/Citadel Colours Revised PDF; Hex/RGB: GW/Citadel Colours Revised PDF,Historical Citadel/Games Workshop color from uploaded revised chart.,
GW_LAYER_DEVLAN_MUD_WASH,Games Workshop,Citadel,Layer,LAYER,,Devlan Mud Wash,DEVLAN_MUD_WASH,#393121,57,49,33,"57, 49, 33",Layer,Discontinued,Existing uploaded GW registry after artifact cleanup; Hex/RGB: Existing uploaded GW registry row,Preserved from uploaded registry; product line normalized during audit.,
GW_LAYER_DWARF_BRONZE,Games Workshop,Citadel,Layer,LAYER,,Dwarf Bronze,DWARF_BRONZE,#A26840,162,104,64,"162, 104, 64",Layer,Discontinued,GW/Citadel Colours Revised PDF; Hex/RGB: GW/Citadel Colours Revised PDF,Historical Citadel/Games Workshop color from uploaded revised chart.,
GW_LAYER_DWARF_FLESH,Games Workshop,Citadel,Layer,LAYER,,Dwarf Flesh,DWARF_FLESH,#DA9382,218,147,130,"218, 147, 130",Layer,Discontinued,GW/Citadel Colours Revised PDF; Hex/RGB: GW/Citadel Colours Revised PDF,Historical Citadel/Games Workshop color from uploaded revised chart.,
GW_LAYER_ELF_FLESH,Games Workshop,Citadel,Layer,LAYER,,Elf Flesh,ELF_FLESH,#EDAE74,237,174,116,"237, 174, 116",Layer,Discontinued,GW/Citadel Colours Revised PDF; Hex/RGB: GW/Citadel Colours Revised PDF,Historical Citadel/Games Workshop color from uploaded revised chart.,
GW_LAYER_EMPERORS_CHILDREN,Games Workshop,Citadel,Layer,LAYER,,Emperors Children,EMPERORS_CHILDREN,#B94278,185,66,120,"185, 66, 120",Layer,Discontinued,Full List of Citadel Paints Wikipedia PDF; Hex/RGB: Full List of Citadel Paints Wikipedia PDF,Verified historical Citadel paint from uploaded historical list.,
GW_LAYER_ENCHANTED_BLUE,Games Workshop,Citadel,Layer,LAYER,,Enchanted Blue,ENCHANTED_BLUE,#0071B7,0,113,183,"0, 113, 183",Layer,Discontinued,GW/Citadel Colours Revised PDF; Hex/RGB: GW/Citadel Colours Revised PDF,Historical Citadel/Games Workshop color from uploaded revised chart.,
GW_LAYER_FIERY_ORANGE,Games Workshop,Citadel,Layer,LAYER,,Fiery Orange,FIERY_ORANGE,#F47920,244,121,32,"244, 121, 32",Layer,Discontinued,GW/Citadel Colours Revised PDF; Hex/RGB: GW/Citadel Colours Revised PDF,Historical Citadel/Games Workshop color from uploaded revised chart.,
GW_LAYER_FLESH_WASH,Games Workshop,Citadel,Layer,LAYER,,Flesh Wash,FLESH_WASH,#CE8C42,206,140,66,"206, 140, 66",Layer,Discontinued,Existing uploaded GW registry after artifact cleanup; Hex/RGB: Existing uploaded GW registry row,Preserved from uploaded registry; product line normalized during audit.,
GW_LAYER_FORTRESS_GREY,Games Workshop,Citadel,Layer,LAYER,,Fortress Grey,FORTRESS_GREY,#BCBDC0,188,189,192,"188, 189, 192",Layer,Discontinued,GW/Citadel Colours Revised PDF; Hex/RGB: GW/Citadel Colours Revised PDF,Historical Citadel/Games Workshop color from uploaded revised chart.,
GW_LAYER_FOUNDATION_COLOURS_KNARLOC_GREEN,Games Workshop,Citadel,Layer,LAYER,,Foundation Colours Knarloc Green,FOUNDATION_COLOURS_KNARLOC_GREEN,#48563C,72,86,60,"72, 86, 60",Layer,Discontinued,GW/Citadel Colours Revised PDF; Hex/RGB: GW/Citadel Colours Revised PDF,Historical Citadel/Games Workshop color from uploaded revised chart.,
GW_LAYER_GHOSTLY_GREY,Games Workshop,Citadel,Layer,LAYER,,Ghostly Grey,GHOSTLY_GREY,#C3C6CD,195,198,205,"195, 198, 205",Layer,Discontinued,Existing uploaded GW registry after artifact cleanup; Hex/RGB: Existing uploaded GW registry row,Preserved from uploaded registry; product line normalized during audit.,
GW_LAYER_GOBLIN_GREEN,Games Workshop,Citadel,Layer,LAYER,,Goblin Green,GOBLIN_GREEN,#3D9353,61,147,83,"61, 147, 83",Layer,Discontinued,GW/Citadel Colours Revised PDF; Hex/RGB: GW/Citadel Colours Revised PDF,Historical Citadel/Games Workshop color from uploaded revised chart.,
GW_LAYER_GOLDEN_YELLOW,Games Workshop,Citadel,Layer,LAYER,,Golden Yellow,GOLDEN_YELLOW,#FFC20E,255,194,14,"255, 194, 14",Layer,Discontinued,GW/Citadel Colours Revised PDF; Hex/RGB: GW/Citadel Colours Revised PDF,Historical Citadel/Games Workshop color from uploaded revised chart.,
GW_LAYER_GRAVEYARD_EARTH,Games Workshop,Citadel,Layer,LAYER,,Graveyard Earth,GRAVEYARD_EARTH,#665238,102,82,56,"102, 82, 56",Layer,Discontinued,GW/Citadel Colours Revised PDF; Hex/RGB: GW/Citadel Colours Revised PDF,Historical Citadel/Games Workshop color from uploaded revised chart.,
GW_LAYER_GRYPHONNE_SEPIA_WASH,Games Workshop,Citadel,Layer,LAYER,,Gryphonne Sepia Wash,GRYPHONNE_SEPIA_WASH,#843910,132,57,16,"132, 57, 16",Layer,Discontinued,Existing uploaded GW registry after artifact cleanup; Hex/RGB: Existing uploaded GW registry row,Preserved from uploaded registry; product line normalized during audit.,
GW_LAYER_HAWK_TURQUOISE,Games Workshop,Citadel,Layer,LAYER,,Hawk Turquoise,HAWK_TURQUOISE,#008194,0,129,148,"0, 129, 148",Layer,Discontinued,GW/Citadel Colours Revised PDF; Hex/RGB: GW/Citadel Colours Revised PDF,Historical Citadel/Games Workshop color from uploaded revised chart.,
GW_LAYER_ICE_BLUE,Games Workshop,Citadel,Layer,LAYER,,Ice Blue,ICE_BLUE,#81D3EB,129,211,235,"129, 211, 235",Layer,Discontinued,GW/Citadel Colours Revised PDF; Hex/RGB: GW/Citadel Colours Revised PDF,Historical Citadel/Games Workshop color from uploaded revised chart.,
GW_LAYER_IMPERIAL_PURPLE,Games Workshop,Citadel,Layer,LAYER,,Imperial Purple,IMPERIAL_PURPLE,#562F7E,86,47,126,"86, 47, 126",Layer,Discontinued,Existing uploaded GW registry after artifact cleanup; Hex/RGB: Existing uploaded GW registry row,Preserved from uploaded registry; product line normalized during audit.,
GW_LAYER_JADE_GREEN,Games Workshop,Citadel,Layer,LAYER,,Jade Green,JADE_GREEN,#069B7D,6,155,125,"6, 155, 125",Layer,Discontinued,Existing uploaded GW registry after artifact cleanup; Hex/RGB: Existing uploaded GW registry row,Preserved from uploaded registry; product line normalized during audit.,
GW_LAYER_KOMMANDO_KHAKI,Games Workshop,Citadel,Layer,LAYER,,Kommando Khaki,KOMMANDO_KHAKI,#9B8C7B,155,140,123,"155, 140, 123",Layer,Discontinued,Existing uploaded GW registry after artifact cleanup; Hex/RGB: Existing uploaded GW registry row,Preserved from uploaded registry; product line normalized during audit.,
GW_LAYER_LEPROUS_BROWN,Games Workshop,Citadel,Layer,LAYER,,Leprous Brown,LEPROUS_BROWN,#D88E2D,216,142,45,"216, 142, 45",Layer,Discontinued,Existing uploaded GW registry after artifact cleanup; Hex/RGB: Existing uploaded GW registry row,Preserved from uploaded registry; product line normalized during audit.,
GW_LAYER_LEVIATHAN_PURPLE_WASH,Games Workshop,Citadel,Layer,LAYER,,Leviathan Purple Wash,LEVIATHAN_PURPLE_WASH,#842994,132,41,148,"132, 41, 148",Layer,Discontinued,Existing uploaded GW registry after artifact cleanup; Hex/RGB: Existing uploaded GW registry row,Preserved from uploaded registry; product line normalized during audit.,
GW_LAYER_LICHE_PURPLE,Games Workshop,Citadel,Layer,LAYER,,Liche Purple,LICHE_PURPLE,#2C2D8B,44,45,139,"44, 45, 139",Layer,Discontinued,GW/Citadel Colours Revised PDF; Hex/RGB: GW/Citadel Colours Revised PDF,Historical Citadel/Games Workshop color from uploaded revised chart.,
GW_LAYER_LIGHTNING_BOLT_BLUE,Games Workshop,Citadel,Layer,LAYER,,Lightning Bolt Blue,LIGHTNING_BOLT_BLUE,#8BB9DD,139,185,221,"139, 185, 221",Layer,Discontinued,Existing uploaded GW registry after artifact cleanup; Hex/RGB: Existing uploaded GW registry row,Preserved from uploaded registry; product line normalized during audit.,
GW_LAYER_MAGENTA_INK,Games Workshop,Citadel,Layer,LAYER,,Magenta Ink,MAGENTA_INK,#513D3C,81,61,60,"81, 61, 60",Layer,Discontinued,Existing uploaded GW registry after artifact cleanup; Hex/RGB: Existing uploaded GW registry row,Preserved from uploaded registry; product line normalized during audit.,
GW_LAYER_MIDNIGHT_BLUE,Games Workshop,Citadel,Layer,LAYER,,Midnight Blue,MIDNIGHT_BLUE,#002561,0,37,97,"0, 37, 97",Layer,Discontinued,GW/Citadel Colours Revised PDF; Hex/RGB: GW/Citadel Colours Revised PDF,Historical Citadel/Games Workshop color from uploaded revised chart.,
GW_LAYER_MITHRIL_SILVER,Games Workshop,Citadel,Layer,LAYER,,Mithril Silver,MITHRIL_SILVER,#B7BEC5,183,190,197,"183, 190, 197",Layer,Discontinued,GW/Citadel Colours Revised PDF; Hex/RGB: GW/Citadel Colours Revised PDF,Historical Citadel/Games Workshop color from uploaded revised chart.,
GW_LAYER_NAUSEATING_BLUE,Games Workshop,Citadel,Layer,LAYER,,Nauseating Blue,NAUSEATING_BLUE,#412A7A,65,42,122,"65, 42, 122",Layer,Discontinued,Existing uploaded GW registry after artifact cleanup; Hex/RGB: Existing uploaded GW registry row,Preserved from uploaded registry; product line normalized during audit.,
GW_LAYER_OGRYN_FLESH_WASH,Games Workshop,Citadel,Layer,LAYER,,Ogryn Flesh Wash,OGRYN_FLESH_WASH,#CE8C42,206,140,66,"206, 140, 66",Layer,Discontinued,Existing uploaded GW registry after artifact cleanup; Hex/RGB: Existing uploaded GW registry row,Preserved from uploaded registry; product line normalized during audit.,
GW_LAYER_PALLID_FLESH,Games Workshop,Citadel,Layer,LAYER,,Pallid Flesh,PALLID_FLESH,#EEC8C7,238,200,199,"238, 200, 199",Layer,Discontinued,Existing uploaded GW registry after artifact cleanup; Hex/RGB: Existing uploaded GW registry row,Preserved from uploaded registry; product line normalized during audit.,
GW_LAYER_PURPLE_INK,Games Workshop,Citadel,Layer,LAYER,,Purple Ink,PURPLE_INK,#513D3C,81,61,60,"81, 61, 60",Layer,Discontinued,Existing uploaded GW registry after artifact cleanup; Hex/RGB: Existing uploaded GW registry row,Preserved from uploaded registry; product line normalized during audit.,
GW_LAYER_RED_GORE,Games Workshop,Citadel,Layer,LAYER,,Red Gore,RED_GORE,#9D2B3F,157,43,63,"157, 43, 63",Layer,Discontinued,GW/Citadel Colours Revised PDF; Hex/RGB: GW/Citadel Colours Revised PDF,Historical Citadel/Games Workshop color from uploaded revised chart.,
GW_LAYER_REGAL_BLUE,Games Workshop,Citadel,Layer,LAYER,,Regal Blue,REGAL_BLUE,#003F70,0,63,112,"0, 63, 112",Layer,Discontinued,GW/Citadel Colours Revised PDF; Hex/RGB: GW/Citadel Colours Revised PDF,Historical Citadel/Games Workshop color from uploaded revised chart.,
GW_LAYER_ROTTING_FLESH,Games Workshop,Citadel,Layer,LAYER,,Rotting Flesh,ROTTING_FLESH,#B8C39E,184,195,158,"184, 195, 158",Layer,Discontinued,GW/Citadel Colours Revised PDF; Hex/RGB: GW/Citadel Colours Revised PDF,Historical Citadel/Games Workshop color from uploaded revised chart.,
GW_LAYER_RUNELORD_BRASS,Games Workshop,Citadel,Layer,LAYER,,Runelord Brass,RUNELORD_BRASS,#B6A89A,182,168,154,"182, 168, 154",Layer,Discontinued,Full List of Citadel Paints Wikipedia PDF; Hex/RGB: Full List of Citadel Paints Wikipedia PDF,Verified historical Citadel paint from uploaded historical list.,
GW_LAYER_SCAB_RED,Games Workshop,Citadel,Layer,LAYER,,Scab Red,SCAB_RED,#90263D,144,38,61,"144, 38, 61",Layer,Discontinued,GW/Citadel Colours Revised PDF; Hex/RGB: GW/Citadel Colours Revised PDF,Historical Citadel/Games Workshop color from uploaded revised chart.,
GW_LAYER_SCALY_GREEN,Games Workshop,Citadel,Layer,LAYER,,Scaly Green,SCALY_GREEN,#006063,0,96,99,"0, 96, 99",Layer,Discontinued,GW/Citadel Colours Revised PDF; Hex/RGB: GW/Citadel Colours Revised PDF,Historical Citadel/Games Workshop color from uploaded revised chart.,
GW_LAYER_SCORCHED_BROWN,Games Workshop,Citadel,Layer,LAYER,,Scorched Brown,SCORCHED_BROWN,#5A422F,90,66,47,"90, 66, 47",Layer,Discontinued,GW/Citadel Colours Revised PDF; Hex/RGB: GW/Citadel Colours Revised PDF,Historical Citadel/Games Workshop color from uploaded revised chart.,
GW_LAYER_SCORPION_GREEN,Games Workshop,Citadel,Layer,LAYER,,Scorpion Green,SCORPION_GREEN,#65B345,101,179,69,"101, 179, 69",Layer,Discontinued,GW/Citadel Colours Revised PDF; Hex/RGB: GW/Citadel Colours Revised PDF,Historical Citadel/Games Workshop color from uploaded revised chart.,
GW_LAYER_SHADOW_GREY,Games Workshop,Citadel,Layer,LAYER,,Shadow Grey,SHADOW_GREY,#106993,16,105,147,"16, 105, 147",Layer,Discontinued,GW/Citadel Colours Revised PDF; Hex/RGB: GW/Citadel Colours Revised PDF,Historical Citadel/Games Workshop color from uploaded revised chart.,
GW_LAYER_SHINING_GOLD,Games Workshop,Citadel,Layer,LAYER,,Shining Gold,SHINING_GOLD,#EFB736,239,183,54,"239, 183, 54",Layer,Discontinued,GW/Citadel Colours Revised PDF; Hex/RGB: GW/Citadel Colours Revised PDF,Historical Citadel/Games Workshop color from uploaded revised chart.,
GW_LAYER_SKULL_WHITE,Games Workshop,Citadel,Layer,LAYER,,Skull White,SKULL_WHITE,#FFFFFF,255,255,255,"255, 255, 255",Layer,Discontinued,GW/Citadel Colours Revised PDF; Hex/RGB: GW/Citadel Colours Revised PDF,Historical Citadel/Games Workshop color from uploaded revised chart.,
GW_LAYER_SMELLY_PRIMER,Games Workshop,Citadel,Layer,LAYER,,Smelly Primer,SMELLY_PRIMER,#FFFFFF,255,255,255,"255, 255, 255",Layer,Discontinued,Existing uploaded GW registry after artifact cleanup; Hex/RGB: Existing uploaded GW registry row,Preserved from uploaded registry; product line normalized during audit.,
GW_LAYER_SNAKEBITE_LEATHER,Games Workshop,Citadel,Layer,LAYER,,Snakebite Leather,SNAKEBITE_LEATHER,#8C6C40,140,108,64,"140, 108, 64",Layer,Discontinued,GW/Citadel Colours Revised PDF; Hex/RGB: GW/Citadel Colours Revised PDF,Historical Citadel/Games Workshop color from uploaded revised chart.,
GW_LAYER_SNOT_GREEN,Games Workshop,Citadel,Layer,LAYER,,Snot Green,SNOT_GREEN,#006F45,0,111,69,"0, 111, 69",Layer,Discontinued,GW/Citadel Colours Revised PDF; Hex/RGB: GW/Citadel Colours Revised PDF,Historical Citadel/Games Workshop color from uploaded revised chart.,
GW_LAYER_SPACE_WOLF_GREY,Games Workshop,Citadel,Layer,LAYER,,Space Wolf Grey,SPACE_WOLF_GREY,#91BFDC,145,191,220,"145, 191, 220",Layer,Discontinued,GW/Citadel Colours Revised PDF; Hex/RGB: GW/Citadel Colours Revised PDF,Historical Citadel/Games Workshop color from uploaded revised chart.,
GW_LAYER_SPACE_WOLVES_GREY,Games Workshop,Citadel,Layer,LAYER,,Space Wolves Grey,SPACE_WOLVES_GREY,#CEDEE7,206,222,231,"206, 222, 231",Layer,Discontinued,Existing uploaded GW registry after artifact cleanup; Hex/RGB: Existing uploaded GW registry row,Preserved from uploaded registry; product line normalized during audit.,
GW_LAYER_STORM_BLUE,Games Workshop,Citadel,Layer,LAYER,,Storm Blue,STORM_BLUE,#27357E,39,53,126,"39, 53, 126",Layer,Discontinued,Existing uploaded GW registry after artifact cleanup; Hex/RGB: Existing uploaded GW registry row,Preserved from uploaded registry; product line normalized during audit.,
GW_LAYER_SUNBURST_YELLOW,Games Workshop,Citadel,Layer,LAYER,,Sunburst Yellow,SUNBURST_YELLOW,#FFD400,255,212,0,"255, 212, 0",Layer,Discontinued,GW/Citadel Colours Revised PDF; Hex/RGB: GW/Citadel Colours Revised PDF,Historical Citadel/Games Workshop color from uploaded revised chart.,
GW_LAYER_TANNED_FLESH,Games Workshop,Citadel,Layer,LAYER,,Tanned Flesh,TANNED_FLESH,#A95C3E,169,92,62,"169, 92, 62",Layer,Discontinued,GW/Citadel Colours Revised PDF; Hex/RGB: GW/Citadel Colours Revised PDF,Historical Citadel/Games Workshop color from uploaded revised chart.,
GW_LAYER_TENTACLE_PINK,Games Workshop,Citadel,Layer,LAYER,,Tentacle Pink,TENTACLE_PINK,#DC9DC6,220,157,198,"220, 157, 198",Layer,Discontinued,GW/Citadel Colours Revised PDF; Hex/RGB: GW/Citadel Colours Revised PDF,Historical Citadel/Games Workshop color from uploaded revised chart.,
GW_LAYER_TERRACOTTA,Games Workshop,Citadel,Layer,LAYER,,Terracotta,TERRACOTTA,#793721,121,55,33,"121, 55, 33",Layer,Discontinued,GW/Citadel Colours Revised PDF; Hex/RGB: GW/Citadel Colours Revised PDF,Historical Citadel/Games Workshop color from uploaded revised chart.,
GW_LAYER_THRAKA_GREEN_WASH,Games Workshop,Citadel,Layer,LAYER,,Thraka Green Wash,THRAKA_GREEN_WASH,#434F38,67,79,56,"67, 79, 56",Layer,Discontinued,Existing uploaded GW registry after artifact cleanup; Hex/RGB: Existing uploaded GW registry row,Preserved from uploaded registry; product line normalized during audit.,
GW_LAYER_TIN_BITZ,Games Workshop,Citadel,Layer,LAYER,,Tin Bitz,TIN_BITZ,#473F39,71,63,57,"71, 63, 57",Layer,Discontinued,GW/Citadel Colours Revised PDF; Hex/RGB: GW/Citadel Colours Revised PDF,Historical Citadel/Games Workshop color from uploaded revised chart.,
GW_LAYER_TUSKIGOR_FUR,Games Workshop,Citadel,Layer,LAYER,,Tuskigor Fur,TUSKIGOR_FUR,#883636,136,54,54,"136, 54, 54",Layer,Discontinued,Full List of Citadel Paints Wikipedia PDF; Hex/RGB: Full List of Citadel Paints Wikipedia PDF,Verified historical Citadel paint from uploaded historical list.,
GW_LAYER_ULTRAMARINE_BLUE,Games Workshop,Citadel,Layer,LAYER,,Ultramarine Blue,ULTRAMARINE_BLUE,#0066B3,0,102,179,"0, 102, 179",Layer,Discontinued,GW/Citadel Colours Revised PDF; Hex/RGB: GW/Citadel Colours Revised PDF,Historical Citadel/Games Workshop color from uploaded revised chart.,
GW_LAYER_VERMIN_BROWN,Games Workshop,Citadel,Layer,LAYER,,Vermin Brown,VERMIN_BROWN,#843910,132,57,16,"132, 57, 16",Layer,Discontinued,Existing uploaded GW registry after artifact cleanup; Hex/RGB: Existing uploaded GW registry row,Preserved from uploaded registry; product line normalized during audit.,
GW_LAYER_VERMIN_FUR,Games Workshop,Citadel,Layer,LAYER,,Vermin Fur,VERMIN_FUR,#904F2E,144,79,46,"144, 79, 46",Layer,Discontinued,GW/Citadel Colours Revised PDF; Hex/RGB: GW/Citadel Colours Revised PDF,Historical Citadel/Games Workshop color from uploaded revised chart.,
GW_LAYER_VILE_GREEN,Games Workshop,Citadel,Layer,LAYER,,Vile Green,VILE_GREEN,#82C59C,130,197,156,"130, 197, 156",Layer,Discontinued,Existing uploaded GW registry after artifact cleanup; Hex/RGB: Existing uploaded GW registry row,Preserved from uploaded registry; product line normalized during audit.,
GW_LAYER_VOMIT_BROWN,Games Workshop,Citadel,Layer,LAYER,,Vomit Brown,VOMIT_BROWN,#CE8B3C,206,139,60,"206, 139, 60",Layer,Discontinued,GW/Citadel Colours Revised PDF; Hex/RGB: GW/Citadel Colours Revised PDF,Historical Citadel/Games Workshop color from uploaded revised chart.,
GW_LAYER_WARLOCK_PURPLE,Games Workshop,Citadel,Layer,LAYER,,Warlock Purple,WARLOCK_PURPLE,#A43E8B,164,62,139,"164, 62, 139",Layer,Discontinued,GW/Citadel Colours Revised PDF; Hex/RGB: GW/Citadel Colours Revised PDF,Historical Citadel/Games Workshop color from uploaded revised chart.,
GW_SHADE_AGRAX_EARTHSHADE_DEVLAN_MUD,Games Workshop,Citadel,Shade,SHADE,,Agrax Earthshade (Devlan Mud),AGRAX_EARTHSHADE_DEVLAN_MUD,#5A573F,90,87,63,"90, 87, 63",Shade,Discontinued,Full List of Citadel Paints Wikipedia PDF; Hex/RGB: Full List of Citadel Paints Wikipedia PDF,Verified historical Citadel paint from uploaded historical list.,
GW_SHADE_AGRAX_EARTHSHADE_GLOSS,Games Workshop,Citadel,Shade,SHADE,,Agrax Earthshade (Gloss),AGRAX_EARTHSHADE_GLOSS,#5A573F,90,87,63,"90, 87, 63",Shade,Discontinued,Full List of Citadel Paints Wikipedia PDF; Hex/RGB: Full List of Citadel Paints Wikipedia PDF,Verified historical Citadel paint from uploaded historical list.,
GW_SHADE_CRYPTEK_ARMOURSHADE_GLOSS,Games Workshop,Citadel,Shade,SHADE,,Cryptek Armourshade Gloss,CRYPTEK_ARMOURSHADE_GLOSS,#5A573F,90,87,63,"90, 87, 63",Shade,Discontinued,Comparison Hex Pull,Preserved from uploaded registry; product line normalized during audit. | Comparison-derived shade/gloss: closest documented Agrax Earthshade / armour shade family,#5A573F
GW_SHADE_NULN_OIL_GLOSS,Games Workshop,Citadel,Shade,SHADE,,Nuln Oil (Gloss),NULN_OIL_GLOSS,#14100E,20,16,14,"20, 16, 14",Shade,Discontinued,Full List of Citadel Paints Wikipedia PDF; Hex/RGB: Full List of Citadel Paints Wikipedia PDF,Verified historical Citadel paint from uploaded historical list.,
GW_SHADE_REIKLAND_FLESHSHADE_GLOSS,Games Workshop,Citadel,Shade,SHADE,,Reikland Fleshshade (Gloss),REIKLAND_FLESHSHADE_GLOSS,#CA6C4D,202,108,77,"202, 108, 77",Shade,Discontinued,Full List of Citadel Paints Wikipedia PDF; Hex/RGB: Full List of Citadel Paints Wikipedia PDF,Verified historical Citadel paint from uploaded historical list.,
GW_DRY_CHANGELING_PINK,Games Workshop,Citadel,Dry,DRY,,Changeling Pink,CHANGELING_PINK,#F4AFCD,244,175,205,"244, 175, 205",Dry,Discontinued,Full List of Citadel Paints Wikipedia PDF; Hex/RGB: Full List of Citadel Paints Wikipedia PDF,Verified historical Citadel paint from uploaded historical list.,
GW_DRY_CHRONUS_BLUE,Games Workshop,Citadel,Dry,DRY,,Chronus Blue,CHRONUS_BLUE,#72A8D1,114,168,209,"114, 168, 209",Dry,Discontinued,Full List of Citadel Paints Wikipedia PDF; Hex/RGB: Full List of Citadel Paints Wikipedia PDF,Verified historical Citadel paint from uploaded historical list.,
GW_DRY_HELLION_GREEN,Games Workshop,Citadel,Dry,DRY,,Hellion Green,HELLION_GREEN,#84C3AA,132,195,170,"132, 195, 170",Dry,Discontinued,Full List of Citadel Paints Wikipedia PDF; Hex/RGB: Full List of Citadel Paints Wikipedia PDF,Verified historical Citadel paint from uploaded historical list.,
GW_DRY_KINDLEFLAME,Games Workshop,Citadel,Dry,DRY,,Kindleflame,KINDLEFLAME,#F79E86,247,158,134,"247, 158, 134",Dry,Discontinued,Full List of Citadel Paints Wikipedia PDF; Hex/RGB: Full List of Citadel Paints Wikipedia PDF,Verified historical Citadel paint from uploaded historical list.,
GW_DRY_NIBLIT_GREEN,Games Workshop,Citadel,Dry,DRY,,Niblit Green,NIBLIT_GREEN,#7DC734,125,199,52,"125, 199, 52",Dry,Discontinued,Full List of Citadel Paints Wikipedia PDF; Hex/RGB: Full List of Citadel Paints Wikipedia PDF,Verified historical Citadel paint from uploaded historical list.,
GW_DRY_RYZA_DUST,Games Workshop,Citadel,Dry,DRY,,Ryza Dust,RYZA_DUST,#EC631A,236,99,26,"236, 99, 26",Dry,Discontinued,Full List of Citadel Paints Wikipedia PDF; Hex/RGB: Full List of Citadel Paints Wikipedia PDF,Verified historical Citadel paint from uploaded historical list.,
GW_DRY_SIGMARITE,Games Workshop,Citadel,Dry,DRY,,Sigmarite,SIGMARITE,#CAAD76,202,173,118,"202, 173, 118",Dry,Discontinued,Full List of Citadel Paints Wikipedia PDF; Hex/RGB: Full List of Citadel Paints Wikipedia PDF,Verified historical Citadel paint from uploaded historical list.,
GW_DRY_SLAANESH_GREY,Games Workshop,Citadel,Dry,DRY,,Slaanesh Grey,SLAANESH_GREY,#DBD5E6,219,213,230,"219, 213, 230",Dry,Discontinued,Full List of Citadel Paints Wikipedia PDF; Hex/RGB: Full List of Citadel Paints Wikipedia PDF,Verified historical Citadel paint from uploaded historical list.,
GW_DRY_THUNDERHAWK_BLUE,Games Workshop,Citadel,Dry,DRY,,Thunderhawk Blue,THUNDERHAWK_BLUE,#509BA9,80,155,169,"80, 155, 169",Dry,Discontinued,Full List of Citadel Paints Wikipedia PDF; Hex/RGB: Full List of Citadel Paints Wikipedia PDF,Verified historical Citadel paint from uploaded historical list.,
GW_DRY_VERMINLORD_HIDE,Games Workshop,Citadel,Dry,DRY,,Verminlord Hide,VERMINLORD_HIDE,#A16954,161,105,84,"161, 105, 84",Dry,Discontinued,Full List of Citadel Paints Wikipedia PDF; Hex/RGB: Full List of Citadel Paints Wikipedia PDF,Verified historical Citadel paint from uploaded historical list.,
GW_TECHNICAL_ARMAGEDDON_DUNES,Games Workshop,Citadel,Technical,TECHNICAL,,Armageddon Dunes,ARMAGEDDON_DUNES,#FCAF09,252,175,9,"252, 175, 9",Technical,Discontinued,Existing uploaded GW registry after artifact cleanup; Hex/RGB: Existing GW registry real product row,Preserved from uploaded registry; product line normalized during audit.,
GW_TECHNICAL_ASTROGRANITE_DEBRIS,Games Workshop,Citadel,Technical,TECHNICAL,,Astrogranite Debris,ASTROGRANITE_DEBRIS,#77726E,119,114,110,"119, 114, 110",Technical,Discontinued,Existing uploaded GW registry after artifact cleanup; Hex/RGB: Existing GW registry real product row,Preserved from uploaded registry; product line normalized during audit.,
GW_TECHNICAL_BLACKFIRE_EARTH,Games Workshop,Citadel,Technical,TECHNICAL,,Blackfire Earth,BLACKFIRE_EARTH,#F8902F,248,144,47,"248, 144, 47",Technical,Discontinued,Existing uploaded GW registry after artifact cleanup; Hex/RGB: Existing GW registry real product row,Preserved from uploaded registry; product line normalized during audit.,
GW_TECHNICAL_LUSTRIAN_UNDERGROWTH,Games Workshop,Citadel,Technical,TECHNICAL,,Lustrian Undergrowth,LUSTRIAN_UNDERGROWTH,#709811,112,152,17,"112, 152, 17",Technical,Discontinued,Existing uploaded GW registry after artifact cleanup; Hex/RGB: Existing GW registry real product row,Preserved from uploaded registry; product line normalized during audit.,
GW_TECHNICAL_MOURN_MOUNTIAN_SNOW,Games Workshop,Citadel,Technical,TECHNICAL,,Mourn Mountian Snow,MOURN_MOUNTIAN_SNOW,#E9EAEB,233,234,235,"233, 234, 235",Technical,Discontinued,Comparison Hex Pull,Preserved from uploaded registry; product line normalized during audit. | Duncan Rhodes/Citadel comparison chart direct hex; source spelling Mourn Mountain Snow,#E9EAEB
GW_TECHNICAL_NURGLES_ROT,Games Workshop,Citadel,Technical,TECHNICAL,,Nurgles Rot,NURGLES_ROT,#9B8F22,155,143,34,"155, 143, 34",Technical,Discontinued,Comparison Hex Pull,Preserved from uploaded registry; product line normalized during audit. | Duncan Rhodes/Citadel comparison chart direct hex; apostrophe-normalized,#9B8F22
GW_TECHNICAL_STIRLAND_BATTLEMIRE,Games Workshop,Citadel,Technical,TECHNICAL,,Stirland Battlemire,STIRLAND_BATTLEMIRE,#321905,50,25,5,"50, 25, 5",Technical,Discontinued,Existing uploaded GW registry after artifact cleanup; Hex/RGB: Existing GW registry real product row,Preserved from uploaded registry; product line normalized during audit.,
GW_TEXTURE_AGRELLAN_BADLAND,Games Workshop,Citadel,Texture,TEXTURE,,Agrellan Badland,AGRELLAN_BADLAND,#A17359,161,115,89,"161, 115, 89",Texture,Discontinued,Full List of Citadel Paints Wikipedia PDF; Hex/RGB: Same-name Citadel source (Existing GW registry real product row),Verified historical Citadel paint from uploaded historical list.,
GW_TEXTURE_AGRELLAN_EARTH,Games Workshop,Citadel,Texture,TEXTURE,,Agrellan Earth,AGRELLAN_EARTH,#92816D,146,129,109,"146, 129, 109",Texture,Discontinued,Full List of Citadel Paints Wikipedia PDF; Hex/RGB: Same-name Citadel source (Existing GW registry real product row),Verified historical Citadel paint from uploaded historical list.,
GW_TEXTURE_ARMAGEDDON_DUNES,Games Workshop,Citadel,Texture,TEXTURE,,Armageddon Dunes,ARMAGEDDON_DUNES,#FCAF09,252,175,9,"252, 175, 9",Texture,Discontinued,Full List of Citadel Paints Wikipedia PDF; Hex/RGB: Same-name Citadel source (Existing GW registry real product row),Verified historical Citadel paint from uploaded historical list.,
GW_TEXTURE_ARMAGEDDON_DUST,Games Workshop,Citadel,Texture,TEXTURE,,Armageddon Dust,ARMAGEDDON_DUST,#D3A907,211,169,7,"211, 169, 7",Texture,Discontinued,Full List of Citadel Paints Wikipedia PDF; Hex/RGB: Full List of Citadel Paints Wikipedia PDF,Verified historical Citadel paint from uploaded historical list.,
GW_TEXTURE_ASTROGRANITE,Games Workshop,Citadel,Texture,TEXTURE,,Astrogranite,ASTROGRANITE,#757679,117,118,121,"117, 118, 121",Texture,Discontinued,Full List of Citadel Paints Wikipedia PDF; Hex/RGB: Full List of Citadel Paints Wikipedia PDF,Verified historical Citadel paint from uploaded historical list.,
GW_TEXTURE_ASTROGRANITE_DEBRIS,Games Workshop,Citadel,Texture,TEXTURE,,Astrogranite Debris,ASTROGRANITE_DEBRIS,#77726E,119,114,110,"119, 114, 110",Texture,Discontinued,Full List of Citadel Paints Wikipedia PDF; Hex/RGB: Same-name Citadel source (Existing GW registry real product row),Verified historical Citadel paint from uploaded historical list.,
GW_TEXTURE_BLACKFIRE_EATH,Games Workshop,Citadel,Texture,TEXTURE,,Blackfire Eath,BLACKFIRE_EATH,#A75820,167,88,32,"167, 88, 32",Texture,Discontinued,Full List of Citadel Paints Wikipedia PDF; Hex/RGB: Full List of Citadel Paints Wikipedia PDF,Verified historical Citadel paint from uploaded historical list.,
GW_TEXTURE_LUSTRIAN_UNDERGROWTH,Games Workshop,Citadel,Texture,TEXTURE,,Lustrian Undergrowth,LUSTRIAN_UNDERGROWTH,#415A09,65,90,9,"65, 90, 9",Texture,Discontinued,Full List of Citadel Paints Wikipedia PDF; Hex/RGB: Full List of Citadel Paints Wikipedia PDF,Verified historical Citadel paint from uploaded historical list.,
GW_TEXTURE_MARTIAN_IRONCRUST,Games Workshop,Citadel,Texture,TEXTURE,,Martian Ironcrust,MARTIAN_IRONCRUST,#F5945D,245,148,93,"245, 148, 93",Texture,Discontinued,Full List of Citadel Paints Wikipedia PDF; Hex/RGB: Same-name Citadel source (Existing GW registry real product row),Verified historical Citadel paint from uploaded historical list.,
GW_TEXTURE_MARTIAN_IRONEARTH,Games Workshop,Citadel,Texture,TEXTURE,,Martian Ironearth,MARTIAN_IRONEARTH,#935442,147,84,66,"147, 84, 66",Texture,Discontinued,Full List of Citadel Paints Wikipedia PDF; Hex/RGB: Same-name Citadel source (Existing GW registry real product row),Verified historical Citadel paint from uploaded historical list.,
GW_TEXTURE_MOURN_MOUNTAIN_SNOW,Games Workshop,Citadel,Texture,TEXTURE,,Mourn Mountain Snow,MOURN_MOUNTAIN_SNOW,#E9EAEB,233,234,235,"233, 234, 235",Texture,Discontinued,Full List of Citadel Paints Wikipedia PDF; Hex/RGB: Full List of Citadel Paints Wikipedia PDF,Verified historical Citadel paint from uploaded historical list.,
GW_TEXTURE_STIRLAND_BATTLEMIRE,Games Workshop,Citadel,Texture,TEXTURE,,Stirland Battlemire,STIRLAND_BATTLEMIRE,#321905,50,25,5,"50, 25, 5",Texture,Discontinued,Full List of Citadel Paints Wikipedia PDF; Hex/RGB: Same-name Citadel source (Existing GW registry real product row),Verified historical Citadel paint from uploaded historical list.,
GW_TEXTURE_STIRLAND_MUD,Games Workshop,Citadel,Texture,TEXTURE,,Stirland Mud,STIRLAND_MUD,#492B00,73,43,0,"73, 43, 0",Texture,Discontinued,Full List of Citadel Paints Wikipedia PDF; Hex/RGB: Full List of Citadel Paints Wikipedia PDF,Verified historical Citadel paint from uploaded historical list.,
GW_TEXTURE_VALHALLAN_BLIZZARD,Games Workshop,Citadel,Texture,TEXTURE,,Valhallan Blizzard,VALHALLAN_BLIZZARD,#FDF9EE,253,249,238,"253, 249, 238",Texture,Discontinued,Full List of Citadel Paints Wikipedia PDF; Hex/RGB: Same-name Citadel source (Existing GW registry real product row),Verified historical Citadel paint from uploaded historical list.,
GW_EDGE_BAHARROTH_BLUE,Games Workshop,Citadel,Edge,EDGE,,Baharroth Blue,BAHARROTH_BLUE,#58C1CD,88,193,205,"88, 193, 205",Edge,Discontinued,Full List of Citadel Paints Wikipedia PDF; Hex/RGB: Full List of Citadel Paints Wikipedia PDF,Verified historical Citadel paint from uploaded historical list.,
GW_EDGE_BLUE_HORROR,Games Workshop,Citadel,Edge,EDGE,,Blue Horror,BLUE_HORROR,#A2BAD2,162,186,210,"162, 186, 210",Edge,Discontinued,Full List of Citadel Paints Wikipedia PDF; Hex/RGB: Full List of Citadel Paints Wikipedia PDF,Verified historical Citadel paint from uploaded historical list.,
GW_EDGE_DECHALA_LILAC,Games Workshop,Citadel,Edge,EDGE,,Dechala Lilac,DECHALA_LILAC,#B69FCC,182,159,204,"182, 159, 204",Edge,Discontinued,Full List of Citadel Paints Wikipedia PDF; Hex/RGB: Full List of Citadel Paints Wikipedia PDF,Verified historical Citadel paint from uploaded historical list.,
GW_EDGE_DORN_YELLOW,Games Workshop,Citadel,Edge,EDGE,,Dorn Yellow,DORN_YELLOW,#FFF200,255,242,0,"255, 242, 0",Edge,Discontinued,Full List of Citadel Paints Wikipedia PDF; Hex/RGB: Full List of Citadel Paints Wikipedia PDF,Verified historical Citadel paint from uploaded historical list.,
GW_EDGE_FULGRIM_PINK,Games Workshop,Citadel,Edge,EDGE,,Fulgrim Pink,FULGRIM_PINK,#F4AFCD,244,175,205,"244, 175, 205",Edge,Discontinued,Full List of Citadel Paints Wikipedia PDF; Hex/RGB: Full List of Citadel Paints Wikipedia PDF,Verified historical Citadel paint from uploaded historical list.,
GW_EDGE_GAUSS_BLASTER_GREEN,Games Workshop,Citadel,Edge,EDGE,,Gauss Blaster Green,GAUSS_BLASTER_GREEN,#84C3AA,132,195,170,"132, 195, 170",Edge,Discontinued,Full List of Citadel Paints Wikipedia PDF; Hex/RGB: Full List of Citadel Paints Wikipedia PDF,Verified historical Citadel paint from uploaded historical list.,
GW_EDGE_KRIEG_KHAKI,Games Workshop,Citadel,Edge,EDGE,,Krieg Khaki,KRIEG_KHAKI,#C0BD81,192,189,129,"192, 189, 129",Edge,Discontinued,Full List of Citadel Paints Wikipedia PDF; Hex/RGB: Full List of Citadel Paints Wikipedia PDF,Verified historical Citadel paint from uploaded historical list.,
GW_EDGE_LUGGANATH_ORANGE,Games Workshop,Citadel,Edge,EDGE,,Lugganath Orange,LUGGANATH_ORANGE,#F79E86,247,158,134,"247, 158, 134",Edge,Discontinued,Full List of Citadel Paints Wikipedia PDF; Hex/RGB: Full List of Citadel Paints Wikipedia PDF,Verified historical Citadel paint from uploaded historical list.,
GW_FOUNDATION_ADEPTUS_BATTLEGREY,Games Workshop,Citadel,Foundation,FOUNDATION,,Adeptus Battlegrey,ADEPTUS_BATTLEGREY,#4A4C58,74,76,88,"74, 76, 88",Foundation,Discontinued,GW/Citadel Colours Revised PDF; Hex/RGB: GW/Citadel Colours Revised PDF,Historical Citadel/Games Workshop color from uploaded revised chart.,
GW_FOUNDATION_CALTHAN_BROWN,Games Workshop,Citadel,Foundation,FOUNDATION,,Calthan Brown,CALTHAN_BROWN,#7A4231,122,66,49,"122, 66, 49",Foundation,Discontinued,GW/Citadel Colours Revised PDF; Hex/RGB: GW/Citadel Colours Revised PDF,Historical Citadel/Games Workshop color from uploaded revised chart.,
GW_FOUNDATION_CHARADON_GRANITE,Games Workshop,Citadel,Foundation,FOUNDATION,,Charadon Granite,CHARADON_GRANITE,#463F39,70,63,57,"70, 63, 57",Foundation,Discontinued,GW/Citadel Colours Revised PDF; Hex/RGB: GW/Citadel Colours Revised PDF,Historical Citadel/Games Workshop color from uploaded revised chart.,
GW_FOUNDATION_DHENEB_STONE,Games Workshop,Citadel,Foundation,FOUNDATION,,Dheneb Stone,DHENEB_STONE,#B8ACA0,184,172,160,"184, 172, 160",Foundation,Discontinued,GW/Citadel Colours Revised PDF; Hex/RGB: GW/Citadel Colours Revised PDF,Historical Citadel/Games Workshop color from uploaded revised chart.,
GW_FOUNDATION_FENRIS_GREY,Games Workshop,Citadel,Foundation,FOUNDATION,,Fenris Grey,FENRIS_GREY,#2C4363,44,67,99,"44, 67, 99",Foundation,Discontinued,GW/Citadel Colours Revised PDF; Hex/RGB: GW/Citadel Colours Revised PDF,Historical Citadel/Games Workshop color from uploaded revised chart.,
GW_FOUNDATION_GRETCHIN_GREEN,Games Workshop,Citadel,Foundation,FOUNDATION,,Gretchin Green,GRETCHIN_GREEN,#7E6930,126,105,48,"126, 105, 48",Foundation,Discontinued,GW/Citadel Colours Revised PDF; Hex/RGB: GW/Citadel Colours Revised PDF,Historical Citadel/Games Workshop color from uploaded revised chart.,
GW_FOUNDATION_HORMAGAUNT_PURPLE,Games Workshop,Citadel,Foundation,FOUNDATION,,Hormagaunt Purple,HORMAGAUNT_PURPLE,#54496B,84,73,107,"84, 73, 107",Foundation,Discontinued,GW/Citadel Colours Revised PDF; Hex/RGB: GW/Citadel Colours Revised PDF,Historical Citadel/Games Workshop color from uploaded revised chart.,
GW_FOUNDATION_IYANDEN_DARKSUN,Games Workshop,Citadel,Foundation,FOUNDATION,,Iyanden Darksun,IYANDEN_DARKSUN,#AD852E,173,133,46,"173, 133, 46",Foundation,Discontinued,GW/Citadel Colours Revised PDF; Hex/RGB: GW/Citadel Colours Revised PDF,Historical Citadel/Games Workshop color from uploaded revised chart.,
GW_FOUNDATION_KHEMRI_BROWN,Games Workshop,Citadel,Foundation,FOUNDATION,,Khemri Brown,KHEMRI_BROWN,#73614D,115,97,77,"115, 97, 77",Foundation,Discontinued,GW/Citadel Colours Revised PDF; Hex/RGB: GW/Citadel Colours Revised PDF,Historical Citadel/Games Workshop color from uploaded revised chart.,
GW_FOUNDATION_KNARLOC_GREEN,Games Workshop,Citadel,Foundation,FOUNDATION,,Knarloc Green,KNARLOC_GREEN,#434F38,67,79,56,"67, 79, 56",Foundation,Discontinued,Existing uploaded GW registry after artifact cleanup; Hex/RGB: Existing uploaded GW registry row,Preserved from uploaded registry; product line normalized during audit.,
GW_FOUNDATION_MACHARIUS_SOLAR_ORANGE,Games Workshop,Citadel,Foundation,FOUNDATION,,Macharius Solar Orange,MACHARIUS_SOLAR_ORANGE,#B94023,185,64,35,"185, 64, 35",Foundation,Discontinued,GW/Citadel Colours Revised PDF; Hex/RGB: GW/Citadel Colours Revised PDF,Historical Citadel/Games Workshop color from uploaded revised chart.,
GW_FOUNDATION_MECHRITE_RED,Games Workshop,Citadel,Foundation,FOUNDATION,,Mechrite Red,MECHRITE_RED,#A82014,168,32,20,"168, 32, 20",Foundation,Discontinued,GW/Citadel Colours Revised PDF; Hex/RGB: GW/Citadel Colours Revised PDF,Historical Citadel/Games Workshop color from uploaded revised chart.,
GW_FOUNDATION_MORDIAN_BLUE,Games Workshop,Citadel,Foundation,FOUNDATION,,Mordian Blue,MORDIAN_BLUE,#244882,36,72,130,"36, 72, 130",Foundation,Discontinued,GW/Citadel Colours Revised PDF; Hex/RGB: GW/Citadel Colours Revised PDF,Historical Citadel/Games Workshop color from uploaded revised chart.,
GW_FOUNDATION_NECRON_ABYSS,Games Workshop,Citadel,Foundation,FOUNDATION,,Necron Abyss,NECRON_ABYSS,#1A213D,26,33,61,"26, 33, 61",Foundation,Discontinued,GW/Citadel Colours Revised PDF; Hex/RGB: GW/Citadel Colours Revised PDF,Historical Citadel/Games Workshop color from uploaded revised chart.,
GW_FOUNDATION_ORKHIDE_SHADE,Games Workshop,Citadel,Foundation,FOUNDATION,,Orkhide Shade,ORKHIDE_SHADE,#26372D,38,55,45,"38, 55, 45",Foundation,Discontinued,GW/Citadel Colours Revised PDF; Hex/RGB: GW/Citadel Colours Revised PDF,Historical Citadel/Games Workshop color from uploaded revised chart.,
GW_FOUNDATION_TALLARN_FLESH,Games Workshop,Citadel,Foundation,FOUNDATION,,Tallarn Flesh,TALLARN_FLESH,#B27B67,178,123,103,"178, 123, 103",Foundation,Discontinued,GW/Citadel Colours Revised PDF; Hex/RGB: GW/Citadel Colours Revised PDF,Historical Citadel/Games Workshop color from uploaded revised chart.,
GW_FOUNDATION_TAUSEPT_OCHRE,Games Workshop,Citadel,Foundation,FOUNDATION,,Tausept Ochre,TAUSEPT_OCHRE,#A06E3B,160,110,59,"160, 110, 59",Foundation,Discontinued,GW/Citadel Colours Revised PDF; Hex/RGB: GW/Citadel Colours Revised PDF,Historical Citadel/Games Workshop color from uploaded revised chart.,
GW_GLAZE_BLOODLETTER,Games Workshop,Citadel,Glaze,GLAZE,,Bloodletter,BLOODLETTER,#F37355,243,115,85,"243, 115, 85",Glaze,Discontinued,Full List of Citadel Paints Wikipedia PDF; Hex/RGB: Full List of Citadel Paints Wikipedia PDF,Verified historical Citadel paint from uploaded historical list.,
GW_GLAZE_GUILLIMAN_BLUE,Games Workshop,Citadel,Glaze,GLAZE,,Guilliman Blue,GUILLIMAN_BLUE,#2F9AD6,47,154,214,"47, 154, 214",Glaze,Discontinued,Full List of Citadel Paints Wikipedia PDF; Hex/RGB: Full List of Citadel Paints Wikipedia PDF,Verified historical Citadel paint from uploaded historical list.,
GW_GLAZE_LAMENTERS_YELLOW,Games Workshop,Citadel,Glaze,GLAZE,,Lamenters Yellow,LAMENTERS_YELLOW,#FFF56B,255,245,107,"255, 245, 107",Glaze,Discontinued,Full List of Citadel Paints Wikipedia PDF; Hex/RGB: Full List of Citadel Paints Wikipedia PDF,Verified historical Citadel paint from uploaded historical list.,
GW_GLAZE_WAYWATCHER_GREEN,Games Workshop,Citadel,Glaze,GLAZE,,Waywatcher Green,WAYWATCHER_GREEN,#6DC066,109,192,102,"109, 192, 102",Glaze,Discontinued,Full List of Citadel Paints Wikipedia PDF; Hex/RGB: Full List of Citadel Paints Wikipedia PDF,Verified historical Citadel paint from uploaded historical list.,
