Paint_ID,Company,Brand,Product_Line,Product_Line_Code,Paint_Code,Paint_Name,Normalized_Name,Hex,R,G,B,RGB,Paint_Type,Status,Source,Notes,Swatch,,,,,,,,,GW_Match_Paint_ID,GW_Match_Name,GW_Match_Product_Line,GW_Match_Paint_Type,GW_Match_Hex,GW_Match_RGB,GW_RGB_Distance,Match_Confidence,GW_Match_Method
VAL_GAME_COLOR_PALE_GREY_SHADE_WASH,Vallejo,Game Color,Game Color,GAME_COLOR,73.202,**** Pale Grey Shade Wash,PALE_GREY_SHADE_WASH,#842994,132,41,148,"132,41,148",Acrylic Paint,Active/Unknown,584217179-Vallejo-Paint-List-frenzycheck-com.xlsx,Imported from compiled central database,,,,,,,,,,GW_LAYER_LEVIATHAN_PURPLE_WASH,Leviathan Purple Wash,Layer,Layer,#842994,"132,41,148",0,High,Computed nearest Games Workshop swatch by Euclidean RGB distance from registry R/G/B values.
VAL_GAME_COLOR_ABYSSAL_TURQUOISE,Vallejo,Game Color,Game Color,GAME_COLOR,72.120,Abyssal Turquoise,ABYSSAL_TURQUOISE,#122332,18,35,50,"18,35,50",Acrylic paint,Active/Unknown,CC266-Game_Color.pdf; Catalogo_2026-R02.pdf page 52,Imported from compiled central database | Approx Hex/RGB fill: Vallejo 2026 catalog swatch sample (Medium-High).,,,,,,,,,,GW_BASE_NOCTURNE_GREEN,Nocturne Green,Base,Base,#152B29,"21,43,41",12.41,High,Computed nearest Games Workshop swatch by Euclidean RGB distance from registry R/G/B values.
VAL_GAME_COLOR_ALIEN_PURPLE,Vallejo,Game Color,Game Color,GAME_COLOR,72.076,Alien Purple,ALIEN_PURPLE,#50317B,80,49,123,"80,49,123",Acrylic paint,Active/Unknown,CC266-Game_Color.pdf,Imported from compiled central database,,,,,,,,,,GW_LAYER_IMPERIAL_PURPLE,Imperial Purple,Layer,Layer,#562F7E,"86,47,126",7,High,Computed nearest Games Workshop swatch by Euclidean RGB distance from registry R/G/B values.
VAL_GAME_COLOR_ANGEL_GREEN,Vallejo,Game Color,Game Color,GAME_COLOR,72.123,Angel Green,ANGEL_GREEN,#0C391D,12,57,29,"12,57,29",Acrylic paint,Active/Unknown,CC266-Game_Color.pdf,Imported from compiled central database,,,,,,,,,,GW_CONTRAST_DARK_ANGELS_GREEN,Dark Angels Green,Contrast,Contrast,#103B20,"16,59,32",5.39,High,Computed nearest Games Workshop swatch by Euclidean RGB distance from registry R/G/B values.
VAL_GAME_COLOR_AQUAMARINE,Vallejo,Game Color,Game Color,GAME_COLOR,72.119,Aquamarine,AQUAMARINE,#007B74,0,123,116,"0,123,116",Acrylic paint,Active/Unknown,CC266-Game_Color.pdf; Catalogo_2026-R02.pdf page 52,Imported from compiled central database | Approx Hex/RGB fill: Vallejo 2026 catalog swatch sample (Medium-High).,,,,,,,,,,GW_CONTRAST_TERRADON_TURQUOISE,Terradon Turquoise,Contrast,Contrast,#007C74,"0,124,116",1,High,Computed nearest Games Workshop swatch by Euclidean RGB distance from registry R/G/B values.
VAL_GAME_COLOR_ATHENA_SKIN,Vallejo,Game Color,Game Color,GAME_COLOR,72.107,Athena Skin,ATHENA_SKIN,#B36254,179,98,84,"179,98,84",Acrylic paint,Active/Unknown,CC266-Game_Color.pdf; Catalogo_2026-R02.pdf page 52,Imported from compiled central database | Approx Hex/RGB fill: Vallejo 2026 catalog swatch sample (Medium-High).,,,,,,,,,,GW_LAYER_DEATHCLAW_BROWN,Deathclaw Brown,Layer,Layer,#B36853,"179,104,83",6.08,High,Computed nearest Games Workshop swatch by Euclidean RGB distance from registry R/G/B values.
VAL_GAME_COLOR_BALD_MOON_YELLOW,Vallejo,Game Color,Game Color,GAME_COLOR,72.005,Bald Moon Yellow,BALD_MOON_YELLOW,#FFF700,255,247,0,"255,247,0",Acrylic Paint,Active/Unknown,584217179-Vallejo-Paint-List-frenzycheck-com.xlsx,Imported from compiled central database,,,,,,,,,,GW_LAYER_BAD_MOON_YELLOW,Bad Moon Yellow,Layer,Layer,#FFF700,"255,247,0",0,High,Computed nearest Games Workshop swatch by Euclidean RGB distance from registry R/G/B values.
VAL_GAME_COLOR_BARBARIAN_SKIN,Vallejo,Game Color,Game Color,GAME_COLOR,72.071,Barbarian Skin,BARBARIAN_SKIN,#77593F,119,89,63,"119,89,63",Acrylic paint,Active/Unknown,CC266-Game_Color.pdf; Catalogo_2026-R02.pdf page 52,Imported from compiled central database | Approx Hex/RGB fill: Vallejo 2026 catalog swatch sample (Medium-High).,,,,,,,,,,GW_BASE_BUGMAN_S_GLOW,Bugman's Glow,Base,Base,#834F44,"131,79,68",16.4,Medium-High,Computed nearest Games Workshop swatch by Euclidean RGB distance from registry R/G/B values.
VAL_GAME_COLOR_BEASTY_BROWN,Vallejo,Game Color,Game Color,GAME_COLOR,72.043,Beasty Brown,BEASTY_BROWN,#663300,102,51,0,"102,51,0",Acrylic Paint,Active/Unknown,584217179-Vallejo-Paint-List-frenzycheck-com.xlsx,Imported from compiled central database,,,,,,,,,,GW_TEXTURE_STIRLAND_MUD,Stirland Mud,Texture,Texture,#492B00,"73,43,0",30.08,Medium-High,Computed nearest Games Workshop swatch by Euclidean RGB distance from registry R/G/B values.
VAL_GAME_COLOR_BILE_GREEN,Vallejo,Game Color,Game Color,GAME_COLOR,72.122,Bile Green,BILE_GREEN,#D5D900,213,217,0,"213,217,0",Acrylic paint,Active/Unknown,CC266-Game_Color.pdf; Catalogo_2026-R02.pdf page 52,Imported from compiled central database | Approx Hex/RGB fill: Vallejo 2026 catalog swatch sample (Medium-High).,,,,,,,,,,GW_CONTRAST_BAD_MOON_YELLOW,Bad Moon Yellow,Contrast,Contrast,#F4D000,"244,208,0",32.28,Medium-High,Computed nearest Games Workshop swatch by Euclidean RGB distance from registry R/G/B values.
VAL_GAME_COLOR_BLACK,Vallejo,Game Color,Game Color,GAME_COLOR,72.051,Black,BLACK,#000000,0,0,0,"0,0,0",Acrylic Paint,Active/Unknown,952249680-Warlord-Paint-Ranges-Conversion-Chart.pdf,Imported from compiled central database; Hex/RGB filled during audit from Direct RedGrimm Vallejo Game name match (redgrimm vallejo-game.html); matched Vallejo Game Black.,,,,,,,,,,GW_AIR_ABADDON_BLACK,Abaddon Black,Air,Air,#000000,"0,0,0",0,High,Computed nearest Games Workshop swatch by Euclidean RGB distance from registry R/G/B values.
VAL_GAME_COLOR_BLACK_INK,Vallejo,Game Color,Game Color,GAME_COLOR,72.094,Black Ink,BLACK_INK,#000000,0,0,0,"0,0,0",Acrylic Paint,Active/Unknown,584217179-Vallejo-Paint-List-frenzycheck-com.xlsx; Catalogo_2026-R02.pdf page 53,Imported from compiled central database | Approx Hex/RGB fill: Vallejo 2026 catalog swatch sample (Medium-High).,,,,,,,,,,GW_AIR_ABADDON_BLACK,Abaddon Black,Air,Air,#000000,"0,0,0",0,High,Computed nearest Games Workshop swatch by Euclidean RGB distance from registry R/G/B values.
VAL_GAME_COLOR_BLACK_WASH,Vallejo,Game Color,Game Color,GAME_COLOR,73.201,Black Wash,BLACK_WASH,#767376,118,115,118,"118,115,118",Acrylic Paint,Active/Unknown,952249680-Warlord-Paint-Ranges-Conversion-Chart.pdf; Catalogo_2026-R02.pdf page 52,Imported from compiled central database | Approx Hex/RGB fill: Vallejo 2026 catalog swatch sample (Medium-High).,,,,,,,,,,GW_TEXTURE_ASTROGRANITE,Astrogranite,Texture,Texture,#757679,"117,118,121",4.36,High,Computed nearest Games Workshop swatch by Euclidean RGB distance from registry R/G/B values.
VAL_GAME_COLOR_BLOODY_RED,Vallejo,Game Color,Game Color,GAME_COLOR,72.010,Bloody Red,BLOODY_RED,#CE0018,206,0,24,"206,0,24",Acrylic paint,Active/Unknown,CC266-Game_Color.pdf,Imported from compiled central database,,,,,,,,,,GW_AIR_EVIL_SUNZ_SCARLET,Evil Sunz Scarlet,Air,Air,#C01510,"192,21,16",26.48,Medium-High,Computed nearest Games Workshop swatch by Euclidean RGB distance from registry R/G/B values.
VAL_GAME_COLOR_BLUE_SHADE_WASH,Vallejo,Game Color,Game Color,GAME_COLOR,73.207,Blue Shade Wash,BLUE_SHADE_WASH,#273E53,39,62,83,"39,62,83",Acrylic Paint,Active/Unknown,584217179-Vallejo-Paint-List-frenzycheck-com.xlsx,Imported from compiled central database,,,,,,,,,,GW_LAYER_ASURMEN_BLUE_WASH,Asurmen Blue Wash,Layer,Layer,#273E53,"39,62,83",0,High,Computed nearest Games Workshop swatch by Euclidean RGB distance from registry R/G/B values.
VAL_GAME_COLOR_BLUE_WASH,Vallejo,Game Color,Game Color,GAME_COLOR,73.207,Blue Wash,BLUE_WASH,#273E53,39,62,83,"39,62,83",Acrylic Paint,Active/Unknown,952249680-Warlord-Paint-Ranges-Conversion-Chart.pdf,Imported from compiled central database; Hex/RGB filled during audit from Registry same paint-code reuse (Existing registry completed row); matched Game Color Blue Shade Wash.,,,,,,,,,,GW_LAYER_ASURMEN_BLUE_WASH,Asurmen Blue Wash,Layer,Layer,#273E53,"39,62,83",0,High,Computed nearest Games Workshop swatch by Euclidean RGB distance from registry R/G/B values.
VAL_GAME_COLOR_BONE_WHITE,Vallejo,Game Color,Game Color,GAME_COLOR,72.034,Bone White,BONE_WHITE,#D3C89D,211,200,157,"211,200,157",Acrylic paint,Active/Unknown,CC266-Game_Color.pdf,Imported from compiled central database,,,,,,,,,,GW_BASE_MORGHAST_BONE,Morghast Bone,Base,Base,#D5C79A,"213,199,154",3.74,High,Computed nearest Games Workshop swatch by Euclidean RGB distance from registry R/G/B values.
VAL_GAME_COLOR_BONEWHITE,Vallejo,Game Color,Game Color,GAME_COLOR,72.034,Bonewhite,BONEWHITE,#EFD9A8,239,217,168,"239,217,168",Acrylic Paint,Active/Unknown,584217179-Vallejo-Paint-List-frenzycheck-com.xlsx,Imported from compiled central database,,,,,,,,,,GW_LAYER_BLEACHED_BONE,Bleached Bone,Layer,Layer,#EED5AC,"238,213,172",5.74,High,Computed nearest Games Workshop swatch by Euclidean RGB distance from registry R/G/B values.
VAL_GAME_COLOR_BRASSY_BRASS,Vallejo,Game Color,Game Color,GAME_COLOR,72.058,Brassy Brass,BRASSY_BRASS,#735A21,115,90,33,"115,90,33",Acrylic Paint,Active/Unknown,584217179-Vallejo-Paint-List-frenzycheck-com.xlsx,Imported from compiled central database,,,,,,,,,,GW_BASE_XV_88,XV-88,Base,Base,#72491E,"114,73,30",17.29,Medium-High,Computed nearest Games Workshop swatch by Euclidean RGB distance from registry R/G/B values.
VAL_GAME_COLOR_BRIGHT_BRONZE,Vallejo,Game Color,Game Color,GAME_COLOR,72.057,Bright Bronze,BRIGHT_BRONZE,#B88044,184,128,68,"184,128,68",Acrylic Paint,Active/Unknown,952249680-Warlord-Paint-Ranges-Conversion-Chart.pdf; Catalogo_2026-R02.pdf page 53,Imported from compiled central database | Approx Hex/RGB fill: Vallejo 2026 catalog swatch sample (Medium-High).,,,,,,,,,,GW_LAYER_HASHUT_COPPER,Hashut Copper,Layer,Layer,#B77647,"183,118,71",10.49,High,Computed nearest Games Workshop swatch by Euclidean RGB distance from registry R/G/B values.
VAL_GAME_COLOR_BRONZE_BROWN,Vallejo,Game Color,Game Color,GAME_COLOR,72.036,Bronze Brown,BRONZE_BROWN,#F7944A,247,148,74,"247,148,74",Acrylic paint,Active/Unknown,CC266-Game_Color.pdf,Imported from compiled central database; Hex/RGB filled during audit from Registry same paint-code reuse (Existing registry completed row); matched Game Color Bronze Flesh.,,,,,,,,,,GW_LAYER_FIRE_DRAGON_BRIGHT,Fire Dragon Bright,Layer,Layer,#F58652,"245,134,82",16.25,Medium-High,Computed nearest Games Workshop swatch by Euclidean RGB distance from registry R/G/B values.
VAL_GAME_COLOR_BRONZE_FLESH,Vallejo,Game Color,Game Color,GAME_COLOR,72.036,Bronze Flesh,BRONZE_FLESH,#F7944A,247,148,74,"247,148,74",Acrylic Paint,Active/Unknown,584217179-Vallejo-Paint-List-frenzycheck-com.xlsx,Imported from compiled central database,,,,,,,,,,GW_LAYER_FIRE_DRAGON_BRIGHT,Fire Dragon Bright,Layer,Layer,#F58652,"245,134,82",16.25,Medium-High,Computed nearest Games Workshop swatch by Euclidean RGB distance from registry R/G/B values.
VAL_GAME_COLOR_CAMOUFLAGE_GREEN,Vallejo,Game Color,Game Color,GAME_COLOR,72.031,Camouflage Green,CAMOUFLAGE_GREEN,#A5A542,165,165,66,"165,165,66",Acrylic Paint,Active/Unknown,584217179-Vallejo-Paint-List-frenzycheck-com.xlsx,Imported from compiled central database,,,,,,,,,,GW_LAYER_OGRYN_CAMO,Ogryn Camo,Layer,Layer,#9DA94B,"157,169,75",12.69,High,Computed nearest Games Workshop swatch by Euclidean RGB distance from registry R/G/B values.
VAL_GAME_COLOR_CAYMAN_GREEN,Vallejo,Game Color,Game Color,GAME_COLOR,72.067,Cayman Green,CAYMAN_GREEN,#455440,69,84,64,"69,84,64",Acrylic Paint,Active/Unknown,584217179-Vallejo-Paint-List-frenzycheck-com.xlsx,Imported from compiled central database,,,,,,,,,,GW_LAYER_CATACHAN_GREEN,Catachan Green,Layer,Layer,#455440,"69,84,64",0,High,Computed nearest Games Workshop swatch by Euclidean RGB distance from registry R/G/B values.
VAL_GAME_COLOR_CHAIN_MAIL,Vallejo,Game Color,Game Color,GAME_COLOR,72.053,Chain Mail,CHAIN_MAIL,#7B737B,123,115,123,"123,115,123",Acrylic Paint,Active/Unknown,584217179-Vallejo-Paint-List-frenzycheck-com.xlsx,Imported from compiled central database,,,,,,,,,,GW_TECHNICAL_ASTROGRANITE,Astrogranite,Technical,Technical,#787878,"120,120,120",6.56,High,Computed nearest Games Workshop swatch by Euclidean RGB distance from registry R/G/B values.
VAL_GAME_COLOR_CHAINMAIL_SILVER,Vallejo,Game Color,Game Color,GAME_COLOR,72.053,Chainmail Silver,CHAINMAIL_SILVER,#7B737B,123,115,123,"123,115,123",Acrylic Paint,Active/Unknown,952249680-Warlord-Paint-Ranges-Conversion-Chart.pdf,Imported from compiled central database; Hex/RGB filled during audit from Registry same paint-code reuse (Existing registry completed row); matched Game Color Chain Mail.,,,,,,,,,,GW_TECHNICAL_ASTROGRANITE,Astrogranite,Technical,Technical,#787878,"120,120,120",6.56,High,Computed nearest Games Workshop swatch by Euclidean RGB distance from registry R/G/B values.
VAL_GAME_COLOR_CHAOS_BLACK_BLACK,Vallejo,Game Color,Game Color,GAME_COLOR,72.051,Chaos Black / Black,CHAOS_BLACK_BLACK,#4D4A4A,77,74,74,"77,74,74",Acrylic Paint,Active/Unknown,584217179-Vallejo-Paint-List-frenzycheck-com.xlsx,Imported from compiled central database; Hex/RGB filled during audit from Mech9 paint-code equivalence cross-reference (Existing registry completed row); matched Game Color Heavy Charcoal.,,,,,,,,,,GW_LAYER_ESHIN_GREY,Eshin Grey,Layer,Layer,#4A4F52,"74,79,82",9.9,High,Computed nearest Games Workshop swatch by Euclidean RGB distance from registry R/G/B values.
VAL_GAME_COLOR_CHARCOAL,Vallejo,Game Color,Game Color,GAME_COLOR,72.155,Charcoal,CHARCOAL,#4D4A4A,77,74,74,"77,74,74",Acrylic paint,Active/Unknown,CC266-Game_Color.pdf,Imported from compiled central database; Hex/RGB filled during audit from Registry same paint-code reuse (Existing registry completed row); matched Game Color Heavy Charcoal.,,,,,,,,,,GW_LAYER_ESHIN_GREY,Eshin Grey,Layer,Layer,#4A4F52,"74,79,82",9.9,High,Computed nearest Games Workshop swatch by Euclidean RGB distance from registry R/G/B values.
VAL_GAME_COLOR_CHARRED_BROWN,Vallejo,Game Color,Game Color,GAME_COLOR,72.045,Charred Brown,CHARRED_BROWN,#39343B,57,52,59,"57,52,59",Acrylic Paint,Active/Unknown,952249680-Warlord-Paint-Ranges-Conversion-Chart.pdf,Imported from compiled central database; Hex/RGB filled during audit from Direct RedGrimm Vallejo Game name match (redgrimm army-painter.html); matched Vallejo Game Charred Brown.,,,,,,,,,,GW_BASE_IRON_WARRIORS,Iron Warriors,Base,Base,#393939,"57,57,57",5.39,High,Computed nearest Games Workshop swatch by Euclidean RGB distance from registry R/G/B values.
VAL_GAME_COLOR_COBRA_LEATHER_LEATHER_BROWN,Vallejo,Game Color,Game Color,GAME_COLOR,72.04,Cobra Leather /Leather Brown,COBRA_LEATHER_LEATHER_BROWN,#9C6B08,156,107,8,"156,107,8",Acrylic Paint,Active/Unknown,584217179-Vallejo-Paint-List-frenzycheck-com.xlsx,Imported from compiled central database,,,,,,,,,,GW_LAYER_TALLARN_SAND,Tallarn Sand,Layer,Layer,#A67610,"166,118,16",16.88,Medium-High,Computed nearest Games Workshop swatch by Euclidean RGB distance from registry R/G/B values.
VAL_GAME_COLOR_COLD_GREY,Vallejo,Game Color,Game Color,GAME_COLOR,72.05,Cold Grey,COLD_GREY,#999999,153,153,153,"153,153,153",Acrylic Paint,Active/Unknown,584217179-Vallejo-Paint-List-frenzycheck-com.xlsx,Imported from compiled central database,,,,,,,,,,GW_LAYER_ADMINISTRATUM_GREY,Administratum Grey,Layer,Layer,#949B95,"148,155,149",6.71,High,Computed nearest Games Workshop swatch by Euclidean RGB distance from registry R/G/B values.
VAL_GAME_COLOR_DARK_FLESH_TONE,Vallejo,Game Color,Game Color,GAME_COLOR,72.044,Dark Flesh Tone,DARK_FLESH_TONE,#4F2B26,79,43,38,"79,43,38",Acrylic paint,Active/Unknown,CC266-Game_Color.pdf,Imported from compiled central database; Hex/RGB filled during audit from Direct RedGrimm Vallejo Game name match (redgrimm army-painter.html); matched Vallejo Game Dark Fleshtone.,,,,,,,,,,GW_CONTRAST_GARAGHAK_S_SEWER,Garaghak's Sewer,Contrast,Contrast,#4A2F21,"74,47,33",8.12,High,Computed nearest Games Workshop swatch by Euclidean RGB distance from registry R/G/B values.
VAL_GAME_COLOR_DARK_FLESHTONE,Vallejo,Game Color,Game Color,GAME_COLOR,72.044,Dark Fleshtone,DARK_FLESHTONE,#4F2B26,79,43,38,"79,43,38",Acrylic Paint,Active/Unknown,952249680-Warlord-Paint-Ranges-Conversion-Chart.pdf,Imported from compiled central database; Hex/RGB filled during audit from Direct RedGrimm Vallejo Game name match (redgrimm army-painter.html); matched Vallejo Game Dark Fleshtone.,,,,,,,,,,GW_CONTRAST_GARAGHAK_S_SEWER,Garaghak's Sewer,Contrast,Contrast,#4A2F21,"74,47,33",8.12,High,Computed nearest Games Workshop swatch by Euclidean RGB distance from registry R/G/B values.
VAL_GAME_COLOR_DARK_GREEN,Vallejo,Game Color,Game Color,GAME_COLOR,72.028,Dark Green,DARK_GREEN,#083C2A,8,60,42,"8,60,42",Acrylic Paint,Active/Unknown,952249680-Warlord-Paint-Ranges-Conversion-Chart.pdf,Imported from compiled central database,,,,,,,,,,GW_CONTRAST_DARK_ANGELS_GREEN,Dark Angels Green,Contrast,Contrast,#103B20,"16,59,32",12.85,High,Computed nearest Games Workshop swatch by Euclidean RGB distance from registry R/G/B values.
VAL_GAME_COLOR_DEAD_FLESH,Vallejo,Game Color,Game Color,GAME_COLOR,72.035,Dead Flesh,DEAD_FLESH,#BCB686,188,182,134,"188,182,134",Acrylic Paint,Active/Unknown,952249680-Warlord-Paint-Ranges-Conversion-Chart.pdf,Imported from compiled central database; Hex/RGB filled during audit from Direct RedGrimm Vallejo Game name match (redgrimm army-painter.html); matched Vallejo Game Dead Flesh.,,,,,,,,,,GW_LAYER_USHABTI_BONE,Ushabti Bone,Layer,Layer,#BBBB7F,"187,187,127",8.66,High,Computed nearest Games Workshop swatch by Euclidean RGB distance from registry R/G/B values.
VAL_GAME_COLOR_DEAD_WHITE,Vallejo,Game Color,Game Color,GAME_COLOR,72.001,Dead White,DEAD_WHITE,#FFFFFF,255,255,255,"255,255,255",Acrylic Paint,Active/Unknown,952249680-Warlord-Paint-Ranges-Conversion-Chart.pdf,Imported from compiled central database,,,,,,,,,,GW_BASE_CORAX_WHITE,Corax White,Base,Base,#FFFFFF,"255,255,255",0,High,Computed nearest Games Workshop swatch by Euclidean RGB distance from registry R/G/B values.
VAL_GAME_COLOR_DEEP_MAGENTA,Vallejo,Game Color,Game Color,GAME_COLOR,72.113,Deep Magenta,DEEP_MAGENTA,#4A1B2E,74,27,46,"74,27,46",Acrylic paint,Active/Unknown,CC266-Game_Color.pdf; Catalogo_2026-R02.pdf page 52,Imported from compiled central database | Approx Hex/RGB fill: Vallejo 2026 catalog swatch sample (Medium-High).,,,,,,,,,,GW_BASE_BARAK_NAR_BURGUNDY,Barak-Nar Burgundy,Base,Base,#451636,"69,22,54",10.68,High,Computed nearest Games Workshop swatch by Euclidean RGB distance from registry R/G/B values.
VAL_GAME_COLOR_DESERT_YELLOW,Vallejo,Game Color,Game Color,GAME_COLOR,72.063,Desert Yellow,DESERT_YELLOW,#9C8855,156,136,85,"156,136,85",Acrylic Paint,Active/Unknown,952249680-Warlord-Paint-Ranges-Conversion-Chart.pdf,Imported from compiled central database,,,,,,,,,,GW_BASE_HOBGROT_HIDE,Hobgrot Hide,Base,Base,#9C8855,"156,136,85",0,High,Computed nearest Games Workshop swatch by Euclidean RGB distance from registry R/G/B values.
VAL_GAME_COLOR_DIRTY_GREY,Vallejo,Game Color,Game Color,GAME_COLOR,72.145,Dirty Grey,DIRTY_GREY,#7C8286,124,130,134,"124,130,134",Acrylic paint,Active/Unknown,CC266-Game_Color.pdf,Imported from compiled central database; Hex/RGB filled during audit from Registry same paint-code reuse (Existing registry completed row); matched Game Color Heavy Grey.,,,,,,,,,,GW_LAYER_CODEX_GREY,Codex Grey,Layer,Layer,#808285,"128,130,133",4.12,High,Computed nearest Games Workshop swatch by Euclidean RGB distance from registry R/G/B values.
VAL_GAME_COLOR_DWARF_SKIN,Vallejo,Game Color,Game Color,GAME_COLOR,72.041,Dwarf Skin,DWARF_SKIN,#CC7C67,204,124,103,"204,124,103",Acrylic Paint,Active/Unknown,952249680-Warlord-Paint-Ranges-Conversion-Chart.pdf,Imported from compiled central database; Hex/RGB filled during audit from Direct RedGrimm Vallejo Game name match (redgrimm army-painter.html); matched Vallejo Game Dwarf Skin.,,,,,,,,,,GW_LAYER_CADIAN_FLESHTONE,Cadian Fleshtone,Layer,Layer,#C77958,"199,121,88",16.09,Medium-High,Computed nearest Games Workshop swatch by Euclidean RGB distance from registry R/G/B values.
VAL_GAME_COLOR_EARTH,Vallejo,Game Color,Game Color,GAME_COLOR,72.062,Earth,EARTH,#6F563D,111,86,61,"111,86,61",Acrylic Paint,Active/Unknown,952249680-Warlord-Paint-Ranges-Conversion-Chart.pdf,Imported from compiled central database; Hex/RGB filled during audit from Direct RedGrimm Vallejo Game name match (redgrimm army-painter.html); matched Vallejo Game Earth.,,,,,,,,,,GW_LAYER_GRAVEYARD_EARTH,Graveyard Earth,Layer,Layer,#665238,"102,82,56",11.05,High,Computed nearest Games Workshop swatch by Euclidean RGB distance from registry R/G/B values.
VAL_GAME_COLOR_ELECTRIC_BLUE,Vallejo,Game Color,Game Color,GAME_COLOR,72.023,Electric Blue,ELECTRIC_BLUE,#508CBE,80,140,190,"80,140,190",Acrylic Paint,Active/Unknown,952249680-Warlord-Paint-Ranges-Conversion-Chart.pdf,Imported from compiled central database,,,,,,,,,,GW_LAYER_HOETH_BLUE,Hoeth Blue,Layer,Layer,#4C7FB4,"76,127,180",16.88,Medium-High,Computed nearest Games Workshop swatch by Euclidean RGB distance from registry R/G/B values.
VAL_GAME_COLOR_ELF_SKIN_TONE,Vallejo,Game Color,Game Color,GAME_COLOR,72.004,Elf Skin Tone,ELF_SKIN_TONE,#F7BD7B,247,189,123,"247,189,123",Acrylic paint,Active/Unknown,CC266-Game_Color.pdf,Imported from compiled central database; Hex/RGB filled during audit from Registry same paint-code reuse (Existing registry completed row); matched Game Color Elf Skintone.,,,,,,,,,,GW_DRY_ELDAR_FLESH,Eldar Flesh,Dry,Dry,#ECC083,"236,192,131",13.93,High,Computed nearest Games Workshop swatch by Euclidean RGB distance from registry R/G/B values.
VAL_GAME_COLOR_ELF_SKINTONE,Vallejo,Game Color,Game Color,GAME_COLOR,72.004,Elf Skintone,ELF_SKINTONE,#F7BD7B,247,189,123,"247,189,123",Acrylic Paint,Active/Unknown,584217179-Vallejo-Paint-List-frenzycheck-com.xlsx,Imported from compiled central database,,,,,,,,,,GW_DRY_ELDAR_FLESH,Eldar Flesh,Dry,Dry,#ECC083,"236,192,131",13.93,High,Computed nearest Games Workshop swatch by Euclidean RGB distance from registry R/G/B values.
VAL_GAME_COLOR_ELFIC_BLUE,Vallejo,Game Color,Game Color,GAME_COLOR,72.117,Elfic Blue,ELFIC_BLUE,#3D5474,61,84,116,"61,84,116",Acrylic paint,Active/Unknown,CC266-Game_Color.pdf; Catalogo_2026-R02.pdf page 52,Imported from compiled central database | Approx Hex/RGB fill: Vallejo 2026 catalog swatch sample (Medium-High).,,,,,,,,,,GW_AIR_THE_FANG,The Fang,Air,Air,#405B71,"64,91,113",8.19,High,Computed nearest Games Workshop swatch by Euclidean RGB distance from registry R/G/B values.
VAL_GAME_COLOR_EVIL_RED,Vallejo,Game Color,Game Color,GAME_COLOR,72.112,Evil Red,EVIL_RED,#451E25,69,30,37,"69,30,37",Acrylic paint,Active/Unknown,CC266-Game_Color.pdf; Catalogo_2026-R02.pdf page 52,Imported from compiled central database | Approx Hex/RGB fill: Vallejo 2026 catalog swatch sample (Medium-High).,,,,,,,,,,GW_CONTRAST_CYGOR_BROWN,Cygor Brown,Contrast,Contrast,#3B2418,"59,36,24",17.46,Medium-High,Computed nearest Games Workshop swatch by Euclidean RGB distance from registry R/G/B values.
VAL_GAME_COLOR_FALCON_TURQUOISE,Vallejo,Game Color,Game Color,GAME_COLOR,72.024,Falcon Turquoise,FALCON_TURQUOISE,#006B5A,0,107,90,"0,107,90",Acrylic Paint,Active/Unknown,584217179-Vallejo-Paint-List-frenzycheck-com.xlsx,Imported from compiled central database,,,,,,,,,,GW_LAYER_SCALY_GREEN,Scaly Green,Layer,Layer,#006063,"0,96,99",14.21,High,Computed nearest Games Workshop swatch by Euclidean RGB distance from registry R/G/B values.
VAL_GAME_COLOR_FILTHY_BROWN,Vallejo,Game Color,Game Color,GAME_COLOR,72.037,Filthy Brown,FILTHY_BROWN,#DE9408,222,148,8,"222,148,8",Acrylic Paint,Active/Unknown,584217179-Vallejo-Paint-List-frenzycheck-com.xlsx,Imported from compiled central database,,,,,,,,,,GW_TEXTURE_ARMAGEDDON_DUST,Armageddon Dust,Texture,Texture,#D3A907,"211,169,7",23.73,Medium-High,Computed nearest Games Workshop swatch by Euclidean RGB distance from registry R/G/B values.
VAL_GAME_COLOR_FLESH_WASH,Vallejo,Game Color,Game Color,GAME_COLOR,73.204,Flesh Wash,FLESH_WASH,#CE8C42,206,140,66,"206,140,66",Acrylic Paint,Active/Unknown,952249680-Warlord-Paint-Ranges-Conversion-Chart.pdf,Imported from compiled central database,,,,,,,,,,GW_LAYER_FLESH_WASH,Flesh Wash,Layer,Layer,#CE8C42,"206,140,66",0,High,Computed nearest Games Workshop swatch by Euclidean RGB distance from registry R/G/B values.
VAL_GAME_COLOR_FLESHTONE_SHADE_WASH,Vallejo,Game Color,Game Color,GAME_COLOR,73.204,Fleshtone Shade Wash,FLESHTONE_SHADE_WASH,#CE8C42,206,140,66,"206,140,66",Acrylic Paint,Active/Unknown,584217179-Vallejo-Paint-List-frenzycheck-com.xlsx,Imported from compiled central database,,,,,,,,,,GW_LAYER_FLESH_WASH,Flesh Wash,Layer,Layer,#CE8C42,"206,140,66",0,High,Computed nearest Games Workshop swatch by Euclidean RGB distance from registry R/G/B values.
VAL_GAME_COLOR_FOUL_GREEN,Vallejo,Game Color,Game Color,GAME_COLOR,72.025,Foul Green,FOUL_GREEN,#239378,35,147,120,"35,147,120",Acrylic Paint,Active/Unknown,952249680-Warlord-Paint-Ranges-Conversion-Chart.pdf,Imported from compiled central database,,,,,,,,,,GW_AIR_TEMPLE_GUARD_BLUE,Temple Guard Blue,Air,Air,#239489,"35,148,137",17.03,Medium-High,Computed nearest Games Workshop swatch by Euclidean RGB distance from registry R/G/B values.
VAL_GAME_COLOR_FRESH_BLOOD,Vallejo,Game Color,Game Color,GAME_COLOR,72.601,Fresh Blood,FRESH_BLOOD,#EC655B,236,101,91,"236,101,91",Acrylic Paint,Active/Unknown,952249680-Warlord-Paint-Ranges-Conversion-Chart.pdf; Catalogo_2026-R02.pdf page 52,Imported from compiled central database | Approx Hex/RGB fill: Vallejo 2026 catalog swatch sample (Medium-High).,,,,,,,,,,GW_GLAZE_BLOODLETTER,Bloodletter,Glaze,Glaze,#F37355,"243,115,85",16.76,Medium-High,Computed nearest Games Workshop swatch by Euclidean RGB distance from registry R/G/B values.
VAL_GAME_COLOR_GALVANIC_CORROSION,Vallejo,Game Color,Game Color,GAME_COLOR,72.610,Galvanic Corrosion,GALVANIC_CORROSION,#DD8C43,221,140,67,"221,140,67",Acrylic Paint,Active/Unknown,952249680-Warlord-Paint-Ranges-Conversion-Chart.pdf; Catalogo_2026-R02.pdf page 52,Imported from compiled central database | Approx Hex/RGB fill: Vallejo 2026 catalog swatch sample (Medium-High).,,,,,,,,,,GW_SHADE_SERAPHIM_SEPIA,Seraphim Sepia,Shade,Shade,#D7824B,"215,130,75",14.14,High,Computed nearest Games Workshop swatch by Euclidean RGB distance from registry R/G/B values.
VAL_GAME_COLOR_GHOST_GREEN,Vallejo,Game Color,Game Color,GAME_COLOR,72.121,Ghost Green,GHOST_GREEN,#5BB788,91,183,136,"91,183,136",Acrylic paint,Active/Unknown,CC266-Game_Color.pdf; Catalogo_2026-R02.pdf page 52,Imported from compiled central database | Approx Hex/RGB fill: Vallejo 2026 catalog swatch sample (Medium-High).,,,,,,,,,,GW_GLAZE_WAYWATCHER_GREEN,Waywatcher Green,Glaze,Glaze,#6DC066,"109,192,102",39.51,Medium,Computed nearest Games Workshop swatch by Euclidean RGB distance from registry R/G/B values.
VAL_GAME_COLOR_GHOST_GREY,Vallejo,Game Color,Game Color,GAME_COLOR,72.046,Ghost Grey,GHOST_GREY,#A7C5DB,167,197,219,"167,197,219",Acrylic Paint,Active/Unknown,952249680-Warlord-Paint-Ranges-Conversion-Chart.pdf,Imported from compiled central database; Hex/RGB filled during audit from Direct RedGrimm Vallejo Game name match (redgrimm vallejo-game.html); matched Vallejo Game Ghost Grey.,,,,,,,,,,GW_LAYER_BLUE_HORROR,Blue Horror,Layer,Layer,#A2BAD2,"162,186,210",15.07,Medium-High,Computed nearest Games Workshop swatch by Euclidean RGB distance from registry R/G/B values.
VAL_GAME_COLOR_GLACIER_BLUE,Vallejo,Game Color,Game Color,GAME_COLOR,72.095,Glacier Blue,GLACIER_BLUE,#ACD0EE,172,208,238,"172,208,238",Acrylic Paint,Active/Unknown,952249680-Warlord-Paint-Ranges-Conversion-Chart.pdf,Imported from compiled central database,,,,,,,,,,GW_CONTRAST_SPACE_WOLVES_GREY,Space Wolves Grey,Contrast,Contrast,#B7C7D9,"183,199,217",25.36,Medium-High,Computed nearest Games Workshop swatch by Euclidean RGB distance from registry R/G/B values.
VAL_GAME_COLOR_GLORIOUS_GOLD,Vallejo,Game Color,Game Color,GAME_COLOR,72.056,Glorious Gold,GLORIOUS_GOLD,#CCCC33,204,204,51,"204,204,51",Acrylic Paint,Active/Unknown,584217179-Vallejo-Paint-List-frenzycheck-com.xlsx,Imported from compiled central database,,,,,,,,,,GW_CONTRAST_MANTIS_WARRIORS_GREEN,Mantis Warriors Green,Contrast,Contrast,#B8C72A,"184,199,42",22.49,Medium-High,Computed nearest Games Workshop swatch by Euclidean RGB distance from registry R/G/B values.
VAL_GAME_COLOR_GOBLIN_GREEN,Vallejo,Game Color,Game Color,GAME_COLOR,72.030,Goblin Green,GOBLIN_GREEN,#63B521,99,181,33,"99,181,33",Acrylic paint,Active/Unknown,CC266-Game_Color.pdf,Imported from compiled central database,,,,,,,,,,GW_TECHNICAL_LUSTRIAN_UNDERGROWTH,Lustrian Undergrowth,Technical,Technical,#709811,"112,152,17",35.58,Medium,Computed nearest Games Workshop swatch by Euclidean RGB distance from registry R/G/B values.
VAL_GAME_COLOR_GOLD_YELLOW,Vallejo,Game Color,Game Color,GAME_COLOR,72.007,Gold Yellow,GOLD_YELLOW,#FFE700,255,231,0,"255,231,0",Acrylic Paint,Active/Unknown,952249680-Warlord-Paint-Ranges-Conversion-Chart.pdf,Imported from compiled central database,,,,,,,,,,GW_LAYER_PHALANX_YELLOW,Phalanx Yellow,Layer,Layer,#FFE200,"255,226,0",5,High,Computed nearest Games Workshop swatch by Euclidean RGB distance from registry R/G/B values.
VAL_GAME_COLOR_GORGON_BROWN,Vallejo,Game Color,Game Color,GAME_COLOR,72.124,Gorgon Brown,GORGON_BROWN,#3D2216,61,34,22,"61,34,22",Acrylic paint,Active/Unknown,CC266-Game_Color.pdf; Catalogo_2026-R02.pdf page 52,Imported from compiled central database | Approx Hex/RGB fill: Vallejo 2026 catalog swatch sample (Medium-High).,,,,,,,,,,GW_CONTRAST_CYGOR_BROWN,Cygor Brown,Contrast,Contrast,#3B2418,"59,36,24",3.46,High,Computed nearest Games Workshop swatch by Euclidean RGB distance from registry R/G/B values.
VAL_GAME_COLOR_GORY_RED,Vallejo,Game Color,Game Color,GAME_COLOR,72.011,Gory Red,GORY_RED,#810504,129,5,4,"129,5,4",Acrylic Paint,Active/Unknown,952249680-Warlord-Paint-Ranges-Conversion-Chart.pdf,Imported from compiled central database; Hex/RGB filled during audit from Direct RedGrimm Vallejo Game name match (redgrimm vallejo-game.html); matched Vallejo Game Gory Red.,,,,,,,,,,GW_LAYER_WAZDAKKA_RED,Wazdakka Red,Layer,Layer,#8C0A0C,"140,10,12",14.49,High,Computed nearest Games Workshop swatch by Euclidean RGB distance from registry R/G/B values.
VAL_GAME_COLOR_GREEN_INK,Vallejo,Game Color,Game Color,GAME_COLOR,72.089,Green Ink,GREEN_INK,#108473,16,132,115,"16,132,115",Acrylic Paint,Active/Unknown,584217179-Vallejo-Paint-List-frenzycheck-com.xlsx,Imported from compiled central database,,,,,,,,,,GW_LAYER_DARK_GREEN_INK,Dark Green Ink,Layer,Layer,#108473,"16,132,115",0,High,Computed nearest Games Workshop swatch by Euclidean RGB distance from registry R/G/B values.
VAL_GAME_COLOR_GREEN_RUST,Vallejo,Game Color,Game Color,GAME_COLOR,72.605,Green Rust,GREEN_RUST,#96C5B2,150,197,178,"150,197,178",Acrylic Paint,Active/Unknown,952249680-Warlord-Paint-Ranges-Conversion-Chart.pdf; Catalogo_2026-R02.pdf page 52,Imported from compiled central database | Approx Hex/RGB fill: Vallejo 2026 catalog swatch sample (Medium-High).,,,,,,,,,,GW_DRY_HELLION_GREEN,Hellion Green,Dry,Dry,#84C3AA,"132,195,170",19.8,Medium-High,Computed nearest Games Workshop swatch by Euclidean RGB distance from registry R/G/B values.
VAL_GAME_COLOR_GREEN_SHADE_WASH,Vallejo,Game Color,Game Color,GAME_COLOR,73.205,Green Shade Wash,GREEN_SHADE_WASH,#434F38,67,79,56,"67,79,56",Acrylic Paint,Active/Unknown,584217179-Vallejo-Paint-List-frenzycheck-com.xlsx,Imported from compiled central database,,,,,,,,,,GW_LAYER_THRAKA_GREEN_WASH,Thraka Green Wash,Layer,Layer,#434F38,"67,79,56",0,High,Computed nearest Games Workshop swatch by Euclidean RGB distance from registry R/G/B values.
VAL_GAME_COLOR_GREEN_WASH,Vallejo,Game Color,Game Color,GAME_COLOR,73.205,Green Wash,GREEN_WASH,#434F38,67,79,56,"67,79,56",Acrylic Paint,Active/Unknown,952249680-Warlord-Paint-Ranges-Conversion-Chart.pdf,Imported from compiled central database; Hex/RGB filled during audit from Registry same paint-code reuse (Existing registry completed row); matched Game Color Green Shade Wash.,,,,,,,,,,GW_LAYER_THRAKA_GREEN_WASH,Thraka Green Wash,Layer,Layer,#434F38,"67,79,56",0,High,Computed nearest Games Workshop swatch by Euclidean RGB distance from registry R/G/B values.
VAL_GAME_COLOR_GRUNGE_BROWN,Vallejo,Game Color,Game Color,GAME_COLOR,72.115,Grunge Brown,GRUNGE_BROWN,#69361B,105,54,27,"105,54,27",Acrylic paint,Active/Unknown,CC266-Game_Color.pdf; Catalogo_2026-R02.pdf page 52,Imported from compiled central database | Approx Hex/RGB fill: Vallejo 2026 catalog swatch sample (Medium-High).,,,,,,,,,,GW_LAYER_TERRACOTTA,Terracotta,Layer,Layer,#793721,"121,55,33",17.12,Medium-High,Computed nearest Games Workshop swatch by Euclidean RGB distance from registry R/G/B values.
VAL_GAME_COLOR_GUNMETAL,Vallejo,Game Color,Game Color,GAME_COLOR,72.054,Gunmetal,GUNMETAL,#393939,57,57,57,"57,57,57",Acrylic Paint,Active/Unknown,952249680-Warlord-Paint-Ranges-Conversion-Chart.pdf,Imported from compiled central database; Hex/RGB filled during audit from Registry same paint-code reuse (Existing registry completed row); matched Game Color Gunmetal / Gunmetal Metal.,,,,,,,,,,GW_BASE_IRON_WARRIORS,Iron Warriors,Base,Base,#393939,"57,57,57",0,High,Computed nearest Games Workshop swatch by Euclidean RGB distance from registry R/G/B values.
VAL_GAME_COLOR_GUNMETAL_GUNMETAL_METAL,Vallejo,Game Color,Game Color,GAME_COLOR,72.054,Gunmetal / Gunmetal Metal,GUNMETAL_GUNMETAL_METAL,#393939,57,57,57,"57,57,57",Acrylic Paint,Active/Unknown,584217179-Vallejo-Paint-List-frenzycheck-com.xlsx,Imported from compiled central database,,,,,,,,,,GW_BASE_IRON_WARRIORS,Iron Warriors,Base,Base,#393939,"57,57,57",0,High,Computed nearest Games Workshop swatch by Euclidean RGB distance from registry R/G/B values.
VAL_GAME_COLOR_HAMMERED_COPPER,Vallejo,Game Color,Game Color,GAME_COLOR,72.059,Hammered Copper,HAMMERED_COPPER,#73372D,115,55,45,"115,55,45",Acrylic Paint,Active/Unknown,952249680-Warlord-Paint-Ranges-Conversion-Chart.pdf,Imported from compiled central database; Hex/RGB filled during audit from Mech9 paint-code equivalence cross-reference (Existing registry completed row); matched Mecha Color Metallic Copper.,,,,,,,,,,GW_LAYER_BEATEN_COPPER,Beaten Copper,Layer,Layer,#73372D,"115,55,45",0,High,Computed nearest Games Workshop swatch by Euclidean RGB distance from registry R/G/B values.
VAL_GAME_COLOR_HEAVY_BLACKGREEN,Vallejo,Game Color,Game Color,GAME_COLOR,72.147,Heavy Blackgreen,HEAVY_BLACKGREEN,#19423E,25,66,62,"25,66,62",Acrylic Paint,Active/Unknown,584217179-Vallejo-Paint-List-frenzycheck-com.xlsx,Imported from compiled central database; Hex/RGB filled during audit from Mech9 paint-code equivalence cross-reference (Existing registry completed row); matched Game Color Ink Black Green.,,,,,,,,,,GW_BASE_INCUBI_DARKNESS,Incubi Darkness,Base,Base,#0B474A,"11,71,74",19.1,Medium-High,Computed nearest Games Workshop swatch by Euclidean RGB distance from registry R/G/B values.
VAL_GAME_COLOR_HEAVY_BLUE,Vallejo,Game Color,Game Color,GAME_COLOR,72.143,Heavy Blue,HEAVY_BLUE,#29556D,41,85,109,"41,85,109",Acrylic Paint,Active/Unknown,952249680-Warlord-Paint-Ranges-Conversion-Chart.pdf,Imported from compiled central database,,,,,,,,,,GW_FOUNDATION_FENRIS_GREY,Fenris Grey,Foundation,Foundation,#2C4363,"44,67,99",20.81,Medium-High,Computed nearest Games Workshop swatch by Euclidean RGB distance from registry R/G/B values.
VAL_GAME_COLOR_HEAVY_BLUEGREY,Vallejo,Game Color,Game Color,GAME_COLOR,72.144,Heavy Bluegrey,HEAVY_BLUEGREY,#96A5A9,150,165,169,"150,165,169",Acrylic Paint,Active/Unknown,584217179-Vallejo-Paint-List-frenzycheck-com.xlsx,Imported from compiled central database,,,,,,,,,,GW_LAYER_ASTRONOMICON_GREY,Astronomicon Grey,Layer,Layer,#96A5A9,"150,165,169",0,High,Computed nearest Games Workshop swatch by Euclidean RGB distance from registry R/G/B values.
VAL_GAME_COLOR_HEAVY_BROWN,Vallejo,Game Color,Game Color,GAME_COLOR,72.153,Heavy Brown,HEAVY_BROWN,#705E50,112,94,80,"112,94,80",Acrylic Paint,Active/Unknown,584217179-Vallejo-Paint-List-frenzycheck-com.xlsx,Imported from compiled central database,,,,,,,,,,GW_FOUNDATION_KHEMRI_BROWN,Khemri Brown,Foundation,Foundation,#73614D,"115,97,77",5.2,High,Computed nearest Games Workshop swatch by Euclidean RGB distance from registry R/G/B values.
VAL_GAME_COLOR_HEAVY_CHARCOAL,Vallejo,Game Color,Game Color,GAME_COLOR,72.155,Heavy Charcoal,HEAVY_CHARCOAL,#4D4A4A,77,74,74,"77,74,74",Acrylic Paint,Active/Unknown,584217179-Vallejo-Paint-List-frenzycheck-com.xlsx,Imported from compiled central database,,,,,,,,,,GW_LAYER_ESHIN_GREY,Eshin Grey,Layer,Layer,#4A4F52,"74,79,82",9.9,High,Computed nearest Games Workshop swatch by Euclidean RGB distance from registry R/G/B values.
VAL_GAME_COLOR_HEAVY_GOLDBROWN,Vallejo,Game Color,Game Color,GAME_COLOR,72.151,Heavy Goldbrown,HEAVY_GOLDBROWN,#9C8A53,156,138,83,"156,138,83",Acrylic Paint,Active/Unknown,584217179-Vallejo-Paint-List-frenzycheck-com.xlsx,Imported from compiled central database,,,,,,,,,,GW_BASE_HOBGROT_HIDE,Hobgrot Hide,Base,Base,#9C8855,"156,136,85",2.83,High,Computed nearest Games Workshop swatch by Euclidean RGB distance from registry R/G/B values.
VAL_GAME_COLOR_HEAVY_GREEN,Vallejo,Game Color,Game Color,GAME_COLOR,72.146,Heavy Green,HEAVY_GREEN,#434F38,67,79,56,"67,79,56",Acrylic Paint,Active/Unknown,584217179-Vallejo-Paint-List-frenzycheck-com.xlsx,Imported from compiled central database,,,,,,,,,,GW_LAYER_THRAKA_GREEN_WASH,Thraka Green Wash,Layer,Layer,#434F38,"67,79,56",0,High,Computed nearest Games Workshop swatch by Euclidean RGB distance from registry R/G/B values.
VAL_GAME_COLOR_HEAVY_GREY,Vallejo,Game Color,Game Color,GAME_COLOR,72.145,Heavy Grey,HEAVY_GREY,#7C8286,124,130,134,"124,130,134",Acrylic Paint,Active/Unknown,584217179-Vallejo-Paint-List-frenzycheck-com.xlsx,Imported from compiled central database,,,,,,,,,,GW_LAYER_CODEX_GREY,Codex Grey,Layer,Layer,#808285,"128,130,133",4.12,High,Computed nearest Games Workshop swatch by Euclidean RGB distance from registry R/G/B values.
VAL_GAME_COLOR_HEAVY_KHAKI,Vallejo,Game Color,Game Color,GAME_COLOR,72.149,Heavy Khaki,HEAVY_KHAKI,#6A6445,106,100,69,"106,100,69",Acrylic Paint,Active/Unknown,584217179-Vallejo-Paint-List-frenzycheck-com.xlsx,Imported from compiled central database,,,,,,,,,,GW_FOUNDATION_KHEMRI_BROWN,Khemri Brown,Foundation,Foundation,#73614D,"115,97,77",12.41,High,Computed nearest Games Workshop swatch by Euclidean RGB distance from registry R/G/B values.
VAL_GAME_COLOR_HEAVY_OCHRE,Vallejo,Game Color,Game Color,GAME_COLOR,72.15,Heavy Ochre,HEAVY_OCHRE,#976F3C,151,111,60,"151,111,60",Acrylic Paint,Active/Unknown,584217179-Vallejo-Paint-List-frenzycheck-com.xlsx,Imported from compiled central database,,,,,,,,,,GW_FOUNDATION_TAUSEPT_OCHRE,Tausept Ochre,Foundation,Foundation,#A06E3B,"160,110,59",9.11,High,Computed nearest Games Workshop swatch by Euclidean RGB distance from registry R/G/B values.
VAL_GAME_COLOR_HEAVY_ORANGE,Vallejo,Game Color,Game Color,GAME_COLOR,72.152,Heavy Orange,HEAVY_ORANGE,#A4593D,164,89,61,"164,89,61",Acrylic Paint,Active/Unknown,584217179-Vallejo-Paint-List-frenzycheck-com.xlsx,Imported from compiled central database,,,,,,,,,,GW_LAYER_TANNED_FLESH,Tanned Flesh,Layer,Layer,#A95C3E,"169,92,62",5.92,High,Computed nearest Games Workshop swatch by Euclidean RGB distance from registry R/G/B values.
VAL_GAME_COLOR_HEAVY_RED,Vallejo,Game Color,Game Color,GAME_COLOR,72.141,Heavy Red,HEAVY_RED,#943238,148,50,56,"148,50,56",Acrylic Paint,Active/Unknown,952249680-Warlord-Paint-Ranges-Conversion-Chart.pdf,Imported from compiled central database,,,,,,,,,,GW_LAYER_TUSKIGOR_FUR,Tuskigor Fur,Layer,Layer,#883636,"136,54,54",12.81,High,Computed nearest Games Workshop swatch by Euclidean RGB distance from registry R/G/B values.
VAL_GAME_COLOR_HEAVY_SIENA,Vallejo,Game Color,Game Color,GAME_COLOR,72.154,Heavy Siena,HEAVY_SIENA,#6D5044,109,80,68,"109,80,68",Acrylic Paint,Active/Unknown,584217179-Vallejo-Paint-List-frenzycheck-com.xlsx,Imported from compiled central database,,,,,,,,,,GW_LAYER_GORTHOR_BROWN,Gorthor Brown,Layer,Layer,#654741,"101,71,65",12.41,High,Computed nearest Games Workshop swatch by Euclidean RGB distance from registry R/G/B values.
VAL_GAME_COLOR_HEAVY_SKINTONE,Vallejo,Game Color,Game Color,GAME_COLOR,72.14,Heavy Skintone,HEAVY_SKINTONE,#8D736C,141,115,108,"141,115,108",Acrylic Paint,Active/Unknown,584217179-Vallejo-Paint-List-frenzycheck-com.xlsx,Imported from compiled central database,,,,,,,,,,GW_AIR_BANEBLADE_BROWN,Baneblade Brown,Air,Air,#8F7D69,"143,125,105",10.63,High,Computed nearest Games Workshop swatch by Euclidean RGB distance from registry R/G/B values.
VAL_GAME_COLOR_HEAVY_VIOLET,Vallejo,Game Color,Game Color,GAME_COLOR,72.142,Heavy Violet,HEAVY_VIOLET,#4F566C,79,86,108,"79,86,108",Acrylic Paint,Active/Unknown,584217179-Vallejo-Paint-List-frenzycheck-com.xlsx,Imported from compiled central database,,,,,,,,,,GW_FOUNDATION_HORMAGAUNT_PURPLE,Hormagaunt Purple,Foundation,Foundation,#54496B,"84,73,107",13.96,High,Computed nearest Games Workshop swatch by Euclidean RGB distance from registry R/G/B values.
VAL_GAME_COLOR_HEAVY_WARM_GREY,Vallejo,Game Color,Game Color,GAME_COLOR,72.148,Heavy Warm Grey,HEAVY_WARM_GREY,#939066,147,144,102,"147,144,102",Acrylic Paint,Active/Unknown,952249680-Warlord-Paint-Ranges-Conversion-Chart.pdf,Imported from compiled central database,,,,,,,,,,GW_BASE_DEATH_GUARD_GREEN,Death Guard Green,Base,Base,#9C9171,"156,145,113",14.25,High,Computed nearest Games Workshop swatch by Euclidean RGB distance from registry R/G/B values.
VAL_GAME_COLOR_HEAVY_WARMGREY,Vallejo,Game Color,Game Color,GAME_COLOR,72.148,Heavy Warmgrey,HEAVY_WARMGREY,#B9ADA1,185,173,161,"185,173,161",Acrylic Paint,Active/Unknown,584217179-Vallejo-Paint-List-frenzycheck-com.xlsx,Imported from compiled central database,,,,,,,,,,GW_FOUNDATION_DHENEB_STONE,Dheneb Stone,Foundation,Foundation,#B8ACA0,"184,172,160",1.73,High,Computed nearest Games Workshop swatch by Euclidean RGB distance from registry R/G/B values.
VAL_GAME_COLOR_HEXED_LICHEN,Vallejo,Game Color,Game Color,GAME_COLOR,72.015,Hexed Lichen,HEXED_LICHEN,#34274D,52,39,77,"52,39,77",Acrylic Paint,Active/Unknown,952249680-Warlord-Paint-Ranges-Conversion-Chart.pdf,Imported from compiled central database,,,,,,,,,,GW_CONTRAST_SHYISH_PURPLE,Shyish Purple,Contrast,Contrast,#3B254A,"59,37,74",7.87,High,Computed nearest Games Workshop swatch by Euclidean RGB distance from registry R/G/B values.
VAL_GAME_COLOR_HOT_ORANGE,Vallejo,Game Color,Game Color,GAME_COLOR,72.009,Hot Orange,HOT_ORANGE,#E43027,228,48,39,"228,48,39",Acrylic Paint,Active/Unknown,952249680-Warlord-Paint-Ranges-Conversion-Chart.pdf,Imported from compiled central database,,,,,,,,,,GW_LAYER_WILD_RIDER_RED,Wild Rider Red,Layer,Layer,#EA2F28,"234,47,40",6.16,High,Computed nearest Games Workshop swatch by Euclidean RGB distance from registry R/G/B values.
VAL_GAME_COLOR_ICE_BLUE,Vallejo,Game Color,Game Color,GAME_COLOR,72.095,Ice Blue,ICE_BLUE,#6B9CCE,107,156,206,"107,156,206",Acrylic Paint,Active/Unknown,952249680-Warlord-Paint-Ranges-Conversion-Chart.pdf,Imported from compiled central database,,,,,,,,,,GW_DRY_CHRONUS_BLUE,Chronus Blue,Dry,Dry,#72A8D1,"114,168,209",14.21,High,Computed nearest Games Workshop swatch by Euclidean RGB distance from registry R/G/B values.
VAL_GAME_COLOR_IMPERIAL_BLUE,Vallejo,Game Color,Game Color,GAME_COLOR,72.020,Imperial Blue,IMPERIAL_BLUE,#5B8093,91,128,147,"91,128,147",Acrylic Paint,Active/Unknown,952249680-Warlord-Paint-Ranges-Conversion-Chart.pdf,Imported from compiled central database; Hex/RGB filled during audit from Mech9 paint-code equivalence cross-reference (Existing registry completed row); matched Game Color Wolf Grey.,,,,,,,,,,GW_LAYER_RUSS_GREY,Russ Grey,Layer,Layer,#547588,"84,117,136",17.06,Medium-High,Computed nearest Games Workshop swatch by Euclidean RGB distance from registry R/G/B values.
VAL_GAME_COLOR_JADE_GREEN,Vallejo,Game Color,Game Color,GAME_COLOR,72.026,Jade Green,JADE_GREEN,#069B7D,6,155,125,"6,155,125",Acrylic Paint,Active/Unknown,952249680-Warlord-Paint-Ranges-Conversion-Chart.pdf,Imported from compiled central database,,,,,,,,,,GW_LAYER_JADE_GREEN,Jade Green,Layer,Layer,#069B7D,"6,155,125",0,High,Computed nearest Games Workshop swatch by Euclidean RGB distance from registry R/G/B values.
VAL_GAME_COLOR_KHAKI,Vallejo,Game Color,Game Color,GAME_COLOR,72.061,Khaki,KHAKI,#9B8C7B,155,140,123,"155,140,123",Acrylic Paint,Active/Unknown,584217179-Vallejo-Paint-List-frenzycheck-com.xlsx,Imported from compiled central database,,,,,,,,,,GW_LAYER_KOMMANDO_KHAKI,Kommando Khaki,Layer,Layer,#9B8C7B,"155,140,123",0,High,Computed nearest Games Workshop swatch by Euclidean RGB distance from registry R/G/B values.
VAL_GAME_COLOR_LEATHER_BROWN,Vallejo,Game Color,Game Color,GAME_COLOR,72.040,Leather Brown,LEATHER_BROWN,#764823,118,72,35,"118,72,35",Acrylic paint,Active/Unknown,CC266-Game_Color.pdf,Imported from compiled central database,,,,,,,,,,GW_BASE_XV_88,XV-88,Base,Base,#72491E,"114,73,30",6.48,High,Computed nearest Games Workshop swatch by Euclidean RGB distance from registry R/G/B values.
VAL_GAME_COLOR_LIVERY_GREEN,Vallejo,Game Color,Game Color,GAME_COLOR,72.033,Livery Green,LIVERY_GREEN,#9ECE65,158,206,101,"158,206,101",Acrylic Paint,Active/Unknown,952249680-Warlord-Paint-Ranges-Conversion-Chart.pdf,Imported from compiled central database; Hex/RGB filled during audit from Direct RedGrimm Vallejo Game name match (redgrimm vallejo-game.html); matched Vallejo Game Livery Green.,,,,,,,,,,GW_BASE_ORRUK_FLESH,Orruk Flesh,Base,Base,#A9D171,"169,209,113",16.55,Medium-High,Computed nearest Games Workshop swatch by Euclidean RGB distance from registry R/G/B values.
VAL_GAME_COLOR_LUSTFUL_PURPLE,Vallejo,Game Color,Game Color,GAME_COLOR,72.114,Lustful Purple,LUSTFUL_PURPLE,#7D5F92,125,95,146,"125,95,146",Acrylic paint,Active/Unknown,CC266-Game_Color.pdf; Catalogo_2026-R02.pdf page 52,Imported from compiled central database | Approx Hex/RGB fill: Vallejo 2026 catalog swatch sample (Medium-High).,,,,,,,,,,GW_BASE_DAEMONETTE_HIDE,Daemonette Hide,Base,Base,#696684,"105,102,132",25.4,Medium-High,Computed nearest Games Workshop swatch by Euclidean RGB distance from registry R/G/B values.
VAL_GAME_COLOR_MAGIC_BLUE,Vallejo,Game Color,Game Color,GAME_COLOR,72.021,Magic Blue,MAGIC_BLUE,#024381,2,67,129,"2,67,129",Acrylic Paint,Active/Unknown,952249680-Warlord-Paint-Ranges-Conversion-Chart.pdf,Imported from compiled central database,,,,,,,,,,GW_BASE_MACRAGGE_BLUE,Macragge Blue,Base,Base,#0D407F,"13,64,127",11.58,High,Computed nearest Games Workshop swatch by Euclidean RGB distance from registry R/G/B values.
VAL_GAME_COLOR_MIDNIGHT_PURPLE,Vallejo,Game Color,Game Color,GAME_COLOR,72.116,Midnight Purple,MIDNIGHT_PURPLE,#241431,36,20,49,"36,20,49",Acrylic paint,Active/Unknown,CC266-Game_Color.pdf; Catalogo_2026-R02.pdf page 52,Imported from compiled central database | Approx Hex/RGB fill: Vallejo 2026 catalog swatch sample (Medium-High).,,,,,,,,,,GW_BASE_ABADDON_BLACK,Abaddon Black,Base,Base,#231F20,"35,31,32",20.27,Medium-High,Computed nearest Games Workshop swatch by Euclidean RGB distance from registry R/G/B values.
VAL_GAME_COLOR_MITHRIL_SILVER_SILVER,Vallejo,Game Color,Game Color,GAME_COLOR,72.052,Mithril Silver / Silver,MITHRIL_SILVER_SILVER,#B5B5BD,181,181,189,"181,181,189",Acrylic Paint,Active/Unknown,584217179-Vallejo-Paint-List-frenzycheck-com.xlsx,Imported from compiled central database,,,,,,,,,,GW_LAYER_FORTRESS_GREY,Fortress Grey,Layer,Layer,#BCBDC0,"188,189,192",11.05,High,Computed nearest Games Workshop swatch by Euclidean RGB distance from registry R/G/B values.
VAL_GAME_COLOR_MOON_YELLOW,Vallejo,Game Color,Game Color,GAME_COLOR,72.005,Moon Yellow,MOON_YELLOW,#FFF103,255,241,3,"255,241,3",Acrylic paint,Active/Unknown,CC266-Game_Color.pdf,Imported from compiled central database,,,,,,,,,,GW_AIR_FLASH_GITZ_YELLOW,Flash Gitz Yellow,Air,Air,#FFF301,"255,243,1",2.83,High,Computed nearest Games Workshop swatch by Euclidean RGB distance from registry R/G/B values.
VAL_GAME_COLOR_NIGHT_BLUE,Vallejo,Game Color,Game Color,GAME_COLOR,72.019,Night Blue,NIGHT_BLUE,#19183F,25,24,63,"25,24,63",Acrylic Paint,Active/Unknown,952249680-Warlord-Paint-Ranges-Conversion-Chart.pdf,Imported from compiled central database; Hex/RGB filled during audit from Direct RedGrimm Vallejo Game name match (redgrimm vallejo-game.html); matched Vallejo Game Night Blue.,,,,,,,,,,GW_FOUNDATION_NECRON_ABYSS,Necron Abyss,Foundation,Foundation,#1A213D,"26,33,61",9.27,High,Computed nearest Games Workshop swatch by Euclidean RGB distance from registry R/G/B values.
VAL_GAME_COLOR_NOCTURNAL_RED,Vallejo,Game Color,Game Color,GAME_COLOR,72.111,Nocturnal Red,NOCTURNAL_RED,#541C22,84,28,34,"84,28,34",Acrylic paint,Active/Unknown,CC266-Game_Color.pdf; Catalogo_2026-R02.pdf page 52,Imported from compiled central database | Approx Hex/RGB fill: Vallejo 2026 catalog swatch sample (Medium-High).,,,,,,,,,,GW_TECHNICAL_BLOOD_FOR_THE_BLOOD_GOD,Blood For The Blood God,Technical,Technical,#581011,"88,16,17",21.19,Medium-High,Computed nearest Games Workshop swatch by Euclidean RGB distance from registry R/G/B values.
VAL_GAME_COLOR_OFF_WHITE,Vallejo,Game Color,Game Color,GAME_COLOR,72.101,Off-White,OFF_WHITE,#F5F4DA,245,244,218,"245,244,218",Acrylic paint,Active/Unknown,CC266-Game_Color.pdf,Imported from compiled central database; Hex/RGB filled during audit from Direct RedGrimm Vallejo Game name match (redgrimm army-painter.html); matched Vallejo Game Offwhite.,,,,,,,,,,GW_TECHNICAL_LAHMIAN_MEDIUM,Lahmian Medium,Technical,Technical,#F5EDE2,"245,237,226",10.63,High,Computed nearest Games Workshop swatch by Euclidean RGB distance from registry R/G/B values.
VAL_GAME_COLOR_ORANGE_FIRE,Vallejo,Game Color,Game Color,GAME_COLOR,72.008,Orange Fire,ORANGE_FIRE,#F1652E,241,101,46,"241,101,46",Acrylic Paint,Active/Unknown,952249680-Warlord-Paint-Ranges-Conversion-Chart.pdf,Imported from compiled central database,,,,,,,,,,GW_LAYER_TROLL_SLAYER_ORANGE,Troll Slayer Orange,Layer,Layer,#F36D2D,"243,109,45",8.31,High,Computed nearest Games Workshop swatch by Euclidean RGB distance from registry R/G/B values.
VAL_GAME_COLOR_PALE_FLESH,Vallejo,Game Color,Game Color,GAME_COLOR,72.003,Pale Flesh,PALE_FLESH,#F6BDB3,246,189,179,"246,189,179",Acrylic Paint,Active/Unknown,952249680-Warlord-Paint-Ranges-Conversion-Chart.pdf,Imported from compiled central database,,,,,,,,,,GW_LAYER_PALLID_FLESH,Pallid Flesh,Layer,Layer,#EEC8C7,"238,200,199",24.19,Medium-High,Computed nearest Games Workshop swatch by Euclidean RGB distance from registry R/G/B values.
VAL_GAME_COLOR_PARASITE_BROWN,Vallejo,Game Color,Game Color,GAME_COLOR,72.042,Parasite Brown,PARASITE_BROWN,#B1481F,177,72,31,"177,72,31",Acrylic Paint,Active/Unknown,952249680-Warlord-Paint-Ranges-Conversion-Chart.pdf,Imported from compiled central database; Hex/RGB filled during audit from Direct RedGrimm Vallejo Game name match (redgrimm army-painter.html); matched Vallejo Game Parasite Brown.,,,,,,,,,,GW_FOUNDATION_MACHARIUS_SOLAR_ORANGE,Macharius Solar Orange,Foundation,Foundation,#B94023,"185,64,35",12,High,Computed nearest Games Workshop swatch by Euclidean RGB distance from registry R/G/B values.
VAL_GAME_COLOR_PLAGUE_BROWN,Vallejo,Game Color,Game Color,GAME_COLOR,72.039,Plague Brown,PLAGUE_BROWN,#CC9B34,204,155,52,"204,155,52",Acrylic Paint,Active/Unknown,952249680-Warlord-Paint-Ranges-Conversion-Chart.pdf,Imported from compiled central database; Hex/RGB filled during audit from Direct RedGrimm Vallejo Game name match (redgrimm army-painter.html); matched Vallejo Game Plague Brown.,,,,,,,,,,GW_LAYER_VOMIT_BROWN,Vomit Brown,Layer,Layer,#CE8B3C,"206,139,60",18,Medium-High,Computed nearest Games Workshop swatch by Euclidean RGB distance from registry R/G/B values.
VAL_GAME_COLOR_POLISHED_GOLD,Vallejo,Game Color,Game Color,GAME_COLOR,72.055,Polished Gold,POLISHED_GOLD,#E7BD42,231,189,66,"231,189,66",Acrylic Paint,Active/Unknown,952249680-Warlord-Paint-Ranges-Conversion-Chart.pdf,Imported from compiled central database; Hex/RGB filled during audit from Mech9 paint-code equivalence cross-reference (Existing registry completed row); matched Mecha Color Metallic Gold.,,,,,,,,,,GW_LAYER_SHINING_GOLD,Shining Gold,Layer,Layer,#EFB736,"239,183,54",15.62,Medium-High,Computed nearest Games Workshop swatch by Euclidean RGB distance from registry R/G/B values.
VAL_GAME_COLOR_RED_SHADE_WASH,Vallejo,Game Color,Game Color,GAME_COLOR,73.206,Red Shade Wash,RED_SHADE_WASH,#630808,99,8,8,"99,8,8",Acrylic Paint,Active/Unknown,584217179-Vallejo-Paint-List-frenzycheck-com.xlsx,Imported from compiled central database,,,,,,,,,,GW_LAYER_BAAL_RED_WASH,Baal Red Wash,Layer,Layer,#630808,"99,8,8",0,High,Computed nearest Games Workshop swatch by Euclidean RGB distance from registry R/G/B values.
VAL_GAME_COLOR_RED_WASH,Vallejo,Game Color,Game Color,GAME_COLOR,73.206,Red Wash,RED_WASH,#630808,99,8,8,"99,8,8",Acrylic Paint,Active/Unknown,952249680-Warlord-Paint-Ranges-Conversion-Chart.pdf,Imported from compiled central database; Hex/RGB filled during audit from Registry same paint-code reuse (Existing registry completed row); matched Game Color Red Shade Wash.,,,,,,,,,,GW_LAYER_BAAL_RED_WASH,Baal Red Wash,Layer,Layer,#630808,"99,8,8",0,High,Computed nearest Games Workshop swatch by Euclidean RGB distance from registry R/G/B values.
VAL_GAME_COLOR_ROSY_FLESH,Vallejo,Game Color,Game Color,GAME_COLOR,72.100,Rosy Flesh,ROSY_FLESH,#F89E84,248,158,132,"248,158,132",Acrylic paint,Active/Unknown,CC266-Game_Color.pdf,Imported from compiled central database,,,,,,,,,,GW_LAYER_LUGGANATH_ORANGE,Lugganath Orange,Layer,Layer,#F89E86,"248,158,134",2,High,Computed nearest Games Workshop swatch by Euclidean RGB distance from registry R/G/B values.
VAL_GAME_COLOR_ROYAL_PURPLE,Vallejo,Game Color,Game Color,GAME_COLOR,72.016,Royal Purple,ROYAL_PURPLE,#4B2967,75,41,103,"75,41,103",Acrylic Paint,Active/Unknown,952249680-Warlord-Paint-Ranges-Conversion-Chart.pdf,Imported from compiled central database,,,,,,,,,,GW_CONTRAST_LEVIATHAN_PURPLE,Leviathan Purple,Contrast,Contrast,#4A2A6A,"74,42,106",3.32,High,Computed nearest Games Workshop swatch by Euclidean RGB distance from registry R/G/B values.
VAL_GAME_COLOR_RUST,Vallejo,Game Color,Game Color,GAME_COLOR,72.609,Rust,RUST,#70574F,112,87,79,"112,87,79",Acrylic Paint,Active/Unknown,952249680-Warlord-Paint-Ranges-Conversion-Chart.pdf; Catalogo_2026-R02.pdf page 52,Imported from compiled central database | Approx Hex/RGB fill: Vallejo 2026 catalog swatch sample (Medium-High).,,,,,,,,,,GW_FOUNDATION_KHEMRI_BROWN,Khemri Brown,Foundation,Foundation,#73614D,"115,97,77",10.63,High,Computed nearest Games Workshop swatch by Euclidean RGB distance from registry R/G/B values.
VAL_GAME_COLOR_SCARLET_BLOOD,Vallejo,Game Color,Game Color,GAME_COLOR,72.106,Scarlet Blood,SCARLET_BLOOD,#AA3037,170,48,55,"170,48,55",Acrylic paint,Active/Unknown,CC266-Game_Color.pdf,Imported from compiled central database; Hex/RGB filled during audit from Mech9 paint-code equivalence cross-reference (Existing registry completed row); matched Model Color Flat Red.,,,,,,,,,,GW_LAYER_RED_GORE,Red Gore,Layer,Layer,#9D2B3F,"157,43,63",16.06,Medium-High,Computed nearest Games Workshop swatch by Euclidean RGB distance from registry R/G/B values.
VAL_GAME_COLOR_SCARLET_RED,Vallejo,Game Color,Game Color,GAME_COLOR,72.012,Scarlet Red,SCARLET_RED,#741330,116,19,48,"116,19,48",Acrylic paint,Active/Unknown,CC266-Game_Color.pdf,Imported from compiled central database,,,,,,,,,,GW_CONTRAST_SIGVALD_BURGUNDY,Sigvald Burgundy,Contrast,Contrast,#7A123B,"122,18,59",12.57,High,Computed nearest Games Workshop swatch by Euclidean RGB distance from registry R/G/B values.
VAL_GAME_COLOR_SCARLETT_RED,Vallejo,Game Color,Game Color,GAME_COLOR,72.012,Scarlett Red,SCARLETT_RED,#990033,153,0,51,"153,0,51",Acrylic Paint,Active/Unknown,584217179-Vallejo-Paint-List-frenzycheck-com.xlsx,Imported from compiled central database,,,,,,,,,,GW_CONTRAST_FLESH_TEARERS_RED,Flesh Tearers Red,Contrast,Contrast,#9B111E,"155,17,30",27.09,Medium-High,Computed nearest Games Workshop swatch by Euclidean RGB distance from registry R/G/B values.
VAL_GAME_COLOR_SCORPY_GREEN,Vallejo,Game Color,Game Color,GAME_COLOR,72.032,Scorpy Green,SCORPY_GREEN,#069B7D,6,155,125,"6,155,125",Acrylic Paint,Active/Unknown,952249680-Warlord-Paint-Ranges-Conversion-Chart.pdf,Imported from compiled central database; Hex/RGB filled during audit from Mech9 paint-code equivalence cross-reference (Existing registry completed row); matched Game Color Jade Green.,,,,,,,,,,GW_LAYER_JADE_GREEN,Jade Green,Layer,Layer,#069B7D,"6,155,125",0,High,Computed nearest Games Workshop swatch by Euclidean RGB distance from registry R/G/B values.
VAL_GAME_COLOR_SCROFULOUS_BROWN,Vallejo,Game Color,Game Color,GAME_COLOR,72.038,Scrofulous Brown,SCROFULOUS_BROWN,#D68030,214,128,48,"214,128,48",Acrylic Paint,Active/Unknown,952249680-Warlord-Paint-Ranges-Conversion-Chart.pdf,Imported from compiled central database; Hex/RGB filled during audit from Direct RedGrimm Vallejo Game name match (redgrimm army-painter.html); matched Vallejo Game Scrofulous Brown.,,,,,,,,,,GW_AIR_THALLAX_GOLD,Thallax Gold,Air,Air,#DB7B38,"219,123,56",10.68,High,Computed nearest Games Workshop swatch by Euclidean RGB distance from registry R/G/B values.
VAL_GAME_COLOR_SCURF_GREEN,Vallejo,Game Color,Game Color,GAME_COLOR,72.027,Scurf Green,SCURF_GREEN,#026B67,2,107,103,"2,107,103",Acrylic Paint,Active/Unknown,584217179-Vallejo-Paint-List-frenzycheck-com.xlsx,Imported from compiled central database,,,,,,,,,,GW_LAYER_SCALY_GREEN,Scaly Green,Layer,Layer,#006063,"0,96,99",11.87,High,Computed nearest Games Workshop swatch by Euclidean RGB distance from registry R/G/B values.
VAL_GAME_COLOR_SCURVY_GREEN,Vallejo,Game Color,Game Color,GAME_COLOR,72.027,Scurvy Green,SCURVY_GREEN,#09474E,9,71,78,"9,71,78",Acrylic paint,Active/Unknown,CC266-Game_Color.pdf,Imported from compiled central database,,,,,,,,,,GW_BASE_INCUBI_DARKNESS,Incubi Darkness,Base,Base,#0B474A,"11,71,74",4.47,High,Computed nearest Games Workshop swatch by Euclidean RGB distance from registry R/G/B values.
VAL_GAME_COLOR_SEPIA_WASH,Vallejo,Game Color,Game Color,GAME_COLOR,73.200,Sepia Wash,SEPIA_WASH,#968266,150,130,102,"150,130,102",Acrylic Paint,Active/Unknown,952249680-Warlord-Paint-Ranges-Conversion-Chart.pdf; Catalogo_2026-R02.pdf page 52,Imported from compiled central database | Approx Hex/RGB fill: Vallejo 2026 catalog swatch sample (Medium-High).,,,,,,,,,,GW_TECHNICAL_AGRELLAN_EARTH,Agrellan Earth,Technical,Technical,#92816D,"146,129,109",8.12,High,Computed nearest Games Workshop swatch by Euclidean RGB distance from registry R/G/B values.
VAL_GAME_COLOR_SICK_BLUE,Vallejo,Game Color,Game Color,GAME_COLOR,72.017,Sick Blue,SICK_BLUE,#412A7A,65,42,122,"65,42,122",Acrylic Paint,Active/Unknown,584217179-Vallejo-Paint-List-frenzycheck-com.xlsx,Imported from compiled central database,,,,,,,,,,GW_LAYER_NAUSEATING_BLUE,Nauseating Blue,Layer,Layer,#412A7A,"65,42,122",0,High,Computed nearest Games Workshop swatch by Euclidean RGB distance from registry R/G/B values.
VAL_GAME_COLOR_SICK_GREEN,Vallejo,Game Color,Game Color,GAME_COLOR,72.029,Sick Green,SICK_GREEN,#096638,9,102,56,"9,102,56",Acrylic Paint,Active/Unknown,952249680-Warlord-Paint-Ranges-Conversion-Chart.pdf,Imported from compiled central database; Hex/RGB filled during audit from Direct RedGrimm Vallejo Game name match (redgrimm army-painter.html); matched Vallejo Game Sick Green.,,,,,,,,,,GW_LAYER_SNOT_GREEN,Snot Green,Layer,Layer,#006F45,"0,111,69",18.19,Medium-High,Computed nearest Games Workshop swatch by Euclidean RGB distance from registry R/G/B values.
VAL_GAME_COLOR_SILVER,Vallejo,Game Color,Game Color,GAME_COLOR,72.052,Silver,SILVER,#B0B9B8,176,185,184,"176,185,184",Acrylic Paint,Active/Unknown,952249680-Warlord-Paint-Ranges-Conversion-Chart.pdf,Imported from compiled central database; Hex/RGB filled during audit from Direct RedGrimm Vallejo name match / other Vallejo line (Vallejo Colors PDF); matched Vallejo Model Silver.,,,,,,,,,,GW_LAYER_FORTRESS_GREY,Fortress Grey,Layer,Layer,#BCBDC0,"188,189,192",14.97,High,Computed nearest Games Workshop swatch by Euclidean RGB distance from registry R/G/B values.
VAL_GAME_COLOR_SOMBRE_GREY,Vallejo,Game Color,Game Color,GAME_COLOR,72.048,Sombre Grey,SOMBRE_GREY,#4C5C7D,76,92,125,"76,92,125",Acrylic paint,Active/Unknown,CC266-Game_Color.pdf,Imported from compiled central database; Hex/RGB filled during audit from Direct RedGrimm Vallejo Game name match (redgrimm army-painter.html); matched Vallejo Game Sombre Grey.,,,,,,,,,,GW_BASE_THE_FANG,The Fang,Base,Base,#436174,"67,97,116",13.67,High,Computed nearest Games Workshop swatch by Euclidean RGB distance from registry R/G/B values.
VAL_GAME_COLOR_SQUID_PINK,Vallejo,Game Color,Game Color,GAME_COLOR,72.013,Squid Pink,SQUID_PINK,#DA7FB5,218,127,181,"218,127,181",Acrylic Paint,Active/Unknown,952249680-Warlord-Paint-Ranges-Conversion-Chart.pdf,Imported from compiled central database,,,,,,,,,,GW_LAYER_TENTACLE_PINK,Tentacle Pink,Layer,Layer,#DC9DC6,"220,157,198",34.54,Medium-High,Computed nearest Games Workshop swatch by Euclidean RGB distance from registry R/G/B values.
VAL_GAME_COLOR_STEEL_GREY,Vallejo,Game Color,Game Color,GAME_COLOR,72.102,Steel Grey,STEEL_GREY,#64889D,100,136,157,"100,136,157",Acrylic paint,Active/Unknown,CC266-Game_Color.pdf,Imported from compiled central database,,,,,,,,,,GW_CONTRAST_NIGHTHAUNT_GLOOM,Nighthaunt Gloom,Contrast,Contrast,#798D96,"121,141,150",22.69,Medium-High,Computed nearest Games Workshop swatch by Euclidean RGB distance from registry R/G/B values.
VAL_GAME_COLOR_STONEWALL_GREY,Vallejo,Game Color,Game Color,GAME_COLOR,72.049,Stonewall Grey,STONEWALL_GREY,#828E95,130,142,149,"130,142,149",Acrylic Paint,Active/Unknown,952249680-Warlord-Paint-Ranges-Conversion-Chart.pdf,Imported from compiled central database; Hex/RGB filled during audit from Direct RedGrimm Vallejo Game name match (redgrimm army-painter.html); matched Vallejo Game Stonewall Grey.,,,,,,,,,,GW_BASE_GREY_KNIGHTS_STEEL,Grey Knights Steel,Base,Base,#7F8E99,"127,142,153",5,High,Computed nearest Games Workshop swatch by Euclidean RGB distance from registry R/G/B values.
VAL_GAME_COLOR_STORMY_BLUE,Vallejo,Game Color,Game Color,GAME_COLOR,72.018,Stormy Blue,STORMY_BLUE,#27357E,39,53,126,"39,53,126",Acrylic Paint,Active/Unknown,584217179-Vallejo-Paint-List-frenzycheck-com.xlsx,Imported from compiled central database,,,,,,,,,,GW_LAYER_STORM_BLUE,Storm Blue,Layer,Layer,#27357E,"39,53,126",0,High,Computed nearest Games Workshop swatch by Euclidean RGB distance from registry R/G/B values.
VAL_GAME_COLOR_SUCCUBUS_SKIN,Vallejo,Game Color,Game Color,GAME_COLOR,72.108,Succubus Skin,SUCCUBUS_SKIN,#73413A,115,65,58,"115,65,58",Acrylic paint,Active/Unknown,CC266-Game_Color.pdf; Catalogo_2026-R02.pdf page 52,Imported from compiled central database | Approx Hex/RGB fill: Vallejo 2026 catalog swatch sample (Medium-High).,,,,,,,,,,GW_FOUNDATION_CALTHAN_BROWN,Calthan Brown,Foundation,Foundation,#7A4231,"122,66,49",11.45,High,Computed nearest Games Workshop swatch by Euclidean RGB distance from registry R/G/B values.
VAL_GAME_COLOR_SUN_YELLOW,Vallejo,Game Color,Game Color,GAME_COLOR,72.006,Sun Yellow,SUN_YELLOW,#FFCF07,255,207,7,"255,207,7",Acrylic paint,Active/Unknown,CC266-Game_Color.pdf,Imported from compiled central database,,,,,,,,,,GW_LAYER_SUNBURST_YELLOW,Sunburst Yellow,Layer,Layer,#FFD400,"255,212,0",8.6,High,Computed nearest Games Workshop swatch by Euclidean RGB distance from registry R/G/B values.
VAL_GAME_COLOR_SUNBLAST_YELLOW,Vallejo,Game Color,Game Color,GAME_COLOR,72.006,Sunblast Yellow,SUNBLAST_YELLOW,#FFE700,255,231,0,"255,231,0",Acrylic Paint,Active/Unknown,584217179-Vallejo-Paint-List-frenzycheck-com.xlsx,Imported from compiled central database,,,,,,,,,,GW_LAYER_PHALANX_YELLOW,Phalanx Yellow,Layer,Layer,#FFE200,"255,226,0",5,High,Computed nearest Games Workshop swatch by Euclidean RGB distance from registry R/G/B values.
VAL_GAME_COLOR_SUNRISE_BLUE,Vallejo,Game Color,Game Color,GAME_COLOR,72.118,Sunrise Blue,SUNRISE_BLUE,#5FB8E0,95,184,224,"95,184,224",Acrylic paint,Active/Unknown,CC266-Game_Color.pdf; Catalogo_2026-R02.pdf page 52,Imported from compiled central database | Approx Hex/RGB fill: Vallejo 2026 catalog swatch sample (Medium-High).,,,,,,,,,,GW_DRY_IMRIK_BLUE,Imrik Blue,Dry,Dry,#67AED0,"103,174,208",20.49,Medium-High,Computed nearest Games Workshop swatch by Euclidean RGB distance from registry R/G/B values.
VAL_GAME_COLOR_SUNSET_ORANGE,Vallejo,Game Color,Game Color,GAME_COLOR,72.110,Sunset Orange,SUNSET_ORANGE,#F08231,240,130,49,"240,130,49",Acrylic paint,Active/Unknown,CC266-Game_Color.pdf; Catalogo_2026-R02.pdf page 52,Imported from compiled central database | Approx Hex/RGB fill: Vallejo 2026 catalog swatch sample (Medium-High).,,,,,,,,,,GW_TECHNICAL_BLACKFIRE_EARTH,Blackfire Earth,Technical,Technical,#F8902F,"248,144,47",16.25,Medium-High,Computed nearest Games Workshop swatch by Euclidean RGB distance from registry R/G/B values.
VAL_GAME_COLOR_TAN,Vallejo,Game Color,Game Color,GAME_COLOR,72.066,Tan,TAN,#A95C3E,169,92,62,"169,92,62",Acrylic Paint,Active/Unknown,584217179-Vallejo-Paint-List-frenzycheck-com.xlsx,Imported from compiled central database,,,,,,,,,,GW_LAYER_TANNED_FLESH,Tanned Flesh,Layer,Layer,#A95C3E,"169,92,62",0,High,Computed nearest Games Workshop swatch by Euclidean RGB distance from registry R/G/B values.
VAL_GAME_COLOR_TERRACOTTA,Vallejo,Game Color,Game Color,GAME_COLOR,72.065,Terracotta,TERRACOTTA,#793721,121,55,33,"121,55,33",Acrylic Paint,Active/Unknown,584217179-Vallejo-Paint-List-frenzycheck-com.xlsx,Imported from compiled central database,,,,,,,,,,GW_LAYER_TERRACOTTA,Terracotta,Layer,Layer,#793721,"121,55,33",0,High,Computed nearest Games Workshop swatch by Euclidean RGB distance from registry R/G/B values.
VAL_GAME_COLOR_THICK_BLOOD,Vallejo,Game Color,Game Color,GAME_COLOR,72.602,Thick Blood,THICK_BLOOD,#99483A,153,72,58,"153,72,58",Acrylic Paint,Active/Unknown,952249680-Warlord-Paint-Ranges-Conversion-Chart.pdf; Catalogo_2026-R02.pdf page 52,Imported from compiled central database | Approx Hex/RGB fill: Vallejo 2026 catalog swatch sample (Medium-High).,,,,,,,,,,GW_TECHNICAL_MARTIAN_IRONEARTH,Martian Ironearth,Technical,Technical,#935442,"147,84,66",15.62,Medium-High,Computed nearest Games Workshop swatch by Euclidean RGB distance from registry R/G/B values.
VAL_GAME_COLOR_TINNY_TIN,Vallejo,Game Color,Game Color,GAME_COLOR,72.060,Tinny Tin,TINNY_TIN,#393121,57,49,33,"57,49,33",Acrylic paint,Active/Unknown,CC266-Game_Color.pdf,Imported from compiled central database,,,,,,,,,,GW_LAYER_DEVLAN_MUD_WASH,Devlan Mud Wash,Layer,Layer,#393121,"57,49,33",0,High,Computed nearest Games Workshop swatch by Euclidean RGB distance from registry R/G/B values.
VAL_GAME_COLOR_TOXIC_YELLOW,Vallejo,Game Color,Game Color,GAME_COLOR,72.109,Toxic Yellow,TOXIC_YELLOW,#E2C339,226,195,57,"226,195,57",Acrylic paint,Active/Unknown,CC266-Game_Color.pdf; Catalogo_2026-R02.pdf page 52,Imported from compiled central database | Approx Hex/RGB fill: Vallejo 2026 catalog swatch sample (Medium-High).,,,,,,,,,,GW_LAYER_SHINING_GOLD,Shining Gold,Layer,Layer,#EFB736,"239,183,54",17.94,Medium-High,Computed nearest Games Workshop swatch by Euclidean RGB distance from registry R/G/B values.
VAL_GAME_COLOR_TURQUOISE,Vallejo,Game Color,Game Color,GAME_COLOR,72.024,Turquoise,TURQUOISE,#03676F,3,103,111,"3,103,111",Acrylic paint,Active/Unknown,CC266-Game_Color.pdf,Imported from compiled central database,,,,,,,,,,GW_LAYER_SOTEK_GREEN,Sotek Green,Layer,Layer,#0B6974,"11,105,116",9.64,High,Computed nearest Games Workshop swatch by Euclidean RGB distance from registry R/G/B values.
VAL_GAME_COLOR_ULTRA_MARINE_BLUE,Vallejo,Game Color,Game Color,GAME_COLOR,72.022,Ultra Marine Blue,ULTRA_MARINE_BLUE,#29397B,41,57,123,"41,57,123",Acrylic Paint,Active/Unknown,584217179-Vallejo-Paint-List-frenzycheck-com.xlsx,Imported from compiled central database,,,,,,,,,,GW_LAYER_STORM_BLUE,Storm Blue,Layer,Layer,#27357E,"39,53,126",5.39,High,Computed nearest Games Workshop swatch by Euclidean RGB distance from registry R/G/B values.
VAL_GAME_COLOR_ULTRAMARINE_BLUE,Vallejo,Game Color,Game Color,GAME_COLOR,72.022,Ultramarine Blue,ULTRAMARINE_BLUE,#29397B,41,57,123,"41,57,123",Acrylic paint,Active/Unknown,CC266-Game_Color.pdf,Imported from compiled central database,,,,,,,,,,GW_LAYER_STORM_BLUE,Storm Blue,Layer,Layer,#27357E,"39,53,126",5.39,High,Computed nearest Games Workshop swatch by Euclidean RGB distance from registry R/G/B values.
VAL_GAME_COLOR_UMBER_SHADE_WASH,Vallejo,Game Color,Game Color,GAME_COLOR,73.203,Umber Shade Wash,UMBER_SHADE_WASH,#393121,57,49,33,"57,49,33",Acrylic Paint,Active/Unknown,584217179-Vallejo-Paint-List-frenzycheck-com.xlsx,Imported from compiled central database,,,,,,,,,,GW_LAYER_DEVLAN_MUD_WASH,Devlan Mud Wash,Layer,Layer,#393121,"57,49,33",0,High,Computed nearest Games Workshop swatch by Euclidean RGB distance from registry R/G/B values.
VAL_GAME_COLOR_UMBER_WASH,Vallejo,Game Color,Game Color,GAME_COLOR,73.203,Umber Wash,UMBER_WASH,#393121,57,49,33,"57,49,33",Acrylic Paint,Active/Unknown,952249680-Warlord-Paint-Ranges-Conversion-Chart.pdf,Imported from compiled central database; Hex/RGB filled during audit from Registry same paint-code reuse (Existing registry completed row); matched Game Color Umber Shade Wash.,,,,,,,,,,GW_LAYER_DEVLAN_MUD_WASH,Devlan Mud Wash,Layer,Layer,#393121,"57,49,33",0,High,Computed nearest Games Workshop swatch by Euclidean RGB distance from registry R/G/B values.
VAL_GAME_COLOR_VIOLET_INK,Vallejo,Game Color,Game Color,GAME_COLOR,72.087,Violet Ink,VIOLET_INK,#513D3C,81,61,60,"81,61,60",Acrylic Paint,Active/Unknown,584217179-Vallejo-Paint-List-frenzycheck-com.xlsx,Imported from compiled central database,,,,,,,,,,GW_LAYER_MAGENTA_INK,Magenta Ink,Layer,Layer,#513D3C,"81,61,60",0,High,Computed nearest Games Workshop swatch by Euclidean RGB distance from registry R/G/B values.
VAL_GAME_COLOR_VIOLET_WASH,Vallejo,Game Color,Game Color,GAME_COLOR,73.209,Violet Wash,VIOLET_WASH,#4B2F65,75,47,101,"75,47,101",Acrylic Paint,Active/Unknown,952249680-Warlord-Paint-Ranges-Conversion-Chart.pdf,Imported from compiled central database; Hex/RGB filled during audit from Registry same paint-code reuse (Existing registry completed row); matched Game Color Wash Violet.,,,,,,,,,,GW_CONTRAST_LEVIATHAN_PURPLE,Leviathan Purple,Contrast,Contrast,#4A2A6A,"74,42,106",7.14,High,Computed nearest Games Workshop swatch by Euclidean RGB distance from registry R/G/B values.
VAL_GAME_COLOR_VOMIT,Vallejo,Game Color,Game Color,GAME_COLOR,72.600,Vomit,VOMIT,#F6AB2A,246,171,42,"246,171,42",Acrylic Paint,Active/Unknown,952249680-Warlord-Paint-Ranges-Conversion-Chart.pdf; Catalogo_2026-R02.pdf page 52,Imported from compiled central database | Approx Hex/RGB fill: Vallejo 2026 catalog swatch sample (Medium-High).,,,,,,,,,,GW_BASE_AVERLAND_SUNSET,Averland Sunset,Base,Base,#FDB825,"253,184,37",15.59,Medium-High,Computed nearest Games Workshop swatch by Euclidean RGB distance from registry R/G/B values.
VAL_GAME_COLOR_WARLORD_PURPLE,Vallejo,Game Color,Game Color,GAME_COLOR,72.014,Warlord Purple,WARLORD_PURPLE,#7D1A44,125,26,68,"125,26,68",Acrylic Paint,Active/Unknown,952249680-Warlord-Paint-Ranges-Conversion-Chart.pdf,Imported from compiled central database,,,,,,,,,,GW_BASE_SCREAMER_PINK,Screamer Pink,Base,Base,#7C1645,"124,22,69",4.24,High,Computed nearest Games Workshop swatch by Euclidean RGB distance from registry R/G/B values.
VAL_GAME_COLOR_WARM_GREY,Vallejo,Game Color,Game Color,GAME_COLOR,72.148,Warm Grey,WARM_GREY,#939066,147,144,102,"147,144,102",Acrylic paint,Active/Unknown,CC266-Game_Color.pdf,Imported from compiled central database; Hex/RGB filled during audit from Registry same paint-code reuse (Existing registry completed row); matched Game Color Heavy Warm Grey.,,,,,,,,,,GW_BASE_DEATH_GUARD_GREEN,Death Guard Green,Base,Base,#9C9171,"156,145,113",14.25,High,Computed nearest Games Workshop swatch by Euclidean RGB distance from registry R/G/B values.
VAL_GAME_COLOR_WHITE_PRIMER,Vallejo,Game Color,Game Color,GAME_COLOR,72.002,White Primer,WHITE_PRIMER,#FFFFFF,255,255,255,"255,255,255",Acrylic Paint,Active/Unknown,584217179-Vallejo-Paint-List-frenzycheck-com.xlsx,Imported from compiled central database,,,,,,,,,,GW_BASE_CORAX_WHITE,Corax White,Base,Base,#FFFFFF,"255,255,255",0,High,Computed nearest Games Workshop swatch by Euclidean RGB distance from registry R/G/B values.
VAL_GAME_COLOR_WOLF_GREY,Vallejo,Game Color,Game Color,GAME_COLOR,72.047,Wolf Grey,WOLF_GREY,#5B8093,91,128,147,"91,128,147",Acrylic Paint,Active/Unknown,952249680-Warlord-Paint-Ranges-Conversion-Chart.pdf,Imported from compiled central database,,,,,,,,,,GW_LAYER_RUSS_GREY,Russ Grey,Layer,Layer,#547588,"84,117,136",17.06,Medium-High,Computed nearest Games Workshop swatch by Euclidean RGB distance from registry R/G/B values.
VAL_GAME_COLOR_AUXILIARY_AIRBRUSH_THINNER,Vallejo,Game Color Auxiliary,Game Color Auxiliary,GAME_COLOR_AUXILIARY,71.261,Airbrush Thinner,AIRBRUSH_THINNER,,,,,,Auxiliary,Active/Unknown,CC266-Game_Color.pdf,Imported from compiled central database,,,,,,,,,,,,,,,,,No RGB,No match - missing source RGB
VAL_GAME_COLOR_AUXILIARY_GLAZE_MEDIUM,Vallejo,Game Color Auxiliary,Game Color Auxiliary,GAME_COLOR_AUXILIARY,70.596,Glaze Medium,GLAZE_MEDIUM,,,,,,Auxiliary,Active/Unknown,CC266-Game_Color.pdf,Imported from compiled central database,,,,,,,,,,,,,,,,,No RGB,No match - missing source RGB
VAL_GAME_COLOR_FLUO_FLUO_COLD_GREEN,Vallejo,Game Color Fluo,Game Color Fluo,GAME_COLOR_FLUO,72.161,Fluo. Cold Green,FLUO_COLD_GREEN,#005F4D,0,95,77,"0,95,77",Fluorescent,Active/Unknown,CC266-Game_Color.pdf; Catalogo_2026-R02.pdf page 53,Imported from compiled central database | Approx Hex/RGB fill: Vallejo 2026 catalog swatch sample (Medium-High).,,,,,,,,,,GW_LAYER_SNOT_GREEN,Snot Green,Layer,Layer,#006F45,"0,111,69",17.89,Medium-High,Computed nearest Games Workshop swatch by Euclidean RGB distance from registry R/G/B values.
VAL_GAME_COLOR_FLUO_FLUORESC_MAGENTA,Vallejo,Game Color Fluo,Game Color Fluo,GAME_COLOR_FLUO,72.158,Fluoresc. Magenta,FLUORESC_MAGENTA,#E8338A,232,51,138,"232,51,138",Fluorescent,Active/Unknown,CC266-Game_Color.pdf; Catalogo_2026-R02.pdf page 53,Imported from compiled central database | Approx Hex/RGB fill: Vallejo 2026 catalog swatch sample (Medium-High).,,,,,,,,,,GW_CONTRAST_DOOMFIRE_MAGENTA,Doomfire Magenta,Contrast,Contrast,#D01C6B,"208,28,107",45.45,Medium,Computed nearest Games Workshop swatch by Euclidean RGB distance from registry R/G/B values.
VAL_GAME_COLOR_FLUO_FLUORESCENT_BLUE,Vallejo,Game Color Fluo,Game Color Fluo,GAME_COLOR_FLUO,72.160,Fluorescent Blue,FLUORESCENT_BLUE,#0079B8,0,121,184,"0,121,184",Fluorescent,Active/Unknown,CC266-Game_Color.pdf; Catalogo_2026-R02.pdf page 53,Imported from compiled central database | Approx Hex/RGB fill: Vallejo 2026 catalog swatch sample (Medium-High).,,,,,,,,,,GW_LAYER_ENCHANTED_BLUE,Enchanted Blue,Layer,Layer,#0071B7,"0,113,183",8.06,High,Computed nearest Games Workshop swatch by Euclidean RGB distance from registry R/G/B values.
VAL_GAME_COLOR_FLUO_FLUORESCENT_GREEN,Vallejo,Game Color Fluo,Game Color Fluo,GAME_COLOR_FLUO,72.104,Fluorescent Green,FLUORESCENT_GREEN,#5AB030,90,176,48,"90,176,48",Fluorescent,Active/Unknown,CC266-Game_Color.pdf; Catalogo_2026-R02.pdf page 53,Imported from compiled central database | Approx Hex/RGB fill: Vallejo 2026 catalog swatch sample (Medium-High).,,,,,,,,,,GW_LAYER_MOOT_GREEN,Moot Green,Layer,Layer,#52B244,"82,178,68",21.63,Medium-High,Computed nearest Games Workshop swatch by Euclidean RGB distance from registry R/G/B values.
VAL_GAME_COLOR_FLUO_FLUORESCENT_ORANGE,Vallejo,Game Color Fluo,Game Color Fluo,GAME_COLOR_FLUO,72.156,Fluorescent Orange,FLUORESCENT_ORANGE,#E63A11,230,58,17,"230,58,17",Fluorescent,Active/Unknown,CC266-Game_Color.pdf; Catalogo_2026-R02.pdf page 53,Imported from compiled central database | Approx Hex/RGB fill: Vallejo 2026 catalog swatch sample (Medium-High).,,,,,,,,,,GW_BASE_JOKAERO_ORANGE,Jokaero Orange,Base,Base,#EE3823,"238,56,35",19.8,Medium-High,Computed nearest Games Workshop swatch by Euclidean RGB distance from registry R/G/B values.
VAL_GAME_COLOR_FLUO_FLUORESCENT_RED,Vallejo,Game Color Fluo,Game Color Fluo,GAME_COLOR_FLUO,72.157,Fluorescent Red,FLUORESCENT_RED,#E32D3E,227,45,62,"227,45,62",Fluorescent,Active/Unknown,CC266-Game_Color.pdf; Catalogo_2026-R02.pdf page 53,Imported from compiled central database | Approx Hex/RGB fill: Vallejo 2026 catalog swatch sample (Medium-High).,,,,,,,,,,GW_CONTRAST_BAAL_RED,Baal Red,Contrast,Contrast,#D81E3A,"216,30,58",19.03,Medium-High,Computed nearest Games Workshop swatch by Euclidean RGB distance from registry R/G/B values.
VAL_GAME_COLOR_FLUO_FLUORESCENT_VIOLET,Vallejo,Game Color Fluo,Game Color Fluo,GAME_COLOR_FLUO,72.159,Fluorescent Violet,FLUORESCENT_VIOLET,#6D2579,109,37,121,"109,37,121",Fluorescent,Active/Unknown,CC266-Game_Color.pdf; Catalogo_2026-R02.pdf page 53,Imported from compiled central database | Approx Hex/RGB fill: Vallejo 2026 catalog swatch sample (Medium-High).,,,,,,,,,,GW_LAYER_IMPERIAL_PURPLE,Imperial Purple,Layer,Layer,#562F7E,"86,47,126",25.57,Medium-High,Computed nearest Games Workshop swatch by Euclidean RGB distance from registry R/G/B values.
VAL_GAME_COLOR_FLUO_FLUORESCENT_YELLOW,Vallejo,Game Color Fluo,Game Color Fluo,GAME_COLOR_FLUO,72.103,Fluorescent Yellow,FLUORESCENT_YELLOW,#FAEA3D,250,234,61,"250,234,61",Fluorescent,Active/Unknown,CC266-Game_Color.pdf; Catalogo_2026-R02.pdf page 53,Imported from compiled central database | Approx Hex/RGB fill: Vallejo 2026 catalog swatch sample (Medium-High).,,,,,,,,,,GW_CONTRAST_IMPERIAL_FIST,Imperial Fist,Contrast,Contrast,#FFC928,"255,201,40",39.43,Medium,Computed nearest Games Workshop swatch by Euclidean RGB distance from registry R/G/B values.
VAL_GAME_COLOR_INK_BLACK,Vallejo,Game Color Ink,Game Color Ink,GAME_COLOR_INK,72.094,Black,BLACK,#000000,0,0,0,"0,0,0",Ink,Active/Unknown,CC266-Game_Color.pdf,Imported from compiled central database; Hex/RGB filled during audit from Direct RedGrimm Vallejo Game name match (redgrimm vallejo-game.html); matched Vallejo Game Black.,,,,,,,,,,GW_AIR_ABADDON_BLACK,Abaddon Black,Air,Air,#000000,"0,0,0",0,High,Computed nearest Games Workshop swatch by Euclidean RGB distance from registry R/G/B values.
VAL_GAME_COLOR_INK_BLACK_GREEN,Vallejo,Game Color Ink,Game Color Ink,GAME_COLOR_INK,72.090,Black Green,BLACK_GREEN,#19423E,25,66,62,"25,66,62",Ink,Active/Unknown,CC266-Game_Color.pdf,Imported from compiled central database,,,,,,,,,,GW_BASE_INCUBI_DARKNESS,Incubi Darkness,Base,Base,#0B474A,"11,71,74",19.1,Medium-High,Computed nearest Games Workshop swatch by Euclidean RGB distance from registry R/G/B values.
VAL_GAME_COLOR_INK_BLUE,Vallejo,Game Color Ink,Game Color Ink,GAME_COLOR_INK,72.088,Blue,BLUE,#27357E,39,53,126,"39,53,126",Ink,Active/Unknown,CC266-Game_Color.pdf,Imported from compiled central database,,,,,,,,,,GW_LAYER_STORM_BLUE,Storm Blue,Layer,Layer,#27357E,"39,53,126",0,High,Computed nearest Games Workshop swatch by Euclidean RGB distance from registry R/G/B values.
VAL_GAME_COLOR_INK_DARK_TURQUOISE,Vallejo,Game Color Ink,Game Color Ink,GAME_COLOR_INK,72.084,Dark Turquoise,DARK_TURQUOISE,#043E3C,4,62,60,"4,62,60",Ink,Active/Unknown,CC266-Game_Color.pdf; Catalogo_2026-R02.pdf page 53,Imported from compiled central database | Approx Hex/RGB fill: Vallejo 2026 catalog swatch sample (Medium-High).,,,,,,,,,,GW_BASE_INCUBI_DARKNESS,Incubi Darkness,Base,Base,#0B474A,"11,71,74",18.06,Medium-High,Computed nearest Games Workshop swatch by Euclidean RGB distance from registry R/G/B values.
VAL_GAME_COLOR_INK_ELFIC_FLESH,Vallejo,Game Color Ink,Game Color Ink,GAME_COLOR_INK,72.098,Elfic Flesh,ELFIC_FLESH,#CDC29C,205,194,156,"205,194,156",Ink,Active/Unknown,CC266-Game_Color.pdf,Imported from compiled central database,,,,,,,,,,GW_BASE_MORGHAST_BONE,Morghast Bone,Base,Base,#D5C79A,"213,199,154",9.64,High,Computed nearest Games Workshop swatch by Euclidean RGB distance from registry R/G/B values.
VAL_GAME_COLOR_INK_GLACIER_BLUE,Vallejo,Game Color Ink,Game Color Ink,GAME_COLOR_INK,72.095,Glacier Blue,GLACIER_BLUE,#ACD0EE,172,208,238,"172,208,238",Ink,Active/Unknown,CC266-Game_Color.pdf,Imported from compiled central database,,,,,,,,,,GW_CONTRAST_SPACE_WOLVES_GREY,Space Wolves Grey,Contrast,Contrast,#B7C7D9,"183,199,217",25.36,Medium-High,Computed nearest Games Workshop swatch by Euclidean RGB distance from registry R/G/B values.
VAL_GAME_COLOR_INK_GREEN,Vallejo,Game Color Ink,Game Color Ink,GAME_COLOR_INK,72.089,Green,GREEN,#8BB36A,139,179,106,"139,179,106",Ink,Active/Unknown,CC266-Game_Color.pdf,Imported from compiled central database; Hex/RGB filled during audit from Direct RedGrimm Vallejo Model name match (Vallejo Colors PDF); matched Vallejo Model Green.,,,,,,,,,,GW_LAYER_NURGLING_GREEN,Nurgling Green,Layer,Layer,#849B63,"132,155,99",25.96,Medium-High,Computed nearest Games Workshop swatch by Euclidean RGB distance from registry R/G/B values.
VAL_GAME_COLOR_INK_MAGENTA,Vallejo,Game Color Ink,Game Color Ink,GAME_COLOR_INK,72.083,Magenta,MAGENTA,#A92A56,169,42,86,"169,42,86",Ink,Active/Unknown,CC266-Game_Color.pdf,Imported from compiled central database,,,,,,,,,,GW_LAYER_RED_GORE,Red Gore,Layer,Layer,#9D2B3F,"157,43,63",25.96,Medium-High,Computed nearest Games Workshop swatch by Euclidean RGB distance from registry R/G/B values.
VAL_GAME_COLOR_INK_RED,Vallejo,Game Color Ink,Game Color Ink,GAME_COLOR_INK,72.086,Red,RED,#91323A,145,50,58,"145,50,58",Ink,Active/Unknown,CC266-Game_Color.pdf,Imported from compiled central database; Hex/RGB filled during audit from Direct RedGrimm Vallejo Model name match (redgrimm army-painter.html); matched Vallejo Model Red.,,,,,,,,,,GW_LAYER_TUSKIGOR_FUR,Tuskigor Fur,Layer,Layer,#883636,"136,54,54",10.63,High,Computed nearest Games Workshop swatch by Euclidean RGB distance from registry R/G/B values.
VAL_GAME_COLOR_INK_SEPIA,Vallejo,Game Color Ink,Game Color Ink,GAME_COLOR_INK,72.091,Sepia,SEPIA,#332512,51,37,18,"51,37,18",Ink,Active/Unknown,CC266-Game_Color.pdf; Catalogo_2026-R02.pdf page 53,Imported from compiled central database | Approx Hex/RGB fill: Vallejo 2026 catalog swatch sample (Medium-High).,,,,,,,,,,GW_CONTRAST_CYGOR_BROWN,Cygor Brown,Contrast,Contrast,#3B2418,"59,36,24",10.05,High,Computed nearest Games Workshop swatch by Euclidean RGB distance from registry R/G/B values.
VAL_GAME_COLOR_INK_SKIN,Vallejo,Game Color Ink,Game Color Ink,GAME_COLOR_INK,72.093,Skin,SKIN,#442018,68,32,24,"68,32,24",Ink,Active/Unknown,CC266-Game_Color.pdf; Catalogo_2026-R02.pdf page 53,Imported from compiled central database | Approx Hex/RGB fill: Vallejo 2026 catalog swatch sample (Medium-High).,,,,,,,,,,GW_CONTRAST_CYGOR_BROWN,Cygor Brown,Contrast,Contrast,#3B2418,"59,36,24",9.85,High,Computed nearest Games Workshop swatch by Euclidean RGB distance from registry R/G/B values.
VAL_GAME_COLOR_INK_SKIN_TONE,Vallejo,Game Color Ink,Game Color Ink,GAME_COLOR_INK,72.099,Skin Tone,SKIN_TONE,#E3AB84,227,171,132,"227,171,132",Ink,Active/Unknown,CC266-Game_Color.pdf; Catalogo_2026-R02.pdf page 52,Imported from compiled central database | Approx Hex/RGB fill: Vallejo 2026 catalog swatch sample (Medium-High).,,,,,,,,,,GW_LAYER_FULGURITE_COPPER,Fulgurite Copper,Layer,Layer,#E6B77E,"230,183,126",13.75,High,Computed nearest Games Workshop swatch by Euclidean RGB distance from registry R/G/B values.
VAL_GAME_COLOR_INK_VERDIGRIS,Vallejo,Game Color Ink,Game Color Ink,GAME_COLOR_INK,72.096,Verdigris,VERDIGRIS,#B3CECA,179,206,202,"179,206,202",Ink,Active/Unknown,CC266-Game_Color.pdf,Imported from compiled central database,,,,,,,,,,GW_LAYER_STORMHOST_SILVER,Stormhost Silver,Layer,Layer,#BBC6C9,"187,198,201",11.36,High,Computed nearest Games Workshop swatch by Euclidean RGB distance from registry R/G/B values.
VAL_GAME_COLOR_INK_VIOLET,Vallejo,Game Color Ink,Game Color Ink,GAME_COLOR_INK,72.087,Violet,VIOLET,#4B2F65,75,47,101,"75,47,101",Ink,Active/Unknown,CC266-Game_Color.pdf,Imported from compiled central database,,,,,,,,,,GW_CONTRAST_LEVIATHAN_PURPLE,Leviathan Purple,Contrast,Contrast,#4A2A6A,"74,42,106",7.14,High,Computed nearest Games Workshop swatch by Euclidean RGB distance from registry R/G/B values.
VAL_GAME_COLOR_INK_WHITE,Vallejo,Game Color Ink,Game Color Ink,GAME_COLOR_INK,72.082,White,WHITE,#FFFFFF,255,255,255,"255,255,255",Ink,Active/Unknown,CC266-Game_Color.pdf,Imported from compiled central database,,,,,,,,,,GW_BASE_CORAX_WHITE,Corax White,Base,Base,#FFFFFF,"255,255,255",0,High,Computed nearest Games Workshop swatch by Euclidean RGB distance from registry R/G/B values.
VAL_GAME_COLOR_INK_YELLOW,Vallejo,Game Color Ink,Game Color Ink,GAME_COLOR_INK,72.085,Yellow,YELLOW,#E4E566,228,229,102,"228,229,102",Ink,Active/Unknown,CC266-Game_Color.pdf,Imported from compiled central database; Hex/RGB filled during audit from Direct RedGrimm Vallejo Model name match (Vallejo Colors PDF); matched Vallejo Model Yellow.,,,,,,,,,,GW_GLAZE_LAMENTERS_YELLOW,Lamenters Yellow,Glaze,Glaze,#FFF56B,"255,245,107",31.78,Medium-High,Computed nearest Games Workshop swatch by Euclidean RGB distance from registry R/G/B values.
VAL_GAME_COLOR_METALLIC_BLACK,Vallejo,Game Color Metallic,Game Color Metallic,GAME_COLOR_METALLIC,72.051,Black,BLACK,#000000,0,0,0,"0,0,0",Metallic,Active/Unknown,CC266-Game_Color.pdf,Imported from compiled central database; Hex/RGB filled during audit from Direct RedGrimm Vallejo Game name match (redgrimm vallejo-game.html); matched Vallejo Game Black.,,,,,,,,,,GW_AIR_ABADDON_BLACK,Abaddon Black,Air,Air,#000000,"0,0,0",0,High,Computed nearest Games Workshop swatch by Euclidean RGB distance from registry R/G/B values.
VAL_GAME_COLOR_METALLIC_BRASSY_BRASS,Vallejo,Game Color Metallic,Game Color Metallic,GAME_COLOR_METALLIC,72.058,Brassy Brass,BRASSY_BRASS,#735A21,115,90,33,"115,90,33",Metallic,Active/Unknown,CC266-Game_Color.pdf,Imported from compiled central database,,,,,,,,,,GW_BASE_XV_88,XV-88,Base,Base,#72491E,"114,73,30",17.29,Medium-High,Computed nearest Games Workshop swatch by Euclidean RGB distance from registry R/G/B values.
VAL_GAME_COLOR_METALLIC_BRIGHT_BRONZE,Vallejo,Game Color Metallic,Game Color Metallic,GAME_COLOR_METALLIC,72.057,Bright Bronze,BRIGHT_BRONZE,#B88044,184,128,68,"184,128,68",Metallic,Active/Unknown,CC266-Game_Color.pdf; Catalogo_2026-R02.pdf page 53,Imported from compiled central database | Approx Hex/RGB fill: Vallejo 2026 catalog swatch sample (Medium-High).,,,,,,,,,,GW_LAYER_HASHUT_COPPER,Hashut Copper,Layer,Layer,#B77647,"183,118,71",10.49,High,Computed nearest Games Workshop swatch by Euclidean RGB distance from registry R/G/B values.
VAL_GAME_COLOR_METALLIC_CHAINMAIL,Vallejo,Game Color Metallic,Game Color Metallic,GAME_COLOR_METALLIC,72.053,Chainmail,CHAINMAIL,#7B737B,123,115,123,"123,115,123",Metallic,Active/Unknown,CC266-Game_Color.pdf,Imported from compiled central database,,,,,,,,,,GW_TECHNICAL_ASTROGRANITE,Astrogranite,Technical,Technical,#787878,"120,120,120",6.56,High,Computed nearest Games Workshop swatch by Euclidean RGB distance from registry R/G/B values.
VAL_GAME_COLOR_METALLIC_DARK_GUNMETAL,Vallejo,Game Color Metallic,Game Color Metallic,GAME_COLOR_METALLIC,72.054,Dark Gunmetal,DARK_GUNMETAL,#393939,57,57,57,"57,57,57",Metallic,Active/Unknown,CC266-Game_Color.pdf,Imported from compiled central database; Hex/RGB filled during audit from Registry same paint-code reuse (Existing registry completed row); matched Game Color Gunmetal / Gunmetal Metal.,,,,,,,,,,GW_BASE_IRON_WARRIORS,Iron Warriors,Base,Base,#393939,"57,57,57",0,High,Computed nearest Games Workshop swatch by Euclidean RGB distance from registry R/G/B values.
VAL_GAME_COLOR_METALLIC_GLORIOUS_GOLD,Vallejo,Game Color Metallic,Game Color Metallic,GAME_COLOR_METALLIC,72.056,Glorious Gold,GLORIOUS_GOLD,#CCCC33,204,204,51,"204,204,51",Metallic,Active/Unknown,CC266-Game_Color.pdf,Imported from compiled central database,,,,,,,,,,GW_CONTRAST_MANTIS_WARRIORS_GREEN,Mantis Warriors Green,Contrast,Contrast,#B8C72A,"184,199,42",22.49,Medium-High,Computed nearest Games Workshop swatch by Euclidean RGB distance from registry R/G/B values.
VAL_GAME_COLOR_METALLIC_HAMMERED_COPPER,Vallejo,Game Color Metallic,Game Color Metallic,GAME_COLOR_METALLIC,72.059,Hammered Copper,HAMMERED_COPPER,#73372D,115,55,45,"115,55,45",Metallic,Active/Unknown,CC266-Game_Color.pdf,Imported from compiled central database; Hex/RGB filled during audit from Mech9 paint-code equivalence cross-reference (Existing registry completed row); matched Mecha Color Metallic Copper.,,,,,,,,,,GW_LAYER_BEATEN_COPPER,Beaten Copper,Layer,Layer,#73372D,"115,55,45",0,High,Computed nearest Games Workshop swatch by Euclidean RGB distance from registry R/G/B values.
VAL_GAME_COLOR_METALLIC_METAL_MEDIUM,Vallejo,Game Color Metallic,Game Color Metallic,GAME_COLOR_METALLIC,70.521,Metal Medium,METAL_MEDIUM,,,,,,Metallic,Active/Unknown,CC266-Game_Color.pdf,Imported from compiled central database,,,,,,,,,,,,,,,,,No RGB,No match - missing source RGB
VAL_GAME_COLOR_METALLIC_NEUTRAL_GREY,Vallejo,Game Color Metallic,Game Color Metallic,GAME_COLOR_METALLIC,72.050,Neutral Grey,NEUTRAL_GREY,#64767A,100,118,122,"100,118,122",Metallic,Active/Unknown,CC266-Game_Color.pdf,Imported from compiled central database; Hex/RGB filled during audit from Direct RedGrimm Vallejo Model name match (redgrimm army-painter.html); matched Vallejo Model Neutral Grey.,,,,,,,,,,GW_LAYER_WARPFIEND_GREY,Warpfiend Grey,Layer,Layer,#6B6A74,"107,106,116",15.13,Medium-High,Computed nearest Games Workshop swatch by Euclidean RGB distance from registry R/G/B values.
VAL_GAME_COLOR_METALLIC_POLISHED_GOLD,Vallejo,Game Color Metallic,Game Color Metallic,GAME_COLOR_METALLIC,72.055,Polished Gold,POLISHED_GOLD,#E7BD42,231,189,66,"231,189,66",Metallic,Active/Unknown,CC266-Game_Color.pdf,Imported from compiled central database; Hex/RGB filled during audit from Mech9 paint-code equivalence cross-reference (Existing registry completed row); matched Mecha Color Metallic Gold.,,,,,,,,,,GW_LAYER_SHINING_GOLD,Shining Gold,Layer,Layer,#EFB736,"239,183,54",15.62,Medium-High,Computed nearest Games Workshop swatch by Euclidean RGB distance from registry R/G/B values.
VAL_GAME_COLOR_METALLIC_SILVER,Vallejo,Game Color Metallic,Game Color Metallic,GAME_COLOR_METALLIC,72.052,Silver,SILVER,#B0B9B8,176,185,184,"176,185,184",Metallic,Active/Unknown,CC266-Game_Color.pdf,Imported from compiled central database; Hex/RGB filled during audit from Direct RedGrimm Vallejo Model name match (Vallejo Colors PDF); matched Vallejo Model Silver.,,,,,,,,,,GW_LAYER_FORTRESS_GREY,Fortress Grey,Layer,Layer,#BCBDC0,"188,189,192",14.97,High,Computed nearest Games Workshop swatch by Euclidean RGB distance from registry R/G/B values.
VAL_GAME_COLOR_SPECIAL_FX_ACID,Vallejo,Game Color Special FX,Game Color Special FX,GAME_COLOR_SPECIAL_FX,72.607,Acid,ACID,#69A260,105,162,96,"105,162,96",Effect,Active/Unknown,CC266-Game_Color.pdf; Catalogo_2026-R02.pdf page 52,Imported from compiled central database | Approx Hex/RGB fill: Vallejo 2026 catalog swatch sample (Medium-High).,,,,,,,,,,GW_LAYER_SKARSNIK_GREEN,Skarsnik Green,Layer,Layer,#5F9370,"95,147,112",24.1,Medium-High,Computed nearest Games Workshop swatch by Euclidean RGB distance from registry R/G/B values.
VAL_GAME_COLOR_SPECIAL_FX_BILE,Vallejo,Game Color Special FX,Game Color Special FX,GAME_COLOR_SPECIAL_FX,72.606,Bile,BILE,#BBCE0D,187,206,13,"187,206,13",Effect,Active/Unknown,CC266-Game_Color.pdf; Catalogo_2026-R02.pdf page 52,Imported from compiled central database | Approx Hex/RGB fill: Vallejo 2026 catalog swatch sample (Medium-High).,,,,,,,,,,GW_CONTRAST_MANTIS_WARRIORS_GREEN,Mantis Warriors Green,Contrast,Contrast,#B8C72A,"184,199,42",29.98,Medium-High,Computed nearest Games Workshop swatch by Euclidean RGB distance from registry R/G/B values.
VAL_GAME_COLOR_SPECIAL_FX_CORROSION,Vallejo,Game Color Special FX,Game Color Special FX,GAME_COLOR_SPECIAL_FX,72.608,Corrosion,CORROSION,#623228,98,50,40,"98,50,40",Effect,Active/Unknown,CC266-Game_Color.pdf; Catalogo_2026-R02.pdf page 52,Imported from compiled central database | Approx Hex/RGB fill: Vallejo 2026 catalog swatch sample (Medium-High).,,,,,,,,,,GW_LAYER_DARK_FLESH,Dark Flesh,Layer,Layer,#683631,"104,54,49",11.53,High,Computed nearest Games Workshop swatch by Euclidean RGB distance from registry R/G/B values.
VAL_GAME_COLOR_SPECIAL_FX_DEMON_BLOOD,Vallejo,Game Color Special FX,Game Color Special FX,GAME_COLOR_SPECIAL_FX,72.603,Demon Blood,DEMON_BLOOD,#795186,121,81,134,"121,81,134",Effect,Active/Unknown,CC266-Game_Color.pdf; Catalogo_2026-R02.pdf page 52,Imported from compiled central database | Approx Hex/RGB fill: Vallejo 2026 catalog swatch sample (Medium-High).,,,,,,,,,,GW_SHADE_DRUCHII_VIOLET,Druchii Violet,Shade,Shade,#7A468C,"122,70,140",12.57,High,Computed nearest Games Workshop swatch by Euclidean RGB distance from registry R/G/B values.
VAL_GAME_COLOR_SPECIAL_FX_FRESH_BLOOD,Vallejo,Game Color Special FX,Game Color Special FX,GAME_COLOR_SPECIAL_FX,72.601,Fresh Blood,FRESH_BLOOD,#EC655B,236,101,91,"236,101,91",Effect,Active/Unknown,CC266-Game_Color.pdf; Catalogo_2026-R02.pdf page 52,Imported from compiled central database | Approx Hex/RGB fill: Vallejo 2026 catalog swatch sample (Medium-High).,,,,,,,,,,GW_GLAZE_BLOODLETTER,Bloodletter,Glaze,Glaze,#F37355,"243,115,85",16.76,Medium-High,Computed nearest Games Workshop swatch by Euclidean RGB distance from registry R/G/B values.
VAL_GAME_COLOR_SPECIAL_FX_FROST,Vallejo,Game Color Special FX,Game Color Special FX,GAME_COLOR_SPECIAL_FX,72.604,Frost,FROST,#66B3E0,102,179,224,"102,179,224",Effect,Active/Unknown,CC266-Game_Color.pdf; Catalogo_2026-R02.pdf page 52,Imported from compiled central database | Approx Hex/RGB fill: Vallejo 2026 catalog swatch sample (Medium-High).,,,,,,,,,,GW_DRY_IMRIK_BLUE,Imrik Blue,Dry,Dry,#67AED0,"103,174,208",16.79,Medium-High,Computed nearest Games Workshop swatch by Euclidean RGB distance from registry R/G/B values.
VAL_GAME_COLOR_SPECIAL_FX_GALVANIC_CORROSION,Vallejo,Game Color Special FX,Game Color Special FX,GAME_COLOR_SPECIAL_FX,72.610,Galvanic Corrosion,GALVANIC_CORROSION,#DD8C43,221,140,67,"221,140,67",Effect,Active/Unknown,CC266-Game_Color.pdf; Catalogo_2026-R02.pdf page 52,Imported from compiled central database | Approx Hex/RGB fill: Vallejo 2026 catalog swatch sample (Medium-High).,,,,,,,,,,GW_SHADE_SERAPHIM_SEPIA,Seraphim Sepia,Shade,Shade,#D7824B,"215,130,75",14.14,High,Computed nearest Games Workshop swatch by Euclidean RGB distance from registry R/G/B values.
VAL_GAME_COLOR_SPECIAL_FX_GLOSS_POLY_VARNISH,Vallejo,Game Color Special FX,Game Color Special FX,GAME_COLOR_SPECIAL_FX,72.650,Gloss Poly. Varnish,GLOSS_POLY_VARNISH,,,,,,Effect,Active/Unknown,CC266-Game_Color.pdf,Imported from compiled central database,,,,,,,,,,,,,,,,,No RGB,No match - missing source RGB
VAL_GAME_COLOR_SPECIAL_FX_GREEN_RUST,Vallejo,Game Color Special FX,Game Color Special FX,GAME_COLOR_SPECIAL_FX,72.605,Green Rust,GREEN_RUST,#96C5B2,150,197,178,"150,197,178",Effect,Active/Unknown,CC266-Game_Color.pdf; Catalogo_2026-R02.pdf page 52,Imported from compiled central database | Approx Hex/RGB fill: Vallejo 2026 catalog swatch sample (Medium-High).,,,,,,,,,,GW_DRY_HELLION_GREEN,Hellion Green,Dry,Dry,#84C3AA,"132,195,170",19.8,Medium-High,Computed nearest Games Workshop swatch by Euclidean RGB distance from registry R/G/B values.
VAL_GAME_COLOR_SPECIAL_FX_MATT_POLY_VARNISH,Vallejo,Game Color Special FX,Game Color Special FX,GAME_COLOR_SPECIAL_FX,72.651,Matt Poly. Varnish,MATT_POLY_VARNISH,,,,,,Effect,Active/Unknown,CC266-Game_Color.pdf,Imported from compiled central database,,,,,,,,,,,,,,,,,No RGB,No match - missing source RGB
VAL_GAME_COLOR_SPECIAL_FX_MOSS_AND_LICHEN,Vallejo,Game Color Special FX,Game Color Special FX,GAME_COLOR_SPECIAL_FX,72.611,Moss and Lichen,MOSS_AND_LICHEN,#DAD15E,218,209,94,"218,209,94",Effect,Active/Unknown,CC266-Game_Color.pdf; Catalogo_2026-R02.pdf page 52,Imported from compiled central database | Approx Hex/RGB fill: Vallejo 2026 catalog swatch sample (Medium-High).,,,,,,,,,,GW_LAYER_BURNISHED_GOLD,Burnished Gold,Layer,Layer,#E0C068,"224,192,104",20.62,Medium-High,Computed nearest Games Workshop swatch by Euclidean RGB distance from registry R/G/B values.
VAL_GAME_COLOR_SPECIAL_FX_RUST,Vallejo,Game Color Special FX,Game Color Special FX,GAME_COLOR_SPECIAL_FX,72.609,Rust,RUST,#70574F,112,87,79,"112,87,79",Effect,Active/Unknown,CC266-Game_Color.pdf; Catalogo_2026-R02.pdf page 52,Imported from compiled central database | Approx Hex/RGB fill: Vallejo 2026 catalog swatch sample (Medium-High).,,,,,,,,,,GW_FOUNDATION_KHEMRI_BROWN,Khemri Brown,Foundation,Foundation,#73614D,"115,97,77",10.63,High,Computed nearest Games Workshop swatch by Euclidean RGB distance from registry R/G/B values.
VAL_GAME_COLOR_SPECIAL_FX_SATIN_POLY_VARNISH,Vallejo,Game Color Special FX,Game Color Special FX,GAME_COLOR_SPECIAL_FX,72.652,Satin Poly. Varnish,SATIN_POLY_VARNISH,,,,,,Effect,Active/Unknown,CC266-Game_Color.pdf,Imported from compiled central database,,,,,,,,,,,,,,,,,No RGB,No match - missing source RGB
VAL_GAME_COLOR_SPECIAL_FX_THICK_BLOOD,Vallejo,Game Color Special FX,Game Color Special FX,GAME_COLOR_SPECIAL_FX,72.602,Thick Blood,THICK_BLOOD,#99483A,153,72,58,"153,72,58",Effect,Active/Unknown,CC266-Game_Color.pdf; Catalogo_2026-R02.pdf page 52,Imported from compiled central database | Approx Hex/RGB fill: Vallejo 2026 catalog swatch sample (Medium-High).,,,,,,,,,,GW_TECHNICAL_MARTIAN_IRONEARTH,Martian Ironearth,Technical,Technical,#935442,"147,84,66",15.62,Medium-High,Computed nearest Games Workshop swatch by Euclidean RGB distance from registry R/G/B values.
VAL_GAME_COLOR_SPECIAL_FX_ULTRA_MATT_POL_VARN,Vallejo,Game Color Special FX,Game Color Special FX,GAME_COLOR_SPECIAL_FX,72.653,Ultra Matt Pol. Varn.,ULTRA_MATT_POL_VARN,,,,,,Effect,Active/Unknown,CC266-Game_Color.pdf,Imported from compiled central database,,,,,,,,,,,,,,,,,No RGB,No match - missing source RGB
VAL_GAME_COLOR_SPECIAL_FX_VOMIT,Vallejo,Game Color Special FX,Game Color Special FX,GAME_COLOR_SPECIAL_FX,72.600,Vomit,VOMIT,#F6AB2A,246,171,42,"246,171,42",Effect,Active/Unknown,CC266-Game_Color.pdf; Catalogo_2026-R02.pdf page 52,Imported from compiled central database | Approx Hex/RGB fill: Vallejo 2026 catalog swatch sample (Medium-High).,,,,,,,,,,GW_BASE_AVERLAND_SUNSET,Averland Sunset,Base,Base,#FDB825,"253,184,37",15.59,Medium-High,Computed nearest Games Workshop swatch by Euclidean RGB distance from registry R/G/B values.
VAL_GAME_COLOR_WASH_BLACK,Vallejo,Game Color Wash,Game Color Wash,GAME_COLOR_WASH,73.201,Black,BLACK,#000000,0,0,0,"0,0,0",Wash,Active/Unknown,CC266-Game_Color.pdf,Imported from compiled central database; Hex/RGB filled during audit from Direct RedGrimm Vallejo Game name match (redgrimm vallejo-game.html); matched Vallejo Game Black.,,,,,,,,,,GW_AIR_ABADDON_BLACK,Abaddon Black,Air,Air,#000000,"0,0,0",0,High,Computed nearest Games Workshop swatch by Euclidean RGB distance from registry R/G/B values.
VAL_GAME_COLOR_WASH_BLUE,Vallejo,Game Color Wash,Game Color Wash,GAME_COLOR_WASH,73.207,Blue,BLUE,#27357E,39,53,126,"39,53,126",Wash,Active/Unknown,CC266-Game_Color.pdf,Imported from compiled central database,,,,,,,,,,GW_LAYER_STORM_BLUE,Storm Blue,Layer,Layer,#27357E,"39,53,126",0,High,Computed nearest Games Workshop swatch by Euclidean RGB distance from registry R/G/B values.
VAL_GAME_COLOR_WASH_FLESH,Vallejo,Game Color Wash,Game Color Wash,GAME_COLOR_WASH,73.204,Flesh,FLESH,#CE8C42,206,140,66,"206,140,66",Wash,Active/Unknown,CC266-Game_Color.pdf,Imported from compiled central database; Hex/RGB filled during audit from Registry same paint-code reuse (Existing registry completed row); matched Game Color Flesh Wash.,,,,,,,,,,GW_LAYER_FLESH_WASH,Flesh Wash,Layer,Layer,#CE8C42,"206,140,66",0,High,Computed nearest Games Workshop swatch by Euclidean RGB distance from registry R/G/B values.
VAL_GAME_COLOR_WASH_RED,Vallejo,Game Color Wash,Game Color Wash,GAME_COLOR_WASH,73.206,Red,RED,#91323A,145,50,58,"145,50,58",Wash,Active/Unknown,CC266-Game_Color.pdf,Imported from compiled central database; Hex/RGB filled during audit from Direct RedGrimm Vallejo Model name match (redgrimm army-painter.html); matched Vallejo Model Red.,,,,,,,,,,GW_LAYER_TUSKIGOR_FUR,Tuskigor Fur,Layer,Layer,#883636,"136,54,54",10.63,High,Computed nearest Games Workshop swatch by Euclidean RGB distance from registry R/G/B values.
VAL_GAME_COLOR_WASH_SEPIA,Vallejo,Game Color Wash,Game Color Wash,GAME_COLOR_WASH,73.200,Sepia,SEPIA,#968266,150,130,102,"150,130,102",Wash,Active/Unknown,CC266-Game_Color.pdf; Catalogo_2026-R02.pdf page 52,Imported from compiled central database | Approx Hex/RGB fill: Vallejo 2026 catalog swatch sample (Medium-High).,,,,,,,,,,GW_TECHNICAL_AGRELLAN_EARTH,Agrellan Earth,Technical,Technical,#92816D,"146,129,109",8.12,High,Computed nearest Games Workshop swatch by Euclidean RGB distance from registry R/G/B values.
VAL_GAME_COLOR_WASH_UMBER,Vallejo,Game Color Wash,Game Color Wash,GAME_COLOR_WASH,73.203,Umber,UMBER,#393121,57,49,33,"57,49,33",Wash,Active/Unknown,CC266-Game_Color.pdf,Imported from compiled central database; Hex/RGB filled during audit from Registry same paint-code reuse (Existing registry completed row); matched Game Color Umber Shade Wash.,,,,,,,,,,GW_LAYER_DEVLAN_MUD_WASH,Devlan Mud Wash,Layer,Layer,#393121,"57,49,33",0,High,Computed nearest Games Workshop swatch by Euclidean RGB distance from registry R/G/B values.
VAL_GAME_COLOR_WASH_VIOLET,Vallejo,Game Color Wash,Game Color Wash,GAME_COLOR_WASH,73.209,Violet,VIOLET,#4B2F65,75,47,101,"75,47,101",Wash,Active/Unknown,CC266-Game_Color.pdf,Imported from compiled central database,,,,,,,,,,GW_CONTRAST_LEVIATHAN_PURPLE,Leviathan Purple,Contrast,Contrast,#4A2A6A,"74,42,106",7.14,High,Computed nearest Games Workshop swatch by Euclidean RGB distance from registry R/G/B values.
VAL_GAME_COLOR_WASH_YELLOW,Vallejo,Game Color Wash,Game Color Wash,GAME_COLOR_WASH,73.208,Yellow,YELLOW,#E4E566,228,229,102,"228,229,102",Wash,Active/Unknown,CC266-Game_Color.pdf,Imported from compiled central database; Hex/RGB filled during audit from Direct RedGrimm Vallejo Model name match (Vallejo Colors PDF); matched Vallejo Model Yellow.,,,,,,,,,,GW_GLAZE_LAMENTERS_YELLOW,Lamenters Yellow,Glaze,Glaze,#FFF56B,"255,245,107",31.78,Medium-High,Computed nearest Games Workshop swatch by Euclidean RGB distance from registry R/G/B values.
VAL_MODEL_AIR_BLUE_ANGELS_BLUE,Vallejo,Model Air,Model Air,MODEL_AIR,71.090,"""Blue Angels"" Blue",BLUE_ANGELS_BLUE,#27357E,39,53,126,"39,53,126",Acrylic Paint,Active/Unknown,584217179-Vallejo-Paint-List-frenzycheck-com.xlsx,Imported from compiled central database; Hex/RGB filled during audit from Mech9 paint-code equivalence cross-reference (Existing registry completed row); matched Game Color Ink Blue.,,,,,,,,,,GW_LAYER_STORM_BLUE,Storm Blue,Layer,Layer,#27357E,"39,53,126",0,High,Computed nearest Games Workshop swatch by Euclidean RGB distance from registry R/G/B values.
VAL_MODEL_AIR_6K_RUSSIAN_BROWN,Vallejo,Model Air,Model Air,MODEL_AIR,71.282,6K Russian Brown,6K_RUSSIAN_BROWN,#455440,69,84,64,"69,84,64",Acrylic airbrush paint,Active/Unknown,CC329-R00-Model-Color-NewIC.pdf,Imported from compiled central database; Hex/RGB filled during audit from Mech9 paint-code equivalence cross-reference (Existing registry completed row); matched Model Air Olive Grey.,,,,,,,,,,GW_LAYER_CATACHAN_GREEN,Catachan Green,Layer,Layer,#455440,"69,84,64",0,High,Computed nearest Games Workshop swatch by Euclidean RGB distance from registry R/G/B values.
VAL_MODEL_AIR_AII_SV_GOL_LIGHT_BLUE,Vallejo,Model Air,Model Air,MODEL_AIR,71.317,AII SV. Gol Light Blue,AII_SV_GOL_LIGHT_BLUE,#508CBE,80,140,190,"80,140,190",Acrylic airbrush paint,Active/Unknown,CC329-R00-Model-Color-NewIC.pdf,Imported from compiled central database; Hex/RGB filled during audit from Mech9 paint-code equivalence cross-reference (Existing registry completed row); matched Game Color Electric Blue.,,,,,,,,,,GW_LAYER_HOETH_BLUE,Hoeth Blue,Layer,Layer,#4C7FB4,"76,127,180",16.88,Medium-High,Computed nearest Games Workshop swatch by Euclidean RGB distance from registry R/G/B values.
VAL_MODEL_AIR_AIRBRUSH,Vallejo,Model Air,Model Air,MODEL_AIR,71.262,Airbrush,AIRBRUSH,,,,,,Acrylic airbrush paint,Active/Unknown,CC329-R00-Model-Color-NewIC.pdf,Imported from compiled central database,,,,,,,,,,,,,,,,,No RGB,No match - missing source RGB
VAL_MODEL_AIR_AIRBRUSH_THINNER,Vallejo,Model Air,Model Air,MODEL_AIR,71.261,Airbrush Thinner,AIRBRUSH_THINNER,,,,,,Acrylic airbrush paint,Active/Unknown,CC329-R00-Model-Color-NewIC.pdf,Imported from compiled central database,,,,,,,,,,,,,,,,,No RGB,No match - missing source RGB
VAL_MODEL_AIR_ALUMINUM,Vallejo,Model Air,Model Air,MODEL_AIR,71.062,Aluminum,ALUMINUM,#7B737B,123,115,123,"123,115,123",Acrylic Paint,Active/Unknown,584217179-Vallejo-Paint-List-frenzycheck-com.xlsx,Imported from compiled central database,,,,,,,,,,GW_TECHNICAL_ASTROGRANITE,Astrogranite,Technical,Technical,#787878,"120,120,120",6.56,High,Computed nearest Games Workshop swatch by Euclidean RGB distance from registry R/G/B values.
VAL_MODEL_AIR_ARCTIC_BLUE,Vallejo,Model Air,Model Air,MODEL_AIR,71.071,Arctic Blue,ARCTIC_BLUE,#746F7E,116,111,126,"116,111,126",Acrylic Paint,Active/Unknown,584217179-Vallejo-Paint-List-frenzycheck-com.xlsx; Catalogo_2026-R02.pdf page 28,Imported from compiled central database | Approx Hex/RGB fill: Vallejo 2026 catalog swatch sample (Medium-High).,,,,,,,,,,GW_TEXTURE_ASTROGRANITE,Astrogranite,Texture,Texture,#757679,"117,118,121",8.66,High,Computed nearest Games Workshop swatch by Euclidean RGB distance from registry R/G/B values.
VAL_MODEL_AIR_ARMOUR_BROWN,Vallejo,Model Air,Model Air,MODEL_AIR,71.041,Armour Brown,ARMOUR_BROWN,#390008,57,0,8,"57,0,8",Acrylic airbrush paint,Active/Unknown,CC329-R00-Model-Color-NewIC.pdf,Imported from compiled central database; Hex/RGB filled during audit from Mech9 paint-code equivalence cross-reference (Existing registry completed row); matched Model Air Hull Red.,,,,,,,,,,GW_AIR_MOURNFANG_BROWN,Mournfang Brown,Air,Air,#490F06,"73,15,6",22.02,Medium-High,Computed nearest Games Workshop swatch by Euclidean RGB distance from registry R/G/B values.
VAL_MODEL_AIR_BS_DARK_EARTH,Vallejo,Model Air,Model Air,MODEL_AIR,71.323,BS Dark Earth,BS_DARK_EARTH,#705E50,112,94,80,"112,94,80",Acrylic airbrush paint,Active/Unknown,CC329-R00-Model-Color-NewIC.pdf,Imported from compiled central database; Hex/RGB filled during audit from Mech9 paint-code equivalence cross-reference (Existing registry completed row); matched Model Air Dark Earth.,,,,,,,,,,GW_FOUNDATION_KHEMRI_BROWN,Khemri Brown,Foundation,Foundation,#73614D,"115,97,77",5.2,High,Computed nearest Games Workshop swatch by Euclidean RGB distance from registry R/G/B values.
VAL_MODEL_AIR_BS_MEDIUM_SEA_GREY,Vallejo,Model Air,Model Air,MODEL_AIR,71.307,BS Medium Sea Grey,BS_MEDIUM_SEA_GREY,#959980,149,153,128,"149,153,128",Acrylic airbrush paint,Active/Unknown,CC329-R00-Model-Color-NewIC.pdf,Imported from compiled central database; Hex/RGB filled during audit from Mech9 paint-code equivalence cross-reference (Existing registry completed row); matched Mecha Color Stone Grey.,,,,,,,,,,GW_LAYER_COMMANDO_KHAKI,Commando Khaki,Layer,Layer,#9A8C7B,"154,140,123",14.8,High,Computed nearest Games Workshop swatch by Euclidean RGB distance from registry R/G/B values.
VAL_MODEL_AIR_BARLEY_GREY,Vallejo,Model Air,Model Air,MODEL_AIR,71.051,Barley Grey,BARLEY_GREY,#64767A,100,118,122,"100,118,122",Acrylic Paint,Active/Unknown,584217179-Vallejo-Paint-List-frenzycheck-com.xlsx,Imported from compiled central database; Hex/RGB filled during audit from Mech9 paint-code equivalence cross-reference (redgrimm army-painter.html); matched Vallejo Model Neutral Grey.,,,,,,,,,,GW_LAYER_WARPFIEND_GREY,Warpfiend Grey,Layer,Layer,#6B6A74,"107,106,116",15.13,Medium-High,Computed nearest Games Workshop swatch by Euclidean RGB distance from registry R/G/B values.
VAL_MODEL_AIR_BASE_GREY,Vallejo,Model Air,Model Air,MODEL_AIR,71.097,Base Grey,BASE_GREY,#999999,153,153,153,"153,153,153",Acrylic Paint,Active/Unknown,584217179-Vallejo-Paint-List-frenzycheck-com.xlsx,Imported from compiled central database,,,,,,,,,,GW_LAYER_ADMINISTRATUM_GREY,Administratum Grey,Layer,Layer,#949B95,"148,155,149",6.71,High,Computed nearest Games Workshop swatch by Euclidean RGB distance from registry R/G/B values.
VAL_MODEL_AIR_BEIGE,Vallejo,Model Air,Model Air,MODEL_AIR,71.074,Beige,BEIGE,#DBC58E,219,197,142,"219,197,142",Acrylic airbrush paint,Active/Unknown,CC329-R00-Model-Color-NewIC.pdf,Imported from compiled central database,,,,,,,,,,GW_BASE_WRAITHBONE,Wraithbone,Base,Base,#DCCB9A,"220,203,154",13.45,High,Computed nearest Games Workshop swatch by Euclidean RGB distance from registry R/G/B values.
VAL_MODEL_AIR_BLACK,Vallejo,Model Air,Model Air,MODEL_AIR,71.057,Black,BLACK,#000000,0,0,0,"0,0,0",Acrylic Paint,Active/Unknown,584217179-Vallejo-Paint-List-frenzycheck-com.xlsx,Imported from compiled central database; Hex/RGB filled during audit from Direct RedGrimm Vallejo Game name match (redgrimm vallejo-game.html); matched Vallejo Game Black.,,,,,,,,,,GW_AIR_ABADDON_BLACK,Abaddon Black,Air,Air,#000000,"0,0,0",0,High,Computed nearest Games Workshop swatch by Euclidean RGB distance from registry R/G/B values.
VAL_MODEL_AIR_BLACK_GREEN,Vallejo,Model Air,Model Air,MODEL_AIR,71.021,Black Green,BLACK_GREEN,#19423E,25,66,62,"25,66,62",Acrylic Paint,Active/Unknown,584217179-Vallejo-Paint-List-frenzycheck-com.xlsx,Imported from compiled central database,,,,,,,,,,GW_BASE_INCUBI_DARKNESS,Incubi Darkness,Base,Base,#0B474A,"11,71,74",19.1,Medium-High,Computed nearest Games Workshop swatch by Euclidean RGB distance from registry R/G/B values.
VAL_MODEL_AIR_BLACK_GREEN_RLM70,Vallejo,Model Air,Model Air,MODEL_AIR,71.021,Black Green RLM70,BLACK_GREEN_RLM70,#19423E,25,66,62,"25,66,62",Acrylic airbrush paint,Active/Unknown,CC329-R00-Model-Color-NewIC.pdf,Imported from compiled central database; Hex/RGB filled during audit from Registry same paint-code reuse (Existing registry completed row); matched Model Air Black Green.,,,,,,,,,,GW_BASE_INCUBI_DARKNESS,Incubi Darkness,Base,Base,#0B474A,"11,71,74",19.1,Medium-High,Computed nearest Games Workshop swatch by Euclidean RGB distance from registry R/G/B values.
VAL_MODEL_AIR_BLACK_GREY,Vallejo,Model Air,Model Air,MODEL_AIR,71.056,Black Grey,BLACK_GREY,#2D373A,45,55,58,"45,55,58",Acrylic Paint,Active/Unknown,584217179-Vallejo-Paint-List-frenzycheck-com.xlsx,Imported from compiled central database; Hex/RGB filled during audit from Direct RedGrimm Vallejo Model name match (redgrimm vallejo-game.html); matched Vallejo Model Black Grey.,,,,,,,,,,GW_BASE_IRON_WARRIORS,Iron Warriors,Base,Base,#393939,"57,57,57",12.21,High,Computed nearest Games Workshop swatch by Euclidean RGB distance from registry R/G/B values.
VAL_MODEL_AIR_BLACK_GREY_RLM66,Vallejo,Model Air,Model Air,MODEL_AIR,71.055,Black Grey RLM66,BLACK_GREY_RLM66,#4D4A4A,77,74,74,"77,74,74",Acrylic airbrush paint,Active/Unknown,CC329-R00-Model-Color-NewIC.pdf,Imported from compiled central database; Hex/RGB filled during audit from Mech9 paint-code equivalence cross-reference (Existing registry completed row); matched Model Air German Grey.,,,,,,,,,,GW_LAYER_ESHIN_GREY,Eshin Grey,Layer,Layer,#4A4F52,"74,79,82",9.9,High,Computed nearest Games Workshop swatch by Euclidean RGB distance from registry R/G/B values.
VAL_MODEL_AIR_BLACK_METALLIC,Vallejo,Model Air,Model Air,MODEL_AIR,71.073,Black Metallic,BLACK_METALLIC,#393939,57,57,57,"57,57,57",Acrylic Paint,Active/Unknown,584217179-Vallejo-Paint-List-frenzycheck-com.xlsx,Imported from compiled central database; Hex/RGB filled during audit from Mech9 paint-code equivalence cross-reference (Existing registry completed row); matched Model Air Gun Metal.,,,,,,,,,,GW_BASE_IRON_WARRIORS,Iron Warriors,Base,Base,#393939,"57,57,57",0,High,Computed nearest Games Workshop swatch by Euclidean RGB distance from registry R/G/B values.
VAL_MODEL_AIR_BLUE,Vallejo,Model Air,Model Air,MODEL_AIR,71.003,Blue,BLUE,#FF3108,255,49,8,"255,49,8",Acrylic Paint,Active/Unknown,584217179-Vallejo-Paint-List-frenzycheck-com.xlsx,Imported from compiled central database,,,,,,,,,,GW_BASE_JOKAERO_ORANGE,Jokaero Orange,Base,Base,#EE3823,"238,56,35",32.66,Medium-High,Computed nearest Games Workshop swatch by Euclidean RGB distance from registry R/G/B values.
VAL_MODEL_AIR_BLUE_GREY,Vallejo,Model Air,Model Air,MODEL_AIR,71.115,Blue Grey,BLUE_GREY,#436872,67,104,114,"67,104,114",Acrylic airbrush paint,Active/Unknown,CC329-R00-Model-Color-NewIC.pdf,Imported from compiled central database; Hex/RGB filled during audit from Mech9 paint-code equivalence cross-reference (Existing registry completed row); matched Model Color Field Blue.,,,,,,,,,,GW_BASE_THE_FANG,The Fang,Base,Base,#436174,"67,97,116",7.28,High,Computed nearest Games Workshop swatch by Euclidean RGB distance from registry R/G/B values.
VAL_MODEL_AIR_BLUE_RLM_78,Vallejo,Model Air,Model Air,MODEL_AIR,71.101,Blue RLM 78,BLUE_RLM_78,#83B5B2,131,181,178,"131,181,178",Acrylic Paint,Active/Unknown,584217179-Vallejo-Paint-List-frenzycheck-com.xlsx,Imported from compiled central database; Hex/RGB filled during audit from Mech9 paint-code equivalence cross-reference (Existing registry completed row); matched Model Air Pale Blue.,,,,,,,,,,GW_LAYER_GAUSS_BLASTER_GREEN,Gauss Blaster Green,Layer,Layer,#84C2A9,"132,194,169",15.84,Medium-High,Computed nearest Games Workshop swatch by Euclidean RGB distance from registry R/G/B values.
VAL_MODEL_AIR_BRIGHT_BRASS,Vallejo,Model Air,Model Air,MODEL_AIR,71.067,Bright Brass,BRIGHT_BRASS,#C2B494,194,180,148,"194,180,148",Acrylic Paint,Active/Unknown,584217179-Vallejo-Paint-List-frenzycheck-com.xlsx; Catalogo_2026-R02.pdf page 28,Imported from compiled central database | Approx Hex/RGB fill: Vallejo 2026 catalog swatch sample (Medium-High).,,,,,,,,,,GW_DRY_TERMINATUS_STONE,Terminatus Stone,Dry,Dry,#BDB192,"189,177,146",6.16,High,Computed nearest Games Workshop swatch by Euclidean RGB distance from registry R/G/B values.
VAL_MODEL_AIR_BROWN_RLM_26,Vallejo,Model Air,Model Air,MODEL_AIR,71.105,Brown RLM 26,BROWN_RLM_26,#810504,129,5,4,"129,5,4",Acrylic Paint,Active/Unknown,584217179-Vallejo-Paint-List-frenzycheck-com.xlsx,Imported from compiled central database; Hex/RGB filled during audit from Mech9 paint-code equivalence cross-reference (redgrimm vallejo-game.html); matched Vallejo Game Gory Red.,,,,,,,,,,GW_LAYER_WAZDAKKA_RED,Wazdakka Red,Layer,Layer,#8C0A0C,"140,10,12",14.49,High,Computed nearest Games Workshop swatch by Euclidean RGB distance from registry R/G/B values.
VAL_MODEL_AIR_BROWN_RLM26,Vallejo,Model Air,Model Air,MODEL_AIR,71.105,Brown RLM26,BROWN_RLM26,#810504,129,5,4,"129,5,4",Acrylic airbrush paint,Active/Unknown,CC329-R00-Model-Color-NewIC.pdf,Imported from compiled central database; Hex/RGB filled during audit from Mech9 paint-code equivalence cross-reference (redgrimm vallejo-game.html); matched Vallejo Game Gory Red.,,,,,,,,,,GW_LAYER_WAZDAKKA_RED,Wazdakka Red,Layer,Layer,#8C0A0C,"140,10,12",14.49,High,Computed nearest Games Workshop swatch by Euclidean RGB distance from registry R/G/B values.
VAL_MODEL_AIR_BROWN_VIOLET_RLM81,Vallejo,Model Air,Model Air,MODEL_AIR,71.264,Brown Violet RLM81,BROWN_VIOLET_RLM81,#675C4C,103,92,76,"103,92,76",Acrylic airbrush paint,Active/Unknown,CC329-R00-Model-Color-NewIC.pdf; Catalogo_2026-R02.pdf page 29,Imported from compiled central database | Approx Hex/RGB fill: Vallejo 2026 catalog swatch sample (Medium-High).,,,,,,,,,,GW_FOUNDATION_KHEMRI_BROWN,Khemri Brown,Foundation,Foundation,#73614D,"115,97,77",13.04,High,Computed nearest Games Workshop swatch by Euclidean RGB distance from registry R/G/B values.
VAL_MODEL_AIR_BURNT_UMBER,Vallejo,Model Air,Model Air,MODEL_AIR,71.040,Burnt Umber,BURNT_UMBER,#663300,102,51,0,"102,51,0",Acrylic Paint,Active/Unknown,584217179-Vallejo-Paint-List-frenzycheck-com.xlsx,Imported from compiled central database,,,,,,,,,,GW_TEXTURE_STIRLAND_MUD,Stirland Mud,Texture,Texture,#492B00,"73,43,0",30.08,Medium-High,Computed nearest Games Workshop swatch by Euclidean RGB distance from registry R/G/B values.
VAL_MODEL_AIR_CAM_BLACK_BROWN,Vallejo,Model Air,Model Air,MODEL_AIR,71.042,Cam. Black Brown,CAM_BLACK_BROWN,#39343B,57,52,59,"57,52,59",Acrylic Paint,Active/Unknown,584217179-Vallejo-Paint-List-frenzycheck-com.xlsx,Imported from compiled central database; Hex/RGB filled during audit from Mech9 paint-code equivalence cross-reference (redgrimm army-painter.html); matched Vallejo Game Charred Brown.,,,,,,,,,,GW_BASE_IRON_WARRIORS,Iron Warriors,Base,Base,#393939,"57,57,57",5.39,High,Computed nearest Games Workshop swatch by Euclidean RGB distance from registry R/G/B values.
VAL_MODEL_AIR_CAM_BLACK_GREEN,Vallejo,Model Air,Model Air,MODEL_AIR,71.018,Cam. Black Green,CAM_BLACK_GREEN,#484E50,72,78,80,"72,78,80",Acrylic Paint,Active/Unknown,584217179-Vallejo-Paint-List-frenzycheck-com.xlsx; Catalogo_2026-R02.pdf page 28,Imported from compiled central database | Approx Hex/RGB fill: Vallejo 2026 catalog swatch sample (Medium-High).,,,,,,,,,,GW_LAYER_ESHIN_GREY,Eshin Grey,Layer,Layer,#4A4F52,"74,79,82",3,High,Computed nearest Games Workshop swatch by Euclidean RGB distance from registry R/G/B values.
VAL_MODEL_AIR_CAM_DARK_GREEN,Vallejo,Model Air,Model Air,MODEL_AIR,71.019,Cam. Dark Green,CAM_DARK_GREEN,#083C2A,8,60,42,"8,60,42",Acrylic Paint,Active/Unknown,584217179-Vallejo-Paint-List-frenzycheck-com.xlsx,Imported from compiled central database; Hex/RGB filled during audit from Mech9 paint-code equivalence cross-reference (Existing registry completed row); matched Game Color Dark Green.,,,,,,,,,,GW_CONTRAST_DARK_ANGELS_GREEN,Dark Angels Green,Contrast,Contrast,#103B20,"16,59,32",12.85,High,Computed nearest Games Workshop swatch by Euclidean RGB distance from registry R/G/B values.
VAL_MODEL_AIR_CAM_GREEN,Vallejo,Model Air,Model Air,MODEL_AIR,71.122,Cam. Green,CAM_GREEN,#AE9A80,174,154,128,"174,154,128",Acrylic Paint,Active/Unknown,584217179-Vallejo-Paint-List-frenzycheck-com.xlsx; Catalogo_2026-R02.pdf page 28,Imported from compiled central database | Approx Hex/RGB fill: Vallejo 2026 catalog swatch sample (Medium-High).,,,,,,,,,,GW_AIR_USHABTI_BONE,Ushabti Bone,Air,Air,#ABA174,"171,161,116",14.21,High,Computed nearest Games Workshop swatch by Euclidean RGB distance from registry R/G/B values.
VAL_MODEL_AIR_CAM_LIGHT_BROWN,Vallejo,Model Air,Model Air,MODEL_AIR,71.035,Cam. Light Brown,CAM_LIGHT_BROWN,#6F5847,111,88,71,"111,88,71",Acrylic Paint,Active/Unknown,584217179-Vallejo-Paint-List-frenzycheck-com.xlsx; Catalogo_2026-R02.pdf page 28,Imported from compiled central database | Approx Hex/RGB fill: Vallejo 2026 catalog swatch sample (Medium-High).,,,,,,,,,,GW_FOUNDATION_KHEMRI_BROWN,Khemri Brown,Foundation,Foundation,#73614D,"115,97,77",11.53,High,Computed nearest Games Workshop swatch by Euclidean RGB distance from registry R/G/B values.
VAL_MODEL_AIR_CAM_MEDIUM_BROWN,Vallejo,Model Air,Model Air,MODEL_AIR,71.038,Cam. Medium Brown,CAM_MEDIUM_BROWN,#390008,57,0,8,"57,0,8",Acrylic Paint,Active/Unknown,584217179-Vallejo-Paint-List-frenzycheck-com.xlsx,Imported from compiled central database; Hex/RGB filled during audit from Mech9 paint-code equivalence cross-reference (Existing registry completed row); matched Model Air Hull Red.,,,,,,,,,,GW_AIR_MOURNFANG_BROWN,Mournfang Brown,Air,Air,#490F06,"73,15,6",22.02,Medium-High,Computed nearest Games Workshop swatch by Euclidean RGB distance from registry R/G/B values.
VAL_MODEL_AIR_CAMOUFLAGE_BROWN,Vallejo,Model Air,Model Air,MODEL_AIR,71.117,Camouflage Brown,CAMOUFLAGE_BROWN,#9C8855,156,136,85,"156,136,85",Acrylic airbrush paint,Active/Unknown,CC329-R00-Model-Color-NewIC.pdf,Imported from compiled central database; Hex/RGB filled during audit from Mech9 paint-code equivalence cross-reference (Existing registry completed row); matched Game Color Desert Yellow.,,,,,,,,,,GW_BASE_HOBGROT_HIDE,Hobgrot Hide,Base,Base,#9C8855,"156,136,85",0,High,Computed nearest Games Workshop swatch by Euclidean RGB distance from registry R/G/B values.
VAL_MODEL_AIR_CAMOUFLAGE_DARK_GREEN,Vallejo,Model Air,Model Air,MODEL_AIR,71.019,Camouflage Dark Green,CAMOUFLAGE_DARK_GREEN,#083C2A,8,60,42,"8,60,42",Acrylic airbrush paint,Active/Unknown,CC329-R00-Model-Color-NewIC.pdf,Imported from compiled central database; Hex/RGB filled during audit from Mech9 paint-code equivalence cross-reference (Existing registry completed row); matched Game Color Dark Green.,,,,,,,,,,GW_CONTRAST_DARK_ANGELS_GREEN,Dark Angels Green,Contrast,Contrast,#103B20,"16,59,32",12.85,High,Computed nearest Games Workshop swatch by Euclidean RGB distance from registry R/G/B values.
VAL_MODEL_AIR_CAMOUFLAGE_GREY,Vallejo,Model Air,Model Air,MODEL_AIR,71.118,Camouflage Grey,CAMOUFLAGE_GREY,#877559,135,117,89,"135,117,89",Acrylic airbrush paint,Active/Unknown,CC329-R00-Model-Color-NewIC.pdf; Catalogo_2026-R02.pdf page 28,Imported from compiled central database | Approx Hex/RGB fill: Vallejo 2026 catalog swatch sample (Medium-High).,,,,,,,,,,GW_AIR_BANEBLADE_BROWN,Baneblade Brown,Air,Air,#8F7D69,"143,125,105",19.6,Medium-High,Computed nearest Games Workshop swatch by Euclidean RGB distance from registry R/G/B values.
VAL_MODEL_AIR_CAMOUFLAGE_GREY_GREEN,Vallejo,Model Air,Model Air,MODEL_AIR,71.116,Camouflage Grey Green,CAMOUFLAGE_GREY_GREEN,#A77237,167,114,55,"167,114,55",Acrylic airbrush paint,Active/Unknown,CC329-R00-Model-Color-NewIC.pdf,Imported from compiled central database; Hex/RGB filled during audit from Mech9 paint-code equivalence cross-reference (Existing registry completed row); matched Model Color Ochre Brown.,,,,,,,,,,GW_FOUNDATION_TAUSEPT_OCHRE,Tausept Ochre,Foundation,Foundation,#A06E3B,"160,110,59",9,High,Computed nearest Games Workshop swatch by Euclidean RGB distance from registry R/G/B values.
VAL_MODEL_AIR_CAMOUFLAGE_PALE_BROWN,Vallejo,Model Air,Model Air,MODEL_AIR,71.035,Camouflage Pale Brown,CAMOUFLAGE_PALE_BROWN,#6F5847,111,88,71,"111,88,71",Acrylic airbrush paint,Active/Unknown,CC329-R00-Model-Color-NewIC.pdf; Catalogo_2026-R02.pdf page 28,Imported from compiled central database | Approx Hex/RGB fill: Vallejo 2026 catalog swatch sample (Medium-High).,,,,,,,,,,GW_FOUNDATION_KHEMRI_BROWN,Khemri Brown,Foundation,Foundation,#73614D,"115,97,77",11.53,High,Computed nearest Games Workshop swatch by Euclidean RGB distance from registry R/G/B values.
VAL_MODEL_AIR_CHROME,Vallejo,Model Air,Model Air,MODEL_AIR,71.064,Chrome,CHROME,#B5B5BD,181,181,189,"181,181,189",Acrylic Paint,Active/Unknown,584217179-Vallejo-Paint-List-frenzycheck-com.xlsx,Imported from compiled central database,,,,,,,,,,GW_LAYER_FORTRESS_GREY,Fortress Grey,Layer,Layer,#BCBDC0,"188,189,192",11.05,High,Computed nearest Games Workshop swatch by Euclidean RGB distance from registry R/G/B values.
VAL_MODEL_AIR_COPPER,Vallejo,Model Air,Model Air,MODEL_AIR,71.068,Copper,COPPER,#73372D,115,55,45,"115,55,45",Acrylic Paint,Active/Unknown,584217179-Vallejo-Paint-List-frenzycheck-com.xlsx,Imported from compiled central database,,,,,,,,,,GW_LAYER_BEATEN_COPPER,Beaten Copper,Layer,Layer,#73372D,"115,55,45",0,High,Computed nearest Games Workshop swatch by Euclidean RGB distance from registry R/G/B values.
VAL_MODEL_AIR_DARK_BLUE_RLM24,Vallejo,Model Air,Model Air,MODEL_AIR,71.266,Dark Blue RLM24,DARK_BLUE_RLM24,#27357E,39,53,126,"39,53,126",Acrylic airbrush paint,Active/Unknown,CC329-R00-Model-Color-NewIC.pdf,Imported from compiled central database; Hex/RGB filled during audit from Mech9 paint-code equivalence cross-reference (Existing registry completed row); matched Game Color Ink Blue.,,,,,,,,,,GW_LAYER_STORM_BLUE,Storm Blue,Layer,Layer,#27357E,"39,53,126",0,High,Computed nearest Games Workshop swatch by Euclidean RGB distance from registry R/G/B values.
VAL_MODEL_AIR_DARK_BROWN_RLM61,Vallejo,Model Air,Model Air,MODEL_AIR,71.042,Dark Brown RLM61,DARK_BROWN_RLM61,#39343B,57,52,59,"57,52,59",Acrylic airbrush paint,Active/Unknown,CC329-R00-Model-Color-NewIC.pdf,Imported from compiled central database; Hex/RGB filled during audit from Mech9 paint-code equivalence cross-reference (redgrimm army-painter.html); matched Vallejo Game Charred Brown.,,,,,,,,,,GW_BASE_IRON_WARRIORS,Iron Warriors,Base,Base,#393939,"57,57,57",5.39,High,Computed nearest Games Workshop swatch by Euclidean RGB distance from registry R/G/B values.
VAL_MODEL_AIR_DARK_EARTH,Vallejo,Model Air,Model Air,MODEL_AIR,71.029,Dark Earth,DARK_EARTH,#705E50,112,94,80,"112,94,80",Acrylic Paint,Active/Unknown,584217179-Vallejo-Paint-List-frenzycheck-com.xlsx,Imported from compiled central database,,,,,,,,,,GW_FOUNDATION_KHEMRI_BROWN,Khemri Brown,Foundation,Foundation,#73614D,"115,97,77",5.2,High,Computed nearest Games Workshop swatch by Euclidean RGB distance from registry R/G/B values.
VAL_MODEL_AIR_DARK_GREEN,Vallejo,Model Air,Model Air,MODEL_AIR,71.012,Dark Green,DARK_GREEN,#083C2A,8,60,42,"8,60,42",Acrylic Paint,Active/Unknown,584217179-Vallejo-Paint-List-frenzycheck-com.xlsx,Imported from compiled central database,,,,,,,,,,GW_CONTRAST_DARK_ANGELS_GREEN,Dark Angels Green,Contrast,Contrast,#103B20,"16,59,32",12.85,High,Computed nearest Games Workshop swatch by Euclidean RGB distance from registry R/G/B values.
VAL_MODEL_AIR_DARK_GREEN_RLM71,Vallejo,Model Air,Model Air,MODEL_AIR,71.015,Dark Green RLM71,DARK_GREEN_RLM71,#455440,69,84,64,"69,84,64",Acrylic airbrush paint,Active/Unknown,CC329-R00-Model-Color-NewIC.pdf,Imported from compiled central database; Hex/RGB filled during audit from Registry same paint-code reuse (Existing registry completed row); matched Model Air Olive Grey.,,,,,,,,,,GW_LAYER_CATACHAN_GREEN,Catachan Green,Layer,Layer,#455440,"69,84,64",0,High,Computed nearest Games Workshop swatch by Euclidean RGB distance from registry R/G/B values.
VAL_MODEL_AIR_DARK_GREEN_RLM83,Vallejo,Model Air,Model Air,MODEL_AIR,71.011,Dark Green RLM83,DARK_GREEN_RLM83,#083C2A,8,60,42,"8,60,42",Acrylic airbrush paint,Active/Unknown,CC329-R00-Model-Color-NewIC.pdf,Imported from compiled central database; Hex/RGB filled during audit from Mech9 paint-code equivalence cross-reference (Existing registry completed row); matched Game Color Dark Green.,,,,,,,,,,GW_CONTRAST_DARK_ANGELS_GREEN,Dark Angels Green,Contrast,Contrast,#103B20,"16,59,32",12.85,High,Computed nearest Games Workshop swatch by Euclidean RGB distance from registry R/G/B values.
VAL_MODEL_AIR_DARK_GREY_BLUE,Vallejo,Model Air,Model Air,MODEL_AIR,71.054,Dark Grey Blue,DARK_GREY_BLUE,#4B4D55,75,77,85,"75,77,85",Acrylic Paint,Active/Unknown,584217179-Vallejo-Paint-List-frenzycheck-com.xlsx; Catalogo_2026-R02.pdf page 28,Imported from compiled central database | Approx Hex/RGB fill: Vallejo 2026 catalog swatch sample (Medium-High).,,,,,,,,,,GW_FOUNDATION_ADEPTUS_BATTLEGREY,Adeptus Battlegrey,Foundation,Foundation,#4A4C58,"74,76,88",3.32,High,Computed nearest Games Workshop swatch by Euclidean RGB distance from registry R/G/B values.
VAL_MODEL_AIR_DARK_GREY_RLM42,Vallejo,Model Air,Model Air,MODEL_AIR,71.123,Dark Grey RLM42,DARK_GREY_RLM42,#4D4A4A,77,74,74,"77,74,74",Acrylic airbrush paint,Active/Unknown,CC329-R00-Model-Color-NewIC.pdf,Imported from compiled central database; Hex/RGB filled during audit from Mech9 paint-code equivalence cross-reference (Existing registry completed row); matched Model Air German Grey.,,,,,,,,,,GW_LAYER_ESHIN_GREY,Eshin Grey,Layer,Layer,#4A4F52,"74,79,82",9.9,High,Computed nearest Games Workshop swatch by Euclidean RGB distance from registry R/G/B values.
VAL_MODEL_AIR_DARK_GULL_GRAY,Vallejo,Model Air,Model Air,MODEL_AIR,71.277,Dark Gull Gray,DARK_GULL_GRAY,#959980,149,153,128,"149,153,128",Acrylic airbrush paint,Active/Unknown,CC329-R00-Model-Color-NewIC.pdf,Imported from compiled central database; Hex/RGB filled during audit from Mech9 paint-code equivalence cross-reference (Existing registry completed row); matched Mecha Color Stone Grey.,,,,,,,,,,GW_LAYER_COMMANDO_KHAKI,Commando Khaki,Layer,Layer,#9A8C7B,"154,140,123",14.8,High,Computed nearest Games Workshop swatch by Euclidean RGB distance from registry R/G/B values.
VAL_MODEL_AIR_DARK_SEA_BLUE,Vallejo,Model Air,Model Air,MODEL_AIR,71.087,Dark Sea Blue,DARK_SEA_BLUE,#2A4048,42,64,72,"42,64,72",Acrylic Paint,Active/Unknown,584217179-Vallejo-Paint-List-frenzycheck-com.xlsx,Imported from compiled central database; Hex/RGB filled during audit from Direct RedGrimm Vallejo Model name match (redgrimm vallejo-game.html); matched Vallejo Model Dark Sea Blue.,,,,,,,,,,GW_LAYER_ASURMEN_BLUE_WASH,Asurmen Blue Wash,Layer,Layer,#273E53,"39,62,83",11.58,High,Computed nearest Games Workshop swatch by Euclidean RGB distance from registry R/G/B values.
VAL_MODEL_AIR_DARK_SEA_GREY,Vallejo,Model Air,Model Air,MODEL_AIR,71.048,Dark Sea Grey,DARK_SEA_GREY,#787D7A,120,125,122,"120,125,122",Acrylic Paint,Active/Unknown,584217179-Vallejo-Paint-List-frenzycheck-com.xlsx,Imported from compiled central database; Hex/RGB filled during audit from Direct RedGrimm Vallejo Model name match (redgrimm army-painter.html); matched Vallejo Model Dark Sea Grey.,,,,,,,,,,GW_TECHNICAL_ASTROGRANITE,Astrogranite,Technical,Technical,#787878,"120,120,120",5.39,High,Computed nearest Games Workshop swatch by Euclidean RGB distance from registry R/G/B values.
VAL_MODEL_AIR_DARK_SEAGREEN,Vallejo,Model Air,Model Air,MODEL_AIR,71.053,Dark Seagreen,DARK_SEAGREEN,#436872,67,104,114,"67,104,114",Acrylic Paint,Active/Unknown,584217179-Vallejo-Paint-List-frenzycheck-com.xlsx,Imported from compiled central database; Hex/RGB filled during audit from Mech9 paint-code equivalence cross-reference (Existing registry completed row); matched Model Color Field Blue.,,,,,,,,,,GW_BASE_THE_FANG,The Fang,Base,Base,#436174,"67,97,116",7.28,High,Computed nearest Games Workshop swatch by Euclidean RGB distance from registry R/G/B values.
VAL_MODEL_AIR_DARK_YELLOW,Vallejo,Model Air,Model Air,MODEL_AIR,71.025,Dark Yellow,DARK_YELLOW,#9C8855,156,136,85,"156,136,85",Acrylic Paint,Active/Unknown,584217179-Vallejo-Paint-List-frenzycheck-com.xlsx,Imported from compiled central database,,,,,,,,,,GW_BASE_HOBGROT_HIDE,Hobgrot Hide,Base,Base,#9C8855,"156,136,85",0,High,Computed nearest Games Workshop swatch by Euclidean RGB distance from registry R/G/B values.
VAL_MODEL_AIR_DEEP_SKY,Vallejo,Model Air,Model Air,MODEL_AIR,71.090,Deep Sky,DEEP_SKY,#27357E,39,53,126,"39,53,126",Acrylic airbrush paint,Active/Unknown,CC329-R00-Model-Color-NewIC.pdf,Imported from compiled central database; Hex/RGB filled during audit from Mech9 paint-code equivalence cross-reference (Existing registry completed row); matched Game Color Ink Blue.,,,,,,,,,,GW_LAYER_STORM_BLUE,Storm Blue,Layer,Layer,#27357E,"39,53,126",0,High,Computed nearest Games Workshop swatch by Euclidean RGB distance from registry R/G/B values.
VAL_MODEL_AIR_DUCK_EGG_GREEN,Vallejo,Model Air,Model Air,MODEL_AIR,71.009,Duck Egg Green,DUCK_EGG_GREEN,#827E61,130,126,97,"130,126,97",Acrylic Paint,Active/Unknown,584217179-Vallejo-Paint-List-frenzycheck-com.xlsx,Imported from compiled central database; Hex/RGB filled during audit from Mech9 paint-code equivalence cross-reference (Existing registry completed row); matched Model Color Green Grey.,,,,,,,,,,GW_AIR_BANEBLADE_BROWN,Baneblade Brown,Air,Air,#8F7D69,"143,125,105",15.3,Medium-High,Computed nearest Games Workshop swatch by Euclidean RGB distance from registry R/G/B values.
VAL_MODEL_AIR_FIELD_GREEN,Vallejo,Model Air,Model Air,MODEL_AIR,71.093,Field Green,FIELD_GREEN,#434F38,67,79,56,"67,79,56",Acrylic Paint,Active/Unknown,584217179-Vallejo-Paint-List-frenzycheck-com.xlsx,Imported from compiled central database,,,,,,,,,,GW_LAYER_THRAKA_GREEN_WASH,Thraka Green Wash,Layer,Layer,#434F38,"67,79,56",0,High,Computed nearest Games Workshop swatch by Euclidean RGB distance from registry R/G/B values.
VAL_MODEL_AIR_FIRE_RED,Vallejo,Model Air,Model Air,MODEL_AIR,71.084,Fire Red,FIRE_RED,#943238,148,50,56,"148,50,56",Acrylic airbrush paint,Active/Unknown,CC329-R00-Model-Color-NewIC.pdf,Imported from compiled central database; Hex/RGB filled during audit from Mech9 paint-code equivalence cross-reference (Existing registry completed row); matched Game Color Heavy Red.,,,,,,,,,,GW_LAYER_TUSKIGOR_FUR,Tuskigor Fur,Layer,Layer,#883636,"136,54,54",12.81,High,Computed nearest Games Workshop swatch by Euclidean RGB distance from registry R/G/B values.
VAL_MODEL_AIR_FLAT_TAN,Vallejo,Model Air,Model Air,MODEL_AIR,71.079,Flat Tan,FLAT_TAN,#A7806C,167,128,108,"167,128,108",Acrylic Paint,Active/Unknown,584217179-Vallejo-Paint-List-frenzycheck-com.xlsx; Catalogo_2026-R02.pdf page 28,Imported from compiled central database | Approx Hex/RGB fill: Vallejo 2026 catalog swatch sample (Medium-High).,,,,,,,,,,GW_DRY_SYLVANETH_BARK,Sylvaneth Bark,Dry,Dry,#AC8262,"172,130,98",11.36,High,Computed nearest Games Workshop swatch by Euclidean RGB distance from registry R/G/B values.
VAL_MODEL_AIR_FRENCH_BLUE,Vallejo,Model Air,Model Air,MODEL_AIR,71.088,French Blue,FRENCH_BLUE,#27357E,39,53,126,"39,53,126",Acrylic airbrush paint,Active/Unknown,CC329-R00-Model-Color-NewIC.pdf,Imported from compiled central database; Hex/RGB filled during audit from Mech9 paint-code equivalence cross-reference (Existing registry completed row); matched Game Color Ink Blue.,,,,,,,,,,GW_LAYER_STORM_BLUE,Storm Blue,Layer,Layer,#27357E,"39,53,126",0,High,Computed nearest Games Workshop swatch by Euclidean RGB distance from registry R/G/B values.
VAL_MODEL_AIR_GERMAN_GREEN,Vallejo,Model Air,Model Air,MODEL_AIR,71.020,German Green,GERMAN_GREEN,#083C2A,8,60,42,"8,60,42",Acrylic Paint,Active/Unknown,584217179-Vallejo-Paint-List-frenzycheck-com.xlsx,Imported from compiled central database; Hex/RGB filled during audit from Mech9 paint-code equivalence cross-reference (Existing registry completed row); matched Game Color Dark Green.,,,,,,,,,,GW_CONTRAST_DARK_ANGELS_GREEN,Dark Angels Green,Contrast,Contrast,#103B20,"16,59,32",12.85,High,Computed nearest Games Workshop swatch by Euclidean RGB distance from registry R/G/B values.
VAL_MODEL_AIR_GERMAN_GREY,Vallejo,Model Air,Model Air,MODEL_AIR,71.052,German Grey,GERMAN_GREY,#4D4A4A,77,74,74,"77,74,74",Acrylic Paint,Active/Unknown,584217179-Vallejo-Paint-List-frenzycheck-com.xlsx,Imported from compiled central database,,,,,,,,,,GW_LAYER_ESHIN_GREY,Eshin Grey,Layer,Layer,#4A4F52,"74,79,82",9.9,High,Computed nearest Games Workshop swatch by Euclidean RGB distance from registry R/G/B values.
VAL_MODEL_AIR_GERMAN_RED_BROWN,Vallejo,Model Air,Model Air,MODEL_AIR,71.271,German Red Brown,GERMAN_RED_BROWN,#390008,57,0,8,"57,0,8",Acrylic airbrush paint,Active/Unknown,CC329-R00-Model-Color-NewIC.pdf,Imported from compiled central database; Hex/RGB filled during audit from Mech9 paint-code equivalence cross-reference (Existing registry completed row); matched Model Air Hull Red.,,,,,,,,,,GW_AIR_MOURNFANG_BROWN,Mournfang Brown,Air,Air,#490F06,"73,15,6",22.02,Medium-High,Computed nearest Games Workshop swatch by Euclidean RGB distance from registry R/G/B values.
VAL_MODEL_AIR_GERMAN_YELLOW_BROWN,Vallejo,Model Air,Model Air,MODEL_AIR,71.272,German Yellow Brown,GERMAN_YELLOW_BROWN,#A77237,167,114,55,"167,114,55",Acrylic airbrush paint,Active/Unknown,CC329-R00-Model-Color-NewIC.pdf,Imported from compiled central database; Hex/RGB filled during audit from Mech9 paint-code equivalence cross-reference (Existing registry completed row); matched Model Color Ochre Brown.,,,,,,,,,,GW_FOUNDATION_TAUSEPT_OCHRE,Tausept Ochre,Foundation,Foundation,#A06E3B,"160,110,59",9,High,Computed nearest Games Workshop swatch by Euclidean RGB distance from registry R/G/B values.
VAL_MODEL_AIR_GLOSSY_SEA_BLUE,Vallejo,Model Air,Model Air,MODEL_AIR,71.300,Glossy Sea Blue,GLOSSY_SEA_BLUE,#436872,67,104,114,"67,104,114",Acrylic airbrush paint,Active/Unknown,CC329-R00-Model-Color-NewIC.pdf,Imported from compiled central database; Hex/RGB filled during audit from Mech9 paint-code equivalence cross-reference (Existing registry completed row); matched Model Color Field Blue.,,,,,,,,,,GW_BASE_THE_FANG,The Fang,Base,Base,#436174,"67,97,116",7.28,High,Computed nearest Games Workshop swatch by Euclidean RGB distance from registry R/G/B values.
VAL_MODEL_AIR_GOLD,Vallejo,Model Air,Model Air,MODEL_AIR,71.066,Gold,GOLD,#E7BD42,231,189,66,"231,189,66",Acrylic Paint,Active/Unknown,584217179-Vallejo-Paint-List-frenzycheck-com.xlsx,Imported from compiled central database,,,,,,,,,,GW_LAYER_SHINING_GOLD,Shining Gold,Layer,Layer,#EFB736,"239,183,54",15.62,Medium-High,Computed nearest Games Workshop swatch by Euclidean RGB distance from registry R/G/B values.
VAL_MODEL_AIR_GOLD_YELLOW,Vallejo,Model Air,Model Air,MODEL_AIR,71.078,Gold Yellow,GOLD_YELLOW,#FFE700,255,231,0,"255,231,0",Acrylic Paint,Active/Unknown,584217179-Vallejo-Paint-List-frenzycheck-com.xlsx,Imported from compiled central database,,,,,,,,,,GW_LAYER_PHALANX_YELLOW,Phalanx Yellow,Layer,Layer,#FFE200,"255,226,0",5,High,Computed nearest Games Workshop swatch by Euclidean RGB distance from registry R/G/B values.
VAL_MODEL_AIR_GOLDEN_BROWN,Vallejo,Model Air,Model Air,MODEL_AIR,71.032,Golden Brown,GOLDEN_BROWN,#D88E2D,216,142,45,"216,142,45",Acrylic Paint,Active/Unknown,584217179-Vallejo-Paint-List-frenzycheck-com.xlsx,Imported from compiled central database,,,,,,,,,,GW_LAYER_LEPROUS_BROWN,Leprous Brown,Layer,Layer,#D88E2D,"216,142,45",0,High,Computed nearest Games Workshop swatch by Euclidean RGB distance from registry R/G/B values.
VAL_MODEL_AIR_GREEN_BROWN,Vallejo,Model Air,Model Air,MODEL_AIR,71.030,Green Brown,GREEN_BROWN,#8D7B55,141,123,85,"141,123,85",Acrylic Paint,Active/Unknown,584217179-Vallejo-Paint-List-frenzycheck-com.xlsx,Imported from compiled central database; Hex/RGB filled during audit from Direct RedGrimm Vallejo Model name match (redgrimm army-painter.html); matched Vallejo Model Green Brown.,,,,,,,,,,GW_LAYER_CAMO_GREEN,Camo Green,Layer,Layer,#878D52,"135,141,82",19.21,Medium-High,Computed nearest Games Workshop swatch by Euclidean RGB distance from registry R/G/B values.
VAL_MODEL_AIR_GREEN_RLM_62,Vallejo,Model Air,Model Air,MODEL_AIR,71.104,Green RLM 62,GREEN_RLM_62,#083C2A,8,60,42,"8,60,42",Acrylic Paint,Active/Unknown,584217179-Vallejo-Paint-List-frenzycheck-com.xlsx,Imported from compiled central database; Hex/RGB filled during audit from Mech9 paint-code equivalence cross-reference (Existing registry completed row); matched Game Color Dark Green.,,,,,,,,,,GW_CONTRAST_DARK_ANGELS_GREEN,Dark Angels Green,Contrast,Contrast,#103B20,"16,59,32",12.85,High,Computed nearest Games Workshop swatch by Euclidean RGB distance from registry R/G/B values.
VAL_MODEL_AIR_GREEN_RLM72,Vallejo,Model Air,Model Air,MODEL_AIR,71.263,Green RLM72,GREEN_RLM72,#19423E,25,66,62,"25,66,62",Acrylic airbrush paint,Active/Unknown,CC329-R00-Model-Color-NewIC.pdf,Imported from compiled central database; Hex/RGB filled during audit from Mech9 paint-code equivalence cross-reference (Existing registry completed row); matched Game Color Ink Black Green.,,,,,,,,,,GW_BASE_INCUBI_DARKNESS,Incubi Darkness,Base,Base,#0B474A,"11,71,74",19.1,Medium-High,Computed nearest Games Workshop swatch by Euclidean RGB distance from registry R/G/B values.
VAL_MODEL_AIR_GREEN_RLM73,Vallejo,Model Air,Model Air,MODEL_AIR,71.256,Green RLM73,GREEN_RLM73,#19423E,25,66,62,"25,66,62",Acrylic airbrush paint,Active/Unknown,CC329-R00-Model-Color-NewIC.pdf,Imported from compiled central database; Hex/RGB filled during audit from Mech9 paint-code equivalence cross-reference (Existing registry completed row); matched Game Color Ink Black Green.,,,,,,,,,,GW_BASE_INCUBI_DARKNESS,Incubi Darkness,Base,Base,#0B474A,"11,71,74",19.1,Medium-High,Computed nearest Games Workshop swatch by Euclidean RGB distance from registry R/G/B values.
VAL_MODEL_AIR_GREEN_ZINC_CHROMATE,Vallejo,Model Air,Model Air,MODEL_AIR,71.094,Green Zinc Chromate,GREEN_ZINC_CHROMATE,#6FAE4E,111,174,78,"111,174,78",Acrylic airbrush paint,Active/Unknown,CC329-R00-Model-Color-NewIC.pdf,Imported from compiled central database; Hex/RGB filled during audit from Mech9 paint-code equivalence cross-reference (redgrimm army-painter.html); matched Vallejo Model Lime Green.,,,,,,,,,,GW_LAYER_SCORPION_GREEN,Scorpion Green,Layer,Layer,#65B345,"101,179,69",14.35,High,Computed nearest Games Workshop swatch by Euclidean RGB distance from registry R/G/B values.
VAL_MODEL_AIR_GREY_BLUE,Vallejo,Model Air,Model Air,MODEL_AIR,71.005,Grey Blue,GREY_BLUE,#45708D,69,112,141,"69,112,141",Acrylic airbrush paint,Active/Unknown,CC329-R00-Model-Color-NewIC.pdf,Imported from compiled central database; Hex/RGB filled during audit from Direct RedGrimm Vallejo Model name match (redgrimm vallejo-model.html); matched Vallejo Model Grey Blue.,,,,,,,,,,GW_AIR_RUSS_GREY,Russ Grey,Air,Air,#4F7185,"79,113,133",12.85,High,Computed nearest Games Workshop swatch by Euclidean RGB distance from registry R/G/B values.
VAL_MODEL_AIR_GREY_BLUE_RLM84,Vallejo,Model Air,Model Air,MODEL_AIR,71.103,Grey Blue RLM84,GREY_BLUE_RLM84,#63B521,99,181,33,"99,181,33",Acrylic airbrush paint,Active/Unknown,CC329-R00-Model-Color-NewIC.pdf,Imported from compiled central database; Hex/RGB filled during audit from Registry same paint-code reuse (Existing registry completed row); matched Model Air Grey RLM 84.,,,,,,,,,,GW_TECHNICAL_LUSTRIAN_UNDERGROWTH,Lustrian Undergrowth,Technical,Technical,#709811,"112,152,17",35.58,Medium,Computed nearest Games Workshop swatch by Euclidean RGB distance from registry R/G/B values.
VAL_MODEL_AIR_GREY_GREEN,Vallejo,Model Air,Model Air,MODEL_AIR,71.055,Grey Green,GREY_GREEN,#565A60,86,90,96,"86,90,96",Acrylic Paint,Active/Unknown,584217179-Vallejo-Paint-List-frenzycheck-com.xlsx,Imported from compiled central database; Hex/RGB filled during audit from Direct RedGrimm Vallejo Model name match (redgrimm vallejo-game.html); matched Vallejo Model Grey Green.,,,,,,,,,,GW_AIR_LEADBELCHER,Leadbelcher,Air,Air,#5B5F61,"91,95,97",7.14,High,Computed nearest Games Workshop swatch by Euclidean RGB distance from registry R/G/B values.
VAL_MODEL_AIR_GREY_GREEN_RLM74,Vallejo,Model Air,Model Air,MODEL_AIR,71.258,Grey Green RLM74,GREY_GREEN_RLM74,#4D4A4A,77,74,74,"77,74,74",Acrylic airbrush paint,Active/Unknown,CC329-R00-Model-Color-NewIC.pdf,Imported from compiled central database; Hex/RGB filled during audit from Mech9 paint-code equivalence cross-reference (Existing registry completed row); matched Model Air German Grey.,,,,,,,,,,GW_LAYER_ESHIN_GREY,Eshin Grey,Layer,Layer,#4A4F52,"74,79,82",9.9,High,Computed nearest Games Workshop swatch by Euclidean RGB distance from registry R/G/B values.
VAL_MODEL_AIR_GREY_RLM_84,Vallejo,Model Air,Model Air,MODEL_AIR,71.103,Grey RLM 84,GREY_RLM_84,#63B521,99,181,33,"99,181,33",Acrylic Paint,Active/Unknown,584217179-Vallejo-Paint-List-frenzycheck-com.xlsx,Imported from compiled central database,,,,,,,,,,GW_TECHNICAL_LUSTRIAN_UNDERGROWTH,Lustrian Undergrowth,Technical,Technical,#709811,"112,152,17",35.58,Medium,Computed nearest Games Workshop swatch by Euclidean RGB distance from registry R/G/B values.
VAL_MODEL_AIR_GREY_RLM02,Vallejo,Model Air,Model Air,MODEL_AIR,71.044,Grey RLM02,GREY_RLM02,#083C2A,8,60,42,"8,60,42",Acrylic airbrush paint,Active/Unknown,CC329-R00-Model-Color-NewIC.pdf,Imported from compiled central database; Hex/RGB filled during audit from Mech9 paint-code equivalence cross-reference (Existing registry completed row); matched Game Color Dark Green.,,,,,,,,,,GW_CONTRAST_DARK_ANGELS_GREEN,Dark Angels Green,Contrast,Contrast,#103B20,"16,59,32",12.85,High,Computed nearest Games Workshop swatch by Euclidean RGB distance from registry R/G/B values.
VAL_MODEL_AIR_GREY_VIOLET_RLM75,Vallejo,Model Air,Model Air,MODEL_AIR,71.259,Grey Violet RLM75,GREY_VIOLET_RLM75,#999999,153,153,153,"153,153,153",Acrylic airbrush paint,Active/Unknown,CC329-R00-Model-Color-NewIC.pdf,Imported from compiled central database; Hex/RGB filled during audit from Mech9 paint-code equivalence cross-reference (Existing registry completed row); matched Game Color Cold Grey.,,,,,,,,,,GW_LAYER_ADMINISTRATUM_GREY,Administratum Grey,Layer,Layer,#949B95,"148,155,149",6.71,High,Computed nearest Games Workshop swatch by Euclidean RGB distance from registry R/G/B values.
VAL_MODEL_AIR_GUN_METAL,Vallejo,Model Air,Model Air,MODEL_AIR,71.072,Gun Metal,GUN_METAL,#393939,57,57,57,"57,57,57",Acrylic Paint,Active/Unknown,584217179-Vallejo-Paint-List-frenzycheck-com.xlsx,Imported from compiled central database,,,,,,,,,,GW_BASE_IRON_WARRIORS,Iron Warriors,Base,Base,#393939,"57,57,57",0,High,Computed nearest Games Workshop swatch by Euclidean RGB distance from registry R/G/B values.
VAL_MODEL_AIR_GUNSHIP_GREEN,Vallejo,Model Air,Model Air,MODEL_AIR,71.014,Gunship Green,GUNSHIP_GREEN,#3D685E,61,104,94,"61,104,94",Acrylic airbrush paint,Active/Unknown,CC329-R00-Model-Color-NewIC.pdf,Imported from compiled central database; Hex/RGB filled during audit from Direct RedGrimm Vallejo Model name match (redgrimm army-painter.html); matched Vallejo Model Gunship Green.,,,,,,,,,,GW_AIR_THE_FANG,The Fang,Air,Air,#405B71,"64,91,113",23.22,Medium-High,Computed nearest Games Workshop swatch by Euclidean RGB distance from registry R/G/B values.
VAL_MODEL_AIR_HEMP,Vallejo,Model Air,Model Air,MODEL_AIR,71.023,Hemp,HEMP,#9B8C7B,155,140,123,"155,140,123",Acrylic Paint,Active/Unknown,584217179-Vallejo-Paint-List-frenzycheck-com.xlsx,Imported from compiled central database,,,,,,,,,,GW_LAYER_KOMMANDO_KHAKI,Kommando Khaki,Layer,Layer,#9B8C7B,"155,140,123",0,High,Computed nearest Games Workshop swatch by Euclidean RGB distance from registry R/G/B values.
VAL_MODEL_AIR_HULL_RED,Vallejo,Model Air,Model Air,MODEL_AIR,71.039,Hull Red,HULL_RED,#390008,57,0,8,"57,0,8",Acrylic Paint,Active/Unknown,584217179-Vallejo-Paint-List-frenzycheck-com.xlsx,Imported from compiled central database,,,,,,,,,,GW_AIR_MOURNFANG_BROWN,Mournfang Brown,Air,Air,#490F06,"73,15,6",22.02,Medium-High,Computed nearest Games Workshop swatch by Euclidean RGB distance from registry R/G/B values.
VAL_MODEL_AIR_IDF_SAND_GREY_73,Vallejo,Model Air,Model Air,MODEL_AIR,71.141,IDF Sand Grey 73,IDF_SAND_GREY_73,#DBC58E,219,197,142,"219,197,142",Acrylic airbrush paint,Active/Unknown,CC329-R00-Model-Color-NewIC.pdf,Imported from compiled central database; Hex/RGB filled during audit from Mech9 paint-code equivalence cross-reference (Existing registry completed row); matched Model Air Beige.,,,,,,,,,,GW_BASE_WRAITHBONE,Wraithbone,Base,Base,#DCCB9A,"220,203,154",13.45,High,Computed nearest Games Workshop swatch by Euclidean RGB distance from registry R/G/B values.
VAL_MODEL_AIR_IJA_LIGHT_GREY_GREEN,Vallejo,Model Air,Model Air,MODEL_AIR,71.321,IJA Light Grey Green,IJA_LIGHT_GREY_GREEN,#827E61,130,126,97,"130,126,97",Acrylic airbrush paint,Active/Unknown,CC329-R00-Model-Color-NewIC.pdf,Imported from compiled central database; Hex/RGB filled during audit from Mech9 paint-code equivalence cross-reference (Existing registry completed row); matched Model Color Green Grey.,,,,,,,,,,GW_AIR_BANEBLADE_BROWN,Baneblade Brown,Air,Air,#8F7D69,"143,125,105",15.3,Medium-High,Computed nearest Games Workshop swatch by Euclidean RGB distance from registry R/G/B values.
VAL_MODEL_AIR_INSIGNIA_BLUE,Vallejo,Model Air,Model Air,MODEL_AIR,71.091,Insignia Blue,INSIGNIA_BLUE,#293340,41,51,64,"41,51,64",Acrylic Paint,Active/Unknown,584217179-Vallejo-Paint-List-frenzycheck-com.xlsx; Catalogo_2026-R02.pdf page 28,Imported from compiled central database | Approx Hex/RGB fill: Vallejo 2026 catalog swatch sample (Medium-High).,,,,,,,,,,GW_BASE_IRON_WARRIORS,Iron Warriors,Base,Base,#393939,"57,57,57",18.47,Medium-High,Computed nearest Games Workshop swatch by Euclidean RGB distance from registry R/G/B values.
VAL_MODEL_AIR_INSIGNIA_WHITE,Vallejo,Model Air,Model Air,MODEL_AIR,71.279,Insignia White,INSIGNIA_WHITE,#FFFFFF,255,255,255,"255,255,255",Acrylic airbrush paint,Active/Unknown,CC329-R00-Model-Color-NewIC.pdf,Imported from compiled central database; Hex/RGB filled during audit from Mech9 paint-code equivalence cross-reference (Existing registry completed row); matched Game Color Ink White.,,,,,,,,,,GW_BASE_CORAX_WHITE,Corax White,Base,Base,#FFFFFF,"255,255,255",0,High,Computed nearest Games Workshop swatch by Euclidean RGB distance from registry R/G/B values.
VAL_MODEL_AIR_INTERIOR_GREEN,Vallejo,Model Air,Model Air,MODEL_AIR,71.010,Interior Green,INTERIOR_GREEN,#675F41,103,95,65,"103,95,65",Acrylic Paint,Active/Unknown,584217179-Vallejo-Paint-List-frenzycheck-com.xlsx; Catalogo_2026-R02.pdf page 28,Imported from compiled central database | Approx Hex/RGB fill: Vallejo 2026 catalog swatch sample (Medium-High).,,,,,,,,,,GW_SHADE_MORTARION_GRIME,Mortarion Grime,Shade,Shade,#5A573F,"90,87,63",15.39,Medium-High,Computed nearest Games Workshop swatch by Euclidean RGB distance from registry R/G/B values.
VAL_MODEL_AIR_INTERMEDIATE_BLUE,Vallejo,Model Air,Model Air,MODEL_AIR,71.005,Intermediate Blue,INTERMEDIATE_BLUE,#607A80,96,122,128,"96,122,128",Acrylic Paint,Active/Unknown,584217179-Vallejo-Paint-List-frenzycheck-com.xlsx,Imported from compiled central database; Hex/RGB filled during audit from Direct RedGrimm Vallejo Model name match (redgrimm vallejo-model.html); matched Vallejo Model Intermediate Blue.,,,,,,,,,,GW_LAYER_RUSS_GREY,Russ Grey,Layer,Layer,#547588,"84,117,136",15.26,Medium-High,Computed nearest Games Workshop swatch by Euclidean RGB distance from registry R/G/B values.
VAL_MODEL_AIR_ITALIAN_RED,Vallejo,Model Air,Model Air,MODEL_AIR,71.085,Italian Red,ITALIAN_RED,#DA3630,218,54,48,"218,54,48",Acrylic Paint,Active/Unknown,584217179-Vallejo-Paint-List-frenzycheck-com.xlsx,Imported from compiled central database; Hex/RGB filled during audit from Mech9 paint-code equivalence cross-reference (Existing registry completed row); matched Model Color Scarlet.,,,,,,,,,,GW_DRY_ASTORATH_RED,Astorath Red,Dry,Dry,#DD482B,"221,72,43",18.92,Medium-High,Computed nearest Games Workshop swatch by Euclidean RGB distance from registry R/G/B values.
VAL_MODEL_AIR_IVORY,Vallejo,Model Air,Model Air,MODEL_AIR,71.075,Ivory,IVORY,#EFF1D9,239,241,217,"239,241,217",Acrylic airbrush paint,Active/Unknown,CC329-R00-Model-Color-NewIC.pdf,Imported from compiled central database; Hex/RGB filled during audit from Direct RedGrimm Vallejo Model name match (redgrimm vallejo-game.html); matched Vallejo Model Ivory.,,,,,,,,,,GW_TECHNICAL_LAHMIAN_MEDIUM,Lahmian Medium,Technical,Technical,#F5EDE2,"245,237,226",11.53,High,Computed nearest Games Workshop swatch by Euclidean RGB distance from registry R/G/B values.
VAL_MODEL_AIR_IVORY_RLM05,Vallejo,Model Air,Model Air,MODEL_AIR,71.106,Ivory RLM05,IVORY_RLM05,#E7EFC6,231,239,198,"231,239,198",Acrylic airbrush paint,Active/Unknown,CC329-R00-Model-Color-NewIC.pdf,Imported from compiled central database; Hex/RGB filled during audit from Mech9 paint-code equivalence cross-reference (Existing registry completed row); matched Model Color German Yellow.,,,,,,,,,,GW_AIR_TYPHON_ASH,Typhon Ash,Air,Air,#E4D8C2,"228,216,194",23.54,Medium-High,Computed nearest Games Workshop swatch by Euclidean RGB distance from registry R/G/B values.
VAL_MODEL_AIR_KHAKI_BROWN,Vallejo,Model Air,Model Air,MODEL_AIR,71.024,Khaki Brown,KHAKI_BROWN,#705E50,112,94,80,"112,94,80",Acrylic Paint,Active/Unknown,584217179-Vallejo-Paint-List-frenzycheck-com.xlsx,Imported from compiled central database; Hex/RGB filled during audit from Mech9 paint-code equivalence cross-reference (Existing registry completed row); matched Model Air Dark Earth.,,,,,,,,,,GW_FOUNDATION_KHEMRI_BROWN,Khemri Brown,Foundation,Foundation,#73614D,"115,97,77",5.2,High,Computed nearest Games Workshop swatch by Euclidean RGB distance from registry R/G/B values.
VAL_MODEL_AIR_LIGHT_BLUE_RLM65,Vallejo,Model Air,Model Air,MODEL_AIR,71.255,Light Blue RLM65,LIGHT_BLUE_RLM65,#83B5B2,131,181,178,"131,181,178",Acrylic airbrush paint,Active/Unknown,CC329-R00-Model-Color-NewIC.pdf,Imported from compiled central database; Hex/RGB filled during audit from Mech9 paint-code equivalence cross-reference (Existing registry completed row); matched Model Air Pale Blue.,,,,,,,,,,GW_LAYER_GAUSS_BLASTER_GREEN,Gauss Blaster Green,Layer,Layer,#84C2A9,"132,194,169",15.84,Medium-High,Computed nearest Games Workshop swatch by Euclidean RGB distance from registry R/G/B values.
VAL_MODEL_AIR_LIGHT_BLUE_RLM76,Vallejo,Model Air,Model Air,MODEL_AIR,71.257,Light Blue RLM76,LIGHT_BLUE_RLM76,#83B5B2,131,181,178,"131,181,178",Acrylic airbrush paint,Active/Unknown,CC329-R00-Model-Color-NewIC.pdf,Imported from compiled central database; Hex/RGB filled during audit from Mech9 paint-code equivalence cross-reference (Existing registry completed row); matched Model Air Pale Blue.,,,,,,,,,,GW_LAYER_GAUSS_BLASTER_GREEN,Gauss Blaster Green,Layer,Layer,#84C2A9,"132,194,169",15.84,Medium-High,Computed nearest Games Workshop swatch by Euclidean RGB distance from registry R/G/B values.
VAL_MODEL_AIR_LIGHT_BLUE_RLM78,Vallejo,Model Air,Model Air,MODEL_AIR,71.101,Light Blue RLM78,LIGHT_BLUE_RLM78,#83B5B2,131,181,178,"131,181,178",Acrylic airbrush paint,Active/Unknown,CC329-R00-Model-Color-NewIC.pdf,Imported from compiled central database; Hex/RGB filled during audit from Mech9 paint-code equivalence cross-reference (Existing registry completed row); matched Model Air Pale Blue.,,,,,,,,,,GW_LAYER_GAUSS_BLASTER_GREEN,Gauss Blaster Green,Layer,Layer,#84C2A9,"132,194,169",15.84,Medium-High,Computed nearest Games Workshop swatch by Euclidean RGB distance from registry R/G/B values.
VAL_MODEL_AIR_LIGHT_BROWN,Vallejo,Model Air,Model Air,MODEL_AIR,71.027,Light Brown,LIGHT_BROWN,#BF764E,191,118,78,"191,118,78",Acrylic Paint,Active/Unknown,584217179-Vallejo-Paint-List-frenzycheck-com.xlsx,Imported from compiled central database,,,,,,,,,,GW_DRY_GOLGFAG_BROWN,Golgfag Brown,Dry,Dry,#C2804F,"194,128,79",10.49,High,Computed nearest Games Workshop swatch by Euclidean RGB distance from registry R/G/B values.
VAL_MODEL_AIR_LIGHT_GREEN,Vallejo,Model Air,Model Air,MODEL_AIR,71.006,Light Green,LIGHT_GREEN,#00A850,0,168,80,"0,168,80",Acrylic Paint,Active/Unknown,584217179-Vallejo-Paint-List-frenzycheck-com.xlsx,Imported from compiled central database; Hex/RGB filled during audit from Direct RedGrimm Vallejo Model name match (redgrimm vallejo-model.html); matched Vallejo Model Light Green.,,,,,,,,,,GW_CONTRAST_HEXWRAITH_FLAME,Hexwraith Flame,Contrast,Contrast,#00AA5C,"0,170,92",12.17,High,Computed nearest Games Workshop swatch by Euclidean RGB distance from registry R/G/B values.
VAL_MODEL_AIR_LIGHT_GREEN_CHROMATE,Vallejo,Model Air,Model Air,MODEL_AIR,71.006,Light Green Chromate,LIGHT_GREEN_CHROMATE,#63B521,99,181,33,"99,181,33",Acrylic airbrush paint,Active/Unknown,CC329-R00-Model-Color-NewIC.pdf,Imported from compiled central database; Hex/RGB filled during audit from Mech9 paint-code equivalence cross-reference (Existing registry completed row); matched Game Color Goblin Green.,,,,,,,,,,GW_TECHNICAL_LUSTRIAN_UNDERGROWTH,Lustrian Undergrowth,Technical,Technical,#709811,"112,152,17",35.58,Medium,Computed nearest Games Workshop swatch by Euclidean RGB distance from registry R/G/B values.
VAL_MODEL_AIR_LIGHT_GREEN_RLM82,Vallejo,Model Air,Model Air,MODEL_AIR,71.022,Light Green RLM82,LIGHT_GREEN_RLM82,#434F38,67,79,56,"67,79,56",Acrylic airbrush paint,Active/Unknown,CC329-R00-Model-Color-NewIC.pdf,Imported from compiled central database; Hex/RGB filled during audit from Mech9 paint-code equivalence cross-reference (Existing registry completed row); matched Game Color Heavy Green.,,,,,,,,,,GW_LAYER_THRAKA_GREEN_WASH,Thraka Green Wash,Layer,Layer,#434F38,"67,79,56",0,High,Computed nearest Games Workshop swatch by Euclidean RGB distance from registry R/G/B values.
VAL_MODEL_AIR_LIGHT_GREY,Vallejo,Model Air,Model Air,MODEL_AIR,71.050,Light Grey,LIGHT_GREY,#949C9A,148,156,154,"148,156,154",Acrylic Paint,Active/Unknown,584217179-Vallejo-Paint-List-frenzycheck-com.xlsx,Imported from compiled central database; Hex/RGB filled during audit from Direct RedGrimm Vallejo Model name match (redgrimm army-painter.html); matched Vallejo Model Light Grey.,,,,,,,,,,GW_LAYER_ADMINISTRATUM_GREY,Administratum Grey,Layer,Layer,#949B95,"148,155,149",5.1,High,Computed nearest Games Workshop swatch by Euclidean RGB distance from registry R/G/B values.
VAL_MODEL_AIR_LIGHT_GREY_GREEN,Vallejo,Model Air,Model Air,MODEL_AIR,71.044,Light Grey Green,LIGHT_GREY_GREEN,#083C2A,8,60,42,"8,60,42",Acrylic Paint,Active/Unknown,584217179-Vallejo-Paint-List-frenzycheck-com.xlsx,Imported from compiled central database; Hex/RGB filled during audit from Mech9 paint-code equivalence cross-reference (Existing registry completed row); matched Game Color Dark Green.,,,,,,,,,,GW_CONTRAST_DARK_ANGELS_GREEN,Dark Angels Green,Contrast,Contrast,#103B20,"16,59,32",12.85,High,Computed nearest Games Workshop swatch by Euclidean RGB distance from registry R/G/B values.
VAL_MODEL_AIR_LIGHT_RED,Vallejo,Model Air,Model Air,MODEL_AIR,71.086,Light Red,LIGHT_RED,#E1431E,225,67,30,"225,67,30",Acrylic Paint,Active/Unknown,584217179-Vallejo-Paint-List-frenzycheck-com.xlsx; Catalogo_2026-R02.pdf page 28,Imported from compiled central database | Approx Hex/RGB fill: Vallejo 2026 catalog swatch sample (Medium-High).,,,,,,,,,,GW_DRY_ASTORATH_RED,Astorath Red,Dry,Dry,#DD482B,"221,72,43",14.49,High,Computed nearest Games Workshop swatch by Euclidean RGB distance from registry R/G/B values.
VAL_MODEL_AIR_LIGHT_SEA_BLUE,Vallejo,Model Air,Model Air,MODEL_AIR,71.089,Light Sea Blue,LIGHT_SEA_BLUE,#00A6DA,0,166,218,"0,166,218",Acrylic Paint,Active/Unknown,584217179-Vallejo-Paint-List-frenzycheck-com.xlsx,Imported from compiled central database; Hex/RGB filled during audit from Mech9 paint-code equivalence cross-reference (Existing registry completed row); matched Model Color Deep Sky Blue.,,,,,,,,,,GW_CONTRAST_KROXIGOR_SCALES,Kroxigor Scales,Contrast,Contrast,#00A9C0,"0,169,192",26.17,Medium-High,Computed nearest Games Workshop swatch by Euclidean RGB distance from registry R/G/B values.
VAL_MODEL_AIR_MAHAGONY,Vallejo,Model Air,Model Air,MODEL_AIR,71.036,Mahagony,MAHAGONY,#940008,148,0,8,"148,0,8",Acrylic Paint,Active/Unknown,584217179-Vallejo-Paint-List-frenzycheck-com.xlsx,Imported from compiled central database,,,,,,,,,,GW_AIR_MEPHISTON_RED,Mephiston Red,Air,Air,#960D09,"150,13,9",13.19,High,Computed nearest Games Workshop swatch by Euclidean RGB distance from registry R/G/B values.
VAL_MODEL_AIR_MEDIUM_GRAY,Vallejo,Model Air,Model Air,MODEL_AIR,71.114,Medium Gray,MEDIUM_GRAY,#909B85,144,155,133,"144,155,133",Acrylic airbrush paint,Active/Unknown,CC329-R00-Model-Color-NewIC.pdf,Imported from compiled central database; Hex/RGB filled during audit from Direct RedGrimm Vallejo Model name match (redgrimm vallejo-model.html); matched Vallejo Model Medium Grey.,,,,,,,,,,GW_AIR_ADMINISTRATUM_GREY,Administratum Grey,Air,Air,#909691,"144,150,145",13,High,Computed nearest Games Workshop swatch by Euclidean RGB distance from registry R/G/B values.
VAL_MODEL_AIR_MEDIUM_GREEN,Vallejo,Model Air,Model Air,MODEL_AIR,71.092,Medium Green,MEDIUM_GREEN,#083C2A,8,60,42,"8,60,42",Acrylic Paint,Active/Unknown,584217179-Vallejo-Paint-List-frenzycheck-com.xlsx,Imported from compiled central database; Hex/RGB filled during audit from Mech9 paint-code equivalence cross-reference (Existing registry completed row); matched Game Color Dark Green.,,,,,,,,,,GW_CONTRAST_DARK_ANGELS_GREEN,Dark Angels Green,Contrast,Contrast,#103B20,"16,59,32",12.85,High,Computed nearest Games Workshop swatch by Euclidean RGB distance from registry R/G/B values.
VAL_MODEL_AIR_MEDIUM_GUNSHIP_GRAY,Vallejo,Model Air,Model Air,MODEL_AIR,71.097,Medium Gunship Gray,MEDIUM_GUNSHIP_GRAY,#999999,153,153,153,"153,153,153",Acrylic airbrush paint,Active/Unknown,CC329-R00-Model-Color-NewIC.pdf,Imported from compiled central database; Hex/RGB filled during audit from Registry same paint-code reuse (Existing registry completed row); matched Model Air Base Grey.,,,,,,,,,,GW_LAYER_ADMINISTRATUM_GREY,Administratum Grey,Layer,Layer,#949B95,"148,155,149",6.71,High,Computed nearest Games Workshop swatch by Euclidean RGB distance from registry R/G/B values.
VAL_MODEL_AIR_MEDIUM_OLIVE,Vallejo,Model Air,Model Air,MODEL_AIR,71.092,Medium Olive,MEDIUM_OLIVE,#226B2E,34,107,46,"34,107,46",Acrylic airbrush paint,Active/Unknown,CC329-R00-Model-Color-NewIC.pdf,Imported from compiled central database; Hex/RGB filled during audit from Direct RedGrimm Vallejo Model name match (redgrimm vallejo-game.html); matched Vallejo Model Medium Olive.,,,,,,,,,,GW_LAYER_WARPSTONE_GLOW,Warpstone Glow,Layer,Layer,#1E7331,"30,115,49",9.43,High,Computed nearest Games Workshop swatch by Euclidean RGB distance from registry R/G/B values.
VAL_MODEL_AIR_MEDIUM_YELLOW,Vallejo,Model Air,Model Air,MODEL_AIR,71.002,Medium Yellow,MEDIUM_YELLOW,#741330,116,19,48,"116,19,48",Acrylic airbrush paint,Active/Unknown,CC329-R00-Model-Color-NewIC.pdf,Imported from compiled central database; Hex/RGB filled during audit from Registry same paint-code reuse (Existing registry completed row); matched Model Air Scarlet Red.,,,,,,,,,,GW_CONTRAST_SIGVALD_BURGUNDY,Sigvald Burgundy,Contrast,Contrast,#7A123B,"122,18,59",12.57,High,Computed nearest Games Workshop swatch by Euclidean RGB distance from registry R/G/B values.
VAL_MODEL_AIR_MIDDLE_STONE,Vallejo,Model Air,Model Air,MODEL_AIR,71.031,Middle Stone,MIDDLE_STONE,#A77237,167,114,55,"167,114,55",Acrylic airbrush paint,Active/Unknown,CC329-R00-Model-Color-NewIC.pdf,Imported from compiled central database; Hex/RGB filled during audit from Mech9 paint-code equivalence cross-reference (Existing registry completed row); matched Model Color Ochre Brown.,,,,,,,,,,GW_FOUNDATION_TAUSEPT_OCHRE,Tausept Ochre,Foundation,Foundation,#A06E3B,"160,110,59",9,High,Computed nearest Games Workshop swatch by Euclidean RGB distance from registry R/G/B values.
VAL_MODEL_AIR_MUD_BROWN,Vallejo,Model Air,Model Air,MODEL_AIR,71.037,Mud Brown,MUD_BROWN,#8D654B,141,101,75,"141,101,75",Acrylic Paint,Active/Unknown,584217179-Vallejo-Paint-List-frenzycheck-com.xlsx; Catalogo_2026-R02.pdf page 28,Imported from compiled central database | Approx Hex/RGB fill: Vallejo 2026 catalog swatch sample (Medium-High).,,,,,,,,,,GW_AIR_BALTHASAR_GOLD,Balthasar Gold,Air,Air,#8F5F45,"143,95,69",8.72,High,Computed nearest Games Workshop swatch by Euclidean RGB distance from registry R/G/B values.
VAL_MODEL_AIR_NATO_BROWN,Vallejo,Model Air,Model Air,MODEL_AIR,71.249,NATO Brown,NATO_BROWN,#764823,118,72,35,"118,72,35",Acrylic airbrush paint,Active/Unknown,CC329-R00-Model-Color-NewIC.pdf,Imported from compiled central database; Hex/RGB filled during audit from Mech9 paint-code equivalence cross-reference (Existing registry completed row); matched Game Color Leather Brown.,,,,,,,,,,GW_BASE_XV_88,XV-88,Base,Base,#72491E,"114,73,30",6.48,High,Computed nearest Games Workshop swatch by Euclidean RGB distance from registry R/G/B values.
VAL_MODEL_AIR_OCHRE,Vallejo,Model Air,Model Air,MODEL_AIR,71.033,Ochre,OCHRE,#D7BF75,215,191,117,"215,191,117",Acrylic Paint,Active/Unknown,584217179-Vallejo-Paint-List-frenzycheck-com.xlsx,Imported from compiled central database; Hex/RGB filled during audit from Mech9 paint-code equivalence cross-reference (Existing registry completed row); matched Mecha Color Sand Yellow.,,,,,,,,,,GW_LAYER_BURNISHED_GOLD,Burnished Gold,Layer,Layer,#E0C068,"224,192,104",15.84,Medium-High,Computed nearest Games Workshop swatch by Euclidean RGB distance from registry R/G/B values.
VAL_MODEL_AIR_OFF_WHITE,Vallejo,Model Air,Model Air,MODEL_AIR,71.270,Off-White,OFF_WHITE,#F5F4DA,245,244,218,"245,244,218",Acrylic airbrush paint,Active/Unknown,CC329-R00-Model-Color-NewIC.pdf,Imported from compiled central database; Hex/RGB filled during audit from Direct RedGrimm Vallejo Game name match (redgrimm army-painter.html); matched Vallejo Game Offwhite.,,,,,,,,,,GW_TECHNICAL_LAHMIAN_MEDIUM,Lahmian Medium,Technical,Technical,#F5EDE2,"245,237,226",10.63,High,Computed nearest Games Workshop swatch by Euclidean RGB distance from registry R/G/B values.
VAL_MODEL_AIR_OLIVE_DRAB,Vallejo,Model Air,Model Air,MODEL_AIR,71.043,Olive Drab,OLIVE_DRAB,#083C2A,8,60,42,"8,60,42",Acrylic Paint,Active/Unknown,584217179-Vallejo-Paint-List-frenzycheck-com.xlsx,Imported from compiled central database; Hex/RGB filled during audit from Mech9 paint-code equivalence cross-reference (Existing registry completed row); matched Game Color Dark Green.,,,,,,,,,,GW_CONTRAST_DARK_ANGELS_GREEN,Dark Angels Green,Contrast,Contrast,#103B20,"16,59,32",12.85,High,Computed nearest Games Workshop swatch by Euclidean RGB distance from registry R/G/B values.
VAL_MODEL_AIR_OLIVE_GREEN,Vallejo,Model Air,Model Air,MODEL_AIR,71.007,Olive Green,OLIVE_GREEN,#6A8B3A,106,139,58,"106,139,58",Acrylic Paint,Active/Unknown,584217179-Vallejo-Paint-List-frenzycheck-com.xlsx,Imported from compiled central database; Hex/RGB filled during audit from Direct RedGrimm Vallejo Model name match (redgrimm vallejo-model.html); matched Vallejo Model Olive Green.,,,,,,,,,,GW_AIR_ELYSIAN_GREEN,Elysian Green,Air,Air,#6B8D37,"107,141,55",3.74,High,Computed nearest Games Workshop swatch by Euclidean RGB distance from registry R/G/B values.
VAL_MODEL_AIR_OLIVE_GREEN_RLM80,Vallejo,Model Air,Model Air,MODEL_AIR,71.265,Olive Green RLM80,OLIVE_GREEN_RLM80,#083C2A,8,60,42,"8,60,42",Acrylic airbrush paint,Active/Unknown,CC329-R00-Model-Color-NewIC.pdf,Imported from compiled central database; Hex/RGB filled during audit from Mech9 paint-code equivalence cross-reference (Existing registry completed row); matched Game Color Dark Green.,,,,,,,,,,GW_CONTRAST_DARK_ANGELS_GREEN,Dark Angels Green,Contrast,Contrast,#103B20,"16,59,32",12.85,High,Computed nearest Games Workshop swatch by Euclidean RGB distance from registry R/G/B values.
VAL_MODEL_AIR_OLIVE_GREY,Vallejo,Model Air,Model Air,MODEL_AIR,71.015,Olive Grey,OLIVE_GREY,#455440,69,84,64,"69,84,64",Acrylic Paint,Active/Unknown,584217179-Vallejo-Paint-List-frenzycheck-com.xlsx,Imported from compiled central database,,,,,,,,,,GW_LAYER_CATACHAN_GREEN,Catachan Green,Layer,Layer,#455440,"69,84,64",0,High,Computed nearest Games Workshop swatch by Euclidean RGB distance from registry R/G/B values.
VAL_MODEL_AIR_ORANGE,Vallejo,Model Air,Model Air,MODEL_AIR,71.083,Orange,ORANGE,#E76738,231,103,56,"231,103,56",Acrylic Paint,Active/Unknown,584217179-Vallejo-Paint-List-frenzycheck-com.xlsx,Imported from compiled central database; Hex/RGB filled during audit from Direct RedGrimm Vallejo Model name match (Vallejo Colors PDF); matched Vallejo Model Orange.,,,,,,,,,,GW_LAYER_TROLL_SLAYER_ORANGE,Troll Slayer Orange,Layer,Layer,#F36D2D,"243,109,45",17.35,Medium-High,Computed nearest Games Workshop swatch by Euclidean RGB distance from registry R/G/B values.
VAL_MODEL_AIR_OXFORD_BLUE,Vallejo,Model Air,Model Air,MODEL_AIR,71.049,Oxford Blue,OXFORD_BLUE,#3A465F,58,70,95,"58,70,95",Acrylic Paint,Active/Unknown,584217179-Vallejo-Paint-List-frenzycheck-com.xlsx,Imported from compiled central database; Hex/RGB filled during audit from Direct RedGrimm Vallejo Model name match (redgrimm vallejo-model.html); matched Vallejo Model Oxford Blue.,,,,,,,,,,GW_FOUNDATION_FENRIS_GREY,Fenris Grey,Foundation,Foundation,#2C4363,"44,67,99",14.87,High,Computed nearest Games Workshop swatch by Euclidean RGB distance from registry R/G/B values.
VAL_MODEL_AIR_PALE_BLUE,Vallejo,Model Air,Model Air,MODEL_AIR,71.008,Pale Blue,PALE_BLUE,#83B5B2,131,181,178,"131,181,178",Acrylic Paint,Active/Unknown,584217179-Vallejo-Paint-List-frenzycheck-com.xlsx,Imported from compiled central database,,,,,,,,,,GW_LAYER_GAUSS_BLASTER_GREEN,Gauss Blaster Green,Layer,Layer,#84C2A9,"132,194,169",15.84,Medium-High,Computed nearest Games Workshop swatch by Euclidean RGB distance from registry R/G/B values.
VAL_MODEL_AIR_PALE_GREEN,Vallejo,Model Air,Model Air,MODEL_AIR,71.095,Pale Green,PALE_GREEN,#106B21,16,107,33,"16,107,33",Acrylic Paint,Active/Unknown,584217179-Vallejo-Paint-List-frenzycheck-com.xlsx,Imported from compiled central database,,,,,,,,,,GW_LAYER_WARPSTONE_GLOW,Warpstone Glow,Layer,Layer,#1E7331,"30,115,49",22.72,Medium-High,Computed nearest Games Workshop swatch by Euclidean RGB distance from registry R/G/B values.
VAL_MODEL_AIR_PALE_GREY_BLUE,Vallejo,Model Air,Model Air,MODEL_AIR,71.046,Pale Grey Blue,PALE_GREY_BLUE,#CEDEE7,206,222,231,"206,222,231",Acrylic Paint,Active/Unknown,584217179-Vallejo-Paint-List-frenzycheck-com.xlsx,Imported from compiled central database,,,,,,,,,,GW_LAYER_SPACE_WOLVES_GREY,Space Wolves Grey,Layer,Layer,#CEDEE7,"206,222,231",0,High,Computed nearest Games Workshop swatch by Euclidean RGB distance from registry R/G/B values.
VAL_MODEL_AIR_PANZER_DARK_GREY,Vallejo,Model Air,Model Air,MODEL_AIR,71.056,Panzer Dark Grey,PANZER_DARK_GREY,#4D4A4A,77,74,74,"77,74,74",Acrylic airbrush paint,Active/Unknown,CC329-R00-Model-Color-NewIC.pdf,Imported from compiled central database; Hex/RGB filled during audit from Mech9 paint-code equivalence cross-reference (Existing registry completed row); matched Model Air German Grey.,,,,,,,,,,GW_LAYER_ESHIN_GREY,Eshin Grey,Layer,Layer,#4A4F52,"74,79,82",9.9,High,Computed nearest Games Workshop swatch by Euclidean RGB distance from registry R/G/B values.
VAL_MODEL_AIR_PANZER_OCHRE,Vallejo,Model Air,Model Air,MODEL_AIR,71.081,Panzer Ochre,PANZER_OCHRE,#796A3B,121,106,59,"121,106,59",Acrylic Paint,Active/Unknown,584217179-Vallejo-Paint-List-frenzycheck-com.xlsx; Catalogo_2026-R02.pdf page 28,Imported from compiled central database | Approx Hex/RGB fill: Vallejo 2026 catalog swatch sample (Medium-High).,,,,,,,,,,GW_FOUNDATION_GRETCHIN_GREEN,Gretchin Green,Foundation,Foundation,#7E6930,"126,105,48",12.12,High,Computed nearest Games Workshop swatch by Euclidean RGB distance from registry R/G/B values.
VAL_MODEL_AIR_PANZER_OLIVE_GREEN,Vallejo,Model Air,Model Air,MODEL_AIR,71.096,Panzer Olive Green,PANZER_OLIVE_GREEN,#083C2A,8,60,42,"8,60,42",Acrylic Paint,Active/Unknown,584217179-Vallejo-Paint-List-frenzycheck-com.xlsx,Imported from compiled central database; Hex/RGB filled during audit from Mech9 paint-code equivalence cross-reference (Existing registry completed row); matched Game Color Dark Green.,,,,,,,,,,GW_CONTRAST_DARK_ANGELS_GREEN,Dark Angels Green,Contrast,Contrast,#103B20,"16,59,32",12.85,High,Computed nearest Games Workshop swatch by Euclidean RGB distance from registry R/G/B values.
VAL_MODEL_AIR_RADOME_TAN,Vallejo,Model Air,Model Air,MODEL_AIR,71.074,Radome Tan,RADOME_TAN,#DBC58E,219,197,142,"219,197,142",Acrylic Paint,Active/Unknown,584217179-Vallejo-Paint-List-frenzycheck-com.xlsx,Imported from compiled central database; Hex/RGB filled during audit from Registry same paint-code reuse (Existing registry completed row); matched Model Air Beige.,,,,,,,,,,GW_BASE_WRAITHBONE,Wraithbone,Base,Base,#DCCB9A,"220,203,154",13.45,High,Computed nearest Games Workshop swatch by Euclidean RGB distance from registry R/G/B values.
VAL_MODEL_AIR_RED,Vallejo,Model Air,Model Air,MODEL_AIR,71.269,Red,RED,#91323A,145,50,58,"145,50,58",Acrylic airbrush paint,Active/Unknown,CC329-R00-Model-Color-NewIC.pdf,Imported from compiled central database; Hex/RGB filled during audit from Direct RedGrimm Vallejo Model name match (redgrimm army-painter.html); matched Vallejo Model Red.,,,,,,,,,,GW_LAYER_TUSKIGOR_FUR,Tuskigor Fur,Layer,Layer,#883636,"136,54,54",10.63,High,Computed nearest Games Workshop swatch by Euclidean RGB distance from registry R/G/B values.
VAL_MODEL_AIR_RED_FLUORESCENT,Vallejo,Model Air,Model Air,MODEL_AIR,71.082,Red Fluorescent,RED_FLUORESCENT,#EB5F4D,235,95,77,"235,95,77",Acrylic Paint,Active/Unknown,584217179-Vallejo-Paint-List-frenzycheck-com.xlsx; Catalogo_2026-R02.pdf page 28,Imported from compiled central database | Approx Hex/RGB fill: Vallejo 2026 catalog swatch sample (Medium-High).,,,,,,,,,,GW_GLAZE_BLOODLETTER,Bloodletter,Glaze,Glaze,#F37355,"243,115,85",22.98,Medium-High,Computed nearest Games Workshop swatch by Euclidean RGB distance from registry R/G/B values.
VAL_MODEL_AIR_RED_RLM_23,Vallejo,Model Air,Model Air,MODEL_AIR,71.102,Red RLM 23,RED_RLM_23,#B22C31,178,44,49,"178,44,49",Acrylic Paint,Active/Unknown,584217179-Vallejo-Paint-List-frenzycheck-com.xlsx; Catalogo_2026-R02.pdf page 28,Imported from compiled central database | Approx Hex/RGB fill: Vallejo 2026 catalog swatch sample (Medium-High).,,,,,,,,,,GW_LAYER_RED_GORE,Red Gore,Layer,Layer,#9D2B3F,"157,43,63",25.26,Medium-High,Computed nearest Games Workshop swatch by Euclidean RGB distance from registry R/G/B values.
VAL_MODEL_AIR_RED_RLM23,Vallejo,Model Air,Model Air,MODEL_AIR,71.003,Red RLM23,RED_RLM23,#FF3108,255,49,8,"255,49,8",Acrylic airbrush paint,Active/Unknown,CC329-R00-Model-Color-NewIC.pdf,Imported from compiled central database; Hex/RGB filled during audit from Registry same paint-code reuse (Existing registry completed row); matched Model Air Blue.,,,,,,,,,,GW_BASE_JOKAERO_ORANGE,Jokaero Orange,Base,Base,#EE3823,"238,56,35",32.66,Medium-High,Computed nearest Games Workshop swatch by Euclidean RGB distance from registry R/G/B values.
VAL_MODEL_AIR_RUSSIAN_GREEN,Vallejo,Model Air,Model Air,MODEL_AIR,71.017,Russian Green,RUSSIAN_GREEN,#313B3D,49,59,61,"49,59,61",Acrylic Paint,Active/Unknown,584217179-Vallejo-Paint-List-frenzycheck-com.xlsx,Imported from compiled central database; Hex/RGB filled during audit from Direct RedGrimm Vallejo Model name match (Vallejo Colors PDF); matched Vallejo Model Russian Green.,,,,,,,,,,GW_BASE_IRON_WARRIORS,Iron Warriors,Base,Base,#393939,"57,57,57",9.17,High,Computed nearest Games Workshop swatch by Euclidean RGB distance from registry R/G/B values.
VAL_MODEL_AIR_RUST,Vallejo,Model Air,Model Air,MODEL_AIR,71.080,Rust,RUST,#89584F,137,88,79,"137,88,79",Acrylic airbrush paint,Active/Unknown,CC329-R00-Model-Color-NewIC.pdf,Imported from compiled central database; Hex/RGB filled during audit from Mech9 paint-code equivalence cross-reference (redgrimm vallejo-model.html); matched Vallejo Model Saddle Brown.,,,,,,,,,,GW_AIR_BALTHASAR_GOLD,Balthasar Gold,Air,Air,#8F5F45,"143,95,69",13.6,High,Computed nearest Games Workshop swatch by Euclidean RGB distance from registry R/G/B values.
VAL_MODEL_AIR_RUST_METALLIC,Vallejo,Model Air,Model Air,MODEL_AIR,71.069,Rust Metallic,RUST_METALLIC,#73372D,115,55,45,"115,55,45",Acrylic Paint,Active/Unknown,584217179-Vallejo-Paint-List-frenzycheck-com.xlsx,Imported from compiled central database; Hex/RGB filled during audit from Mech9 paint-code equivalence cross-reference (Existing registry completed row); matched Mecha Color Metallic Copper.,,,,,,,,,,GW_LAYER_BEATEN_COPPER,Beaten Copper,Layer,Layer,#73372D,"115,55,45",0,High,Computed nearest Games Workshop swatch by Euclidean RGB distance from registry R/G/B values.
VAL_MODEL_AIR_SAND,Vallejo,Model Air,Model Air,MODEL_AIR,71.075,Sand,SAND,#9C8855,156,136,85,"156,136,85",Acrylic Paint,Active/Unknown,584217179-Vallejo-Paint-List-frenzycheck-com.xlsx,Imported from compiled central database; Hex/RGB filled during audit from Mech9 paint-code equivalence cross-reference (Existing registry completed row); matched Game Color Desert Yellow.,,,,,,,,,,GW_BASE_HOBGROT_HIDE,Hobgrot Hide,Base,Base,#9C8855,"156,136,85",0,High,Computed nearest Games Workshop swatch by Euclidean RGB distance from registry R/G/B values.
VAL_MODEL_AIR_SAND_BROWN,Vallejo,Model Air,Model Air,MODEL_AIR,71.034,Sand Brown,SAND_BROWN,#764823,118,72,35,"118,72,35",Acrylic airbrush paint,Active/Unknown,CC329-R00-Model-Color-NewIC.pdf,Imported from compiled central database; Hex/RGB filled during audit from Mech9 paint-code equivalence cross-reference (Existing registry completed row); matched Game Color Leather Brown.,,,,,,,,,,GW_BASE_XV_88,XV-88,Base,Base,#72491E,"114,73,30",6.48,High,Computed nearest Games Workshop swatch by Euclidean RGB distance from registry R/G/B values.
VAL_MODEL_AIR_SAND_YELLOW,Vallejo,Model Air,Model Air,MODEL_AIR,71.028,Sand Yellow,SAND_YELLOW,#D7BF75,215,191,117,"215,191,117",Acrylic Paint,Active/Unknown,584217179-Vallejo-Paint-List-frenzycheck-com.xlsx,Imported from compiled central database,,,,,,,,,,GW_LAYER_BURNISHED_GOLD,Burnished Gold,Layer,Layer,#E0C068,"224,192,104",15.84,Medium-High,Computed nearest Games Workshop swatch by Euclidean RGB distance from registry R/G/B values.
VAL_MODEL_AIR_SAND_YELLOW_RLM79,Vallejo,Model Air,Model Air,MODEL_AIR,71.278,Sand Yellow RLM79,SAND_YELLOW_RLM79,#764823,118,72,35,"118,72,35",Acrylic airbrush paint,Active/Unknown,CC329-R00-Model-Color-NewIC.pdf,Imported from compiled central database; Hex/RGB filled during audit from Mech9 paint-code equivalence cross-reference (Existing registry completed row); matched Game Color Leather Brown.,,,,,,,,,,GW_BASE_XV_88,XV-88,Base,Base,#72491E,"114,73,30",6.48,High,Computed nearest Games Workshop swatch by Euclidean RGB distance from registry R/G/B values.
VAL_MODEL_AIR_SANDY_BROWN,Vallejo,Model Air,Model Air,MODEL_AIR,71.034,Sandy Brown,SANDY_BROWN,#764823,118,72,35,"118,72,35",Acrylic Paint,Active/Unknown,584217179-Vallejo-Paint-List-frenzycheck-com.xlsx,Imported from compiled central database; Hex/RGB filled during audit from Mech9 paint-code equivalence cross-reference (Existing registry completed row); matched Game Color Leather Brown.,,,,,,,,,,GW_BASE_XV_88,XV-88,Base,Base,#72491E,"114,73,30",6.48,High,Computed nearest Games Workshop swatch by Euclidean RGB distance from registry R/G/B values.
VAL_MODEL_AIR_SCARLET_RED,Vallejo,Model Air,Model Air,MODEL_AIR,71.002,Scarlet Red,SCARLET_RED,#741330,116,19,48,"116,19,48",Acrylic Paint,Active/Unknown,584217179-Vallejo-Paint-List-frenzycheck-com.xlsx,Imported from compiled central database,,,,,,,,,,GW_CONTRAST_SIGVALD_BURGUNDY,Sigvald Burgundy,Contrast,Contrast,#7A123B,"122,18,59",12.57,High,Computed nearest Games Workshop swatch by Euclidean RGB distance from registry R/G/B values.
VAL_MODEL_AIR_SIGNAL_BLUE,Vallejo,Model Air,Model Air,MODEL_AIR,71.091,Signal Blue,SIGNAL_BLUE,#293340,41,51,64,"41,51,64",Acrylic airbrush paint,Active/Unknown,CC329-R00-Model-Color-NewIC.pdf; Catalogo_2026-R02.pdf page 28,Imported from compiled central database | Approx Hex/RGB fill: Vallejo 2026 catalog swatch sample (Medium-High).,,,,,,,,,,GW_BASE_IRON_WARRIORS,Iron Warriors,Base,Base,#393939,"57,57,57",18.47,Medium-High,Computed nearest Games Workshop swatch by Euclidean RGB distance from registry R/G/B values.
VAL_MODEL_AIR_SILVER,Vallejo,Model Air,Model Air,MODEL_AIR,71.063,Silver,SILVER,#B0B9B8,176,185,184,"176,185,184",Acrylic Paint,Active/Unknown,584217179-Vallejo-Paint-List-frenzycheck-com.xlsx,Imported from compiled central database; Hex/RGB filled during audit from Direct RedGrimm Vallejo Model name match (Vallejo Colors PDF); matched Vallejo Model Silver.,,,,,,,,,,GW_LAYER_FORTRESS_GREY,Fortress Grey,Layer,Layer,#BCBDC0,"188,189,192",14.97,High,Computed nearest Games Workshop swatch by Euclidean RGB distance from registry R/G/B values.
VAL_MODEL_AIR_SILVER_RLM01_METALLIC,Vallejo,Model Air,Model Air,MODEL_AIR,71.063,Silver RLM01 (Metallic),SILVER_RLM01_METALLIC,#7B737B,123,115,123,"123,115,123",Acrylic airbrush paint,Active/Unknown,CC329-R00-Model-Color-NewIC.pdf,Imported from compiled central database; Hex/RGB filled during audit from Mech9 paint-code equivalence cross-reference (Existing registry completed row); matched Model Air Aluminum.,,,,,,,,,,GW_TECHNICAL_ASTROGRANITE,Astrogranite,Technical,Technical,#787878,"120,120,120",6.56,High,Computed nearest Games Workshop swatch by Euclidean RGB distance from registry R/G/B values.
VAL_MODEL_AIR_SKIN_TONE,Vallejo,Model Air,Model Air,MODEL_AIR,71.076,Skin Tone,SKIN_TONE,#9C8855,156,136,85,"156,136,85",Acrylic Paint,Active/Unknown,584217179-Vallejo-Paint-List-frenzycheck-com.xlsx,Imported from compiled central database; Hex/RGB filled during audit from Mech9 paint-code equivalence cross-reference (Existing registry completed row); matched Game Color Desert Yellow.,,,,,,,,,,GW_BASE_HOBGROT_HIDE,Hobgrot Hide,Base,Base,#9C8855,"156,136,85",0,High,Computed nearest Games Workshop swatch by Euclidean RGB distance from registry R/G/B values.
VAL_MODEL_AIR_SKY_GREY,Vallejo,Model Air,Model Air,MODEL_AIR,71.407,Sky Grey,SKY_GREY,#B3B6B2,179,182,178,"179,182,178",Acrylic airbrush paint,Active/Unknown,CC329-R00-Model-Color-NewIC.pdf,Imported from compiled central database; Hex/RGB filled during audit from Direct RedGrimm Vallejo Model name match (redgrimm army-painter.html); matched Vallejo Model Sky Grey.,,,,,,,,,,GW_LAYER_FORTRESS_GREY,Fortress Grey,Layer,Layer,#BCBDC0,"188,189,192",18.06,Medium-High,Computed nearest Games Workshop swatch by Euclidean RGB distance from registry R/G/B values.
VAL_MODEL_AIR_STEEL,Vallejo,Model Air,Model Air,MODEL_AIR,71.065,Steel,STEEL,#7B737B,123,115,123,"123,115,123",Acrylic Paint,Active/Unknown,584217179-Vallejo-Paint-List-frenzycheck-com.xlsx,Imported from compiled central database; Hex/RGB filled during audit from Mech9 paint-code equivalence cross-reference (Existing registry completed row); matched Model Air Aluminum.,,,,,,,,,,GW_TECHNICAL_ASTROGRANITE,Astrogranite,Technical,Technical,#787878,"120,120,120",6.56,High,Computed nearest Games Workshop swatch by Euclidean RGB distance from registry R/G/B values.
VAL_MODEL_AIR_TANK_BROWN,Vallejo,Model Air,Model Air,MODEL_AIR,71.041,Tank Brown,TANK_BROWN,#390008,57,0,8,"57,0,8",Acrylic Paint,Active/Unknown,584217179-Vallejo-Paint-List-frenzycheck-com.xlsx,Imported from compiled central database; Hex/RGB filled during audit from Mech9 paint-code equivalence cross-reference (Existing registry completed row); matched Model Air Hull Red.,,,,,,,,,,GW_AIR_MOURNFANG_BROWN,Mournfang Brown,Air,Air,#490F06,"73,15,6",22.02,Medium-High,Computed nearest Games Workshop swatch by Euclidean RGB distance from registry R/G/B values.
VAL_MODEL_AIR_TANK_GREEN,Vallejo,Model Air,Model Air,MODEL_AIR,71.011,Tank Green,TANK_GREEN,#083C2A,8,60,42,"8,60,42",Acrylic Paint,Active/Unknown,584217179-Vallejo-Paint-List-frenzycheck-com.xlsx,Imported from compiled central database; Hex/RGB filled during audit from Mech9 paint-code equivalence cross-reference (Existing registry completed row); matched Game Color Dark Green.,,,,,,,,,,GW_CONTRAST_DARK_ANGELS_GREEN,Dark Angels Green,Contrast,Contrast,#103B20,"16,59,32",12.85,High,Computed nearest Games Workshop swatch by Euclidean RGB distance from registry R/G/B values.
VAL_MODEL_AIR_TURN_SIGNAL_RED,Vallejo,Model Air,Model Air,MODEL_AIR,71.070,Turn Signal Red,TURN_SIGNAL_RED,#A24A46,162,74,70,"162,74,70",Acrylic Paint,Active/Unknown,584217179-Vallejo-Paint-List-frenzycheck-com.xlsx,Imported from compiled central database; Hex/RGB filled during audit from Mech9 paint-code equivalence cross-reference (Existing registry completed row); matched Mecha Color Dark Red.,,,,,,,,,,GW_LAYER_SQUIG_ORANGE,Squig Orange,Layer,Layer,#AA4F44,"170,79,68",9.64,High,Computed nearest Games Workshop swatch by Euclidean RGB distance from registry R/G/B values.
VAL_MODEL_AIR_UK_AZURE,Vallejo,Model Air,Model Air,MODEL_AIR,71.108,UK Azure,UK_AZURE,#6B9CCE,107,156,206,"107,156,206",Acrylic Paint,Active/Unknown,584217179-Vallejo-Paint-List-frenzycheck-com.xlsx,Imported from compiled central database,,,,,,,,,,GW_DRY_CHRONUS_BLUE,Chronus Blue,Dry,Dry,#72A8D1,"114,168,209",14.21,High,Computed nearest Games Workshop swatch by Euclidean RGB distance from registry R/G/B values.
VAL_MODEL_AIR_UK_AZURE_BLUE,Vallejo,Model Air,Model Air,MODEL_AIR,71.108,UK Azure Blue,UK_AZURE_BLUE,#6B9CCE,107,156,206,"107,156,206",Acrylic airbrush paint,Active/Unknown,CC329-R00-Model-Color-NewIC.pdf,Imported from compiled central database; Hex/RGB filled during audit from Registry same paint-code reuse (Existing registry completed row); matched Model Air UK Azure.,,,,,,,,,,GW_DRY_CHRONUS_BLUE,Chronus Blue,Dry,Dry,#72A8D1,"114,168,209",14.21,High,Computed nearest Games Workshop swatch by Euclidean RGB distance from registry R/G/B values.
VAL_MODEL_AIR_UK_BSC_49_LIGHT_PURPLE_BROWN,Vallejo,Model Air,Model Air,MODEL_AIR,71.402,UK BSC 49 Light Purple Brown,UK_BSC_49_LIGHT_PURPLE_BROWN,#663300,102,51,0,"102,51,0",Acrylic airbrush paint,Active/Unknown,CC329-R00-Model-Color-NewIC.pdf,Imported from compiled central database; Hex/RGB filled during audit from Mech9 paint-code equivalence cross-reference (Existing registry completed row); matched Model Air Burnt Umber.,,,,,,,,,,GW_TEXTURE_STIRLAND_MUD,Stirland Mud,Texture,Texture,#492B00,"73,43,0",30.08,Medium-High,Computed nearest Games Workshop swatch by Euclidean RGB distance from registry R/G/B values.
VAL_MODEL_AIR_UK_BSC_64_PORTLAND_STONE,Vallejo,Model Air,Model Air,MODEL_AIR,71.288,UK BSC 64 Portland Stone,UK_BSC_64_PORTLAND_STONE,#D2CA9F,210,202,159,"210,202,159",Acrylic airbrush paint,Active/Unknown,CC329-R00-Model-Color-NewIC.pdf,Imported from compiled central database; Hex/RGB filled during audit from Mech9 paint-code equivalence cross-reference (Existing registry completed row); matched Model Color Buff.,,,,,,,,,,GW_BASE_MORGHAST_BONE,Morghast Bone,Base,Base,#D5C79A,"213,199,154",6.56,High,Computed nearest Games Workshop swatch by Euclidean RGB distance from registry R/G/B values.
VAL_MODEL_AIR_UK_EXT_DK_SEA_GREY,Vallejo,Model Air,Model Air,MODEL_AIR,71.110,UK Ext DK Sea Grey,UK_EXT_DK_SEA_GREY,#56595D,86,89,93,"86,89,93",Acrylic Paint,Active/Unknown,584217179-Vallejo-Paint-List-frenzycheck-com.xlsx; Catalogo_2026-R02.pdf page 28,Imported from compiled central database | Approx Hex/RGB fill: Vallejo 2026 catalog swatch sample (Medium-High).,,,,,,,,,,GW_AIR_LEADBELCHER,Leadbelcher,Air,Air,#5B5F61,"91,95,97",8.77,High,Computed nearest Games Workshop swatch by Euclidean RGB distance from registry R/G/B values.
VAL_MODEL_AIR_UK_LIGHT_MUD,Vallejo,Model Air,Model Air,MODEL_AIR,71.284,UK Light Mud,UK_LIGHT_MUD,#857E70,133,126,112,"133,126,112",Acrylic airbrush paint,Active/Unknown,CC329-R00-Model-Color-NewIC.pdf; Catalogo_2026-R02.pdf page 29,Imported from compiled central database | Approx Hex/RGB fill: Vallejo 2026 catalog swatch sample (Medium-High).,,,,,,,,,,GW_BASE_IRON_HANDS_STEEL,Iron Hands Steel,Base,Base,#807872,"128,120,114",8.06,High,Computed nearest Games Workshop swatch by Euclidean RGB distance from registry R/G/B values.
VAL_MODEL_AIR_UK_MEDITERRANEAN_BLUE,Vallejo,Model Air,Model Air,MODEL_AIR,71.111,UK Mediterranean Blue,UK_MEDITERRANEAN_BLUE,#436872,67,104,114,"67,104,114",Acrylic Paint,Active/Unknown,584217179-Vallejo-Paint-List-frenzycheck-com.xlsx,Imported from compiled central database; Hex/RGB filled during audit from Mech9 paint-code equivalence cross-reference (Existing registry completed row); matched Model Color Field Blue.,,,,,,,,,,GW_BASE_THE_FANG,The Fang,Base,Base,#436174,"67,97,116",7.28,High,Computed nearest Games Workshop swatch by Euclidean RGB distance from registry R/G/B values.
VAL_MODEL_AIR_UK_P_R_U_BLUE,Vallejo,Model Air,Model Air,MODEL_AIR,71.109,UK P.R.U. Blue,UK_P_R_U_BLUE,#6B9CCE,107,156,206,"107,156,206",Acrylic Paint,Active/Unknown,584217179-Vallejo-Paint-List-frenzycheck-com.xlsx,Imported from compiled central database; Hex/RGB filled during audit from Mech9 paint-code equivalence cross-reference (Existing registry completed row); matched Model Color Azure Blue.,,,,,,,,,,GW_DRY_CHRONUS_BLUE,Chronus Blue,Dry,Dry,#72A8D1,"114,168,209",14.21,High,Computed nearest Games Workshop swatch by Euclidean RGB distance from registry R/G/B values.
VAL_MODEL_AIR_US_BLUE_GREY,Vallejo,Model Air,Model Air,MODEL_AIR,71.114,US Blue Grey,US_BLUE_GREY,#708989,112,137,137,"112,137,137",Acrylic Paint,Active/Unknown,584217179-Vallejo-Paint-List-frenzycheck-com.xlsx,Imported from compiled central database,,,,,,,,,,GW_CONTRAST_NIGHTHAUNT_GLOOM,Nighthaunt Gloom,Contrast,Contrast,#798D96,"121,141,150",16.31,Medium-High,Computed nearest Games Workshop swatch by Euclidean RGB distance from registry R/G/B values.
VAL_MODEL_AIR_US_DARK_GREEN,Vallejo,Model Air,Model Air,MODEL_AIR,71.289,US Dark Green,US_DARK_GREEN,#5B6955,91,105,85,"91,105,85",Acrylic airbrush paint,Active/Unknown,CC329-R00-Model-Color-NewIC.pdf,Imported from compiled central database; Hex/RGB filled during audit from Direct RedGrimm Vallejo Model name match (redgrimm vallejo-model.html); matched Vallejo Model US Dark Green.,,,,,,,,,,GW_AIR_LEADBELCHER,Leadbelcher,Air,Air,#5B5F61,"91,95,97",15.62,Medium-High,Computed nearest Games Workshop swatch by Euclidean RGB distance from registry R/G/B values.
VAL_MODEL_AIR_US_DESERT_ARMOUR_686,Vallejo,Model Air,Model Air,MODEL_AIR,71.122,US Desert Armour 686,US_DESERT_ARMOUR_686,#AE9A80,174,154,128,"174,154,128",Acrylic airbrush paint,Active/Unknown,CC329-R00-Model-Color-NewIC.pdf; Catalogo_2026-R02.pdf page 28,Imported from compiled central database | Approx Hex/RGB fill: Vallejo 2026 catalog swatch sample (Medium-High).,,,,,,,,,,GW_AIR_USHABTI_BONE,Ushabti Bone,Air,Air,#ABA174,"171,161,116",14.21,High,Computed nearest Games Workshop swatch by Euclidean RGB distance from registry R/G/B values.
VAL_MODEL_AIR_US_DESERT_SAND,Vallejo,Model Air,Model Air,MODEL_AIR,71.140,US Desert Sand,US_DESERT_SAND,#9C8855,156,136,85,"156,136,85",Acrylic airbrush paint,Active/Unknown,CC329-R00-Model-Color-NewIC.pdf,Imported from compiled central database; Hex/RGB filled during audit from Mech9 paint-code equivalence cross-reference (Existing registry completed row); matched Game Color Desert Yellow.,,,,,,,,,,GW_BASE_HOBGROT_HIDE,Hobgrot Hide,Base,Base,#9C8855,"156,136,85",0,High,Computed nearest Games Workshop swatch by Euclidean RGB distance from registry R/G/B values.
VAL_MODEL_AIR_US_EARTH_BROWN,Vallejo,Model Air,Model Air,MODEL_AIR,71.290,US Earth Brown,US_EARTH_BROWN,#764823,118,72,35,"118,72,35",Acrylic airbrush paint,Active/Unknown,CC329-R00-Model-Color-NewIC.pdf,Imported from compiled central database; Hex/RGB filled during audit from Mech9 paint-code equivalence cross-reference (Existing registry completed row); matched Game Color Leather Brown.,,,,,,,,,,GW_BASE_XV_88,XV-88,Base,Base,#72491E,"114,73,30",6.48,High,Computed nearest Games Workshop swatch by Euclidean RGB distance from registry R/G/B values.
VAL_MODEL_AIR_US_EARTH_RED,Vallejo,Model Air,Model Air,MODEL_AIR,71.293,US Earth Red,US_EARTH_RED,#663300,102,51,0,"102,51,0",Acrylic airbrush paint,Active/Unknown,CC329-R00-Model-Color-NewIC.pdf,Imported from compiled central database; Hex/RGB filled during audit from Mech9 paint-code equivalence cross-reference (Existing registry completed row); matched Game Color Beasty Brown.,,,,,,,,,,GW_TEXTURE_STIRLAND_MUD,Stirland Mud,Texture,Texture,#492B00,"73,43,0",30.08,Medium-High,Computed nearest Games Workshop swatch by Euclidean RGB distance from registry R/G/B values.
VAL_MODEL_AIR_US_EARTH_YELLOW,Vallejo,Model Air,Model Air,MODEL_AIR,71.291,US Earth Yellow,US_EARTH_YELLOW,#9C8855,156,136,85,"156,136,85",Acrylic airbrush paint,Active/Unknown,CC329-R00-Model-Color-NewIC.pdf,Imported from compiled central database; Hex/RGB filled during audit from Mech9 paint-code equivalence cross-reference (Existing registry completed row); matched Game Color Desert Yellow.,,,,,,,,,,GW_BASE_HOBGROT_HIDE,Hobgrot Hide,Base,Base,#9C8855,"156,136,85",0,High,Computed nearest Games Workshop swatch by Euclidean RGB distance from registry R/G/B values.
VAL_MODEL_AIR_US_FIELD_DRAB,Vallejo,Model Air,Model Air,MODEL_AIR,71.139,US Field Drab,US_FIELD_DRAB,#705D43,112,93,67,"112,93,67",Acrylic airbrush paint,Active/Unknown,CC329-R00-Model-Color-NewIC.pdf,Imported from compiled central database; Hex/RGB filled during audit from Direct RedGrimm Vallejo Model name match (redgrimm army-painter.html); matched Vallejo Model US Field Drab.,,,,,,,,,,GW_FOUNDATION_KHEMRI_BROWN,Khemri Brown,Foundation,Foundation,#73614D,"115,97,77",11.18,High,Computed nearest Games Workshop swatch by Euclidean RGB distance from registry R/G/B values.
VAL_MODEL_AIR_US_FLAT_BROWN,Vallejo,Model Air,Model Air,MODEL_AIR,71.026,US Flat Brown,US_FLAT_BROWN,#896747,137,103,71,"137,103,71",Acrylic Paint,Active/Unknown,584217179-Vallejo-Paint-List-frenzycheck-com.xlsx; Catalogo_2026-R02.pdf page 28,Imported from compiled central database | Approx Hex/RGB fill: Vallejo 2026 catalog swatch sample (Medium-High).,,,,,,,,,,GW_LAYER_SNAKEBITE_LEATHER,Snakebite Leather,Layer,Layer,#8C6C40,"140,108,64",9.11,High,Computed nearest Games Workshop swatch by Euclidean RGB distance from registry R/G/B values.
VAL_MODEL_AIR_US_FOREST_GREEN,Vallejo,Model Air,Model Air,MODEL_AIR,71.294,US Forest Green,US_FOREST_GREEN,#083C2A,8,60,42,"8,60,42",Acrylic airbrush paint,Active/Unknown,CC329-R00-Model-Color-NewIC.pdf,Imported from compiled central database; Hex/RGB filled during audit from Mech9 paint-code equivalence cross-reference (Existing registry completed row); matched Game Color Dark Green.,,,,,,,,,,GW_CONTRAST_DARK_ANGELS_GREEN,Dark Angels Green,Contrast,Contrast,#103B20,"16,59,32",12.85,High,Computed nearest Games Workshop swatch by Euclidean RGB distance from registry R/G/B values.
VAL_MODEL_AIR_US_GREY,Vallejo,Model Air,Model Air,MODEL_AIR,71.047,US Grey,US_GREY,#436872,67,104,114,"67,104,114",Acrylic Paint,Active/Unknown,584217179-Vallejo-Paint-List-frenzycheck-com.xlsx,Imported from compiled central database; Hex/RGB filled during audit from Mech9 paint-code equivalence cross-reference (Existing registry completed row); matched Model Color Field Blue.,,,,,,,,,,GW_BASE_THE_FANG,The Fang,Base,Base,#436174,"67,97,116",7.28,High,Computed nearest Games Workshop swatch by Euclidean RGB distance from registry R/G/B values.
VAL_MODEL_AIR_US_GREY_LIGHT,Vallejo,Model Air,Model Air,MODEL_AIR,71.045,US Grey Light,US_GREY_LIGHT,#909482,144,148,130,"144,148,130",Acrylic Paint,Active/Unknown,584217179-Vallejo-Paint-List-frenzycheck-com.xlsx; Catalogo_2026-R02.pdf page 28,Imported from compiled central database | Approx Hex/RGB fill: Vallejo 2026 catalog swatch sample (Medium-High).,,,,,,,,,,GW_LAYER_COMMANDO_KHAKI,Commando Khaki,Layer,Layer,#9A8C7B,"154,140,123",14.59,High,Computed nearest Games Workshop swatch by Euclidean RGB distance from registry R/G/B values.
VAL_MODEL_AIR_US_INTERIOR_YELLOW,Vallejo,Model Air,Model Air,MODEL_AIR,71.107,US Interior Yellow,US_INTERIOR_YELLOW,#DBC58E,219,197,142,"219,197,142",Acrylic airbrush paint,Active/Unknown,CC329-R00-Model-Color-NewIC.pdf,Imported from compiled central database; Hex/RGB filled during audit from Mech9 paint-code equivalence cross-reference (Existing registry completed row); matched Model Air Beige.,,,,,,,,,,GW_BASE_WRAITHBONE,Wraithbone,Base,Base,#DCCB9A,"220,203,154",13.45,High,Computed nearest Games Workshop swatch by Euclidean RGB distance from registry R/G/B values.
VAL_MODEL_AIR_US_INTERMEDIATE_BLUE,Vallejo,Model Air,Model Air,MODEL_AIR,71.113,US Intermediate Blue,US_INTERMEDIATE_BLUE,#657B7B,101,123,123,"101,123,123",Acrylic Paint,Active/Unknown,584217179-Vallejo-Paint-List-frenzycheck-com.xlsx,Imported from compiled central database,,,,,,,,,,GW_TEXTURE_ASTROGRANITE,Astrogranite,Texture,Texture,#757679,"117,118,121",16.88,Medium-High,Computed nearest Games Workshop swatch by Euclidean RGB distance from registry R/G/B values.
VAL_MODEL_AIR_US_LIGHT_GREEN,Vallejo,Model Air,Model Air,MODEL_AIR,71.137,US Light Green,US_LIGHT_GREEN,#A9D171,169,209,113,"169,209,113",Acrylic airbrush paint,Active/Unknown,CC329-R00-Model-Color-NewIC.pdf,Imported from compiled central database; Hex/RGB filled during audit from Mech9 paint-code equivalence cross-reference (Existing registry completed row); matched Model Color Yellow Green.,,,,,,,,,,GW_BASE_ORRUK_FLESH,Orruk Flesh,Base,Base,#A9D171,"169,209,113",0,High,Computed nearest Games Workshop swatch by Euclidean RGB distance from registry R/G/B values.
VAL_MODEL_AIR_US_LOAM,Vallejo,Model Air,Model Air,MODEL_AIR,71.292,US Loam,US_LOAM,#083C2A,8,60,42,"8,60,42",Acrylic airbrush paint,Active/Unknown,CC329-R00-Model-Color-NewIC.pdf,Imported from compiled central database; Hex/RGB filled during audit from Mech9 paint-code equivalence cross-reference (Existing registry completed row); matched Game Color Dark Green.,,,,,,,,,,GW_CONTRAST_DARK_ANGELS_GREEN,Dark Angels Green,Contrast,Contrast,#103B20,"16,59,32",12.85,High,Computed nearest Games Workshop swatch by Euclidean RGB distance from registry R/G/B values.
VAL_MODEL_AIR_US_SAND,Vallejo,Model Air,Model Air,MODEL_AIR,71.138,US Sand,US_SAND,#9C8855,156,136,85,"156,136,85",Acrylic airbrush paint,Active/Unknown,CC329-R00-Model-Color-NewIC.pdf,Imported from compiled central database; Hex/RGB filled during audit from Mech9 paint-code equivalence cross-reference (Existing registry completed row); matched Model Air Dark Yellow.,,,,,,,,,,GW_BASE_HOBGROT_HIDE,Hobgrot Hide,Base,Base,#9C8855,"156,136,85",0,High,Computed nearest Games Workshop swatch by Euclidean RGB distance from registry R/G/B values.
VAL_MODEL_AIR_USAF_GREEN,Vallejo,Model Air,Model Air,MODEL_AIR,71.124,USAF Green,USAF_GREEN,#083C2A,8,60,42,"8,60,42",Acrylic airbrush paint,Active/Unknown,CC329-R00-Model-Color-NewIC.pdf,Imported from compiled central database; Hex/RGB filled during audit from Mech9 paint-code equivalence cross-reference (Existing registry completed row); matched Game Color Dark Green.,,,,,,,,,,GW_CONTRAST_DARK_ANGELS_GREEN,Dark Angels Green,Contrast,Contrast,#103B20,"16,59,32",12.85,High,Computed nearest Games Workshop swatch by Euclidean RGB distance from registry R/G/B values.
VAL_MODEL_AIR_USN_SEA_BLUE,Vallejo,Model Air,Model Air,MODEL_AIR,71.295,USN Sea Blue,USN_SEA_BLUE,#252B31,37,43,49,"37,43,49",Acrylic airbrush paint,Active/Unknown,CC329-R00-Model-Color-NewIC.pdf,Imported from compiled central database; Hex/RGB filled during audit from Mech9 paint-code equivalence cross-reference (redgrimm army-painter.html); matched Vallejo Model Black.,,,,,,,,,,GW_FOUNDATION_ORKHIDE_SHADE,Orkhide Shade,Foundation,Foundation,#26372D,"38,55,45",12.69,High,Computed nearest Games Workshop swatch by Euclidean RGB distance from registry R/G/B values.
VAL_MODEL_AIR_WHITE,Vallejo,Model Air,Model Air,MODEL_AIR,71.001,White,WHITE,#FFFFFF,255,255,255,"255,255,255",Acrylic Paint,Active/Unknown,584217179-Vallejo-Paint-List-frenzycheck-com.xlsx,Imported from compiled central database,,,,,,,,,,GW_BASE_CORAX_WHITE,Corax White,Base,Base,#FFFFFF,"255,255,255",0,High,Computed nearest Games Workshop swatch by Euclidean RGB distance from registry R/G/B values.
VAL_MODEL_AIR_WHITE_GREY,Vallejo,Model Air,Model Air,MODEL_AIR,71.119,White Grey,WHITE_GREY,#EEF1EC,238,241,236,"238,241,236",Acrylic airbrush paint,Active/Unknown,CC329-R00-Model-Color-NewIC.pdf,Imported from compiled central database; Hex/RGB filled during audit from Direct RedGrimm Vallejo Model name match (redgrimm vallejo-model.html); matched Vallejo Model White Grey.,,,,,,,,,,GW_CONTRAST_APOTHECARY_WHITE,Apothecary White,Contrast,Contrast,#E8ECEC,"232,236,236",7.81,High,Computed nearest Games Workshop swatch by Euclidean RGB distance from registry R/G/B values.
VAL_MODEL_AIR_WOOD,Vallejo,Model Air,Model Air,MODEL_AIR,71.077,Wood,WOOD,#C08245,192,130,69,"192,130,69",Acrylic Paint,Active/Unknown,584217179-Vallejo-Paint-List-frenzycheck-com.xlsx,Imported from compiled central database; Hex/RGB filled during audit from Mech9 paint-code equivalence cross-reference (redgrimm army-painter.html); matched Vallejo Model Medium Fleshtone.,,,,,,,,,,GW_DRY_GOLGFAG_BROWN,Golgfag Brown,Dry,Dry,#C2804F,"194,128,79",10.39,High,Computed nearest Games Workshop swatch by Euclidean RGB distance from registry R/G/B values.
VAL_MODEL_AIR_YELLOW,Vallejo,Model Air,Model Air,MODEL_AIR,71.002,Yellow,YELLOW,#E4E566,228,229,102,"228,229,102",Acrylic Paint,Active/Unknown,584217179-Vallejo-Paint-List-frenzycheck-com.xlsx,Imported from compiled central database; Hex/RGB filled during audit from Direct RedGrimm Vallejo Model name match (Vallejo Colors PDF); matched Vallejo Model Yellow.,,,,,,,,,,GW_GLAZE_LAMENTERS_YELLOW,Lamenters Yellow,Glaze,Glaze,#FFF56B,"255,245,107",31.78,Medium-High,Computed nearest Games Workshop swatch by Euclidean RGB distance from registry R/G/B values.
VAL_MODEL_AIR_YELLOW_LAZURE_RLM_05,Vallejo,Model Air,Model Air,MODEL_AIR,71.106,Yellow Lazure RLM 05,YELLOW_LAZURE_RLM_05,#E7EFC6,231,239,198,"231,239,198",Acrylic Paint,Active/Unknown,584217179-Vallejo-Paint-List-frenzycheck-com.xlsx,Imported from compiled central database; Hex/RGB filled during audit from Mech9 paint-code equivalence cross-reference (Existing registry completed row); matched Model Color German Yellow.,,,,,,,,,,GW_AIR_TYPHON_ASH,Typhon Ash,Air,Air,#E4D8C2,"228,216,194",23.54,Medium-High,Computed nearest Games Workshop swatch by Euclidean RGB distance from registry R/G/B values.
VAL_MODEL_AIR_YELLOW_OCHRE,Vallejo,Model Air,Model Air,MODEL_AIR,71.033,Yellow Ochre,YELLOW_OCHRE,#C19448,193,148,72,"193,148,72",Acrylic airbrush paint,Active/Unknown,CC329-R00-Model-Color-NewIC.pdf,Imported from compiled central database; Hex/RGB filled during audit from Direct RedGrimm Vallejo Model name match (redgrimm army-painter.html); matched Vallejo Model Yellow Ochre.,,,,,,,,,,GW_LAYER_BUBONIC_BROWN,Bubonic Brown,Layer,Layer,#B89142,"184,145,66",11.22,High,Computed nearest Games Workshop swatch by Euclidean RGB distance from registry R/G/B values.
VAL_MODEL_AIR_YELLOW_OLIVE,Vallejo,Model Air,Model Air,MODEL_AIR,71.013,Yellow Olive,YELLOW_OLIVE,#063B2F,6,59,47,"6,59,47",Acrylic Paint,Active/Unknown,584217179-Vallejo-Paint-List-frenzycheck-com.xlsx,Imported from compiled central database,,,,,,,,,,GW_BASE_LUPERCAL_GREEN,Lupercal Green,Base,Base,#002C2C,"0,44,44",16.43,Medium-High,Computed nearest Games Workshop swatch by Euclidean RGB distance from registry R/G/B values.
VAL_MODEL_AIR_YELLOW_RLM04,Vallejo,Model Air,Model Air,MODEL_AIR,71.078,Yellow RLM04,YELLOW_RLM04,#FFE700,255,231,0,"255,231,0",Acrylic airbrush paint,Active/Unknown,CC329-R00-Model-Color-NewIC.pdf,Imported from compiled central database; Hex/RGB filled during audit from Registry same paint-code reuse (Existing registry completed row); matched Model Air Gold Yellow.,,,,,,,,,,GW_LAYER_PHALANX_YELLOW,Phalanx Yellow,Layer,Layer,#FFE200,"255,226,0",5,High,Computed nearest Games Workshop swatch by Euclidean RGB distance from registry R/G/B values.
VAL_MODEL_COLOR_AFRICA_KORPS_TAN_YELLOW,Vallejo,Model Color,Model Color,MODEL_COLOR,70.912,Africa Korps Tan Yellow,AFRICA_KORPS_TAN_YELLOW,#8E7451,142,116,81,"142,116,81",Acrylic Paint,Active/Unknown,584217179-Vallejo-Paint-List-frenzycheck-com.xlsx,Imported from compiled central database; Hex/RGB filled during audit from Direct Vallejo Colors PDF paint-code match (Vallejo Colors PDF); matched Vallejo Model Tan Yellow.,,,,,,,,,,GW_LAYER_BRAZEN_BRASS,Brazen Brass,Layer,Layer,#966747,"150,103,71",18.25,Medium-High,Computed nearest Games Workshop swatch by Euclidean RGB distance from registry R/G/B values.
VAL_MODEL_COLOR_AMARANTH_RED,Vallejo,Model Color,Model Color,MODEL_COLOR,70.829,Amaranth Red,AMARANTH_RED,#CC4338,204,67,56,"204,67,56",Acrylic paint,Active/Unknown,CC329-R00-Model-Color-NewIC.pdf,Imported from compiled central database; Hex/RGB filled during audit from Direct RedGrimm Vallejo Model name match (redgrimm vallejo-game.html); matched Vallejo Model Amaranth Red.,,,,,,,,,,GW_DRY_ASTORATH_RED,Astorath Red,Dry,Dry,#DD482B,"221,72,43",21.98,Medium-High,Computed nearest Games Workshop swatch by Euclidean RGB distance from registry R/G/B values.
VAL_MODEL_COLOR_AMARANTHA_RED,Vallejo,Model Color,Model Color,MODEL_COLOR,70.829,Amarantha Red,AMARANTHA_RED,#B54E3D,181,78,61,"181,78,61",Acrylic Paint,Active/Unknown,584217179-Vallejo-Paint-List-frenzycheck-com.xlsx,Imported from compiled central database; Hex/RGB filled during audit from Direct Vallejo Colors PDF paint-code match (Vallejo Colors PDF); matched Vallejo Model Amaranth Red.,,,,,,,,,,GW_LAYER_SQUIG_ORANGE,Squig Orange,Layer,Layer,#AA4F44,"170,79,68",13.08,High,Computed nearest Games Workshop swatch by Euclidean RGB distance from registry R/G/B values.
VAL_MODEL_COLOR_ANDREA_BLUE,Vallejo,Model Color,Model Color,MODEL_COLOR,70.841,Andrea Blue,ANDREA_BLUE,#008DC9,0,141,201,"0,141,201",Acrylic paint,Active/Unknown,CC329-R00-Model-Color-NewIC.pdf,Imported from compiled central database; Hex/RGB filled during audit from Direct RedGrimm Vallejo Model name match (redgrimm army-painter.html); matched Vallejo Model Andrea Blue.,,,,,,,,,,GW_CONTRAST_TALASSAR_BLUE,Talassar Blue,Contrast,Contrast,#007ED6,"0,126,214",19.85,Medium-High,Computed nearest Games Workshop swatch by Euclidean RGB distance from registry R/G/B values.
VAL_MODEL_COLOR_AZURE,Vallejo,Model Color,Model Color,MODEL_COLOR,70.902,Azure,AZURE,#717CAD,113,124,173,"113,124,173",Acrylic paint,Active/Unknown,CC329-R00-Model-Color-NewIC.pdf,Imported from compiled central database; Hex/RGB filled during audit from Direct RedGrimm Vallejo Model name match (redgrimm vallejo-model.html); matched Vallejo Model Azure.,,,,,,,,,,GW_AIR_FENRISIAN_GREY,Fenrisian Grey,Air,Air,#6E95B3,"110,149,179",25.88,Medium-High,Computed nearest Games Workshop swatch by Euclidean RGB distance from registry R/G/B values.
VAL_MODEL_COLOR_AZURE_BLUE,Vallejo,Model Color,Model Color,MODEL_COLOR,70.902,Azure Blue,AZURE_BLUE,#6B9CCE,107,156,206,"107,156,206",Acrylic Paint,Active/Unknown,584217179-Vallejo-Paint-List-frenzycheck-com.xlsx,Imported from compiled central database,,,,,,,,,,GW_DRY_CHRONUS_BLUE,Chronus Blue,Dry,Dry,#72A8D1,"114,168,209",14.21,High,Computed nearest Games Workshop swatch by Euclidean RGB distance from registry R/G/B values.
VAL_MODEL_COLOR_BC_DARK_BROWN,Vallejo,Model Color,Model Color,MODEL_COLOR,70.768,BC Dark Brown,BC_DARK_BROWN,#75573C,117,87,60,"117,87,60",Acrylic paint,Active/Unknown,CC329-R00-Model-Color-NewIC.pdf; Catalogo_2026-R02.pdf page 13,Imported from compiled central database | Approx Hex/RGB fill: Vallejo 2026 catalog swatch sample (Medium-High).,,,,,,,,,,GW_LAYER_BESTIAL_BROWN,Bestial Brown,Layer,Layer,#7B4A39,"123,74,57",14.63,High,Computed nearest Games Workshop swatch by Euclidean RGB distance from registry R/G/B values.
VAL_MODEL_COLOR_BASALT_GREY,Vallejo,Model Color,Model Color,MODEL_COLOR,70.869,Basalt Grey,BASALT_GREY,#576860,87,104,96,"87,104,96",Acrylic Paint,Active/Unknown,952249680-Warlord-Paint-Ranges-Conversion-Chart.pdf,Imported from compiled central database; Hex/RGB filled during audit from Direct RedGrimm Vallejo Model name match (redgrimm vallejo-model.html); matched Vallejo Model Basalt Grey.,,,,,,,,,,GW_AIR_LEADBELCHER,Leadbelcher,Air,Air,#5B5F61,"91,95,97",9.9,High,Computed nearest Games Workshop swatch by Euclidean RGB distance from registry R/G/B values.
VAL_MODEL_COLOR_BASIC_SKIN_TONE,Vallejo,Model Color,Model Color,MODEL_COLOR,70.815,Basic Skin Tone,BASIC_SKIN_TONE,#F0AD82,240,173,130,"240,173,130",Acrylic paint,Active/Unknown,CC329-R00-Model-Color-NewIC.pdf,Imported from compiled central database; Hex/RGB filled during audit from Direct Vallejo Colors PDF paint-code match (Vallejo Colors PDF); matched Vallejo Model Flesh Tone.,,,,,,,,,,GW_LAYER_ELF_FLESH,Elf Flesh,Layer,Layer,#EDAE74,"237,174,116",14.35,High,Computed nearest Games Workshop swatch by Euclidean RGB distance from registry R/G/B values.
VAL_MODEL_COLOR_BASIC_SKINTONE,Vallejo,Model Color,Model Color,MODEL_COLOR,70.815,Basic Skintone,BASIC_SKINTONE,#FBBC8C,251,188,140,"251,188,140",Acrylic Paint,Active/Unknown,584217179-Vallejo-Paint-List-frenzycheck-com.xlsx,Imported from compiled central database; Hex/RGB filled during audit from Direct RedGrimm Vallejo Model name match (redgrimm vallejo-game.html); matched Vallejo Model Basic Skintone.,,,,,,,,,,GW_LAYER_SKULLCRUSHER_BRASS,Skullcrusher Brass,Layer,Layer,#F1C78E,"241,199,142",15,High,Computed nearest Games Workshop swatch by Euclidean RGB distance from registry R/G/B values.
VAL_MODEL_COLOR_BEIGE,Vallejo,Model Color,Model Color,MODEL_COLOR,70.917,Beige,BEIGE,#DBC58E,219,197,142,"219,197,142",Acrylic paint,Active/Unknown,CC329-R00-Model-Color-NewIC.pdf,Imported from compiled central database,,,,,,,,,,GW_BASE_WRAITHBONE,Wraithbone,Base,Base,#DCCB9A,"220,203,154",13.45,High,Computed nearest Games Workshop swatch by Euclidean RGB distance from registry R/G/B values.
VAL_MODEL_COLOR_BEIGE_BROWN,Vallejo,Model Color,Model Color,MODEL_COLOR,70.875,Beige Brown,BEIGE_BROWN,#78584A,120,88,74,"120,88,74",Acrylic paint,Active/Unknown,CC329-R00-Model-Color-NewIC.pdf,Imported from compiled central database; Hex/RGB filled during audit from Direct RedGrimm Vallejo Model name match (redgrimm army-painter.html); matched Vallejo Model Beige Brown.,,,,,,,,,,GW_FOUNDATION_KHEMRI_BROWN,Khemri Brown,Foundation,Foundation,#73614D,"115,97,77",10.72,High,Computed nearest Games Workshop swatch by Euclidean RGB distance from registry R/G/B values.
VAL_MODEL_COLOR_BEIGE_RED,Vallejo,Model Color,Model Color,MODEL_COLOR,70.804,Beige Red,BEIGE_RED,#C79166,199,145,102,"199,145,102",Acrylic Paint,Active/Unknown,952249680-Warlord-Paint-Ranges-Conversion-Chart.pdf,Imported from compiled central database; Hex/RGB filled during audit from Direct RedGrimm Vallejo Model name match (redgrimm vallejo-game.html); matched Vallejo Model Beige Red.,,,,,,,,,,GW_LAYER_KARAK_STONE,Karak Stone,Layer,Layer,#BB9662,"187,150,98",13.6,High,Computed nearest Games Workshop swatch by Euclidean RGB distance from registry R/G/B values.
VAL_MODEL_COLOR_BLACK,Vallejo,Model Color,Model Color,MODEL_COLOR,70.950,Black,BLACK,#252B31,37,43,49,"37,43,49",Acrylic Paint,Active/Unknown,952249680-Warlord-Paint-Ranges-Conversion-Chart.pdf,Imported from compiled central database; Hex/RGB filled during audit from Direct RedGrimm Vallejo Model name match (redgrimm army-painter.html); matched Vallejo Model Black.,,,,,,,,,,GW_FOUNDATION_ORKHIDE_SHADE,Orkhide Shade,Foundation,Foundation,#26372D,"38,55,45",12.69,High,Computed nearest Games Workshop swatch by Euclidean RGB distance from registry R/G/B values.
VAL_MODEL_COLOR_BLACK_GLAZE,Vallejo,Model Color,Model Color,MODEL_COLOR,70.855,Black Glaze,BLACK_GLAZE,,,,,,Acrylic Paint,Active/Unknown,952249680-Warlord-Paint-Ranges-Conversion-Chart.pdf,Imported from compiled central database,,,,,,,,,,,,,,,,,No RGB,No match - missing source RGB
VAL_MODEL_COLOR_BLACK_GREEN,Vallejo,Model Color,Model Color,MODEL_COLOR,70.980,Black Green,BLACK_GREEN,#19423E,25,66,62,"25,66,62",Acrylic Paint,Active/Unknown,584217179-Vallejo-Paint-List-frenzycheck-com.xlsx,Imported from compiled central database,,,,,,,,,,GW_BASE_INCUBI_DARKNESS,Incubi Darkness,Base,Base,#0B474A,"11,71,74",19.1,Medium-High,Computed nearest Games Workshop swatch by Euclidean RGB distance from registry R/G/B values.
VAL_MODEL_COLOR_BLACK_GREY,Vallejo,Model Color,Model Color,MODEL_COLOR,70.862,Black Grey,BLACK_GREY,#2D373A,45,55,58,"45,55,58",Acrylic paint,Active/Unknown,CC329-R00-Model-Color-NewIC.pdf,Imported from compiled central database; Hex/RGB filled during audit from Direct RedGrimm Vallejo Model name match (redgrimm vallejo-game.html); matched Vallejo Model Black Grey.,,,,,,,,,,GW_BASE_IRON_WARRIORS,Iron Warriors,Base,Base,#393939,"57,57,57",12.21,High,Computed nearest Games Workshop swatch by Euclidean RGB distance from registry R/G/B values.
VAL_MODEL_COLOR_BLACK_RED,Vallejo,Model Color,Model Color,MODEL_COLOR,70.859,Black Red,BLACK_RED,#663300,102,51,0,"102,51,0",Acrylic paint,Active/Unknown,CC329-R00-Model-Color-NewIC.pdf,Imported from compiled central database; Hex/RGB filled during audit from Mech9 paint-code equivalence cross-reference (Existing registry completed row); matched Model Air Burnt Umber.,,,,,,,,,,GW_TEXTURE_STIRLAND_MUD,Stirland Mud,Texture,Texture,#492B00,"73,43,0",30.08,Medium-High,Computed nearest Games Workshop swatch by Euclidean RGB distance from registry R/G/B values.
VAL_MODEL_COLOR_BLACK_VIOLET,Vallejo,Model Color,Model Color,MODEL_COLOR,70.751,Black Violet,BLACK_VIOLET,#382931,56,41,49,"56,41,49",Acrylic paint,Active/Unknown,CC329-R00-Model-Color-NewIC.pdf; Catalogo_2026-R02.pdf page 12,Imported from compiled central database | Approx Hex/RGB fill: Vallejo 2026 catalog swatch sample (Medium-High).,,,,,,,,,,GW_BASE_DRYAD_BARK,Dryad Bark,Base,Base,#33312D,"51,49,45",10.25,High,Computed nearest Games Workshop swatch by Euclidean RGB distance from registry R/G/B values.
VAL_MODEL_COLOR_BLUE,Vallejo,Model Color,Model Color,MODEL_COLOR,70.925,Blue,BLUE,#27357E,39,53,126,"39,53,126",Acrylic Paint,Active/Unknown,584217179-Vallejo-Paint-List-frenzycheck-com.xlsx,Imported from compiled central database,,,,,,,,,,GW_LAYER_STORM_BLUE,Storm Blue,Layer,Layer,#27357E,"39,53,126",0,High,Computed nearest Games Workshop swatch by Euclidean RGB distance from registry R/G/B values.
VAL_MODEL_COLOR_BLUE_GREEN,Vallejo,Model Color,Model Color,MODEL_COLOR,70.808,Blue Green,BLUE_GREEN,#1A9496,26,148,150,"26,148,150",Acrylic paint,Active/Unknown,CC329-R00-Model-Color-NewIC.pdf,Imported from compiled central database; Hex/RGB filled during audit from Direct RedGrimm Vallejo Model name match (redgrimm army-painter.html); matched Vallejo Model Blue Green.,,,,,,,,,,GW_AIR_TEMPLE_GUARD_BLUE,Temple Guard Blue,Air,Air,#239489,"35,148,137",15.81,Medium-High,Computed nearest Games Workshop swatch by Euclidean RGB distance from registry R/G/B values.
VAL_MODEL_COLOR_BLUE_GREY_PALE,Vallejo,Model Color,Model Color,MODEL_COLOR,70.905,Blue Grey Pale,BLUE_GREY_PALE,#9EA7A5,158,167,165,"158,167,165",Acrylic paint,Active/Unknown,CC329-R00-Model-Color-NewIC.pdf,Imported from compiled central database,,,,,,,,,,GW_LAYER_IRONBREAKER,Ironbreaker,Layer,Layer,#A1A6A9,"161,166,169",5.1,High,Computed nearest Games Workshop swatch by Euclidean RGB distance from registry R/G/B values.
VAL_MODEL_COLOR_BLUE_VIOLET,Vallejo,Model Color,Model Color,MODEL_COLOR,70.811,Blue Violet,BLUE_VIOLET,#795C9A,121,92,154,"121,92,154",Acrylic paint,Active/Unknown,CC329-R00-Model-Color-NewIC.pdf,Imported from compiled central database; Hex/RGB filled during audit from Direct RedGrimm Vallejo Model name match (redgrimm vallejo-model.html); matched Vallejo Model Blue Violet.,,,,,,,,,,GW_LAYER_GENESTEALER_PURPLE,Genestealer Purple,Layer,Layer,#7761AB,"119,97,171",17.83,Medium-High,Computed nearest Games Workshop swatch by Euclidean RGB distance from registry R/G/B values.
VAL_MODEL_COLOR_BRASS,Vallejo,Model Color,Model Color,MODEL_COLOR,70.801,Brass,BRASS,#846A49,132,106,73,"132,106,73",Acrylic Paint,Active/Unknown,952249680-Warlord-Paint-Ranges-Conversion-Chart.pdf,Imported from compiled central database; Hex/RGB filled during audit from Direct RedGrimm Vallejo Model name match (Vallejo Colors PDF); matched Vallejo Model Brass.,,,,,,,,,,GW_LAYER_SNAKEBITE_LEATHER,Snakebite Leather,Layer,Layer,#8C6C40,"140,108,64",12.21,High,Computed nearest Games Workshop swatch by Euclidean RGB distance from registry R/G/B values.
VAL_MODEL_COLOR_BRIGHT_GREEN,Vallejo,Model Color,Model Color,MODEL_COLOR,70.758,Bright Green,BRIGHT_GREEN,#6E8249,110,130,73,"110,130,73",Acrylic paint,Active/Unknown,CC329-R00-Model-Color-NewIC.pdf; Catalogo_2026-R02.pdf page 12,Imported from compiled central database | Approx Hex/RGB fill: Vallejo 2026 catalog swatch sample (Medium-High).,,,,,,,,,,GW_SHADE_ATHONIAN_CAMOSHADE,Athonian Camoshade,Shade,Shade,#6D8E44,"109,142,68",13.04,High,Computed nearest Games Workshop swatch by Euclidean RGB distance from registry R/G/B values.
VAL_MODEL_COLOR_BRIGHT_ORANGE,Vallejo,Model Color,Model Color,MODEL_COLOR,70.851,Bright Orange,BRIGHT_ORANGE,#F26833,242,104,51,"242,104,51",Acrylic paint,Active/Unknown,CC329-R00-Model-Color-NewIC.pdf,Imported from compiled central database,,,,,,,,,,GW_LAYER_TROLL_SLAYER_ORANGE,Troll Slayer Orange,Layer,Layer,#F36D2D,"243,109,45",7.87,High,Computed nearest Games Workshop swatch by Euclidean RGB distance from registry R/G/B values.
VAL_MODEL_COLOR_BRONZE,Vallejo,Model Color,Model Color,MODEL_COLOR,70.998,Bronze,BRONZE,#9C5221,156,82,33,"156,82,33",Acrylic Paint,Active/Unknown,584217179-Vallejo-Paint-List-frenzycheck-com.xlsx,Imported from compiled central database,,,,,,,,,,GW_TEXTURE_BLACKFIRE_EATH,Blackfire Eath,Texture,Texture,#A75820,"167,88,32",12.57,High,Computed nearest Games Workshop swatch by Euclidean RGB distance from registry R/G/B values.
VAL_MODEL_COLOR_BRONZE_GREEN,Vallejo,Model Color,Model Color,MODEL_COLOR,70.897,Bronze Green,BRONZE_GREEN,#2F3C44,47,60,68,"47,60,68",Acrylic paint,Active/Unknown,CC329-R00-Model-Color-NewIC.pdf,Imported from compiled central database; Hex/RGB filled during audit from Direct RedGrimm Vallejo Model name match (Vallejo Colors PDF); matched Vallejo Model Bronze Green.,,,,,,,,,,GW_BASE_IRON_WARRIORS,Iron Warriors,Base,Base,#393939,"57,57,57",15.17,Medium-High,Computed nearest Games Workshop swatch by Euclidean RGB distance from registry R/G/B values.
VAL_MODEL_COLOR_BROWN_GLAZE,Vallejo,Model Color,Model Color,MODEL_COLOR,70.854,Brown Glaze,BROWN_GLAZE,,,,,,Acrylic Paint,Active/Unknown,584217179-Vallejo-Paint-List-frenzycheck-com.xlsx,Imported from compiled central database,,,,,,,,,,,,,,,,,No RGB,No match - missing source RGB
VAL_MODEL_COLOR_BROWN_ROSE,Vallejo,Model Color,Model Color,MODEL_COLOR,70.803,Brown Rose,BROWN_ROSE,#CF8774,207,135,116,"207,135,116",Acrylic Paint,Active/Unknown,952249680-Warlord-Paint-Ranges-Conversion-Chart.pdf,Imported from compiled central database; Hex/RGB filled during audit from Direct RedGrimm Vallejo Model name match (redgrimm army-painter.html); matched Vallejo Model Brown Rose.,,,,,,,,,,GW_LAYER_DWARF_FLESH,Dwarf Flesh,Layer,Layer,#DA9382,"218,147,130",21.47,Medium-High,Computed nearest Games Workshop swatch by Euclidean RGB distance from registry R/G/B values.
VAL_MODEL_COLOR_BROWN_SAND,Vallejo,Model Color,Model Color,MODEL_COLOR,70.876,Brown Sand,BROWN_SAND,#B08064,176,128,100,"176,128,100",Acrylic Paint,Active/Unknown,952249680-Warlord-Paint-Ranges-Conversion-Chart.pdf,Imported from compiled central database; Hex/RGB filled during audit from Direct RedGrimm Vallejo Model name match (redgrimm vallejo-model.html); matched Vallejo Model Brown Sand.,,,,,,,,,,GW_DRY_SYLVANETH_BARK,Sylvaneth Bark,Dry,Dry,#AC8262,"172,130,98",4.9,High,Computed nearest Games Workshop swatch by Euclidean RGB distance from registry R/G/B values.
VAL_MODEL_COLOR_BROWN_VILOET,Vallejo,Model Color,Model Color,MODEL_COLOR,70.887,Brown Viloet,BROWN_VILOET,#3E4444,62,68,68,"62,68,68",Acrylic Paint,Active/Unknown,584217179-Vallejo-Paint-List-frenzycheck-com.xlsx,Imported from compiled central database; Hex/RGB filled during audit from Direct Vallejo Colors PDF paint-code match (Vallejo Colors PDF); matched Vallejo Model Brown Violet.,,,,,,,,,,GW_AIR_MECHANICUS_STANDARD_GREY,Mechanicus Standard Grey,Air,Air,#39484A,"57,72,74",8.77,High,Computed nearest Games Workshop swatch by Euclidean RGB distance from registry R/G/B values.
VAL_MODEL_COLOR_BUFF,Vallejo,Model Color,Model Color,MODEL_COLOR,70.976,Buff,BUFF,#D2CA9F,210,202,159,"210,202,159",Acrylic Paint,Active/Unknown,952249680-Warlord-Paint-Ranges-Conversion-Chart.pdf,Imported from compiled central database,,,,,,,,,,GW_BASE_MORGHAST_BONE,Morghast Bone,Base,Base,#D5C79A,"213,199,154",6.56,High,Computed nearest Games Workshop swatch by Euclidean RGB distance from registry R/G/B values.
VAL_MODEL_COLOR_BURNT_CADMIUM_RED,Vallejo,Model Color,Model Color,MODEL_COLOR,70.814,Burnt Cadmium Red,BURNT_CADMIUM_RED,#623535,98,53,53,"98,53,53",Acrylic Paint,Active/Unknown,584217179-Vallejo-Paint-List-frenzycheck-com.xlsx,Imported from compiled central database; Hex/RGB filled during audit from Direct RedGrimm Vallejo Model name match (redgrimm vallejo-model.html); matched Vallejo Model Burnt Cadmium Red.,,,,,,,,,,GW_LAYER_DARK_FLESH,Dark Flesh,Layer,Layer,#683631,"104,54,49",7.28,High,Computed nearest Games Workshop swatch by Euclidean RGB distance from registry R/G/B values.
VAL_MODEL_COLOR_BURNT_RED,Vallejo,Model Color,Model Color,MODEL_COLOR,70.814,Burnt Red,BURNT_RED,#3E2D33,62,45,51,"62,45,51",Acrylic paint,Active/Unknown,CC329-R00-Model-Color-NewIC.pdf,Imported from compiled central database; Hex/RGB filled during audit from Direct Vallejo Colors PDF paint-code match (Vallejo Colors PDF); matched Vallejo Model Cadmium Umber Red 859 Black Red 900 French Mirage Blue 903 Intermediate Blue 943 Grey Blue.,,,,,,,,,,GW_CONTRAST_RATLING_GRIME,Ratling Grime,Contrast,Contrast,#3A332A,"58,51,42",11.53,High,Computed nearest Games Workshop swatch by Euclidean RGB distance from registry R/G/B values.
VAL_MODEL_COLOR_BURNT_UMBER,Vallejo,Model Color,Model Color,MODEL_COLOR,70.941,Burnt Umber,BURNT_UMBER,#663300,102,51,0,"102,51,0",Acrylic paint,Active/Unknown,CC329-R00-Model-Color-NewIC.pdf,Imported from compiled central database,,,,,,,,,,GW_TEXTURE_STIRLAND_MUD,Stirland Mud,Texture,Texture,#492B00,"73,43,0",30.08,Medium-High,Computed nearest Games Workshop swatch by Euclidean RGB distance from registry R/G/B values.
VAL_MODEL_COLOR_CAM_BLACK_BROWN,Vallejo,Model Color,Model Color,MODEL_COLOR,70.822,Cam. Black Brown,CAM_BLACK_BROWN,#25343B,37,52,59,"37,52,59",Acrylic paint,Active/Unknown,CC329-R00-Model-Color-NewIC.pdf,Imported from compiled central database; Hex/RGB filled during audit from Direct Vallejo Colors PDF paint-code match (Vallejo Colors PDF); matched Vallejo Model German Camoouflage Black Brown.,,,,,,,,,,GW_FOUNDATION_ORKHIDE_SHADE,Orkhide Shade,Foundation,Foundation,#26372D,"38,55,45",14.35,High,Computed nearest Games Workshop swatch by Euclidean RGB distance from registry R/G/B values.
VAL_MODEL_COLOR_CAM_BLACK_GREEN,Vallejo,Model Color,Model Color,MODEL_COLOR,70.741,Cam. Black Green,CAM_BLACK_GREEN,#312F28,49,47,40,"49,47,40",Acrylic paint,Active/Unknown,CC329-R00-Model-Color-NewIC.pdf; Catalogo_2026-R02.pdf page 12,Imported from compiled central database | Approx Hex/RGB fill: Vallejo 2026 catalog swatch sample (Medium-High).,,,,,,,,,,GW_BASE_DRYAD_BARK,Dryad Bark,Base,Base,#33312D,"51,49,45",5.74,High,Computed nearest Games Workshop swatch by Euclidean RGB distance from registry R/G/B values.
VAL_MODEL_COLOR_CAM_DARK_GREEN,Vallejo,Model Color,Model Color,MODEL_COLOR,70.979,Cam. Dark Green,CAM_DARK_GREEN,#2D363B,45,54,59,"45,54,59",Acrylic paint,Active/Unknown,CC329-R00-Model-Color-NewIC.pdf,Imported from compiled central database; Hex/RGB filled during audit from Direct Vallejo Colors PDF paint-code match (Vallejo Colors PDF); matched Vallejo Model German Camouflage Dark Green.,,,,,,,,,,GW_BASE_IRON_WARRIORS,Iron Warriors,Base,Base,#393939,"57,57,57",12.53,High,Computed nearest Games Workshop swatch by Euclidean RGB distance from registry R/G/B values.
VAL_MODEL_COLOR_CAM_MIDDLE_BROWN,Vallejo,Model Color,Model Color,MODEL_COLOR,70.740,Cam. Middle Brown,CAM_MIDDLE_BROWN,#503E20,80,62,32,"80,62,32",Acrylic paint,Active/Unknown,CC329-R00-Model-Color-NewIC.pdf; Catalogo_2026-R02.pdf page 12,Imported from compiled central database | Approx Hex/RGB fill: Vallejo 2026 catalog swatch sample (Medium-High).,,,,,,,,,,GW_CONTRAST_WYLDWOOD,Wyldwood,Contrast,Contrast,#4B3427,"75,52,39",13.19,High,Computed nearest Games Workshop swatch by Euclidean RGB distance from registry R/G/B values.
VAL_MODEL_COLOR_CAM_OLIVE_GREEN,Vallejo,Model Color,Model Color,MODEL_COLOR,70.894,Cam. Olive Green,CAM_OLIVE_GREEN,#3C5549,60,85,73,"60,85,73",Acrylic paint,Active/Unknown,CC329-R00-Model-Color-NewIC.pdf,Imported from compiled central database; Hex/RGB filled during audit from Direct RedGrimm Vallejo Model name match (redgrimm vallejo-model.html); matched Vallejo Model Cam. Olive Green.,,,,,,,,,,GW_LAYER_DARK_REAPER,Dark Reaper,Layer,Layer,#3B5150,"59,81,80",8.12,High,Computed nearest Games Workshop swatch by Euclidean RGB distance from registry R/G/B values.
VAL_MODEL_COLOR_CANVAS,Vallejo,Model Color,Model Color,MODEL_COLOR,70.763,Canvas,CANVAS,#4B3E1E,75,62,30,"75,62,30",Acrylic paint,Active/Unknown,CC329-R00-Model-Color-NewIC.pdf; Catalogo_2026-R02.pdf page 12,Imported from compiled central database | Approx Hex/RGB fill: Vallejo 2026 catalog swatch sample (Medium-High).,,,,,,,,,,GW_CONTRAST_WYLDWOOD,Wyldwood,Contrast,Contrast,#4B3427,"75,52,39",13.45,High,Computed nearest Games Workshop swatch by Euclidean RGB distance from registry R/G/B values.
VAL_MODEL_COLOR_CARMINE_RED,Vallejo,Model Color,Model Color,MODEL_COLOR,70.908,Carmine Red,CARMINE_RED,#990033,153,0,51,"153,0,51",Acrylic Paint,Active/Unknown,584217179-Vallejo-Paint-List-frenzycheck-com.xlsx,Imported from compiled central database,,,,,,,,,,GW_CONTRAST_FLESH_TEARERS_RED,Flesh Tearers Red,Contrast,Contrast,#9B111E,"155,17,30",27.09,Medium-High,Computed nearest Games Workshop swatch by Euclidean RGB distance from registry R/G/B values.
VAL_MODEL_COLOR_CAVALRY_BROWN,Vallejo,Model Color,Model Color,MODEL_COLOR,70.982,Cavalry Brown,CAVALRY_BROWN,#853F3D,133,63,61,"133,63,61",Acrylic Paint,Active/Unknown,952249680-Warlord-Paint-Ranges-Conversion-Chart.pdf,Imported from compiled central database; Hex/RGB filled during audit from Direct RedGrimm Vallejo Model name match (redgrimm vallejo-model.html); matched Vallejo Model Cavalry Brown.,,,,,,,,,,GW_LAYER_TUSKGOR_FUR,Tuskgor Fur,Layer,Layer,#883736,"136,55,54",11.05,High,Computed nearest Games Workshop swatch by Euclidean RGB distance from registry R/G/B values.
VAL_MODEL_COLOR_CHESTNUT_BROWN,Vallejo,Model Color,Model Color,MODEL_COLOR,70.746,Chestnut Brown,CHESTNUT_BROWN,#603F39,96,63,57,"96,63,57",Acrylic paint,Active/Unknown,CC329-R00-Model-Color-NewIC.pdf; Catalogo_2026-R02.pdf page 12,Imported from compiled central database | Approx Hex/RGB fill: Vallejo 2026 catalog swatch sample (Medium-High).,,,,,,,,,,GW_LAYER_SCORCHED_BROWN,Scorched Brown,Layer,Layer,#5A422F,"90,66,47",12.04,High,Computed nearest Games Workshop swatch by Euclidean RGB distance from registry R/G/B values.
VAL_MODEL_COLOR_CHOCOLATE_BROWN,Vallejo,Model Color,Model Color,MODEL_COLOR,70.872,Chocolate Brown,CHOCOLATE_BROWN,#5F5047,95,80,71,"95,80,71",Acrylic paint,Active/Unknown,CC329-R00-Model-Color-NewIC.pdf,Imported from compiled central database; Hex/RGB filled during audit from Direct RedGrimm Vallejo Model name match (redgrimm army-painter.html); matched Vallejo Model Chocolate Brown.,,,,,,,,,,GW_SHADE_MORTARION_GRIME,Mortarion Grime,Shade,Shade,#5A573F,"90,87,63",11.75,High,Computed nearest Games Workshop swatch by Euclidean RGB distance from registry R/G/B values.
VAL_MODEL_COLOR_CLEAR_ORANGE,Vallejo,Model Color,Model Color,MODEL_COLOR,70.956,Clear Orange,CLEAR_ORANGE,#F1552C,241,85,44,"241,85,44",Acrylic paint,Active/Unknown,CC329-R00-Model-Color-NewIC.pdf,Imported from compiled central database; Hex/RGB filled during audit from Direct RedGrimm Vallejo Model name match (redgrimm vallejo-model.html); matched Vallejo Model Clear Orange.,,,,,,,,,,GW_CONTRAST_MAGMADROTH_FLAME,Magmadroth Flame,Contrast,Contrast,#F04A24,"240,74,36",13.64,High,Computed nearest Games Workshop swatch by Euclidean RGB distance from registry R/G/B values.
VAL_MODEL_COLOR_COLD_WHITE,Vallejo,Model Color,Model Color,MODEL_COLOR,70.919,Cold White,COLD_WHITE,#FFFCF5,255,252,245,"255,252,245",Acrylic paint,Active/Unknown,CC329-R00-Model-Color-NewIC.pdf,Imported from compiled central database; Hex/RGB filled during audit from Direct Vallejo Colors PDF paint-code match (Vallejo Colors PDF); matched Vallejo Model Foundation White.,,,,,,,,,,GW_DRY_WRACK_WHITE,Wrack White,Dry,Dry,#FCFBFA,"252,251,250",5.92,High,Computed nearest Games Workshop swatch by Euclidean RGB distance from registry R/G/B values.
VAL_MODEL_COLOR_CONTINENTAL_BLUE,Vallejo,Model Color,Model Color,MODEL_COLOR,70.754,Continental Blue,CONTINENTAL_BLUE,#25232A,37,35,42,"37,35,42",Acrylic paint,Active/Unknown,CC329-R00-Model-Color-NewIC.pdf; Catalogo_2026-R02.pdf page 12,Imported from compiled central database | Approx Hex/RGB fill: Vallejo 2026 catalog swatch sample (Medium-High).,,,,,,,,,,GW_CONTRAST_BLACK_TEMPLAR,Black Templar,Contrast,Contrast,#232323,"35,35,35",7.28,High,Computed nearest Games Workshop swatch by Euclidean RGB distance from registry R/G/B values.
VAL_MODEL_COLOR_COPPER,Vallejo,Model Color,Model Color,MODEL_COLOR,70.999,Copper,COPPER,#73372D,115,55,45,"115,55,45",Acrylic Paint,Active/Unknown,584217179-Vallejo-Paint-List-frenzycheck-com.xlsx,Imported from compiled central database,,,,,,,,,,GW_LAYER_BEATEN_COPPER,Beaten Copper,Layer,Layer,#73372D,"115,55,45",0,High,Computed nearest Games Workshop swatch by Euclidean RGB distance from registry R/G/B values.
VAL_MODEL_COLOR_CORK_BROWN,Vallejo,Model Color,Model Color,MODEL_COLOR,70.843,Cork Brown,CORK_BROWN,#A57B63,165,123,99,"165,123,99",Acrylic paint,Active/Unknown,CC329-R00-Model-Color-NewIC.pdf,Imported from compiled central database; Hex/RGB filled during audit from Direct RedGrimm Vallejo Model name match (redgrimm vallejo-game.html); matched Vallejo Model Cork Brown.,,,,,,,,,,GW_DRY_SYLVANETH_BARK,Sylvaneth Bark,Dry,Dry,#AC8262,"172,130,98",9.95,High,Computed nearest Games Workshop swatch by Euclidean RGB distance from registry R/G/B values.
VAL_MODEL_COLOR_CREAM_WHITE,Vallejo,Model Color,Model Color,MODEL_COLOR,70.766,Cream White,CREAM_WHITE,#F5F4DA,245,244,218,"245,244,218",Acrylic paint,Active/Unknown,CC329-R00-Model-Color-NewIC.pdf,Imported from compiled central database; Hex/RGB filled during audit from Mech9 paint-code equivalence cross-reference (redgrimm army-painter.html); matched Vallejo Game Offwhite.,,,,,,,,,,GW_TECHNICAL_LAHMIAN_MEDIUM,Lahmian Medium,Technical,Technical,#F5EDE2,"245,237,226",10.63,High,Computed nearest Games Workshop swatch by Euclidean RGB distance from registry R/G/B values.
VAL_MODEL_COLOR_DARK_BLUE,Vallejo,Model Color,Model Color,MODEL_COLOR,70.930,Dark Blue,DARK_BLUE,#31639C,49,99,156,"49,99,156",Acrylic Paint,Active/Unknown,584217179-Vallejo-Paint-List-frenzycheck-com.xlsx,Imported from compiled central database,,,,,,,,,,GW_BASE_CALEDOR_SKY,Caledor Sky,Base,Base,#396E9E,"57,110,158",13.75,High,Computed nearest Games Workshop swatch by Euclidean RGB distance from registry R/G/B values.
VAL_MODEL_COLOR_DARK_BLUE_GREY,Vallejo,Model Color,Model Color,MODEL_COLOR,70.867,Dark Blue Grey,DARK_BLUE_GREY,#4B5751,75,87,81,"75,87,81",Acrylic paint,Active/Unknown,CC329-R00-Model-Color-NewIC.pdf,Imported from compiled central database; Hex/RGB filled during audit from Direct RedGrimm Vallejo Model name match (redgrimm vallejo-model.html); matched Vallejo Model Dark Blue Grey.,,,,,,,,,,GW_LAYER_ESHIN_GREY,Eshin Grey,Layer,Layer,#4A4F52,"74,79,82",8.12,High,Computed nearest Games Workshop swatch by Euclidean RGB distance from registry R/G/B values.
VAL_MODEL_COLOR_DARK_BLUE_PALE,Vallejo,Model Color,Model Color,MODEL_COLOR,70.904,Dark Blue Pale,DARK_BLUE_PALE,#6B9CCE,107,156,206,"107,156,206",Acrylic Paint,Active/Unknown,584217179-Vallejo-Paint-List-frenzycheck-com.xlsx,Imported from compiled central database; Hex/RGB filled during audit from Mech9 paint-code equivalence cross-reference (Existing registry completed row); matched Model Color Azure Blue.,,,,,,,,,,GW_DRY_CHRONUS_BLUE,Chronus Blue,Dry,Dry,#72A8D1,"114,168,209",14.21,High,Computed nearest Games Workshop swatch by Euclidean RGB distance from registry R/G/B values.
VAL_MODEL_COLOR_DARK_FLESH,Vallejo,Model Color,Model Color,MODEL_COLOR,70.927,Dark Flesh,DARK_FLESH,#630808,99,8,8,"99,8,8",Acrylic Paint,Active/Unknown,952249680-Warlord-Paint-Ranges-Conversion-Chart.pdf,Imported from compiled central database,,,,,,,,,,GW_LAYER_BAAL_RED_WASH,Baal Red Wash,Layer,Layer,#630808,"99,8,8",0,High,Computed nearest Games Workshop swatch by Euclidean RGB distance from registry R/G/B values.
VAL_MODEL_COLOR_DARK_GREY,Vallejo,Model Color,Model Color,MODEL_COLOR,70.994,Dark Grey,DARK_GREY,#233E3D,35,62,61,"35,62,61",Acrylic paint,Active/Unknown,CC329-R00-Model-Color-NewIC.pdf,Imported from compiled central database; Hex/RGB filled during audit from Direct RedGrimm Vallejo Model name match (redgrimm vallejo-model.html); matched Vallejo Model Dark Grey.,,,,,,,,,,GW_LAYER_VULKAN_GREEN,Vulkan Green,Layer,Layer,#223C2E,"34,60,46",15.17,Medium-High,Computed nearest Games Workshop swatch by Euclidean RGB distance from registry R/G/B values.
VAL_MODEL_COLOR_DARK_PRUSSIAN_BLUE,Vallejo,Model Color,Model Color,MODEL_COLOR,70.899,Dark Prussian Blue,DARK_PRUSSIAN_BLUE,#192C43,25,44,67,"25,44,67",Acrylic Paint,Active/Unknown,952249680-Warlord-Paint-Ranges-Conversion-Chart.pdf,Imported from compiled central database; Hex/RGB filled during audit from Direct RedGrimm Vallejo Model name match (redgrimm army-painter.html); matched Vallejo Model Dark Prussian Blue.,,,,,,,,,,GW_FOUNDATION_NECRON_ABYSS,Necron Abyss,Foundation,Foundation,#1A213D,"26,33,61",12.57,High,Computed nearest Games Workshop swatch by Euclidean RGB distance from registry R/G/B values.
VAL_MODEL_COLOR_DARK_PURPLE,Vallejo,Model Color,Model Color,MODEL_COLOR,70.749,Dark Purple,DARK_PURPLE,#442633,68,38,51,"68,38,51",Acrylic paint,Active/Unknown,CC329-R00-Model-Color-NewIC.pdf; Catalogo_2026-R02.pdf page 12,Imported from compiled central database | Approx Hex/RGB fill: Vallejo 2026 catalog swatch sample (Medium-High).,,,,,,,,,,GW_BASE_GAL_VORBAK_RED,Gal Vorbak Red,Base,Base,#4B213C,"75,33,60",12.45,High,Computed nearest Games Workshop swatch by Euclidean RGB distance from registry R/G/B values.
VAL_MODEL_COLOR_DARK_RED,Vallejo,Model Color,Model Color,MODEL_COLOR,70.946,Dark Red,DARK_RED,#A24A46,162,74,70,"162,74,70",Acrylic paint,Active/Unknown,CC329-R00-Model-Color-NewIC.pdf,Imported from compiled central database,,,,,,,,,,GW_LAYER_SQUIG_ORANGE,Squig Orange,Layer,Layer,#AA4F44,"170,79,68",9.64,High,Computed nearest Games Workshop swatch by Euclidean RGB distance from registry R/G/B values.
VAL_MODEL_COLOR_DARK_ROSE,Vallejo,Model Color,Model Color,MODEL_COLOR,70.745,Dark Rose,DARK_ROSE,#7F5251,127,82,81,"127,82,81",Acrylic paint,Active/Unknown,CC329-R00-Model-Color-NewIC.pdf; Catalogo_2026-R02.pdf page 12,Imported from compiled central database | Approx Hex/RGB fill: Vallejo 2026 catalog swatch sample (Medium-High).,,,,,,,,,,GW_BASE_BUGMAN_S_GLOW,Bugman's Glow,Base,Base,#834F44,"131,79,68",13.93,High,Computed nearest Games Workshop swatch by Euclidean RGB distance from registry R/G/B values.
VAL_MODEL_COLOR_DARK_RUST,Vallejo,Model Color,Model Color,MODEL_COLOR,70.771,Dark Rust,DARK_RUST,#3C2424,60,36,36,"60,36,36",Acrylic paint,Active/Unknown,CC329-R00-Model-Color-NewIC.pdf; Catalogo_2026-R02.pdf page 13,Imported from compiled central database | Approx Hex/RGB fill: Vallejo 2026 catalog swatch sample (Medium-High).,,,,,,,,,,GW_CONTRAST_CYGOR_BROWN,Cygor Brown,Contrast,Contrast,#3B2418,"59,36,24",12.04,High,Computed nearest Games Workshop swatch by Euclidean RGB distance from registry R/G/B values.
VAL_MODEL_COLOR_DARK_SAND,Vallejo,Model Color,Model Color,MODEL_COLOR,70.847,Dark Sand,DARK_SAND,#D6B779,214,183,121,"214,183,121",Acrylic paint,Active/Unknown,CC329-R00-Model-Color-NewIC.pdf,Imported from compiled central database; Hex/RGB filled during audit from Direct RedGrimm Vallejo Model name match (redgrimm vallejo-game.html); matched Vallejo Model Dark Sand.,,,,,,,,,,GW_LAYER_LIBERATOR_GOLD,Liberator Gold,Layer,Layer,#D3B587,"211,181,135",14.46,High,Computed nearest Games Workshop swatch by Euclidean RGB distance from registry R/G/B values.
VAL_MODEL_COLOR_DARK_SEA_BLUE,Vallejo,Model Color,Model Color,MODEL_COLOR,70.898,Dark Sea Blue,DARK_SEA_BLUE,#2A4048,42,64,72,"42,64,72",Acrylic paint,Active/Unknown,CC329-R00-Model-Color-NewIC.pdf,Imported from compiled central database; Hex/RGB filled during audit from Direct RedGrimm Vallejo Model name match (redgrimm vallejo-game.html); matched Vallejo Model Dark Sea Blue.,,,,,,,,,,GW_LAYER_ASURMEN_BLUE_WASH,Asurmen Blue Wash,Layer,Layer,#273E53,"39,62,83",11.58,High,Computed nearest Games Workshop swatch by Euclidean RGB distance from registry R/G/B values.
VAL_MODEL_COLOR_DARK_SEA_GREEN,Vallejo,Model Color,Model Color,MODEL_COLOR,70.868,Dark Sea Green,DARK_SEA_GREEN,#2F4844,47,72,68,"47,72,68",Acrylic paint,Active/Unknown,CC329-R00-Model-Color-NewIC.pdf,Imported from compiled central database; Hex/RGB filled during audit from Direct RedGrimm Vallejo Model name match (redgrimm vallejo-model.html); matched Vallejo Model Dark Sea Green.,,,,,,,,,,GW_AIR_MECHANICUS_STANDARD_GREY,Mechanicus Standard Grey,Air,Air,#39484A,"57,72,74",11.66,High,Computed nearest Games Workshop swatch by Euclidean RGB distance from registry R/G/B values.
VAL_MODEL_COLOR_DARK_SEA_GREY,Vallejo,Model Color,Model Color,MODEL_COLOR,70.991,Dark Sea Grey,DARK_SEA_GREY,#787D7A,120,125,122,"120,125,122",Acrylic paint,Active/Unknown,CC329-R00-Model-Color-NewIC.pdf,Imported from compiled central database; Hex/RGB filled during audit from Direct RedGrimm Vallejo Model name match (redgrimm army-painter.html); matched Vallejo Model Dark Sea Grey.,,,,,,,,,,GW_TECHNICAL_ASTROGRANITE,Astrogranite,Technical,Technical,#787878,"120,120,120",5.39,High,Computed nearest Games Workshop swatch by Euclidean RGB distance from registry R/G/B values.
VAL_MODEL_COLOR_DARK_VERMILION,Vallejo,Model Color,Model Color,MODEL_COLOR,70.947,Dark Vermilion,DARK_VERMILION,#A54336,165,67,54,"165,67,54",Acrylic paint,Active/Unknown,CC329-R00-Model-Color-NewIC.pdf,Imported from compiled central database; Hex/RGB filled during audit from Direct Vallejo Colors PDF paint-code match (Vallejo Colors PDF); matched Vallejo Model Red.,,,,,,,,,,GW_LAYER_SQUIG_ORANGE,Squig Orange,Layer,Layer,#AA4F44,"170,79,68",19.1,Medium-High,Computed nearest Games Workshop swatch by Euclidean RGB distance from registry R/G/B values.
VAL_MODEL_COLOR_DARK_VERMILLION,Vallejo,Model Color,Model Color,MODEL_COLOR,70.947,Dark Vermillion,DARK_VERMILLION,#A54336,165,67,54,"165,67,54",Acrylic Paint,Active/Unknown,584217179-Vallejo-Paint-List-frenzycheck-com.xlsx,Imported from compiled central database; Hex/RGB filled during audit from Direct Vallejo Colors PDF paint-code match (Vallejo Colors PDF); matched Vallejo Model Red.,,,,,,,,,,GW_LAYER_SQUIG_ORANGE,Squig Orange,Layer,Layer,#AA4F44,"170,79,68",19.1,Medium-High,Computed nearest Games Workshop swatch by Euclidean RGB distance from registry R/G/B values.
VAL_MODEL_COLOR_DARK_YELLOW,Vallejo,Model Color,Model Color,MODEL_COLOR,70.978,Dark Yellow,DARK_YELLOW,#9C8855,156,136,85,"156,136,85",Acrylic Paint,Active/Unknown,584217179-Vallejo-Paint-List-frenzycheck-com.xlsx,Imported from compiled central database,,,,,,,,,,GW_BASE_HOBGROT_HIDE,Hobgrot Hide,Base,Base,#9C8855,"156,136,85",0,High,Computed nearest Games Workshop swatch by Euclidean RGB distance from registry R/G/B values.
VAL_MODEL_COLOR_DECK_TAN,Vallejo,Model Color,Model Color,MODEL_COLOR,70.986,Deck Tan,DECK_TAN,#BEC5B3,190,197,179,"190,197,179",Acrylic paint,Active/Unknown,CC329-R00-Model-Color-NewIC.pdf,Imported from compiled central database; Hex/RGB filled during audit from Direct RedGrimm Vallejo Model name match (redgrimm army-painter.html); matched Vallejo Model Deck Tan.,,,,,,,,,,GW_LAYER_FORTRESS_GREY,Fortress Grey,Layer,Layer,#BCBDC0,"188,189,192",15.39,Medium-High,Computed nearest Games Workshop swatch by Euclidean RGB distance from registry R/G/B values.
VAL_MODEL_COLOR_DEEP_GREEN,Vallejo,Model Color,Model Color,MODEL_COLOR,70.970,Deep Green,DEEP_GREEN,#0A6B48,10,107,72,"10,107,72",Acrylic Paint,Active/Unknown,952249680-Warlord-Paint-Ranges-Conversion-Chart.pdf,Imported from compiled central database; Hex/RGB filled during audit from Direct RedGrimm Vallejo Model name match (redgrimm vallejo-model.html); matched Vallejo Model Deep Green.,,,,,,,,,,GW_LAYER_SNOT_GREEN,Snot Green,Layer,Layer,#006F45,"0,111,69",11.18,High,Computed nearest Games Workshop swatch by Euclidean RGB distance from registry R/G/B values.
VAL_MODEL_COLOR_DEEP_SKY_BLUE,Vallejo,Model Color,Model Color,MODEL_COLOR,70.844,Deep Sky Blue,DEEP_SKY_BLUE,#00A6DA,0,166,218,"0,166,218",Acrylic paint,Active/Unknown,CC329-R00-Model-Color-NewIC.pdf,Imported from compiled central database,,,,,,,,,,GW_CONTRAST_KROXIGOR_SCALES,Kroxigor Scales,Contrast,Contrast,#00A9C0,"0,169,192",26.17,Medium-High,Computed nearest Games Workshop swatch by Euclidean RGB distance from registry R/G/B values.
VAL_MODEL_COLOR_DEEP_YELLOW,Vallejo,Model Color,Model Color,MODEL_COLOR,70.915,Deep Yellow,DEEP_YELLOW,#FFE30C,255,227,12,"255,227,12",Acrylic paint,Active/Unknown,CC329-R00-Model-Color-NewIC.pdf,Imported from compiled central database,,,,,,,,,,GW_LAYER_PHALANX_YELLOW,Phalanx Yellow,Layer,Layer,#FFE200,"255,226,0",12.04,High,Computed nearest Games Workshop swatch by Euclidean RGB distance from registry R/G/B values.
VAL_MODEL_COLOR_DESERT_BROWN,Vallejo,Model Color,Model Color,MODEL_COLOR,70.767,Desert Brown,DESERT_BROWN,#AC8354,172,131,84,"172,131,84",Acrylic paint,Active/Unknown,CC329-R00-Model-Color-NewIC.pdf; Catalogo_2026-R02.pdf page 13,Imported from compiled central database | Approx Hex/RGB fill: Vallejo 2026 catalog swatch sample (Medium-High).,,,,,,,,,,GW_DRY_GOLDEN_GRIFFON,Golden Griffon,Dry,Dry,#A99058,"169,144,88",13.93,High,Computed nearest Games Workshop swatch by Euclidean RGB distance from registry R/G/B values.
VAL_MODEL_COLOR_DESERT_TAN,Vallejo,Model Color,Model Color,MODEL_COLOR,70.765,Desert Tan,DESERT_TAN,#B5A286,181,162,134,"181,162,134",Acrylic paint,Active/Unknown,CC329-R00-Model-Color-NewIC.pdf; Catalogo_2026-R02.pdf page 13,Imported from compiled central database | Approx Hex/RGB fill: Vallejo 2026 catalog swatch sample (Medium-High).,,,,,,,,,,GW_BASE_RETRIBUTOR_ARMOUR,Retributor Armour,Base,Base,#C39E81,"195,158,129",15.39,Medium-High,Computed nearest Games Workshop swatch by Euclidean RGB distance from registry R/G/B values.
VAL_MODEL_COLOR_DESERT_YELLOW,Vallejo,Model Color,Model Color,MODEL_COLOR,70.977,Desert Yellow,DESERT_YELLOW,#9C8855,156,136,85,"156,136,85",Acrylic paint,Active/Unknown,CC329-R00-Model-Color-NewIC.pdf,Imported from compiled central database,,,,,,,,,,GW_BASE_HOBGROT_HIDE,Hobgrot Hide,Base,Base,#9C8855,"156,136,85",0,High,Computed nearest Games Workshop swatch by Euclidean RGB distance from registry R/G/B values.
VAL_MODEL_COLOR_DRYING_RETARDER,Vallejo,Model Color,Model Color,MODEL_COLOR,70.597,Drying Retarder,DRYING_RETARDER,,,,,,Acrylic Paint,Active/Unknown,952249680-Warlord-Paint-Ranges-Conversion-Chart.pdf,Imported from compiled central database,,,,,,,,,,,,,,,,,No RGB,No match - missing source RGB
VAL_MODEL_COLOR_EMERALD,Vallejo,Model Color,Model Color,MODEL_COLOR,70.838,Emerald,EMERALD,#00906A,0,144,106,"0,144,106",Acrylic Paint,Active/Unknown,952249680-Warlord-Paint-Ranges-Conversion-Chart.pdf,Imported from compiled central database; Hex/RGB filled during audit from Direct RedGrimm Vallejo Model name match (redgrimm army-painter.html); matched Vallejo Model Emerald.,,,,,,,,,,GW_LAYER_KABALITE_GREEN,Kabalite Green,Layer,Layer,#038C67,"3,140,103",5.83,High,Computed nearest Games Workshop swatch by Euclidean RGB distance from registry R/G/B values.
VAL_MODEL_COLOR_ENGLISH_UNIFORM,Vallejo,Model Color,Model Color,MODEL_COLOR,70.921,English Uniform,ENGLISH_UNIFORM,#655138,101,81,56,"101,81,56",Acrylic Paint,Active/Unknown,584217179-Vallejo-Paint-List-frenzycheck-com.xlsx,Imported from compiled central database,,,,,,,,,,GW_LAYER_GRAVEYARD_EARTH,Graveyard Earth,Layer,Layer,#665238,"102,82,56",1.41,High,Computed nearest Games Workshop swatch by Euclidean RGB distance from registry R/G/B values.
VAL_MODEL_COLOR_EXTRA_DARK_GREEN,Vallejo,Model Color,Model Color,MODEL_COLOR,70.896,Extra Dark Green,EXTRA_DARK_GREEN,#303B3F,48,59,63,"48,59,63",Acrylic paint,Active/Unknown,CC329-R00-Model-Color-NewIC.pdf,Imported from compiled central database; Hex/RGB filled during audit from Direct Vallejo Colors PDF paint-code match (Vallejo Colors PDF); matched Vallejo Model Camouflage Extra Dark Green 980 Black Green.,,,,,,,,,,GW_BASE_IRON_WARRIORS,Iron Warriors,Base,Base,#393939,"57,57,57",11,High,Computed nearest Games Workshop swatch by Euclidean RGB distance from registry R/G/B values.
VAL_MODEL_COLOR_FADED_RED,Vallejo,Model Color,Model Color,MODEL_COLOR,70.747,Faded Red,FADED_RED,#BA584E,186,88,78,"186,88,78",Acrylic paint,Active/Unknown,CC329-R00-Model-Color-NewIC.pdf; Catalogo_2026-R02.pdf page 12,Imported from compiled central database | Approx Hex/RGB fill: Vallejo 2026 catalog swatch sample (Medium-High).,,,,,,,,,,GW_LAYER_DEATHCLAW_BROWN,Deathclaw Brown,Layer,Layer,#B36853,"179,104,83",18.17,Medium-High,Computed nearest Games Workshop swatch by Euclidean RGB distance from registry R/G/B values.
VAL_MODEL_COLOR_FERN_GREEN,Vallejo,Model Color,Model Color,MODEL_COLOR,70.833,Fern Green,FERN_GREEN,#324A32,50,74,50,"50,74,50",Acrylic paint,Active/Unknown,CC329-R00-Model-Color-NewIC.pdf,Imported from compiled central database; Hex/RGB filled during audit from Direct Vallejo Colors PDF paint-code match (Vallejo Colors PDF); matched Vallejo Model German Camouflage 850 Medium Olive.,,,,,,,,,,GW_BASE_DEATH_KORPS_DRAB,Death Korps Drab,Base,Base,#3D4539,"61,69,57",13.96,High,Computed nearest Games Workshop swatch by Euclidean RGB distance from registry R/G/B values.
VAL_MODEL_COLOR_FIELD_BLUE,Vallejo,Model Color,Model Color,MODEL_COLOR,70.964,Field Blue,FIELD_BLUE,#436872,67,104,114,"67,104,114",Acrylic paint,Active/Unknown,CC329-R00-Model-Color-NewIC.pdf,Imported from compiled central database,,,,,,,,,,GW_BASE_THE_FANG,The Fang,Base,Base,#436174,"67,97,116",7.28,High,Computed nearest Games Workshop swatch by Euclidean RGB distance from registry R/G/B values.
VAL_MODEL_COLOR_FLAT_ALUMINUM,Vallejo,Model Color,Model Color,MODEL_COLOR,70.993,Flat Aluminum,FLAT_ALUMINUM,#C3C6CD,195,198,205,"195,198,205",Acrylic Paint,Active/Unknown,584217179-Vallejo-Paint-List-frenzycheck-com.xlsx,Imported from compiled central database,,,,,,,,,,GW_LAYER_GHOSTLY_GREY,Ghostly Grey,Layer,Layer,#C3C6CD,"195,198,205",0,High,Computed nearest Games Workshop swatch by Euclidean RGB distance from registry R/G/B values.
VAL_MODEL_COLOR_FLAT_BLUE,Vallejo,Model Color,Model Color,MODEL_COLOR,70.962,Flat Blue,FLAT_BLUE,#336991,51,105,145,"51,105,145",Acrylic paint,Active/Unknown,CC329-R00-Model-Color-NewIC.pdf,Imported from compiled central database; Hex/RGB filled during audit from Direct RedGrimm Vallejo Model name match (redgrimm vallejo-game.html); matched Vallejo Model Flat Blue.,,,,,,,,,,GW_BASE_CALEDOR_SKY,Caledor Sky,Base,Base,#396E9E,"57,110,158",15.17,Medium-High,Computed nearest Games Workshop swatch by Euclidean RGB distance from registry R/G/B values.
VAL_MODEL_COLOR_FLAT_BROWN,Vallejo,Model Color,Model Color,MODEL_COLOR,70.984,Flat Brown,FLAT_BROWN,#764841,118,72,65,"118,72,65",Acrylic Paint,Active/Unknown,952249680-Warlord-Paint-Ranges-Conversion-Chart.pdf,Imported from compiled central database; Hex/RGB filled during audit from Direct RedGrimm Vallejo Model name match (redgrimm vallejo-game.html); matched Vallejo Model Flat Brown.,,,,,,,,,,GW_LAYER_BESTIAL_BROWN,Bestial Brown,Layer,Layer,#7B4A39,"123,74,57",9.64,High,Computed nearest Games Workshop swatch by Euclidean RGB distance from registry R/G/B values.
VAL_MODEL_COLOR_FLAT_EARTH,Vallejo,Model Color,Model Color,MODEL_COLOR,70.983,Flat Earth,FLAT_EARTH,#87643C,135,100,60,"135,100,60",Acrylic paint,Active/Unknown,CC329-R00-Model-Color-NewIC.pdf,Imported from compiled central database; Hex/RGB filled during audit from Direct RedGrimm Vallejo Model name match (redgrimm army-painter.html); matched Vallejo Model Flat Earth.,,,,,,,,,,GW_LAYER_SNAKEBITE_LEATHER,Snakebite Leather,Layer,Layer,#8C6C40,"140,108,64",10.25,High,Computed nearest Games Workshop swatch by Euclidean RGB distance from registry R/G/B values.
VAL_MODEL_COLOR_FLAT_FLESH,Vallejo,Model Color,Model Color,MODEL_COLOR,70.955,Flat Flesh,FLAT_FLESH,#D8A977,216,169,119,"216,169,119",Acrylic Paint,Active/Unknown,952249680-Warlord-Paint-Ranges-Conversion-Chart.pdf,Imported from compiled central database; Hex/RGB filled during audit from Direct RedGrimm Vallejo Model name match (redgrimm army-painter.html); matched Vallejo Model Flat Flesh.,,,,,,,,,,GW_LAYER_KISLEV_FLESH,Kislev Flesh,Layer,Layer,#D6A875,"214,168,117",3,High,Computed nearest Games Workshop swatch by Euclidean RGB distance from registry R/G/B values.
VAL_MODEL_COLOR_FLAT_GREEN,Vallejo,Model Color,Model Color,MODEL_COLOR,70.968,Flat Green,FLAT_GREEN,#2A6531,42,101,49,"42,101,49",Acrylic paint,Active/Unknown,CC329-R00-Model-Color-NewIC.pdf,Imported from compiled central database; Hex/RGB filled during audit from Direct RedGrimm Vallejo Model name match (redgrimm army-painter.html); matched Vallejo Model Flat Green.,,,,,,,,,,GW_LAYER_WARPSTONE_GLOW,Warpstone Glow,Layer,Layer,#1E7331,"30,115,49",18.44,Medium-High,Computed nearest Games Workshop swatch by Euclidean RGB distance from registry R/G/B values.
VAL_MODEL_COLOR_FLAT_RED,Vallejo,Model Color,Model Color,MODEL_COLOR,70.957,Flat Red,FLAT_RED,#AA3037,170,48,55,"170,48,55",Acrylic paint,Active/Unknown,CC329-R00-Model-Color-NewIC.pdf,Imported from compiled central database,,,,,,,,,,GW_LAYER_RED_GORE,Red Gore,Layer,Layer,#9D2B3F,"157,43,63",16.06,Medium-High,Computed nearest Games Workshop swatch by Euclidean RGB distance from registry R/G/B values.
VAL_MODEL_COLOR_FLAT_YELLOW,Vallejo,Model Color,Model Color,MODEL_COLOR,70.953,Flat Yellow,FLAT_YELLOW,#FFCD25,255,205,37,"255,205,37",Acrylic Paint,Active/Unknown,952249680-Warlord-Paint-Ranges-Conversion-Chart.pdf,Imported from compiled central database; Hex/RGB filled during audit from Direct RedGrimm Vallejo Model name match (redgrimm vallejo-game.html); matched Vallejo Model Flat Yellow.,,,,,,,,,,GW_CONTRAST_IMPERIAL_FIST,Imperial Fist,Contrast,Contrast,#FFC928,"255,201,40",5,High,Computed nearest Games Workshop swatch by Euclidean RGB distance from registry R/G/B values.
VAL_MODEL_COLOR_FOUNDATION_WHITE,Vallejo,Model Color,Model Color,MODEL_COLOR,70.919,Foundation White,FOUNDATION_WHITE,#FFFFFF,255,255,255,"255,255,255",Acrylic Paint,Active/Unknown,584217179-Vallejo-Paint-List-frenzycheck-com.xlsx,Imported from compiled central database,,,,,,,,,,GW_BASE_CORAX_WHITE,Corax White,Base,Base,#FFFFFF,"255,255,255",0,High,Computed nearest Games Workshop swatch by Euclidean RGB distance from registry R/G/B values.
VAL_MODEL_COLOR_FRENCH_MIRAGE_BLUE,Vallejo,Model Color,Model Color,MODEL_COLOR,70.900,French Mirage Blue,FRENCH_MIRAGE_BLUE,#557880,85,120,128,"85,120,128",Acrylic Paint,Active/Unknown,952249680-Warlord-Paint-Ranges-Conversion-Chart.pdf,Imported from compiled central database; Hex/RGB filled during audit from Direct RedGrimm Vallejo Model name match (redgrimm vallejo-model.html); matched Vallejo Model French Mirage Blue.,,,,,,,,,,GW_LAYER_RUSS_GREY,Russ Grey,Layer,Layer,#547588,"84,117,136",8.6,High,Computed nearest Games Workshop swatch by Euclidean RGB distance from registry R/G/B values.
VAL_MODEL_COLOR_GER_C_BEIGE_WWII,Vallejo,Model Color,Model Color,MODEL_COLOR,70.821,Ger C. Beige Wwii,GER_C_BEIGE_WWII,#9B8C7B,155,140,123,"155,140,123",Acrylic Paint,Active/Unknown,952249680-Warlord-Paint-Ranges-Conversion-Chart.pdf,Imported from compiled central database; Hex/RGB filled during audit from Registry same paint-code reuse (Existing registry completed row); matched Model Color German Cam. Beige WWII.,,,,,,,,,,GW_LAYER_KOMMANDO_KHAKI,Kommando Khaki,Layer,Layer,#9B8C7B,"155,140,123",0,High,Computed nearest Games Workshop swatch by Euclidean RGB distance from registry R/G/B values.
VAL_MODEL_COLOR_GER_FIELDGREY_WWII,Vallejo,Model Color,Model Color,MODEL_COLOR,70.830,Ger. Fieldgrey WWII,GER_FIELDGREY_WWII,#423D37,66,61,55,"66,61,55",Acrylic paint,Active/Unknown,CC329-R00-Model-Color-NewIC.pdf,Imported from compiled central database; Hex/RGB filled during audit from Direct Vallejo Colors PDF paint-code match (Vallejo Colors PDF); matched Vallejo Model German Fieldgrey WWII 821 German Camouflage Beige WWII.,,,,,,,,,,GW_FOUNDATION_CHARADON_GRANITE,Charadon Granite,Foundation,Foundation,#463F39,"70,63,57",4.9,High,Computed nearest Games Workshop swatch by Euclidean RGB distance from registry R/G/B values.
VAL_MODEL_COLOR_GERM_BEIGE_WWII,Vallejo,Model Color,Model Color,MODEL_COLOR,70.821,Germ. Beige WWII,GERM_BEIGE_WWII,#9B8C7B,155,140,123,"155,140,123",Acrylic paint,Active/Unknown,CC329-R00-Model-Color-NewIC.pdf,Imported from compiled central database; Hex/RGB filled during audit from Registry same paint-code reuse (Existing registry completed row); matched Model Color German Cam. Beige WWII.,,,,,,,,,,GW_LAYER_KOMMANDO_KHAKI,Kommando Khaki,Layer,Layer,#9B8C7B,"155,140,123",0,High,Computed nearest Games Workshop swatch by Euclidean RGB distance from registry R/G/B values.
VAL_MODEL_COLOR_GERMAN_CAM_BEIGE_WWII,Vallejo,Model Color,Model Color,MODEL_COLOR,70.821,German Cam. Beige WWII,GERMAN_CAM_BEIGE_WWII,#9B8C7B,155,140,123,"155,140,123",Acrylic Paint,Active/Unknown,584217179-Vallejo-Paint-List-frenzycheck-com.xlsx,Imported from compiled central database,,,,,,,,,,GW_LAYER_KOMMANDO_KHAKI,Kommando Khaki,Layer,Layer,#9B8C7B,"155,140,123",0,High,Computed nearest Games Workshop swatch by Euclidean RGB distance from registry R/G/B values.
VAL_MODEL_COLOR_GERMAN_CAM_MEDIUM_BROWN,Vallejo,Model Color,Model Color,MODEL_COLOR,70.826,German Cam. Medium Brown,GERMAN_CAM_MEDIUM_BROWN,#722B2F,114,43,47,"114,43,47",Acrylic Paint,Active/Unknown,584217179-Vallejo-Paint-List-frenzycheck-com.xlsx,Imported from compiled central database; Hex/RGB filled during audit from Direct RedGrimm Vallejo Model name match (redgrimm vallejo-game.html); matched Vallejo Model German Cam. Medium Brown.,,,,,,,,,,GW_LAYER_BEATEN_COPPER,Beaten Copper,Layer,Layer,#73372D,"115,55,45",12.21,High,Computed nearest Games Workshop swatch by Euclidean RGB distance from registry R/G/B values.
VAL_MODEL_COLOR_GERMAN_CAMO_EXTRA_DARK_GREEN,Vallejo,Model Color,Model Color,MODEL_COLOR,70.896,German Camo Extra Dark Green,GERMAN_CAMO_EXTRA_DARK_GREEN,#303B3F,48,59,63,"48,59,63",Acrylic Paint,Active/Unknown,584217179-Vallejo-Paint-List-frenzycheck-com.xlsx,Imported from compiled central database; Hex/RGB filled during audit from Direct Vallejo Colors PDF paint-code match (Vallejo Colors PDF); matched Vallejo Model Camouflage Extra Dark Green 980 Black Green.,,,,,,,,,,GW_BASE_IRON_WARRIORS,Iron Warriors,Base,Base,#393939,"57,57,57",11,High,Computed nearest Games Workshop swatch by Euclidean RGB distance from registry R/G/B values.
VAL_MODEL_COLOR_GERMAN_CAMOFLOGUE_DARK_GREEN,Vallejo,Model Color,Model Color,MODEL_COLOR,70.979,German Camoflogue Dark Green,GERMAN_CAMOFLOGUE_DARK_GREEN,#2D363B,45,54,59,"45,54,59",Acrylic Paint,Active/Unknown,584217179-Vallejo-Paint-List-frenzycheck-com.xlsx,Imported from compiled central database; Hex/RGB filled during audit from Direct Vallejo Colors PDF paint-code match (Vallejo Colors PDF); matched Vallejo Model German Camouflage Dark Green.,,,,,,,,,,GW_BASE_IRON_WARRIORS,Iron Warriors,Base,Base,#393939,"57,57,57",12.53,High,Computed nearest Games Workshop swatch by Euclidean RGB distance from registry R/G/B values.
VAL_MODEL_COLOR_GERMAN_FIELDGREY_WWII,Vallejo,Model Color,Model Color,MODEL_COLOR,70.967,German Fieldgrey Wwii,GERMAN_FIELDGREY_WWII,#617979,97,121,121,"97,121,121",Acrylic Paint,Active/Unknown,952249680-Warlord-Paint-Ranges-Conversion-Chart.pdf,Imported from compiled central database; Hex/RGB filled during audit from Direct Vallejo Colors PDF paint-code match (Vallejo Colors PDF); matched Vallejo Model Olive Green 84:102:62 968 Flat Green HEX #54663E 972 Light Green BL.,,,,,,,,,,GW_LAYER_WARPFIEND_GREY,Warpfiend Grey,Layer,Layer,#6B6A74,"107,106,116",18.71,Medium-High,Computed nearest Games Workshop swatch by Euclidean RGB distance from registry R/G/B values.
VAL_MODEL_COLOR_GERMAN_GREY,Vallejo,Model Color,Model Color,MODEL_COLOR,70.995,German Grey,GERMAN_GREY,#4D4A4A,77,74,74,"77,74,74",Acrylic Paint,Active/Unknown,584217179-Vallejo-Paint-List-frenzycheck-com.xlsx,Imported from compiled central database,,,,,,,,,,GW_LAYER_ESHIN_GREY,Eshin Grey,Layer,Layer,#4A4F52,"74,79,82",9.9,High,Computed nearest Games Workshop swatch by Euclidean RGB distance from registry R/G/B values.
VAL_MODEL_COLOR_GERMAN_ORANGE,Vallejo,Model Color,Model Color,MODEL_COLOR,70.805,German Orange,GERMAN_ORANGE,#A4593D,164,89,61,"164,89,61",Acrylic Paint,Active/Unknown,584217179-Vallejo-Paint-List-frenzycheck-com.xlsx,Imported from compiled central database,,,,,,,,,,GW_LAYER_TANNED_FLESH,Tanned Flesh,Layer,Layer,#A95C3E,"169,92,62",5.92,High,Computed nearest Games Workshop swatch by Euclidean RGB distance from registry R/G/B values.
VAL_MODEL_COLOR_GERMAN_TANK_CREW,Vallejo,Model Color,Model Color,MODEL_COLOR,70.759,German Tank Crew,GERMAN_TANK_CREW,#524A3D,82,74,61,"82,74,61",Acrylic paint,Active/Unknown,CC329-R00-Model-Color-NewIC.pdf; Catalogo_2026-R02.pdf page 12,Imported from compiled central database | Approx Hex/RGB fill: Vallejo 2026 catalog swatch sample (Medium-High).,,,,,,,,,,GW_SHADE_AGRAX_EARTHSHADE,Agrax Earthshade,Shade,Shade,#5A543C,"90,84,60",12.85,High,Computed nearest Games Workshop swatch by Euclidean RGB distance from registry R/G/B values.
VAL_MODEL_COLOR_GERMAN_UNIFORM,Vallejo,Model Color,Model Color,MODEL_COLOR,70.920,German Uniform,GERMAN_UNIFORM,#286254,40,98,84,"40,98,84",Acrylic paint,Active/Unknown,CC329-R00-Model-Color-NewIC.pdf,Imported from compiled central database; Hex/RGB filled during audit from Direct RedGrimm Vallejo Model name match (redgrimm vallejo-model.html); matched Vallejo Model German Uniform.,,,,,,,,,,GW_LAYER_DARK_REAPER,Dark Reaper,Layer,Layer,#3B5150,"59,81,80",25.81,Medium-High,Computed nearest Games Workshop swatch by Euclidean RGB distance from registry R/G/B values.
VAL_MODEL_COLOR_GERMAN_UNIFORM_GREEN,Vallejo,Model Color,Model Color,MODEL_COLOR,70.920,German Uniform Green,GERMAN_UNIFORM_GREEN,#6FAE4E,111,174,78,"111,174,78",Acrylic Paint,Active/Unknown,584217179-Vallejo-Paint-List-frenzycheck-com.xlsx,Imported from compiled central database; Hex/RGB filled during audit from Mech9 paint-code equivalence cross-reference (redgrimm army-painter.html); matched Vallejo Model Lime Green.,,,,,,,,,,GW_LAYER_SCORPION_GREEN,Scorpion Green,Layer,Layer,#65B345,"101,179,69",14.35,High,Computed nearest Games Workshop swatch by Euclidean RGB distance from registry R/G/B values.
VAL_MODEL_COLOR_GERMAN_YELLOW,Vallejo,Model Color,Model Color,MODEL_COLOR,70.806,German Yellow,GERMAN_YELLOW,#E7EFC6,231,239,198,"231,239,198",Acrylic Paint,Active/Unknown,584217179-Vallejo-Paint-List-frenzycheck-com.xlsx,Imported from compiled central database,,,,,,,,,,GW_AIR_TYPHON_ASH,Typhon Ash,Air,Air,#E4D8C2,"228,216,194",23.54,Medium-High,Computed nearest Games Workshop swatch by Euclidean RGB distance from registry R/G/B values.
VAL_MODEL_COLOR_GLAZE_MEDIUM,Vallejo,Model Color,Model Color,MODEL_COLOR,70.596,Glaze Medium,GLAZE_MEDIUM,,,,,,Acrylic paint,Active/Unknown,CC329-R00-Model-Color-NewIC.pdf,Imported from compiled central database,,,,,,,,,,,,,,,,,No RGB,No match - missing source RGB
VAL_MODEL_COLOR_GLOSS_BLACK,Vallejo,Model Color,Model Color,MODEL_COLOR,70.861,Gloss Black,GLOSS_BLACK,#181C1D,24,28,29,"24,28,29",Acrylic paint,Active/Unknown,CC329-R00-Model-Color-NewIC.pdf,Imported from compiled central database; Hex/RGB filled during audit from Direct Vallejo Colors PDF paint-code match (Vallejo Colors PDF); matched Vallejo Model Glossy Black.,,,,,,,,,,GW_CONTRAST_BLACK_LEGION,Black Legion,Contrast,Contrast,#1A1A1A,"26,26,26",4.12,High,Computed nearest Games Workshop swatch by Euclidean RGB distance from registry R/G/B values.
VAL_MODEL_COLOR_GLOSS_MEDIUM,Vallejo,Model Color,Model Color,MODEL_COLOR,70.470,Gloss Medium,GLOSS_MEDIUM,,,,,,Acrylic paint,Active/Unknown,CC329-R00-Model-Color-NewIC.pdf,Imported from compiled central database,,,,,,,,,,,,,,,,,No RGB,No match - missing source RGB
VAL_MODEL_COLOR_GLOSS_VARNISH,Vallejo,Model Color,Model Color,MODEL_COLOR,70.510,Gloss Varnish,GLOSS_VARNISH,,,,,,Acrylic paint,Active/Unknown,CC329-R00-Model-Color-NewIC.pdf,Imported from compiled central database,,,,,,,,,,,,,,,,,No RGB,No match - missing source RGB
VAL_MODEL_COLOR_GLOSS_WHITE,Vallejo,Model Color,Model Color,MODEL_COLOR,70.842,Gloss White,GLOSS_WHITE,#FEFBF6,254,251,246,"254,251,246",Acrylic Paint,Active/Unknown,584217179-Vallejo-Paint-List-frenzycheck-com.xlsx,Imported from compiled central database; Hex/RGB filled during audit from Direct RedGrimm Vallejo Model name match (Vallejo Colors PDF); matched Vallejo Model Gloss White.,,,,,,,,,,GW_DRY_WRACK_WHITE,Wrack White,Dry,Dry,#FCFBFA,"252,251,250",4.47,High,Computed nearest Games Workshop swatch by Euclidean RGB distance from registry R/G/B values.
VAL_MODEL_COLOR_GLOSSY_VARNISH,Vallejo,Model Color,Model Color,MODEL_COLOR,70.510,Glossy Varnish,GLOSSY_VARNISH,,,,,,Acrylic Paint,Active/Unknown,952249680-Warlord-Paint-Ranges-Conversion-Chart.pdf,Imported from compiled central database,,,,,,,,,,,,,,,,,No RGB,No match - missing source RGB
VAL_MODEL_COLOR_GOLD,Vallejo,Model Color,Model Color,MODEL_COLOR,70.996,Gold,GOLD,#E7BD42,231,189,66,"231,189,66",Acrylic Paint,Active/Unknown,584217179-Vallejo-Paint-List-frenzycheck-com.xlsx,Imported from compiled central database,,,,,,,,,,GW_LAYER_SHINING_GOLD,Shining Gold,Layer,Layer,#EFB736,"239,183,54",15.62,Medium-High,Computed nearest Games Workshop swatch by Euclidean RGB distance from registry R/G/B values.
VAL_MODEL_COLOR_GOLD_BROWN,Vallejo,Model Color,Model Color,MODEL_COLOR,70.877,Gold Brown,GOLD_BROWN,#BA8636,186,134,54,"186,134,54",Acrylic Paint,Active/Unknown,952249680-Warlord-Paint-Ranges-Conversion-Chart.pdf,Imported from compiled central database; Hex/RGB filled during audit from Direct RedGrimm Vallejo Model name match (redgrimm army-painter.html); matched Vallejo Model Gold Brown.,,,,,,,,,,GW_CONTRAST_AGGAROS_DUNES,Aggaros Dunes,Contrast,Contrast,#B38A3D,"179,138,61",10.68,High,Computed nearest Games Workshop swatch by Euclidean RGB distance from registry R/G/B values.
VAL_MODEL_COLOR_GOLDBROWN,Vallejo,Model Color,Model Color,MODEL_COLOR,70.877,Goldbrown,GOLDBROWN,#9C8A53,156,138,83,"156,138,83",Acrylic Paint,Active/Unknown,584217179-Vallejo-Paint-List-frenzycheck-com.xlsx,Imported from compiled central database,,,,,,,,,,GW_BASE_HOBGROT_HIDE,Hobgrot Hide,Base,Base,#9C8855,"156,136,85",2.83,High,Computed nearest Games Workshop swatch by Euclidean RGB distance from registry R/G/B values.
VAL_MODEL_COLOR_GOLDEN_OLIVE,Vallejo,Model Color,Model Color,MODEL_COLOR,70.857,Golden Olive,GOLDEN_OLIVE,#78923B,120,146,59,"120,146,59",Acrylic Paint,Active/Unknown,584217179-Vallejo-Paint-List-frenzycheck-com.xlsx,Imported from compiled central database; Hex/RGB filled during audit from Direct RedGrimm Vallejo Model name match (redgrimm army-painter.html); matched Vallejo Model Golden Olive.,,,,,,,,,,GW_LAYER_ELYSIAN_GREEN,Elysian Green,Layer,Layer,#748F39,"116,143,57",5.39,High,Computed nearest Games Workshop swatch by Euclidean RGB distance from registry R/G/B values.
VAL_MODEL_COLOR_GOLDEN_YELLOW,Vallejo,Model Color,Model Color,MODEL_COLOR,70.948,Golden Yellow,GOLDEN_YELLOW,#FFCE00,255,206,0,"255,206,0",Acrylic Paint,Active/Unknown,952249680-Warlord-Paint-Ranges-Conversion-Chart.pdf,Imported from compiled central database,,,,,,,,,,GW_LAYER_SUNBURST_YELLOW,Sunburst Yellow,Layer,Layer,#FFD400,"255,212,0",6,High,Computed nearest Games Workshop swatch by Euclidean RGB distance from registry R/G/B values.
VAL_MODEL_COLOR_GREEN_BROWN,Vallejo,Model Color,Model Color,MODEL_COLOR,70.879,Green Brown,GREEN_BROWN,#8D7B55,141,123,85,"141,123,85",Acrylic paint,Active/Unknown,CC329-R00-Model-Color-NewIC.pdf,Imported from compiled central database; Hex/RGB filled during audit from Direct RedGrimm Vallejo Model name match (redgrimm army-painter.html); matched Vallejo Model Green Brown.,,,,,,,,,,GW_LAYER_CAMO_GREEN,Camo Green,Layer,Layer,#878D52,"135,141,82",19.21,Medium-High,Computed nearest Games Workshop swatch by Euclidean RGB distance from registry R/G/B values.
VAL_MODEL_COLOR_GREEN_FLUO,Vallejo,Model Color,Model Color,MODEL_COLOR,70.737,Green Fluo,GREEN_FLUO,#8BB36A,139,179,106,"139,179,106",Acrylic Paint,Active/Unknown,952249680-Warlord-Paint-Ranges-Conversion-Chart.pdf,Imported from compiled central database; Hex/RGB filled during audit from Direct Vallejo Colors PDF paint-code match (Vallejo Colors PDF); matched Vallejo Model Green.,,,,,,,,,,GW_LAYER_NURGLING_GREEN,Nurgling Green,Layer,Layer,#849B63,"132,155,99",25.96,Medium-High,Computed nearest Games Workshop swatch by Euclidean RGB distance from registry R/G/B values.
VAL_MODEL_COLOR_GREEN_GOLD,Vallejo,Model Color,Model Color,MODEL_COLOR,70.795,Green Gold,GREEN_GOLD,#62593A,98,89,58,"98,89,58",Acrylic paint,Active/Unknown,CC329-R00-Model-Color-NewIC.pdf,Imported from compiled central database; Hex/RGB filled during audit from Direct RedGrimm Vallejo Model name match (Vallejo Colors PDF); matched Vallejo Model Green Gold.,,,,,,,,,,GW_LAYER_GRAVEYARD_EARTH,Graveyard Earth,Layer,Layer,#665238,"102,82,56",8.31,High,Computed nearest Games Workshop swatch by Euclidean RGB distance from registry R/G/B values.
VAL_MODEL_COLOR_GREEN_GREY,Vallejo,Model Color,Model Color,MODEL_COLOR,70.886,Green Grey,GREEN_GREY,#827E61,130,126,97,"130,126,97",Acrylic paint,Active/Unknown,CC329-R00-Model-Color-NewIC.pdf,Imported from compiled central database,,,,,,,,,,GW_AIR_BANEBLADE_BROWN,Baneblade Brown,Air,Air,#8F7D69,"143,125,105",15.3,Medium-High,Computed nearest Games Workshop swatch by Euclidean RGB distance from registry R/G/B values.
VAL_MODEL_COLOR_GREEN_OCHRE,Vallejo,Model Color,Model Color,MODEL_COLOR,70.914,Green Ochre,GREEN_OCHRE,#A98969,169,137,105,"169,137,105",Acrylic paint,Active/Unknown,CC329-R00-Model-Color-NewIC.pdf,Imported from compiled central database; Hex/RGB filled during audit from Direct RedGrimm Vallejo Model name match (redgrimm vallejo-model.html); matched Vallejo Model Green Ochre.,,,,,,,,,,GW_DRY_SYLVANETH_BARK,Sylvaneth Bark,Dry,Dry,#AC8262,"172,130,98",10.34,High,Computed nearest Games Workshop swatch by Euclidean RGB distance from registry R/G/B values.
VAL_MODEL_COLOR_GREEN_SKY,Vallejo,Model Color,Model Color,MODEL_COLOR,70.974,Green Sky,GREEN_SKY,#59AD84,89,173,132,"89,173,132",Acrylic paint,Active/Unknown,CC329-R00-Model-Color-NewIC.pdf,Imported from compiled central database; Hex/RGB filled during audit from Direct RedGrimm Vallejo Model name match (redgrimm army-painter.html); matched Vallejo Model Green Sky.,,,,,,,,,,GW_LAYER_SKARSNIK_GREEN,Skarsnik Green,Layer,Layer,#5F9370,"95,147,112",33.35,Medium-High,Computed nearest Games Workshop swatch by Euclidean RGB distance from registry R/G/B values.
VAL_MODEL_COLOR_GREEN_YELLOW,Vallejo,Model Color,Model Color,MODEL_COLOR,70.881,Green Yellow,GREEN_YELLOW,#6F6A4C,111,106,76,"111,106,76",Acrylic paint,Active/Unknown,CC329-R00-Model-Color-NewIC.pdf,Imported from compiled central database; Hex/RGB filled during audit from Direct Vallejo Colors PDF paint-code match (Vallejo Colors PDF); matched Vallejo Model Yellow Green.,,,,,,,,,,GW_FOUNDATION_KHEMRI_BROWN,Khemri Brown,Foundation,Foundation,#73614D,"115,97,77",9.9,High,Computed nearest Games Workshop swatch by Euclidean RGB distance from registry R/G/B values.
VAL_MODEL_COLOR_GREY_BLUE,Vallejo,Model Color,Model Color,MODEL_COLOR,70.943,Grey Blue,GREY_BLUE,#45708D,69,112,141,"69,112,141",Acrylic paint,Active/Unknown,CC329-R00-Model-Color-NewIC.pdf,Imported from compiled central database; Hex/RGB filled during audit from Direct RedGrimm Vallejo Model name match (redgrimm vallejo-model.html); matched Vallejo Model Grey Blue.,,,,,,,,,,GW_AIR_RUSS_GREY,Russ Grey,Air,Air,#4F7185,"79,113,133",12.85,High,Computed nearest Games Workshop swatch by Euclidean RGB distance from registry R/G/B values.
VAL_MODEL_COLOR_GREY_BROWN,Vallejo,Model Color,Model Color,MODEL_COLOR,70.762,Grey Brown,GREY_BROWN,#5B4922,91,73,34,"91,73,34",Acrylic paint,Active/Unknown,CC329-R00-Model-Color-NewIC.pdf; Catalogo_2026-R02.pdf page 12,Imported from compiled central database | Approx Hex/RGB fill: Vallejo 2026 catalog swatch sample (Medium-High).,,,,,,,,,,GW_LAYER_SCORCHED_BROWN,Scorched Brown,Layer,Layer,#5A422F,"90,66,47",14.8,High,Computed nearest Games Workshop swatch by Euclidean RGB distance from registry R/G/B values.
VAL_MODEL_COLOR_GREY_GREEN,Vallejo,Model Color,Model Color,MODEL_COLOR,70.866,Grey Green,GREY_GREEN,#565A60,86,90,96,"86,90,96",Acrylic paint,Active/Unknown,CC329-R00-Model-Color-NewIC.pdf,Imported from compiled central database; Hex/RGB filled during audit from Direct RedGrimm Vallejo Model name match (redgrimm vallejo-game.html); matched Vallejo Model Grey Green.,,,,,,,,,,GW_AIR_LEADBELCHER,Leadbelcher,Air,Air,#5B5F61,"91,95,97",7.14,High,Computed nearest Games Workshop swatch by Euclidean RGB distance from registry R/G/B values.
VAL_MODEL_COLOR_GUNMETAL,Vallejo,Model Color,Model Color,MODEL_COLOR,70.863,Gunmetal,GUNMETAL,#444B51,68,75,81,"68,75,81",Acrylic paint,Active/Unknown,CC329-R00-Model-Color-NewIC.pdf,Imported from compiled central database; Hex/RGB filled during audit from Direct Vallejo Colors PDF paint-code match (Vallejo Colors PDF); matched Vallejo Model Gunmetal Grey.,,,,,,,,,,GW_LAYER_ESHIN_GREY,Eshin Grey,Layer,Layer,#4A4F52,"74,79,82",7.28,High,Computed nearest Games Workshop swatch by Euclidean RGB distance from registry R/G/B values.
VAL_MODEL_COLOR_GUNMETAL_BLUE,Vallejo,Model Color,Model Color,MODEL_COLOR,70.800,Gunmetal Blue,GUNMETAL_BLUE,#2F3438,47,52,56,"47,52,56",Acrylic paint,Active/Unknown,CC329-R00-Model-Color-NewIC.pdf,Imported from compiled central database; Hex/RGB filled during audit from Direct RedGrimm Vallejo Model name match (Vallejo Colors PDF); matched Vallejo Model Gunmetal Blue.,,,,,,,,,,GW_BASE_IRON_WARRIORS,Iron Warriors,Base,Base,#393939,"57,57,57",11.22,High,Computed nearest Games Workshop swatch by Euclidean RGB distance from registry R/G/B values.
VAL_MODEL_COLOR_GUNMETAL_GREY,Vallejo,Model Color,Model Color,MODEL_COLOR,70.863,Gunmetal Grey,GUNMETAL_GREY,#444B51,68,75,81,"68,75,81",Acrylic Paint,Active/Unknown,952249680-Warlord-Paint-Ranges-Conversion-Chart.pdf,Imported from compiled central database; Hex/RGB filled during audit from Direct RedGrimm Vallejo Model name match (Vallejo Colors PDF); matched Vallejo Model Gunmetal Grey.,,,,,,,,,,GW_LAYER_ESHIN_GREY,Eshin Grey,Layer,Layer,#4A4F52,"74,79,82",7.28,High,Computed nearest Games Workshop swatch by Euclidean RGB distance from registry R/G/B values.
VAL_MODEL_COLOR_GUNSHIP_GREEN,Vallejo,Model Color,Model Color,MODEL_COLOR,70.895,Gunship Green,GUNSHIP_GREEN,#3D685E,61,104,94,"61,104,94",Acrylic paint,Active/Unknown,CC329-R00-Model-Color-NewIC.pdf,Imported from compiled central database; Hex/RGB filled during audit from Direct RedGrimm Vallejo Model name match (redgrimm army-painter.html); matched Vallejo Model Gunship Green.,,,,,,,,,,GW_AIR_THE_FANG,The Fang,Air,Air,#405B71,"64,91,113",23.22,Medium-High,Computed nearest Games Workshop swatch by Euclidean RGB distance from registry R/G/B values.
VAL_MODEL_COLOR_HULL_RED,Vallejo,Model Color,Model Color,MODEL_COLOR,70.985,Hull Red,HULL_RED,#390008,57,0,8,"57,0,8",Acrylic Paint,Active/Unknown,584217179-Vallejo-Paint-List-frenzycheck-com.xlsx,Imported from compiled central database,,,,,,,,,,GW_AIR_MOURNFANG_BROWN,Mournfang Brown,Air,Air,#490F06,"73,15,6",22.02,Medium-High,Computed nearest Games Workshop swatch by Euclidean RGB distance from registry R/G/B values.
VAL_MODEL_COLOR_ICE_YELLOW,Vallejo,Model Color,Model Color,MODEL_COLOR,70.858,Ice Yellow,ICE_YELLOW,#FEEF87,254,239,135,"254,239,135",Acrylic paint,Active/Unknown,CC329-R00-Model-Color-NewIC.pdf,Imported from compiled central database; Hex/RGB filled during audit from Direct RedGrimm Vallejo Model name match (redgrimm vallejo-model.html); matched Vallejo Model Ice Yellow.,,,,,,,,,,GW_GLAZE_LAMENTERS_YELLOW,Lamenters Yellow,Glaze,Glaze,#FFF56B,"255,245,107",28.65,Medium-High,Computed nearest Games Workshop swatch by Euclidean RGB distance from registry R/G/B values.
VAL_MODEL_COLOR_INFANTRY_BLUE,Vallejo,Model Color,Model Color,MODEL_COLOR,70.752,Infantry Blue,INFANTRY_BLUE,#25202B,37,32,43,"37,32,43",Acrylic paint,Active/Unknown,CC329-R00-Model-Color-NewIC.pdf; Catalogo_2026-R02.pdf page 12,Imported from compiled central database | Approx Hex/RGB fill: Vallejo 2026 catalog swatch sample (Medium-High).,,,,,,,,,,GW_CONTRAST_BLACK_TEMPLAR,Black Templar,Contrast,Contrast,#232323,"35,35,35",8.77,High,Computed nearest Games Workshop swatch by Euclidean RGB distance from registry R/G/B values.
VAL_MODEL_COLOR_INTERMEDIATE_BLUE,Vallejo,Model Color,Model Color,MODEL_COLOR,70.903,Intermediate Blue,INTERMEDIATE_BLUE,#607A80,96,122,128,"96,122,128",Acrylic Paint,Active/Unknown,584217179-Vallejo-Paint-List-frenzycheck-com.xlsx,Imported from compiled central database; Hex/RGB filled during audit from Direct RedGrimm Vallejo Model name match (redgrimm vallejo-model.html); matched Vallejo Model Intermediate Blue.,,,,,,,,,,GW_LAYER_RUSS_GREY,Russ Grey,Layer,Layer,#547588,"84,117,136",15.26,Medium-High,Computed nearest Games Workshop swatch by Euclidean RGB distance from registry R/G/B values.
VAL_MODEL_COLOR_INTERMEDIATE_GREEN,Vallejo,Model Color,Model Color,MODEL_COLOR,70.891,Intermediate Green,INTERMEDIATE_GREEN,#49944F,73,148,79,"73,148,79",Acrylic Paint,Active/Unknown,952249680-Warlord-Paint-Ranges-Conversion-Chart.pdf,Imported from compiled central database; Hex/RGB filled during audit from Direct RedGrimm Vallejo Model name match (redgrimm vallejo-model.html); matched Vallejo Model Intermediate Green.,,,,,,,,,,GW_LAYER_GOBLIN_GREEN,Goblin Green,Layer,Layer,#3D9353,"61,147,83",12.69,High,Computed nearest Games Workshop swatch by Euclidean RGB distance from registry R/G/B values.
VAL_MODEL_COLOR_IRAQI_SAND,Vallejo,Model Color,Model Color,MODEL_COLOR,70.819,Iraqi Sand,IRAQI_SAND,#B89972,184,153,114,"184,153,114",Acrylic paint,Active/Unknown,CC329-R00-Model-Color-NewIC.pdf,Imported from compiled central database; Hex/RGB filled during audit from Direct RedGrimm Vallejo Model name match (redgrimm army-painter.html); matched Vallejo Model Iraqi Sand.,,,,,,,,,,GW_AIR_USHABTI_BONE,Ushabti Bone,Air,Air,#ABA174,"171,161,116",15.39,Medium-High,Computed nearest Games Workshop swatch by Euclidean RGB distance from registry R/G/B values.
VAL_MODEL_COLOR_IVORY,Vallejo,Model Color,Model Color,MODEL_COLOR,70.918,Ivory,IVORY,#EFF1D9,239,241,217,"239,241,217",Acrylic paint,Active/Unknown,CC329-R00-Model-Color-NewIC.pdf,Imported from compiled central database; Hex/RGB filled during audit from Direct RedGrimm Vallejo Model name match (redgrimm vallejo-game.html); matched Vallejo Model Ivory.,,,,,,,,,,GW_TECHNICAL_LAHMIAN_MEDIUM,Lahmian Medium,Technical,Technical,#F5EDE2,"245,237,226",11.53,High,Computed nearest Games Workshop swatch by Euclidean RGB distance from registry R/G/B values.
VAL_MODEL_COLOR_JAPAN_UNIFORM_GREEN_WWII,Vallejo,Model Color,Model Color,MODEL_COLOR,70.923,Japan Uniform Green WWII,JAPAN_UNIFORM_GREEN_WWII,#73694E,115,105,78,"115,105,78",Acrylic Paint,Active/Unknown,584217179-Vallejo-Paint-List-frenzycheck-com.xlsx,Imported from compiled central database; Hex/RGB filled during audit from Direct Vallejo Colors PDF paint-code match (Vallejo Colors PDF); matched Vallejo Model Japan Uniform.,,,,,,,,,,GW_FOUNDATION_KHEMRI_BROWN,Khemri Brown,Foundation,Foundation,#73614D,"115,97,77",8.06,High,Computed nearest Games Workshop swatch by Euclidean RGB distance from registry R/G/B values.
VAL_MODEL_COLOR_JAPAN_UNIF_WWII,Vallejo,Model Color,Model Color,MODEL_COLOR,70.923,Japan. Unif. WWII,JAPAN_UNIF_WWII,#73694E,115,105,78,"115,105,78",Acrylic paint,Active/Unknown,CC329-R00-Model-Color-NewIC.pdf,Imported from compiled central database; Hex/RGB filled during audit from Direct Vallejo Colors PDF paint-code match (Vallejo Colors PDF); matched Vallejo Model Japan Uniform.,,,,,,,,,,GW_FOUNDATION_KHEMRI_BROWN,Khemri Brown,Foundation,Foundation,#73614D,"115,97,77",8.06,High,Computed nearest Games Workshop swatch by Euclidean RGB distance from registry R/G/B values.
VAL_MODEL_COLOR_KHAKI,Vallejo,Model Color,Model Color,MODEL_COLOR,70.988,Khaki,KHAKI,#9B8C7B,155,140,123,"155,140,123",Acrylic paint,Active/Unknown,CC329-R00-Model-Color-NewIC.pdf,Imported from compiled central database,,,,,,,,,,GW_LAYER_KOMMANDO_KHAKI,Kommando Khaki,Layer,Layer,#9B8C7B,"155,140,123",0,High,Computed nearest Games Workshop swatch by Euclidean RGB distance from registry R/G/B values.
VAL_MODEL_COLOR_KHAKI_GREY,Vallejo,Model Color,Model Color,MODEL_COLOR,70.880,Khaki Grey,KHAKI_GREY,#8B7F5D,139,127,93,"139,127,93",Acrylic paint,Active/Unknown,CC329-R00-Model-Color-NewIC.pdf,Imported from compiled central database; Hex/RGB filled during audit from Direct RedGrimm Vallejo Model name match (redgrimm vallejo-model.html); matched Vallejo Model Khaki Grey.,,,,,,,,,,GW_AIR_BANEBLADE_BROWN,Baneblade Brown,Air,Air,#8F7D69,"143,125,105",12.81,High,Computed nearest Games Workshop swatch by Euclidean RGB distance from registry R/G/B values.
VAL_MODEL_COLOR_LAVENDER_GREY,Vallejo,Model Color,Model Color,MODEL_COLOR,70.774,Lavender Grey,LAVENDER_GREY,#7E6E6E,126,110,110,"126,110,110",Acrylic paint,Active/Unknown,CC329-R00-Model-Color-NewIC.pdf; Catalogo_2026-R02.pdf page 13,Imported from compiled central database | Approx Hex/RGB fill: Vallejo 2026 catalog swatch sample (Medium-High).,,,,,,,,,,GW_TECHNICAL_ASTROGRANITE_DEBRIS,Astrogranite Debris,Technical,Technical,#77726E,"119,114,110",8.06,High,Computed nearest Games Workshop swatch by Euclidean RGB distance from registry R/G/B values.
VAL_MODEL_COLOR_LEATHER_BROWN,Vallejo,Model Color,Model Color,MODEL_COLOR,70.871,Leather Brown,LEATHER_BROWN,#764823,118,72,35,"118,72,35",Acrylic paint,Active/Unknown,CC329-R00-Model-Color-NewIC.pdf,Imported from compiled central database,,,,,,,,,,GW_BASE_XV_88,XV-88,Base,Base,#72491E,"114,73,30",6.48,High,Computed nearest Games Workshop swatch by Euclidean RGB distance from registry R/G/B values.
VAL_MODEL_COLOR_LEMON_YELLOW,Vallejo,Model Color,Model Color,MODEL_COLOR,70.952,Lemon Yellow,LEMON_YELLOW,#FFF700,255,247,0,"255,247,0",Acrylic Paint,Active/Unknown,584217179-Vallejo-Paint-List-frenzycheck-com.xlsx,Imported from compiled central database,,,,,,,,,,GW_LAYER_BAD_MOON_YELLOW,Bad Moon Yellow,Layer,Layer,#FFF700,"255,247,0",0,High,Computed nearest Games Workshop swatch by Euclidean RGB distance from registry R/G/B values.
VAL_MODEL_COLOR_LIGHT_BLUE_GREEN,Vallejo,Model Color,Model Color,MODEL_COLOR,70.753,Light Blue Green,LIGHT_BLUE_GREEN,#0097A4,0,151,164,"0,151,164",Acrylic paint,Active/Unknown,CC329-R00-Model-Color-NewIC.pdf; Catalogo_2026-R02.pdf page 12,Imported from compiled central database | Approx Hex/RGB fill: Vallejo 2026 catalog swatch sample (Medium-High).,,,,,,,,,,GW_LAYER_AHRIMAN_BLUE,Ahriman Blue,Layer,Layer,#00A5B9,"0,165,185",25.24,Medium-High,Computed nearest Games Workshop swatch by Euclidean RGB distance from registry R/G/B values.
VAL_MODEL_COLOR_LIGHT_BROWN,Vallejo,Model Color,Model Color,MODEL_COLOR,70.929,Light Brown,LIGHT_BROWN,#BF764E,191,118,78,"191,118,78",Acrylic paint,Active/Unknown,CC329-R00-Model-Color-NewIC.pdf,Imported from compiled central database,,,,,,,,,,GW_DRY_GOLGFAG_BROWN,Golgfag Brown,Dry,Dry,#C2804F,"194,128,79",10.49,High,Computed nearest Games Workshop swatch by Euclidean RGB distance from registry R/G/B values.
VAL_MODEL_COLOR_LIGHT_EMERALD,Vallejo,Model Color,Model Color,MODEL_COLOR,70.755,Light Emerald,LIGHT_EMERALD,#007B72,0,123,114,"0,123,114",Acrylic paint,Active/Unknown,CC329-R00-Model-Color-NewIC.pdf; Catalogo_2026-R02.pdf page 12,Imported from compiled central database | Approx Hex/RGB fill: Vallejo 2026 catalog swatch sample (Medium-High).,,,,,,,,,,GW_CONTRAST_TERRADON_TURQUOISE,Terradon Turquoise,Contrast,Contrast,#007C74,"0,124,116",2.24,High,Computed nearest Games Workshop swatch by Euclidean RGB distance from registry R/G/B values.
VAL_MODEL_COLOR_LIGHT_FLESH,Vallejo,Model Color,Model Color,MODEL_COLOR,70.928,Light Flesh,LIGHT_FLESH,#FEEDD0,254,237,208,"254,237,208",Acrylic Paint,Active/Unknown,952249680-Warlord-Paint-Ranges-Conversion-Chart.pdf,Imported from compiled central database; Hex/RGB filled during audit from Direct RedGrimm Vallejo Model name match (redgrimm army-painter.html); matched Vallejo Model Light Flesh.,,,,,,,,,,GW_TECHNICAL_LAHMIAN_MEDIUM,Lahmian Medium,Technical,Technical,#F5EDE2,"245,237,226",20.12,Medium-High,Computed nearest Games Workshop swatch by Euclidean RGB distance from registry R/G/B values.
VAL_MODEL_COLOR_LIGHT_GREEN,Vallejo,Model Color,Model Color,MODEL_COLOR,70.942,Light Green,LIGHT_GREEN,#00A850,0,168,80,"0,168,80",Acrylic Paint,Active/Unknown,952249680-Warlord-Paint-Ranges-Conversion-Chart.pdf,Imported from compiled central database; Hex/RGB filled during audit from Direct RedGrimm Vallejo Model name match (redgrimm vallejo-model.html); matched Vallejo Model Light Green.,,,,,,,,,,GW_CONTRAST_HEXWRAITH_FLAME,Hexwraith Flame,Contrast,Contrast,#00AA5C,"0,170,92",12.17,High,Computed nearest Games Workshop swatch by Euclidean RGB distance from registry R/G/B values.
VAL_MODEL_COLOR_LIGHT_GREEN_BLUE,Vallejo,Model Color,Model Color,MODEL_COLOR,70.972,Light Green Blue,LIGHT_GREEN_BLUE,#6D9A95,109,154,149,"109,154,149",Acrylic paint,Active/Unknown,CC329-R00-Model-Color-NewIC.pdf,Imported from compiled central database; Hex/RGB filled during audit from Direct RedGrimm Vallejo Model name match (redgrimm vallejo-model.html); matched Vallejo Model Light Green Blue.,,,,,,,,,,GW_CONTRAST_NIGHTHAUNT_GLOOM,Nighthaunt Gloom,Contrast,Contrast,#798D96,"121,141,150",17.72,Medium-High,Computed nearest Games Workshop swatch by Euclidean RGB distance from registry R/G/B values.
VAL_MODEL_COLOR_LIGHT_GREEN_GREY,Vallejo,Model Color,Model Color,MODEL_COLOR,70.971,Light Green Grey,LIGHT_GREEN_GREY,#93A79C,147,167,156,"147,167,156",Acrylic paint,Active/Unknown,CC329-R00-Model-Color-NewIC.pdf,Imported from compiled central database; Hex/RGB filled during audit from Direct Vallejo Colors PDF paint-code match (Vallejo Colors PDF); matched Vallejo Model Green Grey JN.,,,,,,,,,,GW_DRY_DAWNSTONE,Dawnstone,Dry,Dry,#919C9F,"145,156,159",11.58,High,Computed nearest Games Workshop swatch by Euclidean RGB distance from registry R/G/B values.
VAL_MODEL_COLOR_LIGHT_GREY,Vallejo,Model Color,Model Color,MODEL_COLOR,70.990,Light Grey,LIGHT_GREY,#949C9A,148,156,154,"148,156,154",Acrylic paint,Active/Unknown,CC329-R00-Model-Color-NewIC.pdf,Imported from compiled central database; Hex/RGB filled during audit from Direct RedGrimm Vallejo Model name match (redgrimm army-painter.html); matched Vallejo Model Light Grey.,,,,,,,,,,GW_LAYER_ADMINISTRATUM_GREY,Administratum Grey,Layer,Layer,#949B95,"148,155,149",5.1,High,Computed nearest Games Workshop swatch by Euclidean RGB distance from registry R/G/B values.
VAL_MODEL_COLOR_LIGHT_MUD,Vallejo,Model Color,Model Color,MODEL_COLOR,70.760,Light Mud,LIGHT_MUD,#79755A,121,117,90,"121,117,90",Acrylic paint,Active/Unknown,CC329-R00-Model-Color-NewIC.pdf; Catalogo_2026-R02.pdf page 12,Imported from compiled central database | Approx Hex/RGB fill: Vallejo 2026 catalog swatch sample (Medium-High).,,,,,,,,,,GW_LAYER_STORMVERMIN_FUR,Stormvermin Fur,Layer,Layer,#736B65,"115,107,101",16.03,Medium-High,Computed nearest Games Workshop swatch by Euclidean RGB distance from registry R/G/B values.
VAL_MODEL_COLOR_LIGHT_ORANGE,Vallejo,Model Color,Model Color,MODEL_COLOR,70.911,Light Orange,LIGHT_ORANGE,#F68627,246,134,39,"246,134,39",Acrylic Paint,Active/Unknown,952249680-Warlord-Paint-Ranges-Conversion-Chart.pdf,Imported from compiled central database,,,,,,,,,,GW_TECHNICAL_BLACKFIRE_EARTH,Blackfire Earth,Technical,Technical,#F8902F,"248,144,47",12.96,High,Computed nearest Games Workshop swatch by Euclidean RGB distance from registry R/G/B values.
VAL_MODEL_COLOR_LIGHT_PINK,Vallejo,Model Color,Model Color,MODEL_COLOR,70.748,Light Pink,LIGHT_PINK,#E08DA2,224,141,162,"224,141,162",Acrylic paint,Active/Unknown,CC329-R00-Model-Color-NewIC.pdf; Catalogo_2026-R02.pdf page 12,Imported from compiled central database | Approx Hex/RGB fill: Vallejo 2026 catalog swatch sample (Medium-High).,,,,,,,,,,GW_LAYER_DWARF_FLESH,Dwarf Flesh,Layer,Layer,#DA9382,"218,147,130",33.11,Medium-High,Computed nearest Games Workshop swatch by Euclidean RGB distance from registry R/G/B values.
VAL_MODEL_COLOR_LIGHT_SEA_GREY,Vallejo,Model Color,Model Color,MODEL_COLOR,70.973,Light Sea Grey,LIGHT_SEA_GREY,#97B4B5,151,180,181,"151,180,181",Acrylic Paint,Active/Unknown,584217179-Vallejo-Paint-List-frenzycheck-com.xlsx,Imported from compiled central database; Hex/RGB filled during audit from Direct RedGrimm Vallejo Model name match (redgrimm vallejo-model.html); matched Vallejo Model Light Sea Grey.,,,,,,,,,,GW_AIR_RUNEFANG_STEEL,Runefang Steel,Air,Air,#A0A7AB,"160,167,171",18.71,Medium-High,Computed nearest Games Workshop swatch by Euclidean RGB distance from registry R/G/B values.
VAL_MODEL_COLOR_LIGHT_TURQUOISE,Vallejo,Model Color,Model Color,MODEL_COLOR,70.840,Light Turquoise,LIGHT_TURQUOISE,#006B5A,0,107,90,"0,107,90",Acrylic Paint,Active/Unknown,584217179-Vallejo-Paint-List-frenzycheck-com.xlsx,Imported from compiled central database,,,,,,,,,,GW_LAYER_SCALY_GREEN,Scaly Green,Layer,Layer,#006063,"0,96,99",14.21,High,Computed nearest Games Workshop swatch by Euclidean RGB distance from registry R/G/B values.
VAL_MODEL_COLOR_LIGHT_VIOLET,Vallejo,Model Color,Model Color,MODEL_COLOR,70.750,Light Violet,LIGHT_VIOLET,#A793BA,167,147,186,"167,147,186",Acrylic paint,Active/Unknown,CC329-R00-Model-Color-NewIC.pdf; Catalogo_2026-R02.pdf page 12,Imported from compiled central database | Approx Hex/RGB fill: Vallejo 2026 catalog swatch sample (Medium-High).,,,,,,,,,,GW_LAYER_DECHALA_LILAC,Dechala Lilac,Layer,Layer,#B59ECC,"181,158,204",25.32,Medium-High,Computed nearest Games Workshop swatch by Euclidean RGB distance from registry R/G/B values.
VAL_MODEL_COLOR_LIGHT_YELLOW,Vallejo,Model Color,Model Color,MODEL_COLOR,70.949,Light Yellow,LIGHT_YELLOW,#F7EA62,247,234,98,"247,234,98",Acrylic paint,Active/Unknown,CC329-R00-Model-Color-NewIC.pdf,Imported from compiled central database; Hex/RGB filled during audit from Direct RedGrimm Vallejo Model name match (redgrimm vallejo-game.html); matched Vallejo Model Light Yellow.,,,,,,,,,,GW_GLAZE_LAMENTERS_YELLOW,Lamenters Yellow,Glaze,Glaze,#FFF56B,"255,245,107",16.31,Medium-High,Computed nearest Games Workshop swatch by Euclidean RGB distance from registry R/G/B values.
VAL_MODEL_COLOR_LIME_GREEN,Vallejo,Model Color,Model Color,MODEL_COLOR,70.827,Lime Green,LIME_GREEN,#6FAE4E,111,174,78,"111,174,78",Acrylic paint,Active/Unknown,CC329-R00-Model-Color-NewIC.pdf,Imported from compiled central database; Hex/RGB filled during audit from Direct RedGrimm Vallejo Model name match (redgrimm army-painter.html); matched Vallejo Model Lime Green.,,,,,,,,,,GW_LAYER_SCORPION_GREEN,Scorpion Green,Layer,Layer,#65B345,"101,179,69",14.35,High,Computed nearest Games Workshop swatch by Euclidean RGB distance from registry R/G/B values.
VAL_MODEL_COLOR_LIQUID_MASK,Vallejo,Model Color,Model Color,MODEL_COLOR,70.523,Liquid Mask,LIQUID_MASK,,,,,,Acrylic paint,Active/Unknown,CC329-R00-Model-Color-NewIC.pdf,Imported from compiled central database,,,,,,,,,,,,,,,,,No RGB,No match - missing source RGB
VAL_MODEL_COLOR_LONDON_GREY,Vallejo,Model Color,Model Color,MODEL_COLOR,70.836,London Grey,LONDON_GREY,#4A555E,74,85,94,"74,85,94",Acrylic paint,Active/Unknown,CC329-R00-Model-Color-NewIC.pdf,Imported from compiled central database; Hex/RGB filled during audit from Direct RedGrimm Vallejo Model name match (redgrimm vallejo-model.html); matched Vallejo Model London Grey.,,,,,,,,,,GW_FOUNDATION_ADEPTUS_BATTLEGREY,Adeptus Battlegrey,Foundation,Foundation,#4A4C58,"74,76,88",10.82,High,Computed nearest Games Workshop swatch by Euclidean RGB distance from registry R/G/B values.
VAL_MODEL_COLOR_LUFTWAFFE_CA_GREEN,Vallejo,Model Color,Model Color,MODEL_COLOR,70.823,Luftwaffe Ca. Green,LUFTWAFFE_CA_GREEN,#434F38,67,79,56,"67,79,56",Acrylic Paint,Active/Unknown,584217179-Vallejo-Paint-List-frenzycheck-com.xlsx,Imported from compiled central database,,,,,,,,,,GW_LAYER_THRAKA_GREEN_WASH,Thraka Green Wash,Layer,Layer,#434F38,"67,79,56",0,High,Computed nearest Games Workshop swatch by Euclidean RGB distance from registry R/G/B values.
VAL_MODEL_COLOR_LUFTWAFFE_GREEN,Vallejo,Model Color,Model Color,MODEL_COLOR,70.823,Luftwaffe Green,LUFTWAFFE_GREEN,#7E6254,126,98,84,"126,98,84",Acrylic paint,Active/Unknown,CC329-R00-Model-Color-NewIC.pdf,Imported from compiled central database; Hex/RGB filled during audit from Direct Vallejo Colors PDF paint-code match (Vallejo Colors PDF); matched Vallejo Model Luftwaffe Camouflage 892 Yellow Olive 69:77:56 COLOUR RGB HEX 843 Cork Brown.,,,,,,,,,,GW_FOUNDATION_KHEMRI_BROWN,Khemri Brown,Foundation,Foundation,#73614D,"115,97,77",13.08,High,Computed nearest Games Workshop swatch by Euclidean RGB distance from registry R/G/B values.
VAL_MODEL_COLOR_LUFTWAFFE_UNIFORM,Vallejo,Model Color,Model Color,MODEL_COLOR,70.816,Luftwaffe Uniform,LUFTWAFFE_UNIFORM,#2D3035,45,48,53,"45,48,53",Acrylic paint,Active/Unknown,CC329-R00-Model-Color-NewIC.pdf,Imported from compiled central database; Hex/RGB filled during audit from Direct RedGrimm Vallejo Model name match (Vallejo Colors PDF); matched Vallejo Model Luftwaffe Uniform.,,,,,,,,,,GW_BASE_DRYAD_BARK,Dryad Bark,Base,Base,#33312D,"51,49,45",10.05,High,Computed nearest Games Workshop swatch by Euclidean RGB distance from registry R/G/B values.
VAL_MODEL_COLOR_MAGENTA,Vallejo,Model Color,Model Color,MODEL_COLOR,70.945,Magenta,MAGENTA,#A92A56,169,42,86,"169,42,86",Acrylic Paint,Active/Unknown,952249680-Warlord-Paint-Ranges-Conversion-Chart.pdf,Imported from compiled central database,,,,,,,,,,GW_LAYER_RED_GORE,Red Gore,Layer,Layer,#9D2B3F,"157,43,63",25.96,Medium-High,Computed nearest Games Workshop swatch by Euclidean RGB distance from registry R/G/B values.
VAL_MODEL_COLOR_MAGENTA_FLUO,Vallejo,Model Color,Model Color,MODEL_COLOR,70.735,Magenta Fluo,MAGENTA_FLUO,#E55681,229,86,129,"229,86,129",Acrylic Paint,Active/Unknown,952249680-Warlord-Paint-Ranges-Conversion-Chart.pdf,Imported from compiled central database; Hex/RGB filled during audit from Direct Vallejo Colors PDF paint-code match (Vallejo Colors PDF); matched Vallejo Model Magenta.,,,,,,,,,,GW_LAYER_EMPEROR_S_CHILDREN,Emperor's Children,Layer,Layer,#B94278,"185,66,120",49.16,Medium,Computed nearest Games Workshop swatch by Euclidean RGB distance from registry R/G/B values.
VAL_MODEL_COLOR_MAHOGANY_BROWN,Vallejo,Model Color,Model Color,MODEL_COLOR,70.846,Mahogany Brown,MAHOGANY_BROWN,#804B47,128,75,71,"128,75,71",Acrylic Paint,Active/Unknown,952249680-Warlord-Paint-Ranges-Conversion-Chart.pdf,Imported from compiled central database; Hex/RGB filled during audit from Direct RedGrimm Vallejo Model name match (redgrimm army-painter.html); matched Vallejo Model Mahogany Brown.,,,,,,,,,,GW_BASE_BUGMAN_S_GLOW,Bugman's Glow,Base,Base,#834F44,"131,79,68",5.83,High,Computed nearest Games Workshop swatch by Euclidean RGB distance from registry R/G/B values.
VAL_MODEL_COLOR_MAHOGANY_INK,Vallejo,Model Color,Model Color,MODEL_COLOR,70.828,Mahogany Ink,MAHOGANY_INK,#664540,102,69,64,"102,69,64",Acrylic paint,Active/Unknown,CC329-R00-Model-Color-NewIC.pdf; Catalogo_2026-R02.pdf page 13,Imported from compiled central database | Approx Hex/RGB fill: Vallejo 2026 catalog swatch sample (Medium-High).,,,,,,,,,,GW_LAYER_GORTHOR_BROWN,Gorthor Brown,Layer,Layer,#654741,"101,71,65",2.45,High,Computed nearest Games Workshop swatch by Euclidean RGB distance from registry R/G/B values.
VAL_MODEL_COLOR_MATT_BASE,Vallejo,Model Color,Model Color,MODEL_COLOR,70.540,Matt Base,MATT_BASE,,,,,,Acrylic paint,Active/Unknown,CC329-R00-Model-Color-NewIC.pdf,Imported from compiled central database,,,,,,,,,,,,,,,,,No RGB,No match - missing source RGB
VAL_MODEL_COLOR_MATT_VARNISH,Vallejo,Model Color,Model Color,MODEL_COLOR,70.520,Matt Varnish,MATT_VARNISH,,,,,,Acrylic paint,Active/Unknown,CC329-R00-Model-Color-NewIC.pdf,Imported from compiled central database,,,,,,,,,,,,,,,,,No RGB,No match - missing source RGB
VAL_MODEL_COLOR_MATTE_VARNISH,Vallejo,Model Color,Model Color,MODEL_COLOR,70.520,Matte Varnish,MATTE_VARNISH,,,,,,Acrylic Paint,Active/Unknown,952249680-Warlord-Paint-Ranges-Conversion-Chart.pdf,Imported from compiled central database,,,,,,,,,,,,,,,,,No RGB,No match - missing source RGB
VAL_MODEL_COLOR_MED_FLESH_TONE,Vallejo,Model Color,Model Color,MODEL_COLOR,70.860,Med. Flesh Tone,MED_FLESH_TONE,#A06F47,160,111,71,"160,111,71",Acrylic paint,Active/Unknown,CC329-R00-Model-Color-NewIC.pdf,Imported from compiled central database; Hex/RGB filled during audit from Direct Vallejo Colors PDF paint-code match (Vallejo Colors PDF); matched Vallejo Model Medium Fleshtone 911 Light Orange.,,,,,,,,,,GW_LAYER_DWARF_BRONZE,Dwarf Bronze,Layer,Layer,#A26840,"162,104,64",10.1,High,Computed nearest Games Workshop swatch by Euclidean RGB distance from registry R/G/B values.
VAL_MODEL_COLOR_MEDIUM_BLUE,Vallejo,Model Color,Model Color,MODEL_COLOR,70.963,Medium Blue,MEDIUM_BLUE,#066588,6,101,136,"6,101,136",Acrylic paint,Active/Unknown,CC329-R00-Model-Color-NewIC.pdf,Imported from compiled central database; Hex/RGB filled during audit from Direct RedGrimm Vallejo Model name match (redgrimm vallejo-model.html); matched Vallejo Model Medium Blue.,,,,,,,,,,GW_LAYER_SHADOW_GREY,Shadow Grey,Layer,Layer,#106993,"16,105,147",15.39,Medium-High,Computed nearest Games Workshop swatch by Euclidean RGB distance from registry R/G/B values.
VAL_MODEL_COLOR_MEDIUM_BROWN,Vallejo,Model Color,Model Color,MODEL_COLOR,70.826,Medium Brown,MEDIUM_BROWN,#705E50,112,94,80,"112,94,80",Acrylic paint,Active/Unknown,CC329-R00-Model-Color-NewIC.pdf,Imported from compiled central database; Hex/RGB filled during audit from Mech9 paint-code equivalence cross-reference (Existing registry completed row); matched Model Air Dark Earth.,,,,,,,,,,GW_FOUNDATION_KHEMRI_BROWN,Khemri Brown,Foundation,Foundation,#73614D,"115,97,77",5.2,High,Computed nearest Games Workshop swatch by Euclidean RGB distance from registry R/G/B values.
VAL_MODEL_COLOR_MEDIUM_FLESH,Vallejo,Model Color,Model Color,MODEL_COLOR,70.860,Medium Flesh,MEDIUM_FLESH,#A06F47,160,111,71,"160,111,71",Acrylic Paint,Active/Unknown,584217179-Vallejo-Paint-List-frenzycheck-com.xlsx,Imported from compiled central database; Hex/RGB filled during audit from Direct Vallejo Colors PDF paint-code match (Vallejo Colors PDF); matched Vallejo Model Medium Fleshtone 911 Light Orange.,,,,,,,,,,GW_LAYER_DWARF_BRONZE,Dwarf Bronze,Layer,Layer,#A26840,"162,104,64",10.1,High,Computed nearest Games Workshop swatch by Euclidean RGB distance from registry R/G/B values.
VAL_MODEL_COLOR_MEDIUM_GREY,Vallejo,Model Color,Model Color,MODEL_COLOR,70.987,Medium Grey,MEDIUM_GREY,#909B85,144,155,133,"144,155,133",Acrylic paint,Active/Unknown,CC329-R00-Model-Color-NewIC.pdf,Imported from compiled central database; Hex/RGB filled during audit from Direct RedGrimm Vallejo Model name match (redgrimm vallejo-model.html); matched Vallejo Model Medium Grey.,,,,,,,,,,GW_AIR_ADMINISTRATUM_GREY,Administratum Grey,Air,Air,#909691,"144,150,145",13,High,Computed nearest Games Workshop swatch by Euclidean RGB distance from registry R/G/B values.
VAL_MODEL_COLOR_MEDIUM_GREY_BLUE,Vallejo,Model Color,Model Color,MODEL_COLOR,70.772,Medium Grey Blue,MEDIUM_GREY_BLUE,,,,,,Acrylic paint,Active/Unknown,CC329-R00-Model-Color-NewIC.pdf,Imported from compiled central database,,,,,,,,,,,,,,,,,No RGB,No match - missing source RGB
VAL_MODEL_COLOR_MEDIUM_OLIVE,Vallejo,Model Color,Model Color,MODEL_COLOR,70.850,Medium Olive,MEDIUM_OLIVE,#226B2E,34,107,46,"34,107,46",Acrylic paint,Active/Unknown,CC329-R00-Model-Color-NewIC.pdf,Imported from compiled central database; Hex/RGB filled during audit from Direct RedGrimm Vallejo Model name match (redgrimm vallejo-game.html); matched Vallejo Model Medium Olive.,,,,,,,,,,GW_LAYER_WARPSTONE_GLOW,Warpstone Glow,Layer,Layer,#1E7331,"30,115,49",9.43,High,Computed nearest Games Workshop swatch by Euclidean RGB distance from registry R/G/B values.
VAL_MODEL_COLOR_MEDIUM_SEA_GREEN,Vallejo,Model Color,Model Color,MODEL_COLOR,70.870,Medium Sea Green,MEDIUM_SEA_GREEN,#677278,103,114,120,"103,114,120",Acrylic Paint,Active/Unknown,584217179-Vallejo-Paint-List-frenzycheck-com.xlsx,Imported from compiled central database; Hex/RGB filled during audit from Direct Vallejo Colors PDF paint-code match (Vallejo Colors PDF); matched Vallejo Model Medium Sea Grey.,,,,,,,,,,GW_LAYER_WARPFIEND_GREY,Warpfiend Grey,Layer,Layer,#6B6A74,"107,106,116",9.8,High,Computed nearest Games Workshop swatch by Euclidean RGB distance from registry R/G/B values.
VAL_MODEL_COLOR_MEDIUM_SEA_GREY,Vallejo,Model Color,Model Color,MODEL_COLOR,70.870,Medium Sea Grey,MEDIUM_SEA_GREY,#869393,134,147,147,"134,147,147",Acrylic paint,Active/Unknown,CC329-R00-Model-Color-NewIC.pdf,Imported from compiled central database; Hex/RGB filled during audit from Direct RedGrimm Vallejo Model name match (redgrimm vallejo-game.html); matched Vallejo Model Medium Sea Grey.,,,,,,,,,,GW_BASE_LEADBELCHER,Leadbelcher,Base,Base,#888D8F,"136,141,143",7.48,High,Computed nearest Games Workshop swatch by Euclidean RGB distance from registry R/G/B values.
VAL_MODEL_COLOR_METAL_MEDIUM,Vallejo,Model Color,Model Color,MODEL_COLOR,70.521,Metal Medium,METAL_MEDIUM,,,,,,Acrylic paint,Active/Unknown,CC329-R00-Model-Color-NewIC.pdf,Imported from compiled central database,,,,,,,,,,,,,,,,,No RGB,No match - missing source RGB
VAL_MODEL_COLOR_MIDDLE_STONE,Vallejo,Model Color,Model Color,MODEL_COLOR,70.882,Middle Stone,MIDDLE_STONE,#7F7C5D,127,124,93,"127,124,93",Acrylic paint,Active/Unknown,CC329-R00-Model-Color-NewIC.pdf,Imported from compiled central database; Hex/RGB filled during audit from Direct Vallejo Colors PDF paint-code match (Vallejo Colors PDF); matched Vallejo Model Middlestone.,,,,,,,,,,GW_AIR_BANEBLADE_BROWN,Baneblade Brown,Air,Air,#8F7D69,"143,125,105",20.02,Medium-High,Computed nearest Games Workshop swatch by Euclidean RGB distance from registry R/G/B values.
VAL_MODEL_COLOR_MIDDLESTONE,Vallejo,Model Color,Model Color,MODEL_COLOR,70.882,Middlestone,MIDDLESTONE,#6A6445,106,100,69,"106,100,69",Acrylic Paint,Active/Unknown,584217179-Vallejo-Paint-List-frenzycheck-com.xlsx,Imported from compiled central database,,,,,,,,,,GW_FOUNDATION_KHEMRI_BROWN,Khemri Brown,Foundation,Foundation,#73614D,"115,97,77",12.41,High,Computed nearest Games Workshop swatch by Euclidean RGB distance from registry R/G/B values.
VAL_MODEL_COLOR_MILITARY_GREEN,Vallejo,Model Color,Model Color,MODEL_COLOR,70.975,Military Green,MILITARY_GREEN,#3E5848,62,88,72,"62,88,72",Acrylic paint,Active/Unknown,CC329-R00-Model-Color-NewIC.pdf,Imported from compiled central database; Hex/RGB filled during audit from Direct RedGrimm Vallejo Model name match (redgrimm vallejo-model.html); matched Vallejo Model Military Green.,,,,,,,,,,GW_LAYER_DARK_REAPER,Dark Reaper,Layer,Layer,#3B5150,"59,81,80",11.05,High,Computed nearest Games Workshop swatch by Euclidean RGB distance from registry R/G/B values.
VAL_MODEL_COLOR_MILITARY_YELLOW,Vallejo,Model Color,Model Color,MODEL_COLOR,70.764,Military Yellow,MILITARY_YELLOW,#9C8855,156,136,85,"156,136,85",Acrylic paint,Active/Unknown,CC329-R00-Model-Color-NewIC.pdf,Imported from compiled central database; Hex/RGB filled during audit from Mech9 paint-code equivalence cross-reference (Existing registry completed row); matched Model Air Dark Yellow.,,,,,,,,,,GW_BASE_HOBGROT_HIDE,Hobgrot Hide,Base,Base,#9C8855,"156,136,85",0,High,Computed nearest Games Workshop swatch by Euclidean RGB distance from registry R/G/B values.
VAL_MODEL_COLOR_MUSTARD_BROWN,Vallejo,Model Color,Model Color,MODEL_COLOR,70.769,Mustard Brown,MUSTARD_BROWN,#9E7249,158,114,73,"158,114,73",Acrylic paint,Active/Unknown,CC329-R00-Model-Color-NewIC.pdf; Catalogo_2026-R02.pdf page 13,Imported from compiled central database | Approx Hex/RGB fill: Vallejo 2026 catalog swatch sample (Medium-High).,,,,,,,,,,GW_BASE_BALTHASAR_GOLD,Balthasar Gold,Base,Base,#A47552,"164,117,82",11.22,High,Computed nearest Games Workshop swatch by Euclidean RGB distance from registry R/G/B values.
VAL_MODEL_COLOR_NATURAL_STEEL,Vallejo,Model Color,Model Color,MODEL_COLOR,70.864,Natural Steel,NATURAL_STEEL,#62676B,98,103,107,"98,103,107",Acrylic Paint,Active/Unknown,952249680-Warlord-Paint-Ranges-Conversion-Chart.pdf,Imported from compiled central database; Hex/RGB filled during audit from Direct RedGrimm Vallejo Model name match (Vallejo Colors PDF); matched Vallejo Model Natural Steel.,,,,,,,,,,GW_CONTRAST_BASILICANUM_GREY,Basilicanum Grey,Contrast,Contrast,#6B6B6B,"107,107,107",9.85,High,Computed nearest Games Workshop swatch by Euclidean RGB distance from registry R/G/B values.
VAL_MODEL_COLOR_NATURAL_WOOD,Vallejo,Model Color,Model Color,MODEL_COLOR,70.834,Natural Wood,NATURAL_WOOD,#C19448,193,148,72,"193,148,72",Acrylic Paint,Active/Unknown,584217179-Vallejo-Paint-List-frenzycheck-com.xlsx,Imported from compiled central database; Hex/RGB filled during audit from Mech9 paint-code equivalence cross-reference (redgrimm army-painter.html); matched Vallejo Model Yellow Ochre.,,,,,,,,,,GW_LAYER_BUBONIC_BROWN,Bubonic Brown,Layer,Layer,#B89142,"184,145,66",11.22,High,Computed nearest Games Workshop swatch by Euclidean RGB distance from registry R/G/B values.
VAL_MODEL_COLOR_NEUTRAL_GREY,Vallejo,Model Color,Model Color,MODEL_COLOR,70.992,Neutral Grey,NEUTRAL_GREY,#64767A,100,118,122,"100,118,122",Acrylic paint,Active/Unknown,CC329-R00-Model-Color-NewIC.pdf,Imported from compiled central database; Hex/RGB filled during audit from Direct RedGrimm Vallejo Model name match (redgrimm army-painter.html); matched Vallejo Model Neutral Grey.,,,,,,,,,,GW_LAYER_WARPFIEND_GREY,Warpfiend Grey,Layer,Layer,#6B6A74,"107,106,116",15.13,Medium-High,Computed nearest Games Workshop swatch by Euclidean RGB distance from registry R/G/B values.
VAL_MODEL_COLOR_NEW_WOOD,Vallejo,Model Color,Model Color,MODEL_COLOR,70.770,New Wood,NEW_WOOD,#89603B,137,96,59,"137,96,59",Acrylic paint,Active/Unknown,CC329-R00-Model-Color-NewIC.pdf; Catalogo_2026-R02.pdf page 13,Imported from compiled central database | Approx Hex/RGB fill: Vallejo 2026 catalog swatch sample (Medium-High).,,,,,,,,,,GW_AIR_BALTHASAR_GOLD,Balthasar Gold,Air,Air,#8F5F45,"143,95,69",11.7,High,Computed nearest Games Workshop swatch by Euclidean RGB distance from registry R/G/B values.
VAL_MODEL_COLOR_OCHRE_BROWN,Vallejo,Model Color,Model Color,MODEL_COLOR,70.856,Ochre Brown,OCHRE_BROWN,#A77237,167,114,55,"167,114,55",Acrylic Paint,Active/Unknown,952249680-Warlord-Paint-Ranges-Conversion-Chart.pdf,Imported from compiled central database,,,,,,,,,,GW_FOUNDATION_TAUSEPT_OCHRE,Tausept Ochre,Foundation,Foundation,#A06E3B,"160,110,59",9,High,Computed nearest Games Workshop swatch by Euclidean RGB distance from registry R/G/B values.
VAL_MODEL_COLOR_OFF_WHITE,Vallejo,Model Color,Model Color,MODEL_COLOR,70.820,Off-White,OFF_WHITE,#EFEEE2,239,238,226,"239,238,226",Acrylic paint,Active/Unknown,CC329-R00-Model-Color-NewIC.pdf,Imported from compiled central database; Hex/RGB filled during audit from Direct RedGrimm Vallejo Model name match (redgrimm army-painter.html); matched Vallejo Model Offwhite.,,,,,,,,,,GW_TECHNICAL_LAHMIAN_MEDIUM,Lahmian Medium,Technical,Technical,#F5EDE2,"245,237,226",6.08,High,Computed nearest Games Workshop swatch by Euclidean RGB distance from registry R/G/B values.
VAL_MODEL_COLOR_OILY_STEEL,Vallejo,Model Color,Model Color,MODEL_COLOR,70.865,Oily Steel,OILY_STEEL,#55595C,85,89,92,"85,89,92",Acrylic paint,Active/Unknown,CC329-R00-Model-Color-NewIC.pdf,Imported from compiled central database; Hex/RGB filled during audit from Direct RedGrimm Vallejo Model name match (Vallejo Colors PDF); matched Vallejo Model Oily Steel.,,,,,,,,,,GW_AIR_LEADBELCHER,Leadbelcher,Air,Air,#5B5F61,"91,95,97",9.85,High,Computed nearest Games Workshop swatch by Euclidean RGB distance from registry R/G/B values.
VAL_MODEL_COLOR_OLD_GOLD,Vallejo,Model Color,Model Color,MODEL_COLOR,70.878,Old Gold,OLD_GOLD,#75694F,117,105,79,"117,105,79",Acrylic Paint,Active/Unknown,952249680-Warlord-Paint-Ranges-Conversion-Chart.pdf,Imported from compiled central database; Hex/RGB filled during audit from Direct RedGrimm Vallejo Model name match (Vallejo Colors PDF); matched Vallejo Model Old Gold.,,,,,,,,,,GW_FOUNDATION_KHEMRI_BROWN,Khemri Brown,Foundation,Foundation,#73614D,"115,97,77",8.49,High,Computed nearest Games Workshop swatch by Euclidean RGB distance from registry R/G/B values.
VAL_MODEL_COLOR_OLD_ROSE,Vallejo,Model Color,Model Color,MODEL_COLOR,70.944,Old Rose,OLD_ROSE,#D47B7D,212,123,125,"212,123,125",Acrylic paint,Active/Unknown,CC329-R00-Model-Color-NewIC.pdf,Imported from compiled central database; Hex/RGB filled during audit from Direct RedGrimm Vallejo Model name match (redgrimm army-painter.html); matched Vallejo Model Old Rose.,,,,,,,,,,GW_LAYER_DWARF_FLESH,Dwarf Flesh,Layer,Layer,#DA9382,"218,147,130",25.24,Medium-High,Computed nearest Games Workshop swatch by Euclidean RGB distance from registry R/G/B values.
VAL_MODEL_COLOR_OLD_WOOD,Vallejo,Model Color,Model Color,MODEL_COLOR,70.761,Old Wood,OLD_WOOD,#816C53,129,108,83,"129,108,83",Acrylic paint,Active/Unknown,CC329-R00-Model-Color-NewIC.pdf; Catalogo_2026-R02.pdf page 13,Imported from compiled central database | Approx Hex/RGB fill: Vallejo 2026 catalog swatch sample (Medium-High).,,,,,,,,,,GW_FOUNDATION_KHEMRI_BROWN,Khemri Brown,Foundation,Foundation,#73614D,"115,97,77",18.79,Medium-High,Computed nearest Games Workshop swatch by Euclidean RGB distance from registry R/G/B values.
VAL_MODEL_COLOR_OLIVE_BROWN,Vallejo,Model Color,Model Color,MODEL_COLOR,70.889,Olive Brown,OLIVE_BROWN,#333439,51,52,57,"51,52,57",Acrylic paint,Active/Unknown,CC329-R00-Model-Color-NewIC.pdf,Imported from compiled central database; Hex/RGB filled during audit from Direct Vallejo Colors PDF paint-code match (Vallejo Colors PDF); matched Vallejo Model US Olive Drab.,,,,,,,,,,GW_BASE_IRON_WARRIORS,Iron Warriors,Base,Base,#393939,"57,57,57",7.81,High,Computed nearest Games Workshop swatch by Euclidean RGB distance from registry R/G/B values.
VAL_MODEL_COLOR_OLIVE_GREEN,Vallejo,Model Color,Model Color,MODEL_COLOR,70.967,Olive Green,OLIVE_GREEN,#6A8B3A,106,139,58,"106,139,58",Acrylic Paint,Active/Unknown,952249680-Warlord-Paint-Ranges-Conversion-Chart.pdf,Imported from compiled central database; Hex/RGB filled during audit from Direct RedGrimm Vallejo Model name match (redgrimm vallejo-model.html); matched Vallejo Model Olive Green.,,,,,,,,,,GW_AIR_ELYSIAN_GREEN,Elysian Green,Air,Air,#6B8D37,"107,141,55",3.74,High,Computed nearest Games Workshop swatch by Euclidean RGB distance from registry R/G/B values.
VAL_MODEL_COLOR_OLIVE_GREY,Vallejo,Model Color,Model Color,MODEL_COLOR,70.888,Olive Grey,OLIVE_GREY,#455440,69,84,64,"69,84,64",Acrylic paint,Active/Unknown,CC329-R00-Model-Color-NewIC.pdf,Imported from compiled central database,,,,,,,,,,GW_LAYER_CATACHAN_GREEN,Catachan Green,Layer,Layer,#455440,"69,84,64",0,High,Computed nearest Games Workshop swatch by Euclidean RGB distance from registry R/G/B values.
VAL_MODEL_COLOR_ORANGE_BROWN,Vallejo,Model Color,Model Color,MODEL_COLOR,70.981,Orange Brown,ORANGE_BROWN,#B86F44,184,111,68,"184,111,68",Acrylic Paint,Active/Unknown,952249680-Warlord-Paint-Ranges-Conversion-Chart.pdf,Imported from compiled central database,,,,,,,,,,GW_LAYER_HASHUT_COPPER,Hashut Copper,Layer,Layer,#B77647,"183,118,71",7.68,High,Computed nearest Games Workshop swatch by Euclidean RGB distance from registry R/G/B values.
VAL_MODEL_COLOR_ORANGE_FLUO,Vallejo,Model Color,Model Color,MODEL_COLOR,70.733,Orange Fluo,ORANGE_FLUO,#E76738,231,103,56,"231,103,56",Acrylic Paint,Active/Unknown,952249680-Warlord-Paint-Ranges-Conversion-Chart.pdf,Imported from compiled central database; Hex/RGB filled during audit from Direct Vallejo Colors PDF paint-code match (Vallejo Colors PDF); matched Vallejo Model Orange.,,,,,,,,,,GW_LAYER_TROLL_SLAYER_ORANGE,Troll Slayer Orange,Layer,Layer,#F36D2D,"243,109,45",17.35,Medium-High,Computed nearest Games Workshop swatch by Euclidean RGB distance from registry R/G/B values.
VAL_MODEL_COLOR_ORANGE_OCHRE,Vallejo,Model Color,Model Color,MODEL_COLOR,70.824,Orange Ochre,ORANGE_OCHRE,#9BA1A1,155,161,161,"155,161,161",Acrylic paint,Active/Unknown,CC329-R00-Model-Color-NewIC.pdf,Imported from compiled central database; Hex/RGB filled during audit from Direct Vallejo Colors PDF paint-code match (Vallejo Colors PDF); matched Vallejo Model German Camoouflage Orange Ochre 989 Sky Grey.,,,,,,,,,,GW_LAYER_ASTRONOMICON_GREY,Astronomicon Grey,Layer,Layer,#96A5A9,"150,165,169",10.25,High,Computed nearest Games Workshop swatch by Euclidean RGB distance from registry R/G/B values.
VAL_MODEL_COLOR_ORANGE_RED,Vallejo,Model Color,Model Color,MODEL_COLOR,70.910,Orange Red,ORANGE_RED,#E34C26,227,76,38,"227,76,38",Acrylic Paint,Active/Unknown,584217179-Vallejo-Paint-List-frenzycheck-com.xlsx,Imported from compiled central database; Hex/RGB filled during audit from Direct RedGrimm Vallejo Model name match (redgrimm army-painter.html); matched Vallejo Model Orange Red.,,,,,,,,,,GW_DRY_ASTORATH_RED,Astorath Red,Dry,Dry,#DD482B,"221,72,43",8.77,High,Computed nearest Games Workshop swatch by Euclidean RGB distance from registry R/G/B values.
VAL_MODEL_COLOR_OXFORD_BLUE,Vallejo,Model Color,Model Color,MODEL_COLOR,70.807,Oxford Blue,OXFORD_BLUE,#3A465F,58,70,95,"58,70,95",Acrylic paint,Active/Unknown,CC329-R00-Model-Color-NewIC.pdf,Imported from compiled central database; Hex/RGB filled during audit from Direct RedGrimm Vallejo Model name match (redgrimm vallejo-model.html); matched Vallejo Model Oxford Blue.,,,,,,,,,,GW_FOUNDATION_FENRIS_GREY,Fenris Grey,Foundation,Foundation,#2C4363,"44,67,99",14.87,High,Computed nearest Games Workshop swatch by Euclidean RGB distance from registry R/G/B values.
VAL_MODEL_COLOR_PACIFIC_GREEN,Vallejo,Model Color,Model Color,MODEL_COLOR,70.757,Pacific Green,PACIFIC_GREEN,#576F63,87,111,99,"87,111,99",Acrylic paint,Active/Unknown,CC329-R00-Model-Color-NewIC.pdf; Catalogo_2026-R02.pdf page 12,Imported from compiled central database | Approx Hex/RGB fill: Vallejo 2026 catalog swatch sample (Medium-High).,,,,,,,,,,GW_AIR_LEADBELCHER,Leadbelcher,Air,Air,#5B5F61,"91,95,97",16.61,Medium-High,Computed nearest Games Workshop swatch by Euclidean RGB distance from registry R/G/B values.
VAL_MODEL_COLOR_PALE_BLUE,Vallejo,Model Color,Model Color,MODEL_COLOR,70.906,Pale Blue,PALE_BLUE,#83B5B2,131,181,178,"131,181,178",Acrylic paint,Active/Unknown,CC329-R00-Model-Color-NewIC.pdf,Imported from compiled central database,,,,,,,,,,GW_LAYER_GAUSS_BLASTER_GREEN,Gauss Blaster Green,Layer,Layer,#84C2A9,"132,194,169",15.84,Medium-High,Computed nearest Games Workshop swatch by Euclidean RGB distance from registry R/G/B values.
VAL_MODEL_COLOR_PALE_BLUE_GREY,Vallejo,Model Color,Model Color,MODEL_COLOR,70.905,Pale Blue Grey,PALE_BLUE_GREY,#96A5A9,150,165,169,"150,165,169",Acrylic Paint,Active/Unknown,584217179-Vallejo-Paint-List-frenzycheck-com.xlsx,Imported from compiled central database,,,,,,,,,,GW_LAYER_ASTRONOMICON_GREY,Astronomicon Grey,Layer,Layer,#96A5A9,"150,165,169",0,High,Computed nearest Games Workshop swatch by Euclidean RGB distance from registry R/G/B values.
VAL_MODEL_COLOR_PALE_BROWN,Vallejo,Model Color,Model Color,MODEL_COLOR,70.825,Pale Brown,PALE_BROWN,#3C2925,60,41,37,"60,41,37",Acrylic paint,Active/Unknown,CC329-R00-Model-Color-NewIC.pdf,Imported from compiled central database; Hex/RGB filled during audit from Direct Vallejo Colors PDF paint-code match (Vallejo Colors PDF); matched Vallejo Model German Camoouflage 826 German Camouflage 985 Hull Red.,,,,,,,,,,GW_LAYER_DEVLAN_MUD_WASH,Devlan Mud Wash,Layer,Layer,#393121,"57,49,33",9.43,High,Computed nearest Games Workshop swatch by Euclidean RGB distance from registry R/G/B values.
VAL_MODEL_COLOR_PALE_GREY_BLUE,Vallejo,Model Color,Model Color,MODEL_COLOR,70.907,Pale Grey Blue,PALE_GREY_BLUE,#CEDEE7,206,222,231,"206,222,231",Acrylic Paint,Active/Unknown,952249680-Warlord-Paint-Ranges-Conversion-Chart.pdf,Imported from compiled central database,,,,,,,,,,GW_LAYER_SPACE_WOLVES_GREY,Space Wolves Grey,Layer,Layer,#CEDEE7,"206,222,231",0,High,Computed nearest Games Workshop swatch by Euclidean RGB distance from registry R/G/B values.
VAL_MODEL_COLOR_PALE_GREYBLUE,Vallejo,Model Color,Model Color,MODEL_COLOR,70.907,Pale Greyblue,PALE_GREYBLUE,#CEDEE7,206,222,231,"206,222,231",Acrylic Paint,Active/Unknown,584217179-Vallejo-Paint-List-frenzycheck-com.xlsx,Imported from compiled central database,,,,,,,,,,GW_LAYER_SPACE_WOLVES_GREY,Space Wolves Grey,Layer,Layer,#CEDEE7,"206,222,231",0,High,Computed nearest Games Workshop swatch by Euclidean RGB distance from registry R/G/B values.
VAL_MODEL_COLOR_PALE_SAND,Vallejo,Model Color,Model Color,MODEL_COLOR,70.837,Pale Sand,PALE_SAND,#D1C49C,209,196,156,"209,196,156",Acrylic paint,Active/Unknown,CC329-R00-Model-Color-NewIC.pdf,Imported from compiled central database; Hex/RGB filled during audit from Direct RedGrimm Vallejo Model name match (redgrimm army-painter.html); matched Vallejo Model Pale Sand.,,,,,,,,,,GW_BASE_MORGHAST_BONE,Morghast Bone,Base,Base,#D5C79A,"213,199,154",5.39,High,Computed nearest Games Workshop swatch by Euclidean RGB distance from registry R/G/B values.
VAL_MODEL_COLOR_PARK_GREEN_FLAT,Vallejo,Model Color,Model Color,MODEL_COLOR,70.969,Park Green Flat,PARK_GREEN_FLAT,#008C5D,0,140,93,"0,140,93",Acrylic Paint,Active/Unknown,952249680-Warlord-Paint-Ranges-Conversion-Chart.pdf,Imported from compiled central database,,,,,,,,,,GW_LAYER_KABALITE_GREEN,Kabalite Green,Layer,Layer,#038C67,"3,140,103",10.44,High,Computed nearest Games Workshop swatch by Euclidean RGB distance from registry R/G/B values.
VAL_MODEL_COLOR_PASTEL_BLUE,Vallejo,Model Color,Model Color,MODEL_COLOR,70.901,Pastel Blue,PASTEL_BLUE,#67859B,103,133,155,"103,133,155",Acrylic paint,Active/Unknown,CC329-R00-Model-Color-NewIC.pdf,Imported from compiled central database; Hex/RGB filled during audit from Direct RedGrimm Vallejo Model name match (redgrimm army-painter.html); matched Vallejo Model Pastel Blue.,,,,,,,,,,GW_CONTRAST_NIGHTHAUNT_GLOOM,Nighthaunt Gloom,Contrast,Contrast,#798D96,"121,141,150",20.32,Medium-High,Computed nearest Games Workshop swatch by Euclidean RGB distance from registry R/G/B values.
VAL_MODEL_COLOR_PASTEL_GREEN,Vallejo,Model Color,Model Color,MODEL_COLOR,70.885,Pastel Green,PASTEL_GREEN,#63B521,99,181,33,"99,181,33",Acrylic Paint,Active/Unknown,584217179-Vallejo-Paint-List-frenzycheck-com.xlsx,Imported from compiled central database,,,,,,,,,,GW_TECHNICAL_LUSTRIAN_UNDERGROWTH,Lustrian Undergrowth,Technical,Technical,#709811,"112,152,17",35.58,Medium,Computed nearest Games Workshop swatch by Euclidean RGB distance from registry R/G/B values.
VAL_MODEL_COLOR_PINK,Vallejo,Model Color,Model Color,MODEL_COLOR,70.958,Pink,PINK,#D37497,211,116,151,"211,116,151",Acrylic Paint,Active/Unknown,952249680-Warlord-Paint-Ranges-Conversion-Chart.pdf,Imported from compiled central database; Hex/RGB filled during audit from Direct RedGrimm Vallejo Model name match (redgrimm army-painter.html); matched Vallejo Model Pink.,,,,,,,,,,GW_LAYER_DWARF_FLESH,Dwarf Flesh,Layer,Layer,#DA9382,"218,147,130",38.09,Medium,Computed nearest Games Workshop swatch by Euclidean RGB distance from registry R/G/B values.
VAL_MODEL_COLOR_PLASTIC_PUTTY,Vallejo,Model Color,Model Color,MODEL_COLOR,70.400,Plastic Putty,PLASTIC_PUTTY,,,,,,Acrylic paint,Active/Unknown,CC329-R00-Model-Color-NewIC.pdf,Imported from compiled central database,,,,,,,,,,,,,,,,,No RGB,No match - missing source RGB
VAL_MODEL_COLOR_PRUSSIAN_BLUE,Vallejo,Model Color,Model Color,MODEL_COLOR,70.965,Prussian Blue,PRUSSIAN_BLUE,#2A546E,42,84,110,"42,84,110",Acrylic Paint,Active/Unknown,952249680-Warlord-Paint-Ranges-Conversion-Chart.pdf,Imported from compiled central database; Hex/RGB filled during audit from Direct RedGrimm Vallejo Model name match (redgrimm army-painter.html); matched Vallejo Model Prussian Blue.,,,,,,,,,,GW_FOUNDATION_FENRIS_GREY,Fenris Grey,Foundation,Foundation,#2C4363,"44,67,99",20.35,Medium-High,Computed nearest Games Workshop swatch by Euclidean RGB distance from registry R/G/B values.
VAL_MODEL_COLOR_PURPLE,Vallejo,Model Color,Model Color,MODEL_COLOR,70.959,Purple,PURPLE,#834A6C,131,74,108,"131,74,108",Acrylic paint,Active/Unknown,CC329-R00-Model-Color-NewIC.pdf,Imported from compiled central database; Hex/RGB filled during audit from Direct RedGrimm Vallejo Model name match (redgrimm army-painter.html); matched Vallejo Model Purple.,,,,,,,,,,GW_LAYER_PINK_HORROR,Pink Horror,Layer,Layer,#90305D,"144,48,93",32.71,Medium-High,Computed nearest Games Workshop swatch by Euclidean RGB distance from registry R/G/B values.
VAL_MODEL_COLOR_RED,Vallejo,Model Color,Model Color,MODEL_COLOR,70.926,Red,RED,#91323A,145,50,58,"145,50,58",Acrylic Paint,Active/Unknown,952249680-Warlord-Paint-Ranges-Conversion-Chart.pdf,Imported from compiled central database; Hex/RGB filled during audit from Direct RedGrimm Vallejo Model name match (redgrimm army-painter.html); matched Vallejo Model Red.,,,,,,,,,,GW_LAYER_TUSKIGOR_FUR,Tuskigor Fur,Layer,Layer,#883636,"136,54,54",10.63,High,Computed nearest Games Workshop swatch by Euclidean RGB distance from registry R/G/B values.
VAL_MODEL_COLOR_RED_GOLD,Vallejo,Model Color,Model Color,MODEL_COLOR,70.794,Red Gold,RED_GOLD,#9F6E36,159,110,54,"159,110,54",Acrylic paint,Active/Unknown,CC329-R00-Model-Color-NewIC.pdf,Imported from compiled central database; Hex/RGB filled during audit from Direct RedGrimm Vallejo Model name match (Vallejo Colors PDF); matched Vallejo Model Red Gold.,,,,,,,,,,GW_FOUNDATION_TAUSEPT_OCHRE,Tausept Ochre,Foundation,Foundation,#A06E3B,"160,110,59",5.1,High,Computed nearest Games Workshop swatch by Euclidean RGB distance from registry R/G/B values.
VAL_MODEL_COLOR_RED_LEATHER,Vallejo,Model Color,Model Color,MODEL_COLOR,70.818,Red Leather,RED_LEATHER,#93453D,147,69,61,"147,69,61",Acrylic paint,Active/Unknown,CC329-R00-Model-Color-NewIC.pdf,Imported from compiled central database; Hex/RGB filled during audit from Direct RedGrimm Vallejo Model name match (redgrimm army-painter.html); matched Vallejo Model Red Leather.,,,,,,,,,,GW_TECHNICAL_MARTIAN_IRONEARTH,Martian Ironearth,Technical,Technical,#935442,"147,84,66",15.81,Medium-High,Computed nearest Games Workshop swatch by Euclidean RGB distance from registry R/G/B values.
VAL_MODEL_COLOR_REFLECTIVE_GREEN,Vallejo,Model Color,Model Color,MODEL_COLOR,70.890,Reflective Green,REFLECTIVE_GREEN,#496244,73,98,68,"73,98,68",Acrylic Paint,Active/Unknown,584217179-Vallejo-Paint-List-frenzycheck-com.xlsx,Imported from compiled central database; Hex/RGB filled during audit from Direct RedGrimm Vallejo Model name match (redgrimm vallejo-model.html); matched Vallejo Model Reflective Green.,,,,,,,,,,GW_LAYER_FOUNDATION_COLOURS_KNARLOC_GREEN,Foundation Colours Knarloc Green,Layer,Layer,#48563C,"72,86,60",14.46,High,Computed nearest Games Workshop swatch by Euclidean RGB distance from registry R/G/B values.
VAL_MODEL_COLOR_REFRACTIVE_GREEN,Vallejo,Model Color,Model Color,MODEL_COLOR,70.890,Refractive Green,REFRACTIVE_GREEN,#3B453C,59,69,60,"59,69,60",Acrylic paint,Active/Unknown,CC329-R00-Model-Color-NewIC.pdf,Imported from compiled central database; Hex/RGB filled during audit from Direct Vallejo Colors PDF paint-code match (Vallejo Colors PDF); matched Vallejo Model Reflective Green.,,,,,,,,,,GW_BASE_DEATH_KORPS_DRAB,Death Korps Drab,Base,Base,#3D4539,"61,69,57",3.61,High,Computed nearest Games Workshop swatch by Euclidean RGB distance from registry R/G/B values.
VAL_MODEL_COLOR_RETARDER_MEDIUM,Vallejo,Model Color,Model Color,MODEL_COLOR,70.597,Retarder Medium,RETARDER_MEDIUM,,,,,,Acrylic paint,Active/Unknown,CC329-R00-Model-Color-NewIC.pdf,Imported from compiled central database,,,,,,,,,,,,,,,,,No RGB,No match - missing source RGB
VAL_MODEL_COLOR_RICH_GOLD,Vallejo,Model Color,Model Color,MODEL_COLOR,70.793,Rich Gold,RICH_GOLD,#866D45,134,109,69,"134,109,69",Acrylic paint,Active/Unknown,CC329-R00-Model-Color-NewIC.pdf,Imported from compiled central database; Hex/RGB filled during audit from Direct RedGrimm Vallejo Model name match (Vallejo Colors PDF); matched Vallejo Model Rich Gold.,,,,,,,,,,GW_LAYER_SNAKEBITE_LEATHER,Snakebite Leather,Layer,Layer,#8C6C40,"140,108,64",7.87,High,Computed nearest Games Workshop swatch by Euclidean RGB distance from registry R/G/B values.
VAL_MODEL_COLOR_ROYAL_BLUE,Vallejo,Model Color,Model Color,MODEL_COLOR,70.809,Royal Blue,ROYAL_BLUE,#41558D,65,85,141,"65,85,141",Acrylic Paint,Active/Unknown,952249680-Warlord-Paint-Ranges-Conversion-Chart.pdf,Imported from compiled central database,,,,,,,,,,GW_TECHNICAL_SOULSTONE_BLUE,Soulstone Blue,Technical,Technical,#294C86,"41,76,134",26.57,Medium-High,Computed nearest Games Workshop swatch by Euclidean RGB distance from registry R/G/B values.
VAL_MODEL_COLOR_ROYAL_PURPLE,Vallejo,Model Color,Model Color,MODEL_COLOR,70.810,Royal Purple,ROYAL_PURPLE,#4B2967,75,41,103,"75,41,103",Acrylic Paint,Active/Unknown,952249680-Warlord-Paint-Ranges-Conversion-Chart.pdf,Imported from compiled central database,,,,,,,,,,GW_CONTRAST_LEVIATHAN_PURPLE,Leviathan Purple,Contrast,Contrast,#4A2A6A,"74,42,106",3.32,High,Computed nearest Games Workshop swatch by Euclidean RGB distance from registry R/G/B values.
VAL_MODEL_COLOR_RUSSIAN_UNIF_WWII,Vallejo,Model Color,Model Color,MODEL_COLOR,70.924,Russian Unif. WWII,RUSSIAN_UNIF_WWII,#444D48,68,77,72,"68,77,72",Acrylic paint,Active/Unknown,CC329-R00-Model-Color-NewIC.pdf,Imported from compiled central database; Hex/RGB filled during audit from Direct Vallejo Colors PDF paint-code match (Vallejo Colors PDF); matched Vallejo Model Russian Uniform WWII 893 US Dark Green.,,,,,,,,,,GW_BASE_MECHANICUS_STANDARD_GREY,Mechanicus Standard Grey,Base,Base,#3D4B4D,"61,75,77",8.83,High,Computed nearest Games Workshop swatch by Euclidean RGB distance from registry R/G/B values.
VAL_MODEL_COLOR_RUSSIAN_UNIFORM,Vallejo,Model Color,Model Color,MODEL_COLOR,70.924,Russian Uniform,RUSSIAN_UNIFORM,#7C8286,124,130,134,"124,130,134",Acrylic Paint,Active/Unknown,584217179-Vallejo-Paint-List-frenzycheck-com.xlsx,Imported from compiled central database,,,,,,,,,,GW_LAYER_CODEX_GREY,Codex Grey,Layer,Layer,#808285,"128,130,133",4.12,High,Computed nearest Games Workshop swatch by Euclidean RGB distance from registry R/G/B values.
VAL_MODEL_COLOR_SADDLE_BROWN,Vallejo,Model Color,Model Color,MODEL_COLOR,70.940,Saddle Brown,SADDLE_BROWN,#89584F,137,88,79,"137,88,79",Acrylic paint,Active/Unknown,CC329-R00-Model-Color-NewIC.pdf,Imported from compiled central database; Hex/RGB filled during audit from Direct RedGrimm Vallejo Model name match (redgrimm vallejo-model.html); matched Vallejo Model Saddle Brown.,,,,,,,,,,GW_AIR_BALTHASAR_GOLD,Balthasar Gold,Air,Air,#8F5F45,"143,95,69",13.6,High,Computed nearest Games Workshop swatch by Euclidean RGB distance from registry R/G/B values.
VAL_MODEL_COLOR_SALMON_ROSE,Vallejo,Model Color,Model Color,MODEL_COLOR,70.835,Salmon Rose,SALMON_ROSE,#F89D87,248,157,135,"248,157,135",Acrylic paint,Active/Unknown,CC329-R00-Model-Color-NewIC.pdf,Imported from compiled central database; Hex/RGB filled during audit from Direct RedGrimm Vallejo Model name match (redgrimm army-painter.html); matched Vallejo Model Salmon Rose.,,,,,,,,,,GW_LAYER_LUGGANATH_ORANGE,Lugganath Orange,Layer,Layer,#F89E86,"248,158,134",1.41,High,Computed nearest Games Workshop swatch by Euclidean RGB distance from registry R/G/B values.
VAL_MODEL_COLOR_SAND_YELLOW,Vallejo,Model Color,Model Color,MODEL_COLOR,70.916,Sand Yellow,SAND_YELLOW,#D7BF75,215,191,117,"215,191,117",Acrylic paint,Active/Unknown,CC329-R00-Model-Color-NewIC.pdf,Imported from compiled central database,,,,,,,,,,GW_LAYER_BURNISHED_GOLD,Burnished Gold,Layer,Layer,#E0C068,"224,192,104",15.84,Medium-High,Computed nearest Games Workshop swatch by Euclidean RGB distance from registry R/G/B values.
VAL_MODEL_COLOR_SATIN_VARNISH,Vallejo,Model Color,Model Color,MODEL_COLOR,70.522,Satin Varnish,SATIN_VARNISH,,,,,,Acrylic paint,Active/Unknown,CC329-R00-Model-Color-NewIC.pdf,Imported from compiled central database,,,,,,,,,,,,,,,,,No RGB,No match - missing source RGB
VAL_MODEL_COLOR_SCARLET,Vallejo,Model Color,Model Color,MODEL_COLOR,70.817,Scarlet,SCARLET,#DA3630,218,54,48,"218,54,48",Acrylic Paint,Active/Unknown,952249680-Warlord-Paint-Ranges-Conversion-Chart.pdf,Imported from compiled central database,,,,,,,,,,GW_DRY_ASTORATH_RED,Astorath Red,Dry,Dry,#DD482B,"221,72,43",18.92,Medium-High,Computed nearest Games Workshop swatch by Euclidean RGB distance from registry R/G/B values.
VAL_MODEL_COLOR_SILVER,Vallejo,Model Color,Model Color,MODEL_COLOR,70.997,Silver,SILVER,#B0B9B8,176,185,184,"176,185,184",Acrylic Paint,Active/Unknown,952249680-Warlord-Paint-Ranges-Conversion-Chart.pdf,Imported from compiled central database; Hex/RGB filled during audit from Direct RedGrimm Vallejo Model name match (Vallejo Colors PDF); matched Vallejo Model Silver.,,,,,,,,,,GW_LAYER_FORTRESS_GREY,Fortress Grey,Layer,Layer,#BCBDC0,"188,189,192",14.97,High,Computed nearest Games Workshop swatch by Euclidean RGB distance from registry R/G/B values.
VAL_MODEL_COLOR_SILVER_GREY,Vallejo,Model Color,Model Color,MODEL_COLOR,70.883,Silver Grey,SILVER_GREY,#D8DFD5,216,223,213,"216,223,213",Acrylic paint,Active/Unknown,CC329-R00-Model-Color-NewIC.pdf,Imported from compiled central database,,,,,,,,,,GW_CONTRAST_DREADFUL_VISAGE,Dreadful Visage,Contrast,Contrast,#D8D1D7,"216,209,215",14.14,High,Computed nearest Games Workshop swatch by Euclidean RGB distance from registry R/G/B values.
VAL_MODEL_COLOR_SILVERGREY,Vallejo,Model Color,Model Color,MODEL_COLOR,70.883,Silvergrey,SILVERGREY,#CDCDC1,205,205,193,"205,205,193",Acrylic Paint,Active/Unknown,952249680-Warlord-Paint-Ranges-Conversion-Chart.pdf,Imported from compiled central database; Hex/RGB filled during audit from Direct RedGrimm Vallejo Model name match (Vallejo Colors PDF); matched Vallejo Model Silvergrey.,,,,,,,,,,GW_LAYER_PALLID_WYCH_FLESH,Pallid Wych Flesh,Layer,Layer,#CDCEBE,"205,206,190",3.16,High,Computed nearest Games Workshop swatch by Euclidean RGB distance from registry R/G/B values.
VAL_MODEL_COLOR_SKY_BLUE,Vallejo,Model Color,Model Color,MODEL_COLOR,70.961,Sky Blue,SKY_BLUE,#86D6F7,134,214,247,"134,214,247",Acrylic Paint,Active/Unknown,952249680-Warlord-Paint-Ranges-Conversion-Chart.pdf,Imported from compiled central database; Hex/RGB filled during audit from Direct RedGrimm Vallejo Model name match (redgrimm vallejo-game.html); matched Vallejo Model Sky Blue.,,,,,,,,,,GW_LAYER_ICE_BLUE,Ice Blue,Layer,Layer,#81D3EB,"129,211,235",13.34,High,Computed nearest Games Workshop swatch by Euclidean RGB distance from registry R/G/B values.
VAL_MODEL_COLOR_SKY_BLUE_GREY,Vallejo,Model Color,Model Color,MODEL_COLOR,70.989,Sky Blue Grey,SKY_BLUE_GREY,#96A5A9,150,165,169,"150,165,169",Acrylic Paint,Active/Unknown,584217179-Vallejo-Paint-List-frenzycheck-com.xlsx,Imported from compiled central database; Hex/RGB filled during audit from Mech9 paint-code equivalence cross-reference (Existing registry completed row); matched Model Color Pale Blue Grey.,,,,,,,,,,GW_LAYER_ASTRONOMICON_GREY,Astronomicon Grey,Layer,Layer,#96A5A9,"150,165,169",0,High,Computed nearest Games Workshop swatch by Euclidean RGB distance from registry R/G/B values.
VAL_MODEL_COLOR_SKY_GREY,Vallejo,Model Color,Model Color,MODEL_COLOR,70.989,Sky Grey,SKY_GREY,#B3B6B2,179,182,178,"179,182,178",Acrylic paint,Active/Unknown,CC329-R00-Model-Color-NewIC.pdf,Imported from compiled central database; Hex/RGB filled during audit from Direct RedGrimm Vallejo Model name match (redgrimm army-painter.html); matched Vallejo Model Sky Grey.,,,,,,,,,,GW_LAYER_FORTRESS_GREY,Fortress Grey,Layer,Layer,#BCBDC0,"188,189,192",18.06,Medium-High,Computed nearest Games Workshop swatch by Euclidean RGB distance from registry R/G/B values.
VAL_MODEL_COLOR_SMOKE,Vallejo,Model Color,Model Color,MODEL_COLOR,70.939,Smoke,SMOKE,#5C4844,92,72,68,"92,72,68",Acrylic Paint,Active/Unknown,584217179-Vallejo-Paint-List-frenzycheck-com.xlsx; Catalogo_2026-R02.pdf page 13,Imported from compiled central database | Approx Hex/RGB fill: Vallejo 2026 catalog swatch sample (Medium-High).,,,,,,,,,,GW_LAYER_GORTHOR_BROWN,Gorthor Brown,Layer,Layer,#654741,"101,71,65",9.54,High,Computed nearest Games Workshop swatch by Euclidean RGB distance from registry R/G/B values.
VAL_MODEL_COLOR_SMOKE_INK,Vallejo,Model Color,Model Color,MODEL_COLOR,70.939,Smoke Ink,SMOKE_INK,#5C4844,92,72,68,"92,72,68",Acrylic paint,Active/Unknown,CC329-R00-Model-Color-NewIC.pdf; Catalogo_2026-R02.pdf page 13,Imported from compiled central database | Approx Hex/RGB fill: Vallejo 2026 catalog swatch sample (Medium-High).,,,,,,,,,,GW_LAYER_GORTHOR_BROWN,Gorthor Brown,Layer,Layer,#654741,"101,71,65",9.54,High,Computed nearest Games Workshop swatch by Euclidean RGB distance from registry R/G/B values.
VAL_MODEL_COLOR_SPLINTER_GREEN,Vallejo,Model Color,Model Color,MODEL_COLOR,70.756,Splinter Green,SPLINTER_GREEN,#446441,68,100,65,"68,100,65",Acrylic paint,Active/Unknown,CC329-R00-Model-Color-NewIC.pdf; Catalogo_2026-R02.pdf page 12,Imported from compiled central database | Approx Hex/RGB fill: Vallejo 2026 catalog swatch sample (Medium-High).,,,,,,,,,,GW_LAYER_FOUNDATION_COLOURS_KNARLOC_GREEN,Foundation Colours Knarloc Green,Layer,Layer,#48563C,"72,86,60",15.39,Medium-High,Computed nearest Games Workshop swatch by Euclidean RGB distance from registry R/G/B values.
VAL_MODEL_COLOR_STONE_GREY,Vallejo,Model Color,Model Color,MODEL_COLOR,70.884,Stone Grey,STONE_GREY,#959980,149,153,128,"149,153,128",Acrylic paint,Active/Unknown,CC329-R00-Model-Color-NewIC.pdf,Imported from compiled central database,,,,,,,,,,GW_LAYER_COMMANDO_KHAKI,Commando Khaki,Layer,Layer,#9A8C7B,"154,140,123",14.8,High,Computed nearest Games Workshop swatch by Euclidean RGB distance from registry R/G/B values.
VAL_MODEL_COLOR_SUNNY_SKIN_TONE,Vallejo,Model Color,Model Color,MODEL_COLOR,70.845,Sunny Skin Tone,SUNNY_SKIN_TONE,#E0A46F,224,164,111,"224,164,111",Acrylic paint,Active/Unknown,CC329-R00-Model-Color-NewIC.pdf,Imported from compiled central database; Hex/RGB filled during audit from Direct Vallejo Colors PDF paint-code match (Vallejo Colors PDF); matched Vallejo Model Sunny Skintone.,,,,,,,,,,GW_LAYER_GEHENNA_S_GOLD,Gehenna's Gold,Layer,Layer,#DBA674,"219,166,116",7.35,High,Computed nearest Games Workshop swatch by Euclidean RGB distance from registry R/G/B values.
VAL_MODEL_COLOR_SUNSET_RED,Vallejo,Model Color,Model Color,MODEL_COLOR,70.802,Sunset Red,SUNSET_RED,#C22C5F,194,44,95,"194,44,95",Acrylic paint,Active/Unknown,CC329-R00-Model-Color-NewIC.pdf,Imported from compiled central database,,,,,,,,,,GW_CONTRAST_DOOMFIRE_MAGENTA,Doomfire Magenta,Contrast,Contrast,#D01C6B,"208,28,107",24.41,Medium-High,Computed nearest Games Workshop swatch by Euclidean RGB distance from registry R/G/B values.
VAL_MODEL_COLOR_TAN_EARTH,Vallejo,Model Color,Model Color,MODEL_COLOR,70.874,Tan Earth,TAN_EARTH,#9C7962,156,121,98,"156,121,98",Acrylic paint,Active/Unknown,CC329-R00-Model-Color-NewIC.pdf,Imported from compiled central database; Hex/RGB filled during audit from Direct RedGrimm Vallejo Model name match (redgrimm army-painter.html); matched Vallejo Model Tan Earth.,,,,,,,,,,GW_TECHNICAL_AGRELLAN_BADLAND,Agrellan Badland,Technical,Technical,#A17359,"161,115,89",11.92,High,Computed nearest Games Workshop swatch by Euclidean RGB distance from registry R/G/B values.
VAL_MODEL_COLOR_TAN_GLAZE,Vallejo,Model Color,Model Color,MODEL_COLOR,70.831,Tan Glaze,TAN_GLAZE,,,,,,Acrylic Paint,Active/Unknown,584217179-Vallejo-Paint-List-frenzycheck-com.xlsx,Imported from compiled central database,,,,,,,,,,,,,,,,,No RGB,No match - missing source RGB
VAL_MODEL_COLOR_THINNER_MEDIUM,Vallejo,Model Color,Model Color,MODEL_COLOR,70.524,Thinner Medium,THINNER_MEDIUM,,,,,,Acrylic paint,Active/Unknown,CC329-R00-Model-Color-NewIC.pdf,Imported from compiled central database,,,,,,,,,,,,,,,,,No RGB,No match - missing source RGB
VAL_MODEL_COLOR_TRANSPARENT_BLUE,Vallejo,Model Color,Model Color,MODEL_COLOR,70.938,Transparent Blue,TRANSPARENT_BLUE,#27357E,39,53,126,"39,53,126",Acrylic Paint,Active/Unknown,584217179-Vallejo-Paint-List-frenzycheck-com.xlsx,Imported from compiled central database; Hex/RGB filled during audit from Mech9 paint-code equivalence cross-reference (Existing registry completed row); matched Game Color Ink Blue.,,,,,,,,,,GW_LAYER_STORM_BLUE,Storm Blue,Layer,Layer,#27357E,"39,53,126",0,High,Computed nearest Games Workshop swatch by Euclidean RGB distance from registry R/G/B values.
VAL_MODEL_COLOR_TRANSPARENT_GREEN,Vallejo,Model Color,Model Color,MODEL_COLOR,70.936,Transparent Green,TRANSPARENT_GREEN,#8BB36A,139,179,106,"139,179,106",Acrylic Paint,Active/Unknown,584217179-Vallejo-Paint-List-frenzycheck-com.xlsx,Imported from compiled central database; Hex/RGB filled during audit from Mech9 paint-code equivalence cross-reference (Vallejo Colors PDF); matched Vallejo Model Green.,,,,,,,,,,GW_LAYER_NURGLING_GREEN,Nurgling Green,Layer,Layer,#849B63,"132,155,99",25.96,Medium-High,Computed nearest Games Workshop swatch by Euclidean RGB distance from registry R/G/B values.
VAL_MODEL_COLOR_TRANSPARENT_ORANGE,Vallejo,Model Color,Model Color,MODEL_COLOR,70.935,Transparent Orange,TRANSPARENT_ORANGE,#F1552C,241,85,44,"241,85,44",Acrylic Paint,Active/Unknown,584217179-Vallejo-Paint-List-frenzycheck-com.xlsx,Imported from compiled central database; Hex/RGB filled during audit from Mech9 paint-code equivalence cross-reference (redgrimm vallejo-model.html); matched Vallejo Model Clear Orange.,,,,,,,,,,GW_CONTRAST_MAGMADROTH_FLAME,Magmadroth Flame,Contrast,Contrast,#F04A24,"240,74,36",13.64,High,Computed nearest Games Workshop swatch by Euclidean RGB distance from registry R/G/B values.
VAL_MODEL_COLOR_TRANSPARENT_RED,Vallejo,Model Color,Model Color,MODEL_COLOR,70.934,Transparent Red,TRANSPARENT_RED,#91323A,145,50,58,"145,50,58",Acrylic Paint,Active/Unknown,584217179-Vallejo-Paint-List-frenzycheck-com.xlsx,Imported from compiled central database; Hex/RGB filled during audit from Mech9 paint-code equivalence cross-reference (redgrimm army-painter.html); matched Vallejo Model Red.,,,,,,,,,,GW_LAYER_TUSKIGOR_FUR,Tuskigor Fur,Layer,Layer,#883636,"136,54,54",10.63,High,Computed nearest Games Workshop swatch by Euclidean RGB distance from registry R/G/B values.
VAL_MODEL_COLOR_TRANSPARENT_YELLOW,Vallejo,Model Color,Model Color,MODEL_COLOR,70.937,Transparent Yellow,TRANSPARENT_YELLOW,,,,,,Acrylic Paint,Active/Unknown,584217179-Vallejo-Paint-List-frenzycheck-com.xlsx,Imported from compiled central database,,,,,,,,,,,,,,,,,No RGB,No match - missing source RGB
VAL_MODEL_COLOR_TURQUESA,Vallejo,Model Color,Model Color,MODEL_COLOR,70.966,Turquesa,TURQUESA,#3B6B82,59,107,130,"59,107,130",Acrylic Paint,Active/Unknown,584217179-Vallejo-Paint-List-frenzycheck-com.xlsx,Imported from compiled central database; Hex/RGB filled during audit from Direct Vallejo Colors PDF paint-code match (Vallejo Colors PDF); matched Vallejo Model Turquoise.,,,,,,,,,,GW_LAYER_THUNDERHAWK_BLUE,Thunderhawk Blue,Layer,Layer,#417175,"65,113,117",15.52,Medium-High,Computed nearest Games Workshop swatch by Euclidean RGB distance from registry R/G/B values.
VAL_MODEL_COLOR_TURQUOISE,Vallejo,Model Color,Model Color,MODEL_COLOR,70.966,Turquoise,TURQUOISE,#03676F,3,103,111,"3,103,111",Acrylic paint,Active/Unknown,CC329-R00-Model-Color-NewIC.pdf,Imported from compiled central database,,,,,,,,,,GW_LAYER_SOTEK_GREEN,Sotek Green,Layer,Layer,#0B6974,"11,105,116",9.64,High,Computed nearest Games Workshop swatch by Euclidean RGB distance from registry R/G/B values.
VAL_MODEL_COLOR_US_DARK_GREEN,Vallejo,Model Color,Model Color,MODEL_COLOR,70.893,US Dark Green,US_DARK_GREEN,#5B6955,91,105,85,"91,105,85",Acrylic paint,Active/Unknown,CC329-R00-Model-Color-NewIC.pdf,Imported from compiled central database; Hex/RGB filled during audit from Direct RedGrimm Vallejo Model name match (redgrimm vallejo-model.html); matched Vallejo Model US Dark Green.,,,,,,,,,,GW_AIR_LEADBELCHER,Leadbelcher,Air,Air,#5B5F61,"91,95,97",15.62,Medium-High,Computed nearest Games Workshop swatch by Euclidean RGB distance from registry R/G/B values.
VAL_MODEL_COLOR_US_FIELD_DRAB,Vallejo,Model Color,Model Color,MODEL_COLOR,70.873,US Field Drab,US_FIELD_DRAB,#705D43,112,93,67,"112,93,67",Acrylic paint,Active/Unknown,CC329-R00-Model-Color-NewIC.pdf,Imported from compiled central database; Hex/RGB filled during audit from Direct RedGrimm Vallejo Model name match (redgrimm army-painter.html); matched Vallejo Model US Field Drab.,,,,,,,,,,GW_FOUNDATION_KHEMRI_BROWN,Khemri Brown,Foundation,Foundation,#73614D,"115,97,77",11.18,High,Computed nearest Games Workshop swatch by Euclidean RGB distance from registry R/G/B values.
VAL_MODEL_COLOR_US_OLIVE_DRAB,Vallejo,Model Color,Model Color,MODEL_COLOR,70.887,US Olive Drab,US_OLIVE_DRAB,#333439,51,52,57,"51,52,57",Acrylic paint,Active/Unknown,CC329-R00-Model-Color-NewIC.pdf,Imported from compiled central database; Hex/RGB filled during audit from Direct RedGrimm Vallejo Model name match (Vallejo Colors PDF); matched Vallejo Model US Olive Drab.,,,,,,,,,,GW_BASE_IRON_WARRIORS,Iron Warriors,Base,Base,#393939,"57,57,57",7.81,High,Computed nearest Games Workshop swatch by Euclidean RGB distance from registry R/G/B values.
VAL_MODEL_COLOR_ULTRAMARINE,Vallejo,Model Color,Model Color,MODEL_COLOR,70.839,Ultramarine,ULTRAMARINE,#3B5DA7,59,93,167,"59,93,167",Acrylic Paint,Active/Unknown,952249680-Warlord-Paint-Ranges-Conversion-Chart.pdf,Imported from compiled central database; Hex/RGB filled during audit from Direct RedGrimm Vallejo Model name match (redgrimm vallejo-model.html); matched Vallejo Model Ultramarine.,,,,,,,,,,GW_BASE_CALEDOR_SKY,Caledor Sky,Base,Base,#396E9E,"57,110,158",19.34,Medium-High,Computed nearest Games Workshop swatch by Euclidean RGB distance from registry R/G/B values.
VAL_MODEL_COLOR_UNIFORM_GREEN,Vallejo,Model Color,Model Color,MODEL_COLOR,70.922,Uniform Green,UNIFORM_GREEN,#577A38,87,122,56,"87,122,56",Acrylic paint,Active/Unknown,CC329-R00-Model-Color-NewIC.pdf,Imported from compiled central database; Hex/RGB filled during audit from Direct RedGrimm Vallejo Model name match (redgrimm army-painter.html); matched Vallejo Model Uniform Green.,,,,,,,,,,GW_CONTRAST_CREED_CAMO,Creed Camo,Contrast,Contrast,#5F6F3A,"95,111,58",13.75,High,Computed nearest Games Workshop swatch by Euclidean RGB distance from registry R/G/B values.
VAL_MODEL_COLOR_VERDIGRIS_GLAZE,Vallejo,Model Color,Model Color,MODEL_COLOR,70.832,Verdigris Glaze,VERDIGRIS_GLAZE,#00A850,0,168,80,"0,168,80",Acrylic Paint,Active/Unknown,952249680-Warlord-Paint-Ranges-Conversion-Chart.pdf,Imported from compiled central database; Hex/RGB filled during audit from Mech9 paint-code equivalence cross-reference (redgrimm vallejo-model.html); matched Vallejo Model Light Green.,,,,,,,,,,GW_CONTRAST_HEXWRAITH_FLAME,Hexwraith Flame,Contrast,Contrast,#00AA5C,"0,170,92",12.17,High,Computed nearest Games Workshop swatch by Euclidean RGB distance from registry R/G/B values.
VAL_MODEL_COLOR_VERMILION,Vallejo,Model Color,Model Color,MODEL_COLOR,70.909,Vermilion,VERMILION,#BA4734,186,71,52,"186,71,52",Acrylic paint,Active/Unknown,CC329-R00-Model-Color-NewIC.pdf,Imported from compiled central database; Hex/RGB filled during audit from Direct Vallejo Colors PDF paint-code match (Vallejo Colors PDF); matched Vallejo Model Vermillion.,,,,,,,,,,GW_FOUNDATION_MACHARIUS_SOLAR_ORANGE,Macharius Solar Orange,Foundation,Foundation,#B94023,"185,64,35",18.41,Medium-High,Computed nearest Games Workshop swatch by Euclidean RGB distance from registry R/G/B values.
VAL_MODEL_COLOR_VERMILLION,Vallejo,Model Color,Model Color,MODEL_COLOR,70.909,Vermillion,VERMILLION,#D22B2D,210,43,45,"210,43,45",Acrylic Paint,Active/Unknown,952249680-Warlord-Paint-Ranges-Conversion-Chart.pdf,Imported from compiled central database; Hex/RGB filled during audit from Direct RedGrimm Vallejo Model name match (redgrimm army-painter.html); matched Vallejo Model Vermillion.,,,,,,,,,,GW_CONTRAST_BLOOD_ANGELS_RED,Blood Angels Red,Contrast,Contrast,#C81D25,"200,29,37",18.97,Medium-High,Computed nearest Games Workshop swatch by Euclidean RGB distance from registry R/G/B values.
VAL_MODEL_COLOR_VIOLET,Vallejo,Model Color,Model Color,MODEL_COLOR,70.960,Violet,VIOLET,#4B2F65,75,47,101,"75,47,101",Acrylic Paint,Active/Unknown,952249680-Warlord-Paint-Ranges-Conversion-Chart.pdf,Imported from compiled central database,,,,,,,,,,GW_CONTRAST_LEVIATHAN_PURPLE,Leviathan Purple,Contrast,Contrast,#4A2A6A,"74,42,106",7.14,High,Computed nearest Games Workshop swatch by Euclidean RGB distance from registry R/G/B values.
VAL_MODEL_COLOR_VIOLET_GREY,Vallejo,Model Color,Model Color,MODEL_COLOR,70.773,Violet Grey,VIOLET_GREY,#5A5957,90,89,87,"90,89,87",Acrylic paint,Active/Unknown,CC329-R00-Model-Color-NewIC.pdf; Catalogo_2026-R02.pdf page 13,Imported from compiled central database | Approx Hex/RGB fill: Vallejo 2026 catalog swatch sample (Medium-High).,,,,,,,,,,GW_AIR_LEADBELCHER,Leadbelcher,Air,Air,#5B5F61,"91,95,97",11.7,High,Computed nearest Games Workshop swatch by Euclidean RGB distance from registry R/G/B values.
VAL_MODEL_COLOR_VIOLET_RED,Vallejo,Model Color,Model Color,MODEL_COLOR,70.812,Violet Red,VIOLET_RED,#6B2946,107,41,70,"107,41,70",Acrylic paint,Active/Unknown,CC329-R00-Model-Color-NewIC.pdf,Imported from compiled central database,,,,,,,,,,GW_LAYER_DARK_FLESH,Dark Flesh,Layer,Layer,#683631,"104,54,49",24.88,Medium-High,Computed nearest Games Workshop swatch by Euclidean RGB distance from registry R/G/B values.
VAL_MODEL_COLOR_WWII_LUFTWAFFE_UNIFORM,Vallejo,Model Color,Model Color,MODEL_COLOR,70.816,WWII Luftwaffe Uniform,WWII_LUFTWAFFE_UNIFORM,#2D3035,45,48,53,"45,48,53",Acrylic Paint,Active/Unknown,584217179-Vallejo-Paint-List-frenzycheck-com.xlsx,Imported from compiled central database; Hex/RGB filled during audit from Direct Vallejo Colors PDF paint-code match (Vallejo Colors PDF); matched Vallejo Model Luftwaffe Uniform.,,,,,,,,,,GW_BASE_DRYAD_BARK,Dryad Bark,Base,Base,#33312D,"51,49,45",10.05,High,Computed nearest Games Workshop swatch by Euclidean RGB distance from registry R/G/B values.
VAL_MODEL_COLOR_WHITE,Vallejo,Model Color,Model Color,MODEL_COLOR,70.951,White,WHITE,#FFFFFF,255,255,255,"255,255,255",Acrylic Paint,Active/Unknown,952249680-Warlord-Paint-Ranges-Conversion-Chart.pdf,Imported from compiled central database,,,,,,,,,,GW_BASE_CORAX_WHITE,Corax White,Base,Base,#FFFFFF,"255,255,255",0,High,Computed nearest Games Workshop swatch by Euclidean RGB distance from registry R/G/B values.
VAL_MODEL_COLOR_WHITE_GLAZE,Vallejo,Model Color,Model Color,MODEL_COLOR,70.853,White Glaze,WHITE_GLAZE,,,,,,Acrylic Paint,Active/Unknown,584217179-Vallejo-Paint-List-frenzycheck-com.xlsx,Imported from compiled central database,,,,,,,,,,,,,,,,,No RGB,No match - missing source RGB
VAL_MODEL_COLOR_WHITE_GOLD,Vallejo,Model Color,Model Color,MODEL_COLOR,70.796,White Gold,WHITE_GOLD,#B5B2AD,181,178,173,"181,178,173",Acrylic paint,Active/Unknown,CC329-R00-Model-Color-NewIC.pdf,Imported from compiled central database; Hex/RGB filled during audit from Direct RedGrimm Vallejo Model name match (Vallejo Colors PDF); matched Vallejo Model White Gold.,,,,,,,,,,GW_FOUNDATION_DHENEB_STONE,Dheneb Stone,Foundation,Foundation,#B8ACA0,"184,172,160",14.63,High,Computed nearest Games Workshop swatch by Euclidean RGB distance from registry R/G/B values.
VAL_MODEL_COLOR_WHITE_GREY,Vallejo,Model Color,Model Color,MODEL_COLOR,70.993,White Grey,WHITE_GREY,#EEF1EC,238,241,236,"238,241,236",Acrylic paint,Active/Unknown,CC329-R00-Model-Color-NewIC.pdf,Imported from compiled central database; Hex/RGB filled during audit from Direct RedGrimm Vallejo Model name match (redgrimm vallejo-model.html); matched Vallejo Model White Grey.,,,,,,,,,,GW_CONTRAST_APOTHECARY_WHITE,Apothecary White,Contrast,Contrast,#E8ECEC,"232,236,236",7.81,High,Computed nearest Games Workshop swatch by Euclidean RGB distance from registry R/G/B values.
VAL_MODEL_COLOR_WOODGRAIN,Vallejo,Model Color,Model Color,MODEL_COLOR,70.828,Woodgrain,WOODGRAIN,#664540,102,69,64,"102,69,64",Acrylic Paint,Active/Unknown,584217179-Vallejo-Paint-List-frenzycheck-com.xlsx; Catalogo_2026-R02.pdf page 13,Imported from compiled central database | Approx Hex/RGB fill: Vallejo 2026 catalog swatch sample (Medium-High).,,,,,,,,,,GW_LAYER_GORTHOR_BROWN,Gorthor Brown,Layer,Layer,#654741,"101,71,65",2.45,High,Computed nearest Games Workshop swatch by Euclidean RGB distance from registry R/G/B values.
VAL_MODEL_COLOR_YELLOW_FLUO,Vallejo,Model Color,Model Color,MODEL_COLOR,70.730,Yellow Fluo,YELLOW_FLUO,#E4E566,228,229,102,"228,229,102",Acrylic Paint,Active/Unknown,952249680-Warlord-Paint-Ranges-Conversion-Chart.pdf,Imported from compiled central database; Hex/RGB filled during audit from Direct Vallejo Colors PDF paint-code match (Vallejo Colors PDF); matched Vallejo Model Yellow.,,,,,,,,,,GW_GLAZE_LAMENTERS_YELLOW,Lamenters Yellow,Glaze,Glaze,#FFF56B,"255,245,107",31.78,Medium-High,Computed nearest Games Workshop swatch by Euclidean RGB distance from registry R/G/B values.
VAL_MODEL_COLOR_YELLOW_GREEN,Vallejo,Model Color,Model Color,MODEL_COLOR,70.954,Yellow Green,YELLOW_GREEN,#A9D171,169,209,113,"169,209,113",Acrylic Paint,Active/Unknown,584217179-Vallejo-Paint-List-frenzycheck-com.xlsx,Imported from compiled central database,,,,,,,,,,GW_BASE_ORRUK_FLESH,Orruk Flesh,Base,Base,#A9D171,"169,209,113",0,High,Computed nearest Games Workshop swatch by Euclidean RGB distance from registry R/G/B values.
VAL_MODEL_COLOR_YELLOW_OCHRE,Vallejo,Model Color,Model Color,MODEL_COLOR,70.913,Yellow Ochre,YELLOW_OCHRE,#C19448,193,148,72,"193,148,72",Acrylic Paint,Active/Unknown,952249680-Warlord-Paint-Ranges-Conversion-Chart.pdf,Imported from compiled central database; Hex/RGB filled during audit from Direct RedGrimm Vallejo Model name match (redgrimm army-painter.html); matched Vallejo Model Yellow Ochre.,,,,,,,,,,GW_LAYER_BUBONIC_BROWN,Bubonic Brown,Layer,Layer,#B89142,"184,145,66",11.22,High,Computed nearest Games Workshop swatch by Euclidean RGB distance from registry R/G/B values.
VAL_MODEL_COLOR_YELLOW_OLIVE,Vallejo,Model Color,Model Color,MODEL_COLOR,70.892,Yellow Olive,YELLOW_OLIVE,#063B2F,6,59,47,"6,59,47",Acrylic paint,Active/Unknown,CC329-R00-Model-Color-NewIC.pdf,Imported from compiled central database,,,,,,,,,,GW_BASE_LUPERCAL_GREEN,Lupercal Green,Base,Base,#002C2C,"0,44,44",16.43,Medium-High,Computed nearest Games Workshop swatch by Euclidean RGB distance from registry R/G/B values.
VAL_MODEL_COLOR_RELATED_CHIPPING_MEDIUM,Vallejo,Model Color Related,Model Color Related,MODEL_COLOR_RELATED,73.214,Chipping Medium,CHIPPING_MEDIUM,,,,,,Auxiliary,Active/Unknown,CC329-R00-Model-Color-NewIC.pdf,Imported from compiled central database,,,,,,,,,,,,,,,,,No RGB,No match - missing source RGB
VAL_MODEL_COLOR_RELATED_DECAL_FIX,Vallejo,Model Color Related,Model Color Related,MODEL_COLOR_RELATED,73.213,Decal Fix,DECAL_FIX,,,,,,Auxiliary,Active/Unknown,CC329-R00-Model-Color-NewIC.pdf,Imported from compiled central database,,,,,,,,,,,,,,,,,No RGB,No match - missing source RGB
VAL_MODEL_COLOR_RELATED_DECAL_SOFTENER,Vallejo,Model Color Related,Model Color Related,MODEL_COLOR_RELATED,73.212,Decal Softener,DECAL_SOFTENER,,,,,,Auxiliary,Active/Unknown,CC329-R00-Model-Color-NewIC.pdf,Imported from compiled central database,,,,,,,,,,,,,,,,,No RGB,No match - missing source RGB
VAL_XPRESS_COLOR_ARMOR_GREEN,Vallejo,Xpress Color,Xpress Color,XPRESS_COLOR,72.466,Armor Green,ARMOR_GREEN,#102B26,16,43,38,"16,43,38",Contrast-style acrylic,Active/Unknown,CC266-Game_Color.pdf; Catalogo_2026-R02.pdf page 68,Imported from compiled central database | Approx Hex/RGB fill: Vallejo 2026 catalog swatch sample (Medium-High).,,,,,,,,,,GW_BASE_NOCTURNE_GREEN,Nocturne Green,Base,Base,#152B29,"21,43,41",5.83,High,Computed nearest Games Workshop swatch by Euclidean RGB distance from registry R/G/B values.
VAL_XPRESS_COLOR_BAG_OF_BONES,Vallejo,Xpress Color,Xpress Color,XPRESS_COLOR,72.450,Bag of Bones,BAG_OF_BONES,#866237,134,98,55,"134,98,55",Contrast-style acrylic,Active/Unknown,CC266-Game_Color.pdf; Catalogo_2026-R02.pdf page 68,Imported from compiled central database | Approx Hex/RGB fill: Vallejo 2026 catalog swatch sample (Medium-High).,,,,,,,,,,GW_FOUNDATION_GRETCHIN_GREEN,Gretchin Green,Foundation,Foundation,#7E6930,"126,105,48",12.73,High,Computed nearest Games Workshop swatch by Euclidean RGB distance from registry R/G/B values.
VAL_XPRESS_COLOR_BATTLEDRESS_BROWN,Vallejo,Xpress Color,Xpress Color,XPRESS_COLOR,72.473,Battledress Brown,BATTLEDRESS_BROWN,#372D25,55,45,37,"55,45,37",Contrast-style acrylic,Active/Unknown,CC266-Game_Color.pdf; Catalogo_2026-R02.pdf page 68,Imported from compiled central database | Approx Hex/RGB fill: Vallejo 2026 catalog swatch sample (Medium-High).,,,,,,,,,,GW_LAYER_DEVLAN_MUD_WASH,Devlan Mud Wash,Layer,Layer,#393121,"57,49,33",6,High,Computed nearest Games Workshop swatch by Euclidean RGB distance from registry R/G/B values.
VAL_XPRESS_COLOR_BLACK_LOTUS,Vallejo,Xpress Color,Xpress Color,XPRESS_COLOR,72.423,Black Lotus,BLACK_LOTUS,#1E1F24,30,31,36,"30,31,36",Contrast-style acrylic,Active/Unknown,CC266-Game_Color.pdf | Direct Vallejo Ref 72.401-72.423 pasted user values,Imported from compiled central database | Hex/RGB verified by direct Vallejo paint-code match.,,,,,,,,,,GW_BASE_ABADDON_BLACK,Abaddon Black,Base,Base,#231F20,"35,31,32",6.4,High,Computed nearest Games Workshop swatch by Euclidean RGB distance from registry R/G/B values.
VAL_XPRESS_COLOR_CAMOUFLAGE_GREEN,Vallejo,Xpress Color,Xpress Color,XPRESS_COLOR,72.467,Camouflage Green,CAMOUFLAGE_GREEN,#A5A542,165,165,66,"165,165,66",Contrast-style acrylic,Active/Unknown,CC266-Game_Color.pdf,Imported from compiled central database,,,,,,,,,,GW_LAYER_OGRYN_CAMO,Ogryn Camo,Layer,Layer,#9DA94B,"157,169,75",12.69,High,Computed nearest Games Workshop swatch by Euclidean RGB distance from registry R/G/B values.
VAL_XPRESS_COLOR_CARDINAL_PURPLE,Vallejo,Xpress Color,Xpress Color,XPRESS_COLOR,72.408,Cardinal Purple,CARDINAL_PURPLE,#7D1B7D,125,27,125,"125,27,125",Contrast-style acrylic,Active/Unknown,CC266-Game_Color.pdf | Direct Vallejo Ref 72.401-72.423 pasted user values,Imported from compiled central database | Hex/RGB verified by direct Vallejo paint-code match.,,,,,,,,,,GW_LAYER_LEVIATHAN_PURPLE_WASH,Leviathan Purple Wash,Layer,Layer,#842994,"132,41,148",27.82,Medium-High,Computed nearest Games Workshop swatch by Euclidean RGB distance from registry R/G/B values.
VAL_XPRESS_COLOR_CARIBBEAN_TURQUO,Vallejo,Xpress Color,Xpress Color,XPRESS_COLOR,72.414,Caribbean Turquo.,CARIBBEAN_TURQUO,#2CA89D,44,168,157,"44,168,157",Contrast-style acrylic,Active/Unknown,CC266-Game_Color.pdf | Direct Vallejo Ref 72.401-72.423 pasted user values,Imported from compiled central database | Hex/RGB verified by direct Vallejo paint-code match.,,,,,,,,,,GW_LAYER_TEMPLE_GUARD_BLUE,Temple Guard Blue,Layer,Layer,#339A8D,"51,154,141",22.38,Medium-High,Computed nearest Games Workshop swatch by Euclidean RGB distance from registry R/G/B values.
VAL_XPRESS_COLOR_CHAMELEON_ORANGE,Vallejo,Xpress Color,Xpress Color,XPRESS_COLOR,72.455,Chameleon Orange,CHAMELEON_ORANGE,#A83521,168,53,33,"168,53,33",Contrast-style acrylic,Active/Unknown,CC266-Game_Color.pdf; Catalogo_2026-R02.pdf page 68,Imported from compiled central database | Approx Hex/RGB fill: Vallejo 2026 catalog swatch sample (Medium-High).,,,,,,,,,,GW_FOUNDATION_MACHARIUS_SOLAR_ORANGE,Macharius Solar Orange,Foundation,Foundation,#B94023,"185,64,35",20.35,Medium-High,Computed nearest Games Workshop swatch by Euclidean RGB distance from registry R/G/B values.
VAL_XPRESS_COLOR_COMMANDO_GREEN,Vallejo,Xpress Color,Xpress Color,XPRESS_COLOR,72.468,Commando Green,COMMANDO_GREEN,#827B39,130,123,57,"130,123,57",Contrast-style acrylic,Active/Unknown,CC266-Game_Color.pdf,Imported from compiled central database,,,,,,,,,,GW_LAYER_SNAKEBITE_LEATHER,Snakebite Leather,Layer,Layer,#8C6C40,"140,108,64",19.34,Medium-High,Computed nearest Games Workshop swatch by Euclidean RGB distance from registry R/G/B values.
VAL_XPRESS_COLOR_COPPER_BROWN,Vallejo,Xpress Color,Xpress Color,XPRESS_COLOR,72.421,Copper Brown,COPPER_BROWN,#945727,148,87,39,"148,87,39",Contrast-style acrylic,Active/Unknown,CC266-Game_Color.pdf | Direct Vallejo Ref 72.401-72.423 pasted user values,Imported from compiled central database | Hex/RGB verified by direct Vallejo paint-code match.,,,,,,,,,,GW_CONTRAST_SNAKEBITE_LEATHER,Snakebite Leather,Contrast,Contrast,#8A5A24,"138,90,36",10.86,High,Computed nearest Games Workshop swatch by Euclidean RGB distance from registry R/G/B values.
VAL_XPRESS_COLOR_DEEP_PURPLE,Vallejo,Xpress Color,Xpress Color,XPRESS_COLOR,72.409,Deep Purple,DEEP_PURPLE,#4C1C5C,76,28,92,"76,28,92",Contrast-style acrylic,Active/Unknown,CC266-Game_Color.pdf | Direct Vallejo Ref 72.401-72.423 pasted user values,Imported from compiled central database | Hex/RGB verified by direct Vallejo paint-code match.,,,,,,,,,,GW_LAYER_XEREUS_PURPLE,Xereus Purple,Layer,Layer,#471F5F,"71,31,95",6.56,High,Computed nearest Games Workshop swatch by Euclidean RGB distance from registry R/G/B values.
VAL_XPRESS_COLOR_DEMONIC_SKIN,Vallejo,Xpress Color,Xpress Color,XPRESS_COLOR,72.458,Demonic Skin,DEMONIC_SKIN,#6A2F32,106,47,50,"106,47,50",Contrast-style acrylic,Active/Unknown,CC266-Game_Color.pdf; Catalogo_2026-R02.pdf page 68,Imported from compiled central database | Approx Hex/RGB fill: Vallejo 2026 catalog swatch sample (Medium-High).,,,,,,,,,,GW_LAYER_DARK_FLESH,Dark Flesh,Layer,Layer,#683631,"104,54,49",7.35,High,Computed nearest Games Workshop swatch by Euclidean RGB distance from registry R/G/B values.
VAL_XPRESS_COLOR_DESERT_OCHRE,Vallejo,Xpress Color,Xpress Color,XPRESS_COLOR,72.454,Desert Ochre,DESERT_OCHRE,#683318,104,51,24,"104,51,24",Contrast-style acrylic,Active/Unknown,CC266-Game_Color.pdf; Catalogo_2026-R02.pdf page 68,Imported from compiled central database | Approx Hex/RGB fill: Vallejo 2026 catalog swatch sample (Medium-High).,,,,,,,,,,GW_LAYER_TERRACOTTA,Terracotta,Layer,Layer,#793721,"121,55,33",19.65,Medium-High,Computed nearest Games Workshop swatch by Euclidean RGB distance from registry R/G/B values.
VAL_XPRESS_COLOR_DREADNOUGHT_YELLOW,Vallejo,Xpress Color,Xpress Color,XPRESS_COLOR,72.477,Dreadnought Yellow,DREADNOUGHT_YELLOW,#BE6213,190,98,19,"190,98,19",Contrast-style acrylic,Active/Unknown,CC266-Game_Color.pdf; Catalogo_2026-R02.pdf page 68,Imported from compiled central database | Approx Hex/RGB fill: Vallejo 2026 catalog swatch sample (Medium-High).,,,,,,,,,,GW_LAYER_TAU_LIGHT_OCHRE,Tau Light Ochre,Layer,Layer,#BF6E1D,"191,110,29",15.65,Medium-High,Computed nearest Games Workshop swatch by Euclidean RGB distance from registry R/G/B values.
VAL_XPRESS_COLOR_DWARF_SKIN,Vallejo,Xpress Color,Xpress Color,XPRESS_COLOR,72.402,Dwarf Skin,DWARF_SKIN,#ECA67A,236,166,122,"236,166,122",Contrast-style acrylic,Active/Unknown,CC266-Game_Color.pdf | Direct Vallejo Ref 72.401-72.423 pasted user values,Imported from compiled central database; Hex/RGB filled during audit from Direct RedGrimm Vallejo Game name match (redgrimm army-painter.html); matched Vallejo Game Dwarf Skin. | Hex/RGB verified by direct Vallejo paint-code match.,,,,,,,,,,GW_LAYER_ELF_FLESH,Elf Flesh,Layer,Layer,#EDAE74,"237,174,116",10.05,High,Computed nearest Games Workshop swatch by Euclidean RGB distance from registry R/G/B values.
VAL_XPRESS_COLOR_FAIRY_SKIN,Vallejo,Xpress Color,Xpress Color,XPRESS_COLOR,72.457,Fairy Skin,FAIRY_SKIN,#A25B4F,162,91,79,"162,91,79",Contrast-style acrylic,Active/Unknown,CC266-Game_Color.pdf; Catalogo_2026-R02.pdf page 68,Imported from compiled central database | Approx Hex/RGB fill: Vallejo 2026 catalog swatch sample (Medium-High).,,,,,,,,,,GW_DRY_VERMINLORD_HIDE,Verminlord Hide,Dry,Dry,#A16954,"161,105,84",14.9,High,Computed nearest Games Workshop swatch by Euclidean RGB distance from registry R/G/B values.
VAL_XPRESS_COLOR_FLUID_PINK,Vallejo,Xpress Color,Xpress Color,XPRESS_COLOR,72.459,Fluid Pink,FLUID_PINK,#882A6A,136,42,106,"136,42,106",Contrast-style acrylic,Active/Unknown,CC266-Game_Color.pdf; Catalogo_2026-R02.pdf page 68,Imported from compiled central database | Approx Hex/RGB fill: Vallejo 2026 catalog swatch sample (Medium-High).,,,,,,,,,,GW_LAYER_PINK_HORROR,Pink Horror,Layer,Layer,#90305D,"144,48,93",16.4,Medium-High,Computed nearest Games Workshop swatch by Euclidean RGB distance from registry R/G/B values.
VAL_XPRESS_COLOR_FOREST_GREEN,Vallejo,Xpress Color,Xpress Color,XPRESS_COLOR,72.465,Forest Green,FOREST_GREEN,#033F22,3,63,34,"3,63,34",Contrast-style acrylic,Active/Unknown,CC266-Game_Color.pdf; Catalogo_2026-R02.pdf page 68,Imported from compiled central database | Approx Hex/RGB fill: Vallejo 2026 catalog swatch sample (Medium-High).,,,,,,,,,,GW_BASE_CALIBAN_GREEN,Caliban Green,Base,Base,#00401F,"0,64,31",4.36,High,Computed nearest Games Workshop swatch by Euclidean RGB distance from registry R/G/B values.
VAL_XPRESS_COLOR_GLOOMY_VIOLET,Vallejo,Xpress Color,Xpress Color,XPRESS_COLOR,72.410,Gloomy Violet,GLOOMY_VIOLET,#5C327B,92,50,123,"92,50,123",Contrast-style acrylic,Active/Unknown,CC266-Game_Color.pdf | Direct Vallejo Ref 72.401-72.423 pasted user values,Imported from compiled central database | Hex/RGB verified by direct Vallejo paint-code match.,,,,,,,,,,GW_LAYER_IMPERIAL_PURPLE,Imperial Purple,Layer,Layer,#562F7E,"86,47,126",7.35,High,Computed nearest Games Workshop swatch by Euclidean RGB distance from registry R/G/B values.
VAL_XPRESS_COLOR_GREASY_BLACK,Vallejo,Xpress Color,Xpress Color,XPRESS_COLOR,72.476,Greasy Black,GREASY_BLACK,#2A2220,42,34,32,"42,34,32",Contrast-style acrylic,Active/Unknown,CC266-Game_Color.pdf; Catalogo_2026-R02.pdf page 68,Imported from compiled central database | Approx Hex/RGB fill: Vallejo 2026 catalog swatch sample (Medium-High).,,,,,,,,,,GW_BASE_ABADDON_BLACK,Abaddon Black,Base,Base,#231F20,"35,31,32",7.62,High,Computed nearest Games Workshop swatch by Euclidean RGB distance from registry R/G/B values.
VAL_XPRESS_COLOR_HERETIC_TURQUOISE,Vallejo,Xpress Color,Xpress Color,XPRESS_COLOR,72.481,Heretic Turquoise,HERETIC_TURQUOISE,#013A37,1,58,55,"1,58,55",Contrast-style acrylic,Active/Unknown,CC266-Game_Color.pdf; Catalogo_2026-R02.pdf page 68,Imported from compiled central database | Approx Hex/RGB fill: Vallejo 2026 catalog swatch sample (Medium-High).,,,,,,,,,,GW_BASE_LUPERCAL_GREEN,Lupercal Green,Base,Base,#002C2C,"0,44,44",17.83,Medium-High,Computed nearest Games Workshop swatch by Euclidean RGB distance from registry R/G/B values.
VAL_XPRESS_COLOR_HOSPITALLIER_BLACK,Vallejo,Xpress Color,Xpress Color,XPRESS_COLOR,72.484,Hospitallier Black,HOSPITALLIER_BLACK,#14100F,20,16,15,"20,16,15",Contrast-style acrylic,Active/Unknown,CC266-Game_Color.pdf; Catalogo_2026-R02.pdf page 68,Imported from compiled central database | Approx Hex/RGB fill: Vallejo 2026 catalog swatch sample (Medium-High).,,,,,,,,,,GW_SHADE_NULN_OIL,Nuln Oil,Shade,Shade,#14100E,"20,16,14",1,High,Computed nearest Games Workshop swatch by Euclidean RGB distance from registry R/G/B values.
VAL_XPRESS_COLOR_ICEBERG_GREY,Vallejo,Xpress Color,Xpress Color,XPRESS_COLOR,72.463,Iceberg Grey,ICEBERG_GREY,#363D4C,54,61,76,"54,61,76",Contrast-style acrylic,Active/Unknown,CC266-Game_Color.pdf; Catalogo_2026-R02.pdf page 68,Imported from compiled central database | Approx Hex/RGB fill: Vallejo 2026 catalog swatch sample (Medium-High).,,,,,,,,,,GW_AIR_MECHANICUS_STANDARD_GREY,Mechanicus Standard Grey,Air,Air,#39484A,"57,72,74",11.58,High,Computed nearest Games Workshop swatch by Euclidean RGB distance from registry R/G/B values.
VAL_XPRESS_COLOR_IMPERIAL_YELLOW,Vallejo,Xpress Color,Xpress Color,XPRESS_COLOR,72.403,Imperial Yellow,IMPERIAL_YELLOW,#F7C733,247,199,51,"247,199,51",Contrast-style acrylic,Active/Unknown,CC266-Game_Color.pdf | Direct Vallejo Ref 72.401-72.423 pasted user values,Imported from compiled central database | Hex/RGB verified by direct Vallejo paint-code match.,,,,,,,,,,GW_CONTRAST_IMPERIAL_FIST,Imperial Fist,Contrast,Contrast,#FFC928,"255,201,40",13.75,High,Computed nearest Games Workshop swatch by Euclidean RGB distance from registry R/G/B values.
VAL_XPRESS_COLOR_KHAKI_DRILL,Vallejo,Xpress Color,Xpress Color,XPRESS_COLOR,72.451,Khaki Drill,KHAKI_DRILL,#865D2D,134,93,45,"134,93,45",Contrast-style acrylic,Active/Unknown,CC266-Game_Color.pdf; Catalogo_2026-R02.pdf page 68,Imported from compiled central database | Approx Hex/RGB fill: Vallejo 2026 catalog swatch sample (Medium-High).,,,,,,,,,,GW_CONTRAST_SNAKEBITE_LEATHER,Snakebite Leather,Contrast,Contrast,#8A5A24,"138,90,36",10.3,High,Computed nearest Games Workshop swatch by Euclidean RGB distance from registry R/G/B values.
VAL_XPRESS_COLOR_LANDSER_GREY,Vallejo,Xpress Color,Xpress Color,XPRESS_COLOR,72.469,Landser Grey,LANDSER_GREY,#332E2D,51,46,45,"51,46,45",Contrast-style acrylic,Active/Unknown,CC266-Game_Color.pdf; Catalogo_2026-R02.pdf page 68,Imported from compiled central database | Approx Hex/RGB fill: Vallejo 2026 catalog swatch sample (Medium-High).,,,,,,,,,,GW_BASE_DRYAD_BARK,Dryad Bark,Base,Base,#33312D,"51,49,45",3,High,Computed nearest Games Workshop swatch by Euclidean RGB distance from registry R/G/B values.
VAL_XPRESS_COLOR_LEGACY_BLUE,Vallejo,Xpress Color,Xpress Color,XPRESS_COLOR,72.480,Legacy Blue,LEGACY_BLUE,#221C3F,34,28,63,"34,28,63",Contrast-style acrylic,Active/Unknown,CC266-Game_Color.pdf; Catalogo_2026-R02.pdf page 68,Imported from compiled central database | Approx Hex/RGB fill: Vallejo 2026 catalog swatch sample (Medium-High).,,,,,,,,,,GW_FOUNDATION_NECRON_ABYSS,Necron Abyss,Foundation,Foundation,#1A213D,"26,33,61",9.64,High,Computed nearest Games Workshop swatch by Euclidean RGB distance from registry R/G/B values.
VAL_XPRESS_COLOR_LIZARD_GREEN,Vallejo,Xpress Color,Xpress Color,XPRESS_COLOR,72.418,Lizard Green,LIZARD_GREEN,#215433,33,84,51,"33,84,51",Contrast-style acrylic,Active/Unknown,CC266-Game_Color.pdf | Direct Vallejo Ref 72.401-72.423 pasted user values,Imported from compiled central database | Hex/RGB verified by direct Vallejo paint-code match.,,,,,,,,,,GW_BASE_WAAAGH_FLESH,Waaagh! Flesh,Base,Base,#1F5429,"31,84,41",10.2,High,Computed nearest Games Workshop swatch by Euclidean RGB distance from registry R/G/B values.
VAL_XPRESS_COLOR_MAHOGANY,Vallejo,Xpress Color,Xpress Color,XPRESS_COLOR,72.472,Mahogany,MAHOGANY,#392824,57,40,36,"57,40,36",Contrast-style acrylic,Active/Unknown,CC266-Game_Color.pdf; Catalogo_2026-R02.pdf page 68,Imported from compiled central database | Approx Hex/RGB fill: Vallejo 2026 catalog swatch sample (Medium-High).,,,,,,,,,,GW_LAYER_DEVLAN_MUD_WASH,Devlan Mud Wash,Layer,Layer,#393121,"57,49,33",9.49,High,Computed nearest Games Workshop swatch by Euclidean RGB distance from registry R/G/B values.
VAL_XPRESS_COLOR_MARTIAN_ORANGE,Vallejo,Xpress Color,Xpress Color,XPRESS_COLOR,72.405,Martian Orange,MARTIAN_ORANGE,#E65E22,230,94,34,"230,94,34",Contrast-style acrylic,Active/Unknown,CC266-Game_Color.pdf | Direct Vallejo Ref 72.401-72.423 pasted user values,Imported from compiled central database | Hex/RGB verified by direct Vallejo paint-code match.,,,,,,,,,,GW_LAYER_BLAZING_ORANGE,Blazing Orange,Layer,Layer,#E65925,"230,89,37",5.83,High,Computed nearest Games Workshop swatch by Euclidean RGB distance from registry R/G/B values.
VAL_XPRESS_COLOR_MILITARY_YELLOW,Vallejo,Xpress Color,Xpress Color,XPRESS_COLOR,72.453,Military Yellow,MILITARY_YELLOW,#5B381D,91,56,29,"91,56,29",Contrast-style acrylic,Active/Unknown,CC266-Game_Color.pdf; Catalogo_2026-R02.pdf page 68,Imported from compiled central database | Approx Hex/RGB fill: Vallejo 2026 catalog swatch sample (Medium-High).,,,,,,,,,,GW_CONTRAST_WYLDWOOD,Wyldwood,Contrast,Contrast,#4B3427,"75,52,39",19.29,Medium-High,Computed nearest Games Workshop swatch by Euclidean RGB distance from registry R/G/B values.
VAL_XPRESS_COLOR_MONASTIC_GREEN,Vallejo,Xpress Color,Xpress Color,XPRESS_COLOR,72.482,Monastic Green,MONASTIC_GREEN,#002F2C,0,47,44,"0,47,44",Contrast-style acrylic,Active/Unknown,CC266-Game_Color.pdf; Catalogo_2026-R02.pdf page 68,Imported from compiled central database | Approx Hex/RGB fill: Vallejo 2026 catalog swatch sample (Medium-High).,,,,,,,,,,GW_BASE_LUPERCAL_GREEN,Lupercal Green,Base,Base,#002C2C,"0,44,44",3,High,Computed nearest Games Workshop swatch by Euclidean RGB distance from registry R/G/B values.
VAL_XPRESS_COLOR_MUDDY_GROUND,Vallejo,Xpress Color,Xpress Color,XPRESS_COLOR,72.475,Muddy Ground,MUDDY_GROUND,#271D17,39,29,23,"39,29,23",Contrast-style acrylic,Active/Unknown,CC266-Game_Color.pdf; Catalogo_2026-R02.pdf page 68,Imported from compiled central database | Approx Hex/RGB fill: Vallejo 2026 catalog swatch sample (Medium-High).,,,,,,,,,,GW_BASE_ABADDON_BLACK,Abaddon Black,Base,Base,#231F20,"35,31,32",10.05,High,Computed nearest Games Workshop swatch by Euclidean RGB distance from registry R/G/B values.
VAL_XPRESS_COLOR_MUMMY_WHITE,Vallejo,Xpress Color,Xpress Color,XPRESS_COLOR,72.449,Mummy White,MUMMY_WHITE,#8A6F52,138,111,82,"138,111,82",Contrast-style acrylic,Active/Unknown,CC266-Game_Color.pdf; Catalogo_2026-R02.pdf page 68,Imported from compiled central database | Approx Hex/RGB fill: Vallejo 2026 catalog swatch sample (Medium-High).,,,,,,,,,,GW_LAYER_BRAZEN_BRASS,Brazen Brass,Layer,Layer,#966747,"150,103,71",18.14,Medium-High,Computed nearest Games Workshop swatch by Euclidean RGB distance from registry R/G/B values.
VAL_XPRESS_COLOR_MYSTIC_BLUE,Vallejo,Xpress Color,Xpress Color,XPRESS_COLOR,72.411,Mystic Blue,MYSTIC_BLUE,#2F66A3,47,102,163,"47,102,163",Contrast-style acrylic,Active/Unknown,CC266-Game_Color.pdf | Direct Vallejo Ref 72.401-72.423 pasted user values,Imported from compiled central database | Hex/RGB verified by direct Vallejo paint-code match.,,,,,,,,,,GW_BASE_CALEDOR_SKY,Caledor Sky,Base,Base,#396E9E,"57,110,158",13.75,High,Computed nearest Games Workshop swatch by Euclidean RGB distance from registry R/G/B values.
VAL_XPRESS_COLOR_NUCLEAR_YELLOW,Vallejo,Xpress Color,Xpress Color,XPRESS_COLOR,72.404,Nuclear Yellow,NUCLEAR_YELLOW,#F39C12,243,156,18,"243,156,18",Contrast-style acrylic,Active/Unknown,CC266-Game_Color.pdf | Direct Vallejo Ref 72.401-72.423 pasted user values,Imported from compiled central database | Hex/RGB verified by direct Vallejo paint-code match.,,,,,,,,,,GW_TECHNICAL_ARMAGEDDON_DUNES,Armageddon Dunes,Technical,Technical,#FCAF09,"252,175,9",22.87,Medium-High,Computed nearest Games Workshop swatch by Euclidean RGB distance from registry R/G/B values.
VAL_XPRESS_COLOR_OMEGA_BLUE,Vallejo,Xpress Color,Xpress Color,XPRESS_COLOR,72.413,Omega Blue,OMEGA_BLUE,#1B2D53,27,45,83,"27,45,83",Contrast-style acrylic,Active/Unknown,CC266-Game_Color.pdf | Direct Vallejo Ref 72.401-72.423 pasted user values,Imported from compiled central database | Hex/RGB verified by direct Vallejo paint-code match.,,,,,,,,,,GW_CONTRAST_LEVIADON_BLUE,Leviadon Blue,Contrast,Contrast,#1B2A52,"27,42,82",3.16,High,Computed nearest Games Workshop swatch by Euclidean RGB distance from registry R/G/B values.
VAL_XPRESS_COLOR_ORC_SKIN,Vallejo,Xpress Color,Xpress Color,XPRESS_COLOR,72.415,Orc Skin,ORC_SKIN,#5A9E32,90,158,50,"90,158,50",Contrast-style acrylic,Active/Unknown,CC266-Game_Color.pdf | Direct Vallejo Ref 72.401-72.423 pasted user values,Imported from compiled central database | Hex/RGB verified by direct Vallejo paint-code match.,,,,,,,,,,GW_DRY_NIBLET_GREEN,Niblet Green,Dry,Dry,#648B32,"100,139,50",21.47,Medium-High,Computed nearest Games Workshop swatch by Euclidean RGB distance from registry R/G/B values.
VAL_XPRESS_COLOR_PHOENIX_ORANGE,Vallejo,Xpress Color,Xpress Color,XPRESS_COLOR,72.478,Phoenix Orange,PHOENIX_ORANGE,#932310,147,35,16,"147,35,16",Contrast-style acrylic,Active/Unknown,CC266-Game_Color.pdf; Catalogo_2026-R02.pdf page 68,Imported from compiled central database | Approx Hex/RGB fill: Vallejo 2026 catalog swatch sample (Medium-High).,,,,,,,,,,GW_BASE_MEPHISTON_RED,Mephiston Red,Base,Base,#9A1115,"154,17,21",19.95,Medium-High,Computed nearest Games Workshop swatch by Euclidean RGB distance from registry R/G/B values.
VAL_XPRESS_COLOR_PLAGUE_GREEN,Vallejo,Xpress Color,Xpress Color,XPRESS_COLOR,72.419,Plague Green,PLAGUE_GREEN,#616B2D,97,107,45,"97,107,45",Contrast-style acrylic,Active/Unknown,CC266-Game_Color.pdf | Direct Vallejo Ref 72.401-72.423 pasted user values,Imported from compiled central database | Hex/RGB verified by direct Vallejo paint-code match.,,,,,,,,,,GW_BASE_DEATH_WORLD_FOREST,Death World Forest,Base,Base,#5C6730,"92,103,48",7.07,High,Computed nearest Games Workshop swatch by Euclidean RGB distance from registry R/G/B values.
VAL_XPRESS_COLOR_PLASMA_RED,Vallejo,Xpress Color,Xpress Color,XPRESS_COLOR,72.406,Plasma Red,PLASMA_RED,#C82B2B,200,43,43,"200,43,43",Contrast-style acrylic,Active/Unknown,CC266-Game_Color.pdf | Direct Vallejo Ref 72.401-72.423 pasted user values,Imported from compiled central database | Hex/RGB verified by direct Vallejo paint-code match.,,,,,,,,,,GW_CONTRAST_BLOOD_ANGELS_RED,Blood Angels Red,Contrast,Contrast,#C81D25,"200,29,37",15.23,Medium-High,Computed nearest Games Workshop swatch by Euclidean RGB distance from registry R/G/B values.
VAL_XPRESS_COLOR_ROTTEN_FLESH,Vallejo,Xpress Color,Xpress Color,XPRESS_COLOR,72.452,Rotten Flesh,ROTTEN_FLESH,#554622,85,70,34,"85,70,34",Contrast-style acrylic,Active/Unknown,CC266-Game_Color.pdf; Catalogo_2026-R02.pdf page 68,Imported from compiled central database | Approx Hex/RGB fill: Vallejo 2026 catalog swatch sample (Medium-High).,,,,,,,,,,GW_LAYER_SCORCHED_BROWN,Scorched Brown,Layer,Layer,#5A422F,"90,66,47",14.49,High,Computed nearest Games Workshop swatch by Euclidean RGB distance from registry R/G/B values.
VAL_XPRESS_COLOR_SERAPH_RED,Vallejo,Xpress Color,Xpress Color,XPRESS_COLOR,72.479,Seraph Red,SERAPH_RED,#541F14,84,31,20,"84,31,20",Contrast-style acrylic,Active/Unknown,CC266-Game_Color.pdf; Catalogo_2026-R02.pdf page 68,Imported from compiled central database | Approx Hex/RGB fill: Vallejo 2026 catalog swatch sample (Medium-High).,,,,,,,,,,GW_TECHNICAL_BLOOD_FOR_THE_BLOOD_GOD,Blood For The Blood God,Technical,Technical,#581011,"88,16,17",15.81,Medium-High,Computed nearest Games Workshop swatch by Euclidean RGB distance from registry R/G/B values.
VAL_XPRESS_COLOR_SNAKE_GREEN,Vallejo,Xpress Color,Xpress Color,XPRESS_COLOR,72.417,Snake Green,SNAKE_GREEN,#2C6B44,44,107,68,"44,107,68",Contrast-style acrylic,Active/Unknown,CC266-Game_Color.pdf | Direct Vallejo Ref 72.401-72.423 pasted user values,Imported from compiled central database | Hex/RGB verified by direct Vallejo paint-code match.,,,,,,,,,,GW_LAYER_WARPSTONE_GLOW,Warpstone Glow,Layer,Layer,#1E7331,"30,115,49",24.92,Medium-High,Computed nearest Games Workshop swatch by Euclidean RGB distance from registry R/G/B values.
VAL_XPRESS_COLOR_SPACE_GREY,Vallejo,Xpress Color,Xpress Color,XPRESS_COLOR,72.422,Space Grey,SPACE_GREY,#6C7480,108,116,128,"108,116,128",Contrast-style acrylic,Active/Unknown,CC266-Game_Color.pdf | Direct Vallejo Ref 72.401-72.423 pasted user values,Imported from compiled central database | Hex/RGB verified by direct Vallejo paint-code match.,,,,,,,,,,GW_TEXTURE_ASTROGRANITE,Astrogranite,Texture,Texture,#757679,"117,118,121",11.58,High,Computed nearest Games Workshop swatch by Euclidean RGB distance from registry R/G/B values.
VAL_XPRESS_COLOR_STARSHIP_STEEL,Vallejo,Xpress Color,Xpress Color,XPRESS_COLOR,72.462,Starship Steel,STARSHIP_STEEL,#2D4F53,45,79,83,"45,79,83",Contrast-style acrylic,Active/Unknown,CC266-Game_Color.pdf; Catalogo_2026-R02.pdf page 68,Imported from compiled central database | Approx Hex/RGB fill: Vallejo 2026 catalog swatch sample (Medium-High).,,,,,,,,,,GW_LAYER_DARK_REAPER,Dark Reaper,Layer,Layer,#3B5150,"59,81,80",14.46,High,Computed nearest Games Workshop swatch by Euclidean RGB distance from registry R/G/B values.
VAL_XPRESS_COLOR_STORM_BLUE,Vallejo,Xpress Color,Xpress Color,XPRESS_COLOR,72.412,Storm Blue,STORM_BLUE,#1E3F78,30,63,120,"30,63,120",Contrast-style acrylic,Active/Unknown,CC266-Game_Color.pdf | Direct Vallejo Ref 72.401-72.423 pasted user values,Imported from compiled central database | Hex/RGB verified by direct Vallejo paint-code match.,,,,,,,,,,GW_LAYER_STORM_BLUE,Storm Blue,Layer,Layer,#27357E,"39,53,126",14.73,High,Computed nearest Games Workshop swatch by Euclidean RGB distance from registry R/G/B values.
VAL_XPRESS_COLOR_TANNED_SKIN,Vallejo,Xpress Color,Xpress Color,XPRESS_COLOR,72.471,Tanned Skin,TANNED_SKIN,#502722,80,39,34,"80,39,34",Contrast-style acrylic,Active/Unknown,CC266-Game_Color.pdf; Catalogo_2026-R02.pdf page 68,Imported from compiled central database | Approx Hex/RGB fill: Vallejo 2026 catalog swatch sample (Medium-High).,,,,,,,,,,GW_CONTRAST_GARAGHAK_S_SEWER,Garaghak's Sewer,Contrast,Contrast,#4A2F21,"74,47,33",10.05,High,Computed nearest Games Workshop swatch by Euclidean RGB distance from registry R/G/B values.
VAL_XPRESS_COLOR_TEMPLAR_WHITE,Vallejo,Xpress Color,Xpress Color,XPRESS_COLOR,72.401,Templar White,TEMPLAR_WHITE,#F4F4F6,244,244,246,"244,244,246",Contrast-style acrylic,Active/Unknown,CC266-Game_Color.pdf | Direct Vallejo Ref 72.401-72.423 pasted user values,Imported from compiled central database | Hex/RGB verified by direct Vallejo paint-code match.,,,,,,,,,,GW_DRY_WRACK_WHITE,Wrack White,Dry,Dry,#FCFBFA,"252,251,250",11.36,High,Computed nearest Games Workshop swatch by Euclidean RGB distance from registry R/G/B values.
VAL_XPRESS_COLOR_TROLL_GREEN,Vallejo,Xpress Color,Xpress Color,XPRESS_COLOR,72.416,Troll Green,TROLL_GREEN,#3D782D,61,120,45,"61,120,45",Contrast-style acrylic,Active/Unknown,CC266-Game_Color.pdf | Direct Vallejo Ref 72.401-72.423 pasted user values,Imported from compiled central database | Hex/RGB verified by direct Vallejo paint-code match.,,,,,,,,,,GW_CONTRAST_ORK_FLESH,Ork Flesh,Contrast,Contrast,#2E7D32,"46,125,50",16.58,Medium-High,Computed nearest Games Workshop swatch by Euclidean RGB distance from registry R/G/B values.
VAL_XPRESS_COLOR_TWILIGHT_ROSE,Vallejo,Xpress Color,Xpress Color,XPRESS_COLOR,72.460,Twilight Rose,TWILIGHT_ROSE,#44283A,68,40,58,"68,40,58",Contrast-style acrylic,Active/Unknown,CC266-Game_Color.pdf; Catalogo_2026-R02.pdf page 68,Imported from compiled central database | Approx Hex/RGB fill: Vallejo 2026 catalog swatch sample (Medium-High).,,,,,,,,,,GW_BASE_GAL_VORBAK_RED,Gal Vorbak Red,Base,Base,#4B213C,"75,33,60",10.1,High,Computed nearest Games Workshop swatch by Euclidean RGB distance from registry R/G/B values.
VAL_XPRESS_COLOR_VAMPIRIC_PURPLE,Vallejo,Xpress Color,Xpress Color,XPRESS_COLOR,72.461,Vampiric Purple,VAMPIRIC_PURPLE,#37254A,55,37,74,"55,37,74",Contrast-style acrylic,Active/Unknown,CC266-Game_Color.pdf; Catalogo_2026-R02.pdf page 68,Imported from compiled central database | Approx Hex/RGB fill: Vallejo 2026 catalog swatch sample (Medium-High).,,,,,,,,,,GW_CONTRAST_SHYISH_PURPLE,Shyish Purple,Contrast,Contrast,#3B254A,"59,37,74",4,High,Computed nearest Games Workshop swatch by Euclidean RGB distance from registry R/G/B values.
VAL_XPRESS_COLOR_VELVET_RED,Vallejo,Xpress Color,Xpress Color,XPRESS_COLOR,72.407,Velvet Red,VELVET_RED,#8B1C1C,139,28,28,"139,28,28",Contrast-style acrylic,Active/Unknown,CC266-Game_Color.pdf | Direct Vallejo Ref 72.401-72.423 pasted user values,Imported from compiled central database | Hex/RGB verified by direct Vallejo paint-code match.,,,,,,,,,,GW_CONTRAST_FLESH_TEARERS_RED,Flesh Tearers Red,Contrast,Contrast,#9B111E,"155,17,30",19.52,Medium-High,Computed nearest Games Workshop swatch by Euclidean RGB distance from registry R/G/B values.
VAL_XPRESS_COLOR_VIKING_GREY,Vallejo,Xpress Color,Xpress Color,XPRESS_COLOR,72.483,Viking Grey,VIKING_GREY,#24353D,36,53,61,"36,53,61",Contrast-style acrylic,Active/Unknown,CC266-Game_Color.pdf; Catalogo_2026-R02.pdf page 68,Imported from compiled central database | Approx Hex/RGB fill: Vallejo 2026 catalog swatch sample (Medium-High).,,,,,,,,,,GW_FOUNDATION_ORKHIDE_SHADE,Orkhide Shade,Foundation,Foundation,#26372D,"38,55,45",16.25,Medium-High,Computed nearest Games Workshop swatch by Euclidean RGB distance from registry R/G/B values.
VAL_XPRESS_COLOR_WAGRAM_BLUE,Vallejo,Xpress Color,Xpress Color,XPRESS_COLOR,72.464,Wagram Blue,WAGRAM_BLUE,#133144,19,49,68,"19,49,68",Contrast-style acrylic,Active/Unknown,CC266-Game_Color.pdf; Catalogo_2026-R02.pdf page 68,Imported from compiled central database | Approx Hex/RGB fill: Vallejo 2026 catalog swatch sample (Medium-High).,,,,,,,,,,GW_CONTRAST_LEVIADON_BLUE,Leviadon Blue,Contrast,Contrast,#1B2A52,"27,42,82",17.58,Medium-High,Computed nearest Games Workshop swatch by Euclidean RGB distance from registry R/G/B values.
VAL_XPRESS_COLOR_WASTELAND_BROWN,Vallejo,Xpress Color,Xpress Color,XPRESS_COLOR,72.420,Wasteland Brown,WASTELAND_BROWN,#6E442B,110,68,43,"110,68,43",Contrast-style acrylic,Active/Unknown,CC266-Game_Color.pdf | Direct Vallejo Ref 72.401-72.423 pasted user values,Imported from compiled central database | Hex/RGB verified by direct Vallejo paint-code match.,,,,,,,,,,GW_FOUNDATION_CALTHAN_BROWN,Calthan Brown,Foundation,Foundation,#7A4231,"122,66,49",13.56,High,Computed nearest Games Workshop swatch by Euclidean RGB distance from registry R/G/B values.
VAL_XPRESS_COLOR_WICKED_PURPLE,Vallejo,Xpress Color,Xpress Color,XPRESS_COLOR,72.456,Wicked Purple,WICKED_PURPLE,#4C3F43,76,63,67,"76,63,67",Contrast-style acrylic,Active/Unknown,CC266-Game_Color.pdf; Catalogo_2026-R02.pdf page 68,Imported from compiled central database | Approx Hex/RGB fill: Vallejo 2026 catalog swatch sample (Medium-High).,,,,,,,,,,GW_LAYER_MAGENTA_INK,Magenta Ink,Layer,Layer,#513D3C,"81,61,60",8.83,High,Computed nearest Games Workshop swatch by Euclidean RGB distance from registry R/G/B values.
VAL_XPRESS_COLOR_WILLOW_BARK,Vallejo,Xpress Color,Xpress Color,XPRESS_COLOR,72.474,Willow Bark,WILLOW_BARK,#261D19,38,29,25,"38,29,25",Contrast-style acrylic,Active/Unknown,CC266-Game_Color.pdf; Catalogo_2026-R02.pdf page 68,Imported from compiled central database | Approx Hex/RGB fill: Vallejo 2026 catalog swatch sample (Medium-High).,,,,,,,,,,GW_BASE_ABADDON_BLACK,Abaddon Black,Base,Base,#231F20,"35,31,32",7.87,High,Computed nearest Games Workshop swatch by Euclidean RGB distance from registry R/G/B values.
VAL_XPRESS_COLOR_XPRESS_MEDIUM,Vallejo,Xpress Color,Xpress Color,XPRESS_COLOR,72.448,Xpress Medium,XPRESS_MEDIUM,,,,,,Contrast-style acrylic,Active/Unknown,CC266-Game_Color.pdf,Imported from compiled central database,,,,,,,,,,,,,,,,,No RGB,No match - missing source RGB
VAL_XPRESS_COLOR_ZOMBIE_FLESH,Vallejo,Xpress Color,Xpress Color,XPRESS_COLOR,72.470,Zombie Flesh,ZOMBIE_FLESH,#5B4640,91,70,64,"91,70,64",Contrast-style acrylic,Active/Unknown,CC266-Game_Color.pdf; Catalogo_2026-R02.pdf page 68,Imported from compiled central database | Approx Hex/RGB fill: Vallejo 2026 catalog swatch sample (Medium-High).,,,,,,,,,,GW_LAYER_GORTHOR_BROWN,Gorthor Brown,Layer,Layer,#654741,"101,71,65",10.1,High,Computed nearest Games Workshop swatch by Euclidean RGB distance from registry R/G/B values.
