Paint_ID,Pro_Acryl_Paint_Name,Filled_Hex,Filled_R,Filled_G,Filled_B,Filled_RGB,GW_Match_Name,GW_Product_Line,GW_Paint_ID,GW_Hex,GW_RGB,Comparison_Tool_Page,Match_Distance,Match_Confidence,_exact_key,_loose_key,Duplicate_Type,Registry_File,Company,Brand,Product_Line,Product_Line_Code,Paint_Code,Paint_Name,Normalized_Name,Hex,R,G,B,RGB,Paint_Type,Status,Source,Notes,Swatch,GW_Match_Paint_ID,GW_Match_Product_Line,GW_Match_Paint_Type,GW_Match_Hex,GW_Match_RGB,Comparison_Page,Match_Method,AK_Match_Code,AK_Match_Name,Vallejo_Model_Match_Code,Vallejo_Model_Match_Name,Vallejo_Game_Match_Code,Vallejo_Game_Match_Name,Match_Source,Review_Flag,Review_Notes,Normalized_Paint_Type_Helper,Speedpaint_Match_Count,Speedpaint_Resolved_Count,Speedpaint_Hex_Fill_Source,Top_Match_Company,Top_Match_Brand,Top_Match_Product_Line,Top_Match_Paint_Type,Top_Match_Paint_ID,Top_Match_Name,Top_Match_Hex,Top_Match_RGB,Top_Match_Similarity,AP_Internal_Match_Paint_ID,AP_Internal_Match_Name,AP_Internal_Match_Product_Line,AP_Internal_Match_Hex,AP_Internal_Match_RGB,AP_Internal_Match_Similarity,Pro_Acryl_Match_Paint_ID,Pro_Acryl_Match_Name,Pro_Acryl_Match_Hex,Pro_Acryl_Match_RGB,Pro_Acryl_Match_Similarity,Speedpaint_Data_Source,AK_Match_Paint_ID,AK_Match_Hex,AK_Match_RGB,AK_Match_Similarity,Vallejo_Model_Match_Paint_ID,Vallejo_Model_Match_Hex,Vallejo_Model_Match_RGB,Vallejo_Model_Match_Similarity,Vallejo_Game_Match_Paint_ID,Vallejo_Game_Match_Hex,Vallejo_Game_Match_RGB,Vallejo_Game_Match_Similarity,GW_Match_Paint_ID.1,GW_Match_Name.1,GW_Match_Product_Line.1,GW_Match_Hex.1,GW_Match_RGB.1,GW_RGB_Distance,Match_Confidence.1,GW_Match_Method,Unnamed: 18,Unnamed: 19,Unnamed: 20,Unnamed: 21,Unnamed: 22,Unnamed: 23,Unnamed: 24,Unnamed: 25
PA_PRO_ACRYL_BISMUTH_YELLOW,Bismuth Yellow,#FCB825,252.0,184.0,37.0,"252,184,37",Averland Sunset,Base,GW_BASE_AVERLAND_SUNSET,#FCB825,"252,184,37",4.0,518.6,Medium,||,|,Exact: Company + Product_Line + Paint_Name,AK_Interactive_registry_26.0.7.csv,,,,,,,,,,,,,,,,,,,,,,,,,,,,,,,,,,,,,,,,,,,,,,,,,,,,,,,,,,,,,,,,,,,,,,,,,,,,,,,,,,,,,,
PA_PRO_ACRYL_PALE_YELLOW,Pale Yellow,#E3D28C,227.0,210.0,140.0,"227,210,140",Dorn Yellow,Layer,GW_LAYER_DORN_YELLOW,#E3D28C,"227,210,140",4.0,1320.7,Low/manual audit,||,|,Exact: Company + Product_Line + Paint_Name,AK_Interactive_registry_26.0.7.csv,,,,,,,,,,,,,,,,,,,,,,,,,,,,,,,,,,,,,,,,,,,,,,,,,,,,,,,,,,,,,,,,,,,,,,,,,,,,,,,,,,,,,,
PA_PRO_ACRYL_BRIGHT_PALE_YELLOW,Bright Pale Yellow,#FCB825,252.0,184.0,37.0,"252,184,37",Averland Sunset,Base,GW_BASE_AVERLAND_SUNSET,#FCB825,"252,184,37",4.0,1879.0,Low/manual audit,||,|,Exact: Company + Product_Line + Paint_Name,AK_Interactive_registry_26.0.7.csv,,,,,,,,,,,,,,,,,,,,,,,,,,,,,,,,,,,,,,,,,,,,,,,,,,,,,,,,,,,,,,,,,,,,,,,,,,,,,,,,,,,,,,
PA_PRO_ACRYL_GOLDEN_YELLOW,Golden Yellow,#FFF200,255.0,242.0,0.0,"255,242,0",Flash Gitz Yellow,Layer,GW_LAYER_FLASH_GITZ_YELLOW,#FFF200,"255,242,0",4.0,330.5,High,||,|,Exact: Company + Product_Line + Paint_Name,AK_Interactive_registry_26.0.7.csv,,,,,,,,,,,,,,,,,,,,,,,,,,,,,,,,,,,,,,,,,,,,,,,,,,,,,,,,,,,,,,,,,,,,,,,,,,,,,,,,,,,,,,
PA_PRO_ACRYL_WARM_YELLOW,Warm Yellow,#FCB825,252.0,184.0,37.0,"252,184,37",Averland Sunset,Base,GW_BASE_AVERLAND_SUNSET,#FCB825,"252,184,37",4.0,1022.5,Low/manual audit,||,|,Exact: Company + Product_Line + Paint_Name,AK_Interactive_registry_26.0.7.csv,,,,,,,,,,,,,,,,,,,,,,,,,,,,,,,,,,,,,,,,,,,,,,,,,,,,,,,,,,,,,,,,,,,,,,,,,,,,,,,,,,,,,,
PA_PRO_ACRYL_BURNT_RED,Burnt Red,#C21920,194.0,25.0,32.0,"194,25,32",Evil Sunz Scarlet,Layer,GW_LAYER_EVIL_SUNZ_SCARLET,#C21920,"194,25,32",6.0,1021.6,Low/manual audit,||,|,Exact: Company + Product_Line + Paint_Name,AK_Interactive_registry_26.0.7.csv,,,,,,,,,,,,,,,,,,,,,,,,,,,,,,,,,,,,,,,,,,,,,,,,,,,,,,,,,,,,,,,,,,,,,,,,,,,,,,,,,,,,,,
PA_PRO_ACRYL_DARK_CRIMSON,Dark Crimson,#6A0002,106.0,0.0,2.0,"106,0,2",Khorne Red,Base,GW_BASE_KHORNE_RED,#6A0002,"106,0,2",6.0,518.6,Medium,||,|,Exact: Company + Product_Line + Paint_Name,AK_Interactive_registry_26.0.7.csv,,,,,,,,,,,,,,,,,,,,,,,,,,,,,,,,,,,,,,,,,,,,,,,,,,,,,,,,,,,,,,,,,,,,,,,,,,,,,,,,,,,,,,
PA_PRO_ACRYL_BOLD_PYRROLE_RED,Bold Pyrrole Red,#C21920,194.0,25.0,32.0,"194,25,32",Evil Sunz Scarlet,Layer,GW_LAYER_EVIL_SUNZ_SCARLET,#C21920,"194,25,32",6.0,774.5,Low/manual audit,||,|,Exact: Company + Product_Line + Paint_Name,AK_Interactive_registry_26.0.7.csv,,,,,,,,,,,,,,,,,,,,,,,,,,,,,,,,,,,,,,,,,,,,,,,,,,,,,,,,,,,,,,,,,,,,,,,,,,,,,,,,,,,,,,
PA_PRO_ACRYL_BURGUNDY,Burgundy,#8C0A0C,140.0,10.0,12.0,"140,10,12",Wazdakka Red,Layer,GW_LAYER_WAZDAKKA_RED,#8C0A0C,"140,10,12",7.0,530.9,Medium,||,|,Exact: Company + Product_Line + Paint_Name,AK_Interactive_registry_26.0.7.csv,,,,,,,,,,,,,,,,,,,,,,,,,,,,,,,,,,,,,,,,,,,,,,,,,,,,,,,,,,,,,,,,,,,,,,,,,,,,,,,,,,,,,,
PA_PRO_ACRYL_DARK_BURGUNDY,Dark Burgundy,#7C1645,124.0,22.0,69.0,"124,22,69",Screamer Pink,Base,GW_BASE_SCREAMER_PINK,#7C1645,"124,22,69",7.0,515.6,Medium,||,|,Exact: Company + Product_Line + Paint_Name,AK_Interactive_registry_26.0.7.csv,,,,,,,,,,,,,,,,,,,,,,,,,,,,,,,,,,,,,,,,,,,,,,,,,,,,,,,,,,,,,,,,,,,,,,,,,,,,,,,,,,,,,,
PA_PRO_ACRYL_DARK_MAGENTA,Dark Magenta,#7C1645,124.0,22.0,69.0,"124,22,69",Screamer Pink,Base,GW_BASE_SCREAMER_PINK,#7C1645,"124,22,69",8.0,334.5,High,||,|,Exact: Company + Product_Line + Paint_Name,AK_Interactive_registry_26.0.7.csv,,,,,,,,,,,,,,,,,,,,,,,,,,,,,,,,,,,,,,,,,,,,,,,,,,,,,,,,,,,,,,,,,,,,,,,,,,,,,,,,,,,,,,
PA_PRO_ACRYL_PINK,Pink,#B94278,185.0,66.0,120.0,"185,66,120",Emperor‘s Children,Layer,GW_LAYER_EMPEROR_S_CHILDREN,#B94278,"185,66,120",8.0,381.1,High,||,|,Exact: Company + Product_Line + Paint_Name,AK_Interactive_registry_26.0.7.csv,,,,,,,,,,,,,,,,,,,,,,,,,,,,,,,,,,,,,,,,,,,,,,,,,,,,,,,,,,,,,,,,,,,,,,,,,,,,,,,,,,,,,,
PA_PRO_ACRYL_MAGENTA,Magenta,#B94278,185.0,66.0,120.0,"185,66,120",Emperor‘s Children,Layer,GW_LAYER_EMPEROR_S_CHILDREN,#B94278,"185,66,120",8.0,652.3,Medium,||,|,Exact: Company + Product_Line + Paint_Name,AK_Interactive_registry_26.0.7.csv,,,,,,,,,,,,,,,,,,,,,,,,,,,,,,,,,,,,,,,,,,,,,,,,,,,,,,,,,,,,,,,,,,,,,,,,,,,,,,,,,,,,,,
PA_PRO_ACRYL_DARK_PLUM,Dark Plum,#6A0002,106.0,0.0,2.0,"106,0,2",Khorne Red,Base,GW_BASE_KHORNE_RED,#6A0002,"106,0,2",7.0,1244.5,Low/manual audit,||,|,Exact: Company + Product_Line + Paint_Name,AK_Interactive_registry_26.0.7.csv,,,,,,,,,,,,,,,,,,,,,,,,,,,,,,,,,,,,,,,,,,,,,,,,,,,,,,,,,,,,,,,,,,,,,,,,,,,,,,,,,,,,,,
PA_PRO_ACRYL_PALE_PINK,Pale Pink,#B94278,185.0,66.0,120.0,"185,66,120",Emperor‘s Children,Layer,GW_LAYER_EMPEROR_S_CHILDREN,#B94278,"185,66,120",8.0,509.3,Medium,||,|,Exact: Company + Product_Line + Paint_Name,AK_Interactive_registry_26.0.7.csv,,,,,,,,,,,,,,,,,,,,,,,,,,,,,,,,,,,,,,,,,,,,,,,,,,,,,,,,,,,,,,,,,,,,,,,,,,,,,,,,,,,,,,
PA_PRO_ACRYL_PLUM,Plum,#F4AFCC,244.0,175.0,204.0,"244,175,204",Fulgrim Pink,Layer,GW_LAYER_FULGRIM_PINK,#F4AFCC,"244,175,204",8.0,771.8,Low/manual audit,||,|,Exact: Company + Product_Line + Paint_Name,AK_Interactive_registry_26.0.7.csv,,,,,,,,,,,,,,,,,,,,,,,,,,,,,,,,,,,,,,,,,,,,,,,,,,,,,,,,,,,,,,,,,,,,,,,,,,,,,,,,,,,,,,
PA_PRO_ACRYL_PURPLE,Purple,#F4AFCC,244.0,175.0,204.0,"244,175,204",Fulgrim Pink,Layer,GW_LAYER_FULGRIM_PINK,#F4AFCC,"244,175,204",8.0,1067.8,Low/manual audit,||,|,Exact: Company + Product_Line + Paint_Name,AK_Interactive_registry_26.0.7.csv,,,,,,,,,,,,,,,,,,,,,,,,,,,,,,,,,,,,,,,,,,,,,,,,,,,,,,,,,,,,,,,,,,,,,,,,,,,,,,,,,,,,,,
PA_PRO_ACRYL_DARK_HOT_PINK,Dark Hot Pink,#7C1645,124.0,22.0,69.0,"124,22,69",Screamer Pink,Base,GW_BASE_SCREAMER_PINK,#7C1645,"124,22,69",8.0,1064.5,Low/manual audit,||,|,Exact: Company + Product_Line + Paint_Name,AK_Interactive_registry_26.0.7.csv,,,,,,,,,,,,,,,,,,,,,,,,,,,,,,,,,,,,,,,,,,,,,,,,,,,,,,,,,,,,,,,,,,,,,,,,,,,,,,,,,,,,,,
PA_PRO_ACRYL_ROYAL_PURPLE,Royal Purple,#471F5E,71.0,31.0,94.0,"71,31,94",Xereus Purple,Layer,GW_LAYER_XEREUS_PURPLE,#471F5E,"71,31,94",9.0,330.5,High,||,|,Exact: Company + Product_Line + Paint_Name,AK_Interactive_registry_26.0.7.csv,,,,,,,,,,,,,,,,,,,,,,,,,,,,,,,,,,,,,,,,,,,,,,,,,,,,,,,,,,,,,,,,,,,,,,,,,,,,,,,,,,,,,,
PA_PRO_ACRYL_DARK_PURPLE,Dark Purple,#8E8C97,142.0,140.0,151.0,"142,140,151",Slaanesh Grey,Layer,GW_LAYER_SLAANESH_GREY,#8E8C97,"142,140,151",9.0,506.2,Medium,||,|,Exact: Company + Product_Line + Paint_Name,AK_Interactive_registry_26.0.7.csv,,,,,,,,,,,,,,,,,,,,,,,,,,,,,,,,,,,,,,,,,,,,,,,,,,,,,,,,,,,,,,,,,,,,,,,,,,,,,,,,,,,,,,
PA_PRO_ACRYL_FADED_PLUM,Faded Plum,#B59ECC,181.0,158.0,204.0,"181,158,204",Dechala Lilac,Layer,GW_LAYER_DECHALA_LILAC,#B59ECC,"181,158,204",9.0,865.4,Low/manual audit,||,|,Exact: Company + Product_Line + Paint_Name,AK_Interactive_registry_26.0.7.csv,,,,,,,,,,,,,,,,,,,,,,,,,,,,,,,,,,,,,,,,,,,,,,,,,,,,,,,,,,,,,,,,,,,,,,,,,,,,,,,,,,,,,,
PA_PRO_ACRYL_FADED_ULTRAMARINE,Faded Ultramarine,#4273B8,66.0,115.0,184.0,"66,115,184",Calgar Blue,Layer,GW_LAYER_CALGAR_BLUE,#4273B8,"66,115,184",10.0,652.3,Medium,||,|,Exact: Company + Product_Line + Paint_Name,AK_Interactive_registry_26.0.7.csv,,,,,,,,,,,,,,,,,,,,,,,,,,,,,,,,,,,,,,,,,,,,,,,,,,,,,,,,,,,,,,,,,,,,,,,,,,,,,,,,,,,,,,
PA_PRO_ACRYL_GREY_BLUE,Grey Blue,#709CB7,112.0,156.0,183.0,"112,156,183",Fenrisian Grey,Layer,GW_LAYER_FENRISIAN_GREY,#709CB7,"112,156,183",26.0,326.6,High,||,|,Exact: Company + Product_Line + Paint_Name,AK_Interactive_registry_26.0.7.csv,,,,,,,,,,,,,,,,,,,,,,,,,,,,,,,,,,,,,,,,,,,,,,,,,,,,,,,,,,,,,,,,,,,,,,,,,,,,,,,,,,,,,,
PA_PRO_ACRYL_ULTRAMARINE,Ultramarine,#295788,41.0,87.0,136.0,"41,87,136",Alaitoc Blue,Layer,GW_LAYER_ALAITOC_BLUE,#295788,"41,87,136",11.0,518.6,Medium,||,|,Exact: Company + Product_Line + Paint_Name,AK_Interactive_registry_26.0.7.csv,,,,,,,,,,,,,,,,,,,,,,,,,,,,,,,,,,,,,,,,,,,,,,,,,,,,,,,,,,,,,,,,,,,,,,,,,,,,,,,,,,,,,,
PA_PRO_ACRYL_DARK_BLUE,Dark Blue,#002051,0.0,32.0,81.0,"0,32,81",Kantor Blue,Base,GW_BASE_KANTOR_BLUE,#002051,"0,32,81",10.0,330.0,High,||,|,Exact: Company + Product_Line + Paint_Name,AK_Interactive_registry_26.0.7.csv,,,,,,,,,,,,,,,,,,,,,,,,,,,,,,,,,,,,,,,,,,,,,,,,,,,,,,,,,,,,,,,,,,,,,,,,,,,,,,,,,,,,,,
PA_PRO_ACRYL_PAYNE_S_GREY,Payne’s Grey,#002051,0.0,32.0,81.0,"0,32,81",Kantor Blue,Base,GW_BASE_KANTOR_BLUE,#002051,"0,32,81",10.0,330.0,High,||,|,Exact: Company + Product_Line + Paint_Name,AK_Interactive_registry_26.0.7.csv,,,,,,,,,,,,,,,,,,,,,,,,,,,,,,,,,,,,,,,,,,,,,,,,,,,,,,,,,,,,,,,,,,,,,,,,,,,,,,,,,,,,,,
PA_PRO_ACRYL_BLUE,Blue,#396F9E,57.0,111.0,158.0,"57,111,158",Caledor Sky,Base,GW_BASE_CALEDOR_SKY,#396F9E,"57,111,158",11.0,660.0,Medium,||,|,Exact: Company + Product_Line + Paint_Name,AK_Interactive_registry_26.0.7.csv,,,,,,,,,,,,,,,,,,,,,,,,,,,,,,,,,,,,,,,,,,,,,,,,,,,,,,,,,,,,,,,,,,,,,,,,,,,,,,,,,,,,,,
PA_PRO_ACRYL_SKY_BLUE,Sky Blue,#396F9E,57.0,111.0,158.0,"57,111,158",Caledor Sky,Base,GW_BASE_CALEDOR_SKY,#396F9E,"57,111,158",11.0,771.7,Low/manual audit,||,|,Exact: Company + Product_Line + Paint_Name,AK_Interactive_registry_26.0.7.csv,,,,,,,,,,,,,,,,,,,,,,,,,,,,,,,,,,,,,,,,,,,,,,,,,,,,,,,,,,,,,,,,,,,,,,,,,,,,,,,,,,,,,,
PA_PRO_ACRYL_WHITE_BLUE,White Blue,#00A5B9,0.0,165.0,185.0,"0,165,185",Ahriman Blue,Layer,GW_LAYER_AHRIMAN_BLUE,#00A5B9,"0,165,185",12.0,771.7,Low/manual audit,||,|,Exact: Company + Product_Line + Paint_Name,AK_Interactive_registry_26.0.7.csv,,,,,,,,,,,,,,,,,,,,,,,,,,,,,,,,,,,,,,,,,,,,,,,,,,,,,,,,,,,,,,,,,,,,,,,,,,,,,,,,,,,,,,
PA_PRO_ACRYL_BLUE_BLACK,Blue Black,#33A2CF,51.0,162.0,207.0,"51,162,207",Lothern Blue,Layer,GW_LAYER_LOTHERN_BLUE,#33A2CF,"51,162,207",12.0,517.0,Medium,||,|,Exact: Company + Product_Line + Paint_Name,AK_Interactive_registry_26.0.7.csv,,,,,,,,,,,,,,,,,,,,,,,,,,,,,,,,,,,,,,,,,,,,,,,,,,,,,,,,,,,,,,,,,,,,,,,,,,,,,,,,,,,,,,
PA_PRO_ACRYL_DARK_GREY_BLUE,Dark Grey Blue,#33A2CF,51.0,162.0,207.0,"51,162,207",Lothern Blue,Layer,GW_LAYER_LOTHERN_BLUE,#33A2CF,"51,162,207",12.0,758.6,Low/manual audit,||,|,Exact: Company + Product_Line + Paint_Name,AK_Interactive_registry_26.0.7.csv,,,,,,,,,,,,,,,,,,,,,,,,,,,,,,,,,,,,,,,,,,,,,,,,,,,,,,,,,,,,,,,,,,,,,,,,,,,,,,,,,,,,,,
PA_PRO_ACRYL_DARK_TURQUOISE,Dark Turquoise,#18ABCC,24.0,171.0,204.0,"24,171,204",Thousand Sons Blue,Base,GW_BASE_THOUSAND_SONS_BLUE,#18ABCC,"24,171,204",12.0,334.0,High,||,|,Exact: Company + Product_Line + Paint_Name,AK_Interactive_registry_26.0.7.csv,,,,,,,,,,,,,,,,,,,,,,,,,,,,,,,,,,,,,,,,,,,,,,,,,,,,,,,,,,,,,,,,,,,,,,,,,,,,,,,,,,,,,,
PA_PRO_ACRYL_TURQUOISE,Turquoise,#329B8D,50.0,155.0,141.0,"50,155,141",Temple Guard Blue,Layer,GW_LAYER_TEMPLE_GUARD_BLUE,#329B8D,"50,155,141",13.0,334.5,High,||,|,Exact: Company + Product_Line + Paint_Name,AK_Interactive_registry_26.0.7.csv,,,,,,,,,,,,,,,,,,,,,,,,,,,,,,,,,,,,,,,,,,,,,,,,,,,,,,,,,,,,,,,,,,,,,,,,,,,,,,,,,,,,,,
PA_PRO_ACRYL_DARK_SEA_BEN,Dark Sea Ben,#0C6A74,12.0,106.0,116.0,"12,106,116",Sotek Green,Layer,GW_LAYER_SOTEK_GREEN,#0C6A74,"12,106,116",13.0,863.9,Low/manual audit,||,|,Exact: Company + Product_Line + Paint_Name,AK_Interactive_registry_26.0.7.csv,,,,,,,,,,,,,,,,,,,,,,,,,,,,,,,,,,,,,,,,,,,,,,,,,,,,,,,,,,,,,,,,,,,,,,,,,,,,,,,,,,,,,,
PA_PRO_ACRYL_DARK_JADE,Dark Jade,#0C6A74,12.0,106.0,116.0,"12,106,116",Sotek Green,Layer,GW_LAYER_SOTEK_GREEN,#0C6A74,"12,106,116",13.0,1037.1,Low/manual audit,||,|,Exact: Company + Product_Line + Paint_Name,AK_Interactive_registry_26.0.7.csv,,,,,,,,,,,,,,,,,,,,,,,,,,,,,,,,,,,,,,,,,,,,,,,,,,,,,,,,,,,,,,,,,,,,,,,,,,,,,,,,,,,,,,
PA_PRO_ACRYL_BRIGHT_PALE_GREEN,Bright Pale Green,#028D66,2.0,141.0,102.0,"2,141,102",Kabalite Green,Layer,GW_LAYER_KABALITE_GREEN,#028D66,"2,141,102",14.0,518.5,Medium,||,|,Exact: Company + Product_Line + Paint_Name,AK_Interactive_registry_26.0.7.csv,,,,,,,,,,,,,,,,,,,,,,,,,,,,,,,,,,,,,,,,,,,,,,,,,,,,,,,,,,,,,,,,,,,,,,,,,,,,,,,,,,,,,,
PA_PRO_ACRYL_BRIGHT_JADE,Bright Jade,#028D66,2.0,141.0,102.0,"2,141,102",Kabalite Green,Layer,GW_LAYER_KABALITE_GREEN,#028D66,"2,141,102",14.0,1020.0,Low/manual audit,||,|,Exact: Company + Product_Line + Paint_Name,AK_Interactive_registry_26.0.7.csv,,,,,,,,,,,,,,,,,,,,,,,,,,,,,,,,,,,,,,,,,,,,,,,,,,,,,,,,,,,,,,,,,,,,,,,,,,,,,,,,,,,,,,
PA_PRO_ACRYL_JADE,Jade,#00401E,0.0,64.0,30.0,"0,64,30",Caliban Green,Base,GW_BASE_CALIBAN_GREEN,#00401E,"0,64,30",14.0,1245.6,Low/manual audit,||,|,Exact: Company + Product_Line + Paint_Name,AK_Interactive_registry_26.0.7.csv,,,,,,,,,,,,,,,,,,,,,,,,,,,,,,,,,,,,,,,,,,,,,,,,,,,,,,,,,,,,,,,,,,,,,,,,,,,,,,,,,,,,,,
PA_PRO_ACRYL_DARK_EMERALD,Dark Emerald,#00401E,0.0,64.0,30.0,"0,64,30",Caliban Green,Base,GW_BASE_CALIBAN_GREEN,#00401E,"0,64,30",14.0,1245.6,Low/manual audit,||,|,Exact: Company + Product_Line + Paint_Name,AK_Interactive_registry_26.0.7.csv,,,,,,,,,,,,,,,,,,,,,,,,,,,,,,,,,,,,,,,,,,,,,,,,,,,,,,,,,,,,,,,,,,,,,,,,,,,,,,,,,,,,,,
PA_PRO_ACRYL_GREEN_OXIDE,Green Oxide,#84C2A9,132.0,194.0,169.0,"132,194,169",Gauss Blaster Green,Layer,GW_LAYER_GAUSS_BLASTER_GREEN,#84C2A9,"132,194,169",14.0,530.9,Medium,||,|,Exact: Company + Product_Line + Paint_Name,AK_Interactive_registry_26.0.7.csv,,,,,,,,,,,,,,,,,,,,,,,,,,,,,,,,,,,,,,,,,,,,,,,,,,,,,,,,,,,,,,,,,,,,,,,,,,,,,,,,,,,,,,
PA_PRO_ACRYL_GREEN,Green,#00401E,0.0,64.0,30.0,"0,64,30",Caliban Green,Base,GW_BASE_CALIBAN_GREEN,#00401E,"0,64,30",15.0,1068.1,Low/manual audit,||,|,Exact: Company + Product_Line + Paint_Name,AK_Interactive_registry_26.0.7.csv,,,,,,,,,,,,,,,,,,,,,,,,,,,,,,,,,,,,,,,,,,,,,,,,,,,,,,,,,,,,,,,,,,,,,,,,,,,,,,,,,,,,,,
PA_PRO_ACRYL_BRIGHT_GREEN,Bright Green,#52B246,82.0,178.0,70.0,"82,178,70",Moot Green,Layer,GW_LAYER_MOOT_GREEN,#52B246,"82,178,70",15.0,1369.5,Low/manual audit,||,|,Exact: Company + Product_Line + Paint_Name,AK_Interactive_registry_26.0.7.csv,,,,,,,,,,,,,,,,,,,,,,,,,,,,,,,,,,,,,,,,,,,,,,,,,,,,,,,,,,,,,,,,,,,,,,,,,,,,,,,,,,,,,,
PA_PRO_ACRYL_BLACK_GREEN,Black Green,#00401E,0.0,64.0,30.0,"0,64,30",Caliban Green,Base,GW_BASE_CALIBAN_GREEN,#00401E,"0,64,30",15.0,400.9,Medium,||,|,Exact: Company + Product_Line + Paint_Name,AK_Interactive_registry_26.0.7.csv,,,,,,,,,,,,,,,,,,,,,,,,,,,,,,,,,,,,,,,,,,,,,,,,,,,,,,,,,,,,,,,,,,,,,,,,,,,,,,,,,,,,,,
PA_PRO_ACRYL_BRIGHT_YELLOW_GREEN,Bright Yellow Green,#00401E,0.0,64.0,30.0,"0,64,30",Caliban Green,Base,GW_BASE_CALIBAN_GREEN,#00401E,"0,64,30",15.0,380.5,High,||,|,Exact: Company + Product_Line + Paint_Name,AK_Interactive_registry_26.0.7.csv,,,,,,,,,,,,,,,,,,,,,,,,,,,,,,,,,,,,,,,,,,,,,,,,,,,,,,,,,,,,,,,,,,,,,,,,,,,,,,,,,,,,,,
PA_PRO_ACRYL_FADED_GREEN,Faded Green,#5F936F,95.0,147.0,111.0,"95,147,111",Skarsnik Green,Layer,GW_LAYER_SKARSNIK_GREEN,#5F936F,"95,147,111",16.0,501.4,Medium,||,|,Exact: Company + Product_Line + Paint_Name,AK_Interactive_registry_26.0.7.csv,,,,,,,,,,,,,,,,,,,,,,,,,,,,,,,,,,,,,,,,,,,,,,,,,,,,,,,,,,,,,,,,,,,,,,,,,,,,,,,,,,,,,,
PA_PRO_ACRYL_YELLOW_GREEN,Yellow Green,#849B63,132.0,155.0,99.0,"132,155,99",Nurgling Green,Dry,GW_DRY_NURGLING_GREEN,#849B63,"132,155,99",16.0,656.3,Medium,||,|,Exact: Company + Product_Line + Paint_Name,AK_Interactive_registry_26.0.7.csv,,,,,,,,,,,,,,,,,,,,,,,,,,,,,,,,,,,,,,,,,,,,,,,,,,,,,,,,,,,,,,,,,,,,,,,,,,,,,,,,,,,,,,
PA_PRO_ACRYL_CAMO_GREEN,Camo Green,#51702D,81.0,112.0,45.0,"81,112,45",Loren Forest,Layer,GW_LAYER_LOREN_FOREST,#51702D,"81,112,45",16.0,330.0,High,||,|,Exact: Company + Product_Line + Paint_Name,AK_Interactive_registry_26.0.7.csv,,,,,,,,,,,,,,,,,,,,,,,,,,,,,,,,,,,,,,,,,,,,,,,,,,,,,,,,,,,,,,,,,,,,,,,,,,,,,,,,,,,,,,
PA_PRO_ACRYL_KHAKI,Khaki,#9EA94B,158.0,169.0,75.0,"158,169,75",Ogryn Camo,Layer,GW_LAYER_OGRYN_CAMO,#9EA94B,"158,169,75",17.0,1037.1,Low/manual audit,||,|,Exact: Company + Product_Line + Paint_Name,AK_Interactive_registry_26.0.7.csv,,,,,,,,,,,,,,,,,,,,,,,,,,,,,,,,,,,,,,,,,,,,,,,,,,,,,,,,,,,,,,,,,,,,,,,,,,,,,,,,,,,,,,
PA_PRO_ACRYL_DARK_YELLOW_GREEN,Dark Yellow Green,#758E3A,117.0,142.0,58.0,"117,142,58",Elysian Green,Layer,GW_LAYER_ELYSIAN_GREEN,#758E3A,"117,142,58",17.0,334.5,High,||,|,Exact: Company + Product_Line + Paint_Name,AK_Interactive_registry_26.0.7.csv,,,,,,,,,,,,,,,,,,,,,,,,,,,,,,,,,,,,,,,,,,,,,,,,,,,,,,,,,,,,,,,,,,,,,,,,,,,,,,,,,,,,,,
PA_PRO_ACRYL_DARK_CAMO_GREEN,Dark Camo Green,#9EA94B,158.0,169.0,75.0,"158,169,75",Ogryn Camo,Layer,GW_LAYER_OGRYN_CAMO,#9EA94B,"158,169,75",17.0,381.5,High,||,|,Exact: Company + Product_Line + Paint_Name,AK_Interactive_registry_26.0.7.csv,,,,,,,,,,,,,,,,,,,,,,,,,,,,,,,,,,,,,,,,,,,,,,,,,,,,,,,,,,,,,,,,,,,,,,,,,,,,,,,,,,,,,,
PA_PRO_ACRYL_IVORY,Ivory,#CDCEBE,205.0,206.0,190.0,"205,206,190",Pallid Wych Flesh,Layer,GW_LAYER_PALLID_WYCH_FLESH,#CDCEBE,"205,206,190",18.0,326.6,High,||,|,Exact: Company + Product_Line + Paint_Name,AK_Interactive_registry_26.0.7.csv,,,,,,,,,,,,,,,,,,,,,,,,,,,,,,,,,,,,,,,,,,,,,,,,,,,,,,,,,,,,,,,,,,,,,,,,,,,,,,,,,,,,,,
PA_PRO_ACRYL_BRIGHT_IVORY,Bright Ivory,#CDCEBE,205.0,206.0,190.0,"205,206,190",Pallid Wych Flesh,Layer,GW_LAYER_PALLID_WYCH_FLESH,#CDCEBE,"205,206,190",18.0,1354.9,Low/manual audit,||,|,Exact: Company + Product_Line + Paint_Name,AK_Interactive_registry_26.0.7.csv,,,,,,,,,,,,,,,,,,,,,,,,,,,,,,,,,,,,,,,,,,,,,,,,,,,,,,,,,,,,,,,,,,,,,,,,,,,,,,,,,,,,,,
PA_PRO_ACRYL_HEAVY_WARM_WHITE_SATIN,Heavy Warm White (satin),#D4D3A3,212.0,211.0,163.0,"212,211,163",Screaming Skull,Layer,GW_LAYER_SCREAMING_SKULL,#D4D3A3,"212,211,163",18.0,400.5,Medium,||,|,Exact: Company + Product_Line + Paint_Name,AK_Interactive_registry_26.0.7.csv,,,,,,,,,,,,,,,,,,,,,,,,,,,,,,,,,,,,,,,,,,,,,,,,,,,,,,,,,,,,,,,,,,,,,,,,,,,,,,,,,,,,,,
PA_PRO_ACRYL_DARK_IVORY,Dark Ivory,#CDCEBE,205.0,206.0,190.0,"205,206,190",Pallid Wych Flesh,Layer,GW_LAYER_PALLID_WYCH_FLESH,#CDCEBE,"205,206,190",18.0,656.3,Medium,||,|,Exact: Company + Product_Line + Paint_Name,AK_Interactive_registry_26.0.7.csv,,,,,,,,,,,,,,,,,,,,,,,,,,,,,,,,,,,,,,,,,,,,,,,,,,,,,,,,,,,,,,,,,,,,,,,,,,,,,,,,,,,,,,
PA_PRO_ACRYL_BONE_SATIN,Bone (satin),#A29E92,162.0,158.0,146.0,"162,158,146",Rakarth Flesh,Base,GW_BASE_RAKARTH_FLESH,#A29E92,"162,158,146",18.0,330.0,High,||,|,Exact: Company + Product_Line + Paint_Name,AK_Interactive_registry_26.0.7.csv,,,,,,,,,,,,,,,,,,,,,,,,,,,,,,,,,,,,,,,,,,,,,,,,,,,,,,,,,,,,,,,,,,,,,,,,,,,,,,,,,,,,,,
PA_PRO_ACRYL_OLIVE_FLESH,Olive Flesh,#CBB48B,203.0,180.0,139.0,"203,180,139",Flayed One Flesh,Layer,GW_LAYER_FLAYED_ONE_FLESH,#CBB48B,"203,180,139",21.0,664.3,Medium,||,|,Exact: Company + Product_Line + Paint_Name,AK_Interactive_registry_26.0.7.csv,,,,,,,,,,,,,,,,,,,,,,,,,,,,,,,,,,,,,,,,,,,,,,,,,,,,,,,,,,,,,,,,,,,,,,,,,,,,,,,,,,,,,,
PA_PRO_ACRYL_BRIGHT_YELLOW_OCHRE,Bright Yellow Ochre,#8B5910,139.0,89.0,16.0,"139,89,16",Balor Brown,Layer,GW_LAYER_BALOR_BROWN,#8B5910,"139,89,16",19.0,765.8,Low/manual audit,||,|,Exact: Company + Product_Line + Paint_Name,AK_Interactive_registry_26.0.7.csv,,,,,,,,,,,,,,,,,,,,,,,,,,,,,,,,,,,,,,,,,,,,,,,,,,,,,,,,,,,,,,,,,,,,,,,,,,,,,,,,,,,,,,
PA_PRO_ACRYL_YELLOW_OCHRE,Yellow Ochre,#DCA026,220.0,160.0,38.0,"220,160,38",Zamesi Desert,Layer,GW_LAYER_ZAMESI_DESERT,#DCA026,"220,160,38",19.0,883.0,Low/manual audit,||,|,Exact: Company + Product_Line + Paint_Name,AK_Interactive_registry_26.0.7.csv,,,,,,,,,,,,,,,,,,,,,,,,,,,,,,,,,,,,,,,,,,,,,,,,,,,,,,,,,,,,,,,,,,,,,,,,,,,,,,,,,,,,,,
PA_PRO_ACRYL_DARK_GREEN_BROWN,Dark Green Brown,#72481E,114.0,72.0,30.0,"114,72,30",XV-88,Base,GW_BASE_XV_88,#72481E,"114,72,30",19.0,778.1,Low/manual audit,||,|,Exact: Company + Product_Line + Paint_Name,AK_Interactive_registry_26.0.7.csv,,,,,,,,,,,,,,,,,,,,,,,,,,,,,,,,,,,,,,,,,,,,,,,,,,,,,,,,,,,,,,,,,,,,,,,,,,,,,,,,,,,,,,
PA_PRO_ACRYL_DARK_GOLDEN_BROWN,Dark Golden Brown,#72481E,114.0,72.0,30.0,"114,72,30",XV-88,Base,GW_BASE_XV_88,#72481E,"114,72,30",19.0,530.5,Medium,||,|,Exact: Company + Product_Line + Paint_Name,AK_Interactive_registry_26.0.7.csv,,,,,,,,,,,,,,,,,,,,,,,,,,,,,,,,,,,,,,,,,,,,,,,,,,,,,,,,,,,,,,,,,,,,,,,,,,,,,,,,,,,,,,
PA_PRO_ACRYL_DRAB_BROWN,Drab Brown,#72481E,114.0,72.0,30.0,"114,72,30",XV-88,Base,GW_BASE_XV_88,#72481E,"114,72,30",19.0,864.2,Low/manual audit,||,|,Exact: Company + Product_Line + Paint_Name,AK_Interactive_registry_26.0.7.csv,,,,,,,,,,,,,,,,,,,,,,,,,,,,,,,,,,,,,,,,,,,,,,,,,,,,,,,,,,,,,,,,,,,,,,,,,,,,,,,,,,,,,,
PA_PRO_ACRYL_CARAMEL_BROWN,Caramel Brown,#72481E,114.0,72.0,30.0,"114,72,30",XV-88,Base,GW_BASE_XV_88,#72481E,"114,72,30",19.0,654.2,Medium,||,|,Exact: Company + Product_Line + Paint_Name,AK_Interactive_registry_26.0.7.csv,,,,,,,,,,,,,,,,,,,,,,,,,,,,,,,,,,,,,,,,,,,,,,,,,,,,,,,,,,,,,,,,,,,,,,,,,,,,,,,,,,,,,,
PA_PRO_ACRYL_RED_OXIDE,Red Oxide,#B36853,179.0,104.0,83.0,"179,104,83",Deathclaw Brown,Layer,GW_LAYER_DEATHCLAW_BROWN,#B36853,"179,104,83",20.0,419.0,Medium,||,|,Exact: Company + Product_Line + Paint_Name,AK_Interactive_registry_26.0.7.csv,,,,,,,,,,,,,,,,,,,,,,,,,,,,,,,,,,,,,,,,,,,,,,,,,,,,,,,,,,,,,,,,,,,,,,,,,,,,,,,,,,,,,,
PA_PRO_ACRYL_DARK_FLESH,Dark Flesh,#904A0F,144.0,74.0,15.0,"144,74,15",Skrag Brown,Layer,GW_LAYER_SKRAG_BROWN,#904A0F,"144,74,15",20.0,800.0,Low/manual audit,||,|,Exact: Company + Product_Line + Paint_Name,AK_Interactive_registry_26.0.7.csv,,,,,,,,,,,,,,,,,,,,,,,,,,,,,,,,,,,,,,,,,,,,,,,,,,,,,,,,,,,,,,,,,,,,,,,,,,,,,,,,,,,,,,
PA_PRO_ACRYL_MAHOGANY,Mahogany,#493335,73.0,51.0,53.0,"73,51,53",Rhinox Hide,Base,GW_BASE_RHINOX_HIDE,#493335,"73,51,53",20.0,769.2,Low/manual audit,||,|,Exact: Company + Product_Line + Paint_Name,AK_Interactive_registry_26.0.7.csv,,,,,,,,,,,,,,,,,,,,,,,,,,,,,,,,,,,,,,,,,,,,,,,,,,,,,,,,,,,,,,,,,,,,,,,,,,,,,,,,,,,,,,
PA_PRO_ACRYL_BURNT_SIENNA,Burnt Sienna,#5D000A,93.0,0.0,10.0,"93,0,10",Doombull Brown,Layer,GW_LAYER_DOOMBULL_BROWN,#5D000A,"93,0,10",20.0,506.7,Medium,||,|,Exact: Company + Product_Line + Paint_Name,AK_Interactive_registry_26.0.7.csv,,,,,,,,,,,,,,,,,,,,,,,,,,,,,,,,,,,,,,,,,,,,,,,,,,,,,,,,,,,,,,,,,,,,,,,,,,,,,,,,,,,,,,
PA_PRO_ACRYL_GOLDEN_BROWN,Golden Brown,#D7A767,215.0,167.0,103.0,"215,167,103",Ungor Flesh,Layer,GW_LAYER_UNGOR_FLESH,#D7A767,"215,167,103",20.0,330.0,High,||,|,Exact: Company + Product_Line + Paint_Name,AK_Interactive_registry_26.0.7.csv,,,,,,,,,,,,,,,,,,,,,,,,,,,,,,,,,,,,,,,,,,,,,,,,,,,,,,,,,,,,,,,,,,,,,,,,,,,,,,,,,,,,,,
PA_PRO_ACRYL_WARM_FLESH,Warm Flesh,#CBB48B,203.0,180.0,139.0,"203,180,139",Flayed One Flesh,Layer,GW_LAYER_FLAYED_ONE_FLESH,#CBB48B,"203,180,139",21.0,530.7,Medium,||,|,Exact: Company + Product_Line + Paint_Name,AK_Interactive_registry_26.0.7.csv,,,,,,,,,,,,,,,,,,,,,,,,,,,,,,,,,,,,,,,,,,,,,,,,,,,,,,,,,,,,,,,,,,,,,,,,,,,,,,,,,,,,,,
PA_PRO_ACRYL_BEIGE_RED,Beige Red,#D7A767,215.0,167.0,103.0,"215,167,103",Ungor Flesh,Layer,GW_LAYER_UNGOR_FLESH,#D7A767,"215,167,103",21.0,865.4,Low/manual audit,||,|,Exact: Company + Product_Line + Paint_Name,AK_Interactive_registry_26.0.7.csv,,,,,,,,,,,,,,,,,,,,,,,,,,,,,,,,,,,,,,,,,,,,,,,,,,,,,,,,,,,,,,,,,,,,,,,,,,,,,,,,,,,,,,
PA_PRO_ACRYL_DARK_WARM_FLESH,Dark Warm Flesh,#AE6B4E,174.0,107.0,78.0,"174,107,78",Ratskin Flesh,Base,GW_BASE_RATSKIN_FLESH,#AE6B4E,"174,107,78",21.0,419.0,Medium,||,|,Exact: Company + Product_Line + Paint_Name,AK_Interactive_registry_26.0.7.csv,,,,,,,,,,,,,,,,,,,,,,,,,,,,,,,,,,,,,,,,,,,,,,,,,,,,,,,,,,,,,,,,,,,,,,,,,,,,,,,,,,,,,,
PA_PRO_ACRYL_TAN_FLESH,Tan Flesh,#845045,132.0,80.0,69.0,"132,80,69",Bugman‘s Glow,Base,GW_BASE_BUGMAN_S_GLOW,#845045,"132,80,69",22.0,335.2,High,||,|,Exact: Company + Product_Line + Paint_Name,AK_Interactive_registry_26.0.7.csv,,,,,,,,,,,,,,,,,,,,,,,,,,,,,,,,,,,,,,,,,,,,,,,,,,,,,,,,,,,,,,,,,,,,,,,,,,,,,,,,,,,,,,
PA_PRO_ACRYL_ADVANCED_FLESH_TONE,Advanced Flesh Tone,#AE6B4E,174.0,107.0,78.0,"174,107,78",Ratskin Flesh,Base,GW_BASE_RATSKIN_FLESH,#AE6B4E,"174,107,78",21.0,334.5,High,||,|,Exact: Company + Product_Line + Paint_Name,AK_Interactive_registry_26.0.7.csv,,,,,,,,,,,,,,,,,,,,,,,,,,,,,,,,,,,,,,,,,,,,,,,,,,,,,,,,,,,,,,,,,,,,,,,,,,,,,,,,,,,,,,
PA_PRO_ACRYL_BRIGHT_SHADOW_FLESH,Bright Shadow Flesh,#AE6B4E,174.0,107.0,78.0,"174,107,78",Ratskin Flesh,Base,GW_BASE_RATSKIN_FLESH,#AE6B4E,"174,107,78",22.0,322.5,High,||,|,Exact: Company + Product_Line + Paint_Name,AK_Interactive_registry_26.0.7.csv,,,,,,,,,,,,,,,,,,,,,,,,,,,,,,,,,,,,,,,,,,,,,,,,,,,,,,,,,,,,,,,,,,,,,,,,,,,,,,,,,,,,,,
PA_PRO_ACRYL_SHADOW_FLESH,Shadow Flesh,#AE6B4E,174.0,107.0,78.0,"174,107,78",Ratskin Flesh,Base,GW_BASE_RATSKIN_FLESH,#AE6B4E,"174,107,78",22.0,800.0,Low/manual audit,||,|,Exact: Company + Product_Line + Paint_Name,AK_Interactive_registry_26.0.7.csv,,,,,,,,,,,,,,,,,,,,,,,,,,,,,,,,,,,,,,,,,,,,,,,,,,,,,,,,,,,,,,,,,,,,,,,,,,,,,,,,,,,,,,
PA_PRO_ACRYL_WARM_BROWN,Warm Brown,#654641,101.0,70.0,65.0,"101,70,65",Gorthor Brown,Layer,GW_LAYER_GORTHOR_BROWN,#654641,"101,70,65",23.0,532.6,Medium,||,|,Exact: Company + Product_Line + Paint_Name,AK_Interactive_registry_26.0.7.csv,,,,,,,,,,,,,,,,,,,,,,,,,,,,,,,,,,,,,,,,,,,,,,,,,,,,,,,,,,,,,,,,,,,,,,,,,,,,,,,,,,,,,,
PA_PRO_ACRYL_BLACK_BROWN,Black Brown,#493335,73.0,51.0,53.0,"73,51,53",Rhinox Hide,Base,GW_BASE_RHINOX_HIDE,#493335,"73,51,53",23.0,400.0,Medium,||,|,Exact: Company + Product_Line + Paint_Name,AK_Interactive_registry_26.0.7.csv,,,,,,,,,,,,,,,,,,,,,,,,,,,,,,,,,,,,,,,,,,,,,,,,,,,,,,,,,,,,,,,,,,,,,,,,,,,,,,,,,,,,,,
PA_PRO_ACRYL_LIGHT_UMBER,Light Umber,#654641,101.0,70.0,65.0,"101,70,65",Gorthor Brown,Layer,GW_LAYER_GORTHOR_BROWN,#654641,"101,70,65",23.0,334.5,High,||,|,Exact: Company + Product_Line + Paint_Name,AK_Interactive_registry_26.0.7.csv,,,,,,,,,,,,,,,,,,,,,,,,,,,,,,,,,,,,,,,,,,,,,,,,,,,,,,,,,,,,,,,,,,,,,,,,,,,,,,,,,,,,,,
PA_PRO_ACRYL_DARK_UMBER,Dark Umber,#650A09,101.0,10.0,9.0,"101,10,9",Mournfang Brown,Base,GW_BASE_MOURNFANG_BROWN,#650A09,"101,10,9",23.0,381.1,High,||,|,Exact: Company + Product_Line + Paint_Name,AK_Interactive_registry_26.0.7.csv,,,,,,,,,,,,,,,,,,,,,,,,,,,,,,,,,,,,,,,,,,,,,,,,,,,,,,,,,,,,,,,,,,,,,,,,,,,,,,,,,,,,,,
PA_PRO_ACRYL_RED_GREY,Red Grey,#A29E92,162.0,158.0,146.0,"162,158,146",Rakarth Flesh,Base,GW_BASE_RAKARTH_FLESH,#A29E92,"162,158,146",24.0,400.0,Medium,||,|,Exact: Company + Product_Line + Paint_Name,AK_Interactive_registry_26.0.7.csv,,,,,,,,,,,,,,,,,,,,,,,,,,,,,,,,,,,,,,,,,,,,,,,,,,,,,,,,,,,,,,,,,,,,,,,,,,,,,,,,,,,,,,
PA_PRO_ACRYL_BROWN_GREY,Brown Grey,#736C66,115.0,108.0,102.0,"115,108,102",Stormvermin Fur,Layer,GW_LAYER_STORMVERMIN_FUR,#736C66,"115,108,102",24.0,1068.7,Low/manual audit,||,|,Exact: Company + Product_Line + Paint_Name,AK_Interactive_registry_26.0.7.csv,,,,,,,,,,,,,,,,,,,,,,,,,,,,,,,,,,,,,,,,,,,,,,,,,,,,,,,,,,,,,,,,,,,,,,,,,,,,,,,,,,,,,,
PA_PRO_ACRYL_BRIGHT_WARM_GREY,Bright Warm Grey,#736C66,115.0,108.0,102.0,"115,108,102",Stormvermin Fur,Layer,GW_LAYER_STORMVERMIN_FUR,#736C66,"115,108,102",24.0,400.0,Medium,||,|,Exact: Company + Product_Line + Paint_Name,AK_Interactive_registry_26.0.7.csv,,,,,,,,,,,,,,,,,,,,,,,,,,,,,,,,,,,,,,,,,,,,,,,,,,,,,,,,,,,,,,,,,,,,,,,,,,,,,,,,,,,,,,
PA_PRO_ACRYL_WARM_GREY,Warm Grey,#C7E0DA,199.0,224.0,218.0,"199,224,218",Ulthuan Grey,Layer,GW_LAYER_ULTHUAN_GREY,#C7E0DA,"199,224,218",25.0,772.4,Low/manual audit,||,|,Exact: Company + Product_Line + Paint_Name,AK_Interactive_registry_26.0.7.csv,,,,,,,,,,,,,,,,,,,,,,,,,,,,,,,,,,,,,,,,,,,,,,,,,,,,,,,,,,,,,,,,,,,,,,,,,,,,,,,,,,,,,,
PA_PRO_ACRYL_DARK_WARM_GREY,Dark Warm Grey,#48413B,72.0,65.0,59.0,"72,65,59",Skavenblight Dinge,Layer,GW_LAYER_SKAVENBLIGHT_DINGE,#48413B,"72,65,59",25.0,326.0,High,||,|,Exact: Company + Product_Line + Paint_Name,AK_Interactive_registry_26.0.7.csv,,,,,,,,,,,,,,,,,,,,,,,,,,,,,,,,,,,,,,,,,,,,,,,,,,,,,,,,,,,,,,,,,,,,,,,,,,,,,,,,,,,,,,
PA_PRO_ACRYL_BOLD_TITANIUM_WHITE,Bold Titanium White,#C7E0DA,199.0,224.0,218.0,"199,224,218",Ulthuan Grey,Layer,GW_LAYER_ULTHUAN_GREY,#C7E0DA,"199,224,218",25.0,418.5,Medium,||,|,Exact: Company + Product_Line + Paint_Name,AK_Interactive_registry_26.0.7.csv,,,,,,,,,,,,,,,,,,,,,,,,,,,,,,,,,,,,,,,,,,,,,,,,,,,,,,,,,,,,,,,,,,,,,,,,,,,,,,,,,,,,,,
PA_PRO_ACRYL_HEAVY_TITANI_UM_WHITE,Heavy Titani- um White,#FFFFFF,255.0,255.0,255.0,"255,255,255",Corax White,Base,GW_BASE_CORAX_WHITE,#FFFFFF,"255,255,255",25.0,418.5,Medium,||,|,Exact: Company + Product_Line + Paint_Name,AK_Interactive_registry_26.0.7.csv,,,,,,,,,,,,,,,,,,,,,,,,,,,,,,,,,,,,,,,,,,,,,,,,,,,,,,,,,,,,,,,,,,,,,,,,,,,,,,,,,,,,,,
PA_PRO_ACRYL_BRIGHT_NEUTRAL_GREY,Bright Neutral Grey,#FFFFFF,255.0,255.0,255.0,"255,255,255",Corax White,Base,GW_BASE_CORAX_WHITE,#FFFFFF,"255,255,255",25.0,334.5,High,||,|,Exact: Company + Product_Line + Paint_Name,AK_Interactive_registry_26.0.7.csv,,,,,,,,,,,,,,,,,,,,,,,,,,,,,,,,,,,,,,,,,,,,,,,,,,,,,,,,,,,,,,,,,,,,,,,,,,,,,,,,,,,,,,
PA_PRO_ACRYL_NEUTRAL_GREY,Neutral Grey,#4A4F53,74.0,79.0,83.0,"74,79,83",Eshin Grey,Layer,GW_LAYER_ESHIN_GREY,#4A4F53,"74,79,83",25.0,771.7,Low/manual audit,||,|,Exact: Company + Product_Line + Paint_Name,AK_Interactive_registry_26.0.7.csv,,,,,,,,,,,,,,,,,,,,,,,,,,,,,,,,,,,,,,,,,,,,,,,,,,,,,,,,,,,,,,,,,,,,,,,,,,,,,,,,,,,,,,
PA_PRO_ACRYL_DARK_NEUTRAL_GREY,Dark Neutral Grey,#4A4F53,74.0,79.0,83.0,"74,79,83",Eshin Grey,Layer,GW_LAYER_ESHIN_GREY,#4A4F53,"74,79,83",25.0,322.5,High,||,|,Exact: Company + Product_Line + Paint_Name,AK_Interactive_registry_26.0.7.csv,,,,,,,,,,,,,,,,,,,,,,,,,,,,,,,,,,,,,,,,,,,,,,,,,,,,,,,,,,,,,,,,,,,,,,,,,,,,,,,,,,,,,,
PA_PRO_ACRYL_COAL_BLACK,Coal Black,#231F20,35.0,31.0,32.0,"35,31,32",Abaddon Black,Base,GW_BASE_ABADDON_BLACK,#231F20,"35,31,32",27.0,326.5,High,||,|,Exact: Company + Product_Line + Paint_Name,AK_Interactive_registry_26.0.7.csv,,,,,,,,,,,,,,,,,,,,,,,,,,,,,,,,,,,,,,,,,,,,,,,,,,,,,,,,,,,,,,,,,,,,,,,,,,,,,,,,,,,,,,
PA_PRO_ACRYL_SATIN_BLACK,Satin Black,#3C5051,60.0,80.0,81.0,"60,80,81",Dark Reaper,Layer,GW_LAYER_DARK_REAPER,#3C5051,"60,80,81",27.0,518.6,Medium,||,|,Exact: Company + Product_Line + Paint_Name,AK_Interactive_registry_26.0.7.csv,,,,,,,,,,,,,,,,,,,,,,,,,,,,,,,,,,,,,,,,,,,,,,,,,,,,,,,,,,,,,,,,,,,,,,,,,,,,,,,,,,,,,,
PA_PRO_ACRYL_SILVER,Silver,#C6CBD0,198.0,203.0,208.0,"198,203,208",Runefang Steel,Layer,GW_LAYER_RUNEFANG_STEEL,#C6CBD0,"198,203,208",28.0,654.2,Medium,||,|,Exact: Company + Product_Line + Paint_Name,AK_Interactive_registry_26.0.7.csv,,,,,,,,,,,,,,,,,,,,,,,,,,,,,,,,,,,,,,,,,,,,,,,,,,,,,,,,,,,,,,,,,,,,,,,,,,,,,,,,,,,,,,
PA_PRO_ACRYL_DARK_SILVER,Dark Silver,#475659,71.0,86.0,89.0,"71,86,89",Leadbelcher,Base,GW_BASE_LEADBELCHER,#475659,"71,86,89",28.0,518.6,Medium,||,|,Exact: Company + Product_Line + Paint_Name,AK_Interactive_registry_26.0.7.csv,,,,,,,,,,,,,,,,,,,,,,,,,,,,,,,,,,,,,,,,,,,,,,,,,,,,,,,,,,,,,,,,,,,,,,,,,,,,,,,,,,,,,,
PA_PRO_ACRYL_WHITE_GOLD,White Gold,#CEAE65,206.0,174.0,101.0,"206,174,101",Retributor Armour,Base,GW_BASE_RETRIBUTOR_ARMOUR,#CEAE65,"206,174,101",29.0,755.2,Low/manual audit,||,|,Exact: Company + Product_Line + Paint_Name,AK_Interactive_registry_26.0.7.csv,,,,,,,,,,,,,,,,,,,,,,,,,,,,,,,,,,,,,,,,,,,,,,,,,,,,,,,,,,,,,,,,,,,,,,,,,,,,,,,,,,,,,,
PA_PRO_ACRYL_LIGHT_BRONZE,Light Bronze,#D5C4AA,213.0,196.0,170.0,"213,196,170",Liberator Gold,Layer,GW_LAYER_LIBERATOR_GOLD,#D5C4AA,"213,196,170",29.0,664.3,Medium,||,|,Exact: Company + Product_Line + Paint_Name,AK_Interactive_registry_26.0.7.csv,,,,,,,,,,,,,,,,,,,,,,,,,,,,,,,,,,,,,,,,,,,,,,,,,,,,,,,,,,,,,,,,,,,,,,,,,,,,,,,,,,,,,,
PA_PRO_ACRYL_BRIGHT_GOLD,Bright Gold,#D5C4AA,213.0,196.0,170.0,"213,196,170",Liberator Gold,Layer,GW_LAYER_LIBERATOR_GOLD,#D5C4AA,"213,196,170",29.0,334.5,High,||,|,Exact: Company + Product_Line + Paint_Name,AK_Interactive_registry_26.0.7.csv,,,,,,,,,,,,,,,,,,,,,,,,,,,,,,,,,,,,,,,,,,,,,,,,,,,,,,,,,,,,,,,,,,,,,,,,,,,,,,,,,,,,,,
PA_PRO_ACRYL_RICH_GOLD,Rich Gold,#CEAE65,206.0,174.0,101.0,"206,174,101",Retributor Armour,Base,GW_BASE_RETRIBUTOR_ARMOUR,#CEAE65,"206,174,101",29.0,322.6,High,||,|,Exact: Company + Product_Line + Paint_Name,AK_Interactive_registry_26.0.7.csv,,,,,,,,,,,,,,,,,,,,,,,,,,,,,,,,,,,,,,,,,,,,,,,,,,,,,,,,,,,,,,,,,,,,,,,,,,,,,,,,,,,,,,
PA_PRO_ACRYL_BRONZE,Bronze,#CBB394,203.0,179.0,148.0,"203,179,148",Sycorax Bronze,Layer,GW_LAYER_SYCORAX_BRONZE,#CBB394,"203,179,148",30.0,1287.9,Low/manual audit,||,|,Exact: Company + Product_Line + Paint_Name,AK_Interactive_registry_26.0.7.csv,,,,,,,,,,,,,,,,,,,,,,,,,,,,,,,,,,,,,,,,,,,,,,,,,,,,,,,,,,,,,,,,,,,,,,,,,,,,,,,,,,,,,,
PA_PRO_ACRYL_MAGNESIUM,Magnesium,#CBB394,203.0,179.0,148.0,"203,179,148",Sycorax Bronze,Layer,GW_LAYER_SYCORAX_BRONZE,#CBB394,"203,179,148",30.0,881.5,Low/manual audit,||,|,Exact: Company + Product_Line + Paint_Name,AK_Interactive_registry_26.0.7.csv,,,,,,,,,,,,,,,,,,,,,,,,,,,,,,,,,,,,,,,,,,,,,,,,,,,,,,,,,,,,,,,,,,,,,,,,,,,,,,,,,,,,,,
PA_PRO_ACRYL_COPPER,Copper,#C69169,198.0,145.0,105.0,"198,145,105",Hashut Copper,Layer,GW_LAYER_HASHUT_COPPER,#C69169,"198,145,105",30.0,330.6,High,||,|,Exact: Company + Product_Line + Paint_Name,AK_Interactive_registry_26.0.7.csv,,,,,,,,,,,,,,,,,,,,,,,,,,,,,,,,,,,,,,,,,,,,,,,,,,,,,,,,,,,,,,,,,,,,,,,,,,,,,,,,,,,,,,
PA_PRO_ACRYL_DARK_BRONZE,Dark Bronze,#CBB394,203.0,179.0,148.0,"203,179,148",Sycorax Bronze,Layer,GW_LAYER_SYCORAX_BRONZE,#CBB394,"203,179,148",30.0,535.8,Medium,||,|,Exact: Company + Product_Line + Paint_Name,AK_Interactive_registry_26.0.7.csv,,,,,,,,,,,,,,,,,,,,,,,,,,,,,,,,,,,,,,,,,,,,,,,,,,,,,,,,,,,,,,,,,,,,,,,,,,,,,,,,,,,,,,
PA_PRO_ACRYL_BISMUTH_YELLOW,Bismuth Yellow,#FCB825,252.0,184.0,37.0,"252,184,37",Averland Sunset,Base,GW_BASE_AVERLAND_SUNSET,#FCB825,"252,184,37",4.0,518.6,Medium,||,|,Loose: Company + Paint_Name,AK_Interactive_registry_26.0.7.csv,,,,,,,,,,,,,,,,,,,,,,,,,,,,,,,,,,,,,,,,,,,,,,,,,,,,,,,,,,,,,,,,,,,,,,,,,,,,,,,,,,,,,,
PA_PRO_ACRYL_PALE_YELLOW,Pale Yellow,#E3D28C,227.0,210.0,140.0,"227,210,140",Dorn Yellow,Layer,GW_LAYER_DORN_YELLOW,#E3D28C,"227,210,140",4.0,1320.7,Low/manual audit,||,|,Loose: Company + Paint_Name,AK_Interactive_registry_26.0.7.csv,,,,,,,,,,,,,,,,,,,,,,,,,,,,,,,,,,,,,,,,,,,,,,,,,,,,,,,,,,,,,,,,,,,,,,,,,,,,,,,,,,,,,,
PA_PRO_ACRYL_BRIGHT_PALE_YELLOW,Bright Pale Yellow,#FCB825,252.0,184.0,37.0,"252,184,37",Averland Sunset,Base,GW_BASE_AVERLAND_SUNSET,#FCB825,"252,184,37",4.0,1879.0,Low/manual audit,||,|,Loose: Company + Paint_Name,AK_Interactive_registry_26.0.7.csv,,,,,,,,,,,,,,,,,,,,,,,,,,,,,,,,,,,,,,,,,,,,,,,,,,,,,,,,,,,,,,,,,,,,,,,,,,,,,,,,,,,,,,
PA_PRO_ACRYL_GOLDEN_YELLOW,Golden Yellow,#FFF200,255.0,242.0,0.0,"255,242,0",Flash Gitz Yellow,Layer,GW_LAYER_FLASH_GITZ_YELLOW,#FFF200,"255,242,0",4.0,330.5,High,||,|,Loose: Company + Paint_Name,AK_Interactive_registry_26.0.7.csv,,,,,,,,,,,,,,,,,,,,,,,,,,,,,,,,,,,,,,,,,,,,,,,,,,,,,,,,,,,,,,,,,,,,,,,,,,,,,,,,,,,,,,
PA_PRO_ACRYL_WARM_YELLOW,Warm Yellow,#FCB825,252.0,184.0,37.0,"252,184,37",Averland Sunset,Base,GW_BASE_AVERLAND_SUNSET,#FCB825,"252,184,37",4.0,1022.5,Low/manual audit,||,|,Loose: Company + Paint_Name,AK_Interactive_registry_26.0.7.csv,,,,,,,,,,,,,,,,,,,,,,,,,,,,,,,,,,,,,,,,,,,,,,,,,,,,,,,,,,,,,,,,,,,,,,,,,,,,,,,,,,,,,,
PA_PRO_ACRYL_BURNT_RED,Burnt Red,#C21920,194.0,25.0,32.0,"194,25,32",Evil Sunz Scarlet,Layer,GW_LAYER_EVIL_SUNZ_SCARLET,#C21920,"194,25,32",6.0,1021.6,Low/manual audit,||,|,Loose: Company + Paint_Name,AK_Interactive_registry_26.0.7.csv,,,,,,,,,,,,,,,,,,,,,,,,,,,,,,,,,,,,,,,,,,,,,,,,,,,,,,,,,,,,,,,,,,,,,,,,,,,,,,,,,,,,,,
PA_PRO_ACRYL_DARK_CRIMSON,Dark Crimson,#6A0002,106.0,0.0,2.0,"106,0,2",Khorne Red,Base,GW_BASE_KHORNE_RED,#6A0002,"106,0,2",6.0,518.6,Medium,||,|,Loose: Company + Paint_Name,AK_Interactive_registry_26.0.7.csv,,,,,,,,,,,,,,,,,,,,,,,,,,,,,,,,,,,,,,,,,,,,,,,,,,,,,,,,,,,,,,,,,,,,,,,,,,,,,,,,,,,,,,
PA_PRO_ACRYL_BOLD_PYRROLE_RED,Bold Pyrrole Red,#C21920,194.0,25.0,32.0,"194,25,32",Evil Sunz Scarlet,Layer,GW_LAYER_EVIL_SUNZ_SCARLET,#C21920,"194,25,32",6.0,774.5,Low/manual audit,||,|,Loose: Company + Paint_Name,AK_Interactive_registry_26.0.7.csv,,,,,,,,,,,,,,,,,,,,,,,,,,,,,,,,,,,,,,,,,,,,,,,,,,,,,,,,,,,,,,,,,,,,,,,,,,,,,,,,,,,,,,
PA_PRO_ACRYL_BURGUNDY,Burgundy,#8C0A0C,140.0,10.0,12.0,"140,10,12",Wazdakka Red,Layer,GW_LAYER_WAZDAKKA_RED,#8C0A0C,"140,10,12",7.0,530.9,Medium,||,|,Loose: Company + Paint_Name,AK_Interactive_registry_26.0.7.csv,,,,,,,,,,,,,,,,,,,,,,,,,,,,,,,,,,,,,,,,,,,,,,,,,,,,,,,,,,,,,,,,,,,,,,,,,,,,,,,,,,,,,,
PA_PRO_ACRYL_DARK_BURGUNDY,Dark Burgundy,#7C1645,124.0,22.0,69.0,"124,22,69",Screamer Pink,Base,GW_BASE_SCREAMER_PINK,#7C1645,"124,22,69",7.0,515.6,Medium,||,|,Loose: Company + Paint_Name,AK_Interactive_registry_26.0.7.csv,,,,,,,,,,,,,,,,,,,,,,,,,,,,,,,,,,,,,,,,,,,,,,,,,,,,,,,,,,,,,,,,,,,,,,,,,,,,,,,,,,,,,,
PA_PRO_ACRYL_DARK_MAGENTA,Dark Magenta,#7C1645,124.0,22.0,69.0,"124,22,69",Screamer Pink,Base,GW_BASE_SCREAMER_PINK,#7C1645,"124,22,69",8.0,334.5,High,||,|,Loose: Company + Paint_Name,AK_Interactive_registry_26.0.7.csv,,,,,,,,,,,,,,,,,,,,,,,,,,,,,,,,,,,,,,,,,,,,,,,,,,,,,,,,,,,,,,,,,,,,,,,,,,,,,,,,,,,,,,
PA_PRO_ACRYL_PINK,Pink,#B94278,185.0,66.0,120.0,"185,66,120",Emperor‘s Children,Layer,GW_LAYER_EMPEROR_S_CHILDREN,#B94278,"185,66,120",8.0,381.1,High,||,|,Loose: Company + Paint_Name,AK_Interactive_registry_26.0.7.csv,,,,,,,,,,,,,,,,,,,,,,,,,,,,,,,,,,,,,,,,,,,,,,,,,,,,,,,,,,,,,,,,,,,,,,,,,,,,,,,,,,,,,,
PA_PRO_ACRYL_MAGENTA,Magenta,#B94278,185.0,66.0,120.0,"185,66,120",Emperor‘s Children,Layer,GW_LAYER_EMPEROR_S_CHILDREN,#B94278,"185,66,120",8.0,652.3,Medium,||,|,Loose: Company + Paint_Name,AK_Interactive_registry_26.0.7.csv,,,,,,,,,,,,,,,,,,,,,,,,,,,,,,,,,,,,,,,,,,,,,,,,,,,,,,,,,,,,,,,,,,,,,,,,,,,,,,,,,,,,,,
PA_PRO_ACRYL_DARK_PLUM,Dark Plum,#6A0002,106.0,0.0,2.0,"106,0,2",Khorne Red,Base,GW_BASE_KHORNE_RED,#6A0002,"106,0,2",7.0,1244.5,Low/manual audit,||,|,Loose: Company + Paint_Name,AK_Interactive_registry_26.0.7.csv,,,,,,,,,,,,,,,,,,,,,,,,,,,,,,,,,,,,,,,,,,,,,,,,,,,,,,,,,,,,,,,,,,,,,,,,,,,,,,,,,,,,,,
PA_PRO_ACRYL_PALE_PINK,Pale Pink,#B94278,185.0,66.0,120.0,"185,66,120",Emperor‘s Children,Layer,GW_LAYER_EMPEROR_S_CHILDREN,#B94278,"185,66,120",8.0,509.3,Medium,||,|,Loose: Company + Paint_Name,AK_Interactive_registry_26.0.7.csv,,,,,,,,,,,,,,,,,,,,,,,,,,,,,,,,,,,,,,,,,,,,,,,,,,,,,,,,,,,,,,,,,,,,,,,,,,,,,,,,,,,,,,
PA_PRO_ACRYL_PLUM,Plum,#F4AFCC,244.0,175.0,204.0,"244,175,204",Fulgrim Pink,Layer,GW_LAYER_FULGRIM_PINK,#F4AFCC,"244,175,204",8.0,771.8,Low/manual audit,||,|,Loose: Company + Paint_Name,AK_Interactive_registry_26.0.7.csv,,,,,,,,,,,,,,,,,,,,,,,,,,,,,,,,,,,,,,,,,,,,,,,,,,,,,,,,,,,,,,,,,,,,,,,,,,,,,,,,,,,,,,
PA_PRO_ACRYL_PURPLE,Purple,#F4AFCC,244.0,175.0,204.0,"244,175,204",Fulgrim Pink,Layer,GW_LAYER_FULGRIM_PINK,#F4AFCC,"244,175,204",8.0,1067.8,Low/manual audit,||,|,Loose: Company + Paint_Name,AK_Interactive_registry_26.0.7.csv,,,,,,,,,,,,,,,,,,,,,,,,,,,,,,,,,,,,,,,,,,,,,,,,,,,,,,,,,,,,,,,,,,,,,,,,,,,,,,,,,,,,,,
PA_PRO_ACRYL_DARK_HOT_PINK,Dark Hot Pink,#7C1645,124.0,22.0,69.0,"124,22,69",Screamer Pink,Base,GW_BASE_SCREAMER_PINK,#7C1645,"124,22,69",8.0,1064.5,Low/manual audit,||,|,Loose: Company + Paint_Name,AK_Interactive_registry_26.0.7.csv,,,,,,,,,,,,,,,,,,,,,,,,,,,,,,,,,,,,,,,,,,,,,,,,,,,,,,,,,,,,,,,,,,,,,,,,,,,,,,,,,,,,,,
PA_PRO_ACRYL_ROYAL_PURPLE,Royal Purple,#471F5E,71.0,31.0,94.0,"71,31,94",Xereus Purple,Layer,GW_LAYER_XEREUS_PURPLE,#471F5E,"71,31,94",9.0,330.5,High,||,|,Loose: Company + Paint_Name,AK_Interactive_registry_26.0.7.csv,,,,,,,,,,,,,,,,,,,,,,,,,,,,,,,,,,,,,,,,,,,,,,,,,,,,,,,,,,,,,,,,,,,,,,,,,,,,,,,,,,,,,,
PA_PRO_ACRYL_DARK_PURPLE,Dark Purple,#8E8C97,142.0,140.0,151.0,"142,140,151",Slaanesh Grey,Layer,GW_LAYER_SLAANESH_GREY,#8E8C97,"142,140,151",9.0,506.2,Medium,||,|,Loose: Company + Paint_Name,AK_Interactive_registry_26.0.7.csv,,,,,,,,,,,,,,,,,,,,,,,,,,,,,,,,,,,,,,,,,,,,,,,,,,,,,,,,,,,,,,,,,,,,,,,,,,,,,,,,,,,,,,
PA_PRO_ACRYL_FADED_PLUM,Faded Plum,#B59ECC,181.0,158.0,204.0,"181,158,204",Dechala Lilac,Layer,GW_LAYER_DECHALA_LILAC,#B59ECC,"181,158,204",9.0,865.4,Low/manual audit,||,|,Loose: Company + Paint_Name,AK_Interactive_registry_26.0.7.csv,,,,,,,,,,,,,,,,,,,,,,,,,,,,,,,,,,,,,,,,,,,,,,,,,,,,,,,,,,,,,,,,,,,,,,,,,,,,,,,,,,,,,,
PA_PRO_ACRYL_FADED_ULTRAMARINE,Faded Ultramarine,#4273B8,66.0,115.0,184.0,"66,115,184",Calgar Blue,Layer,GW_LAYER_CALGAR_BLUE,#4273B8,"66,115,184",10.0,652.3,Medium,||,|,Loose: Company + Paint_Name,AK_Interactive_registry_26.0.7.csv,,,,,,,,,,,,,,,,,,,,,,,,,,,,,,,,,,,,,,,,,,,,,,,,,,,,,,,,,,,,,,,,,,,,,,,,,,,,,,,,,,,,,,
PA_PRO_ACRYL_GREY_BLUE,Grey Blue,#709CB7,112.0,156.0,183.0,"112,156,183",Fenrisian Grey,Layer,GW_LAYER_FENRISIAN_GREY,#709CB7,"112,156,183",26.0,326.6,High,||,|,Loose: Company + Paint_Name,AK_Interactive_registry_26.0.7.csv,,,,,,,,,,,,,,,,,,,,,,,,,,,,,,,,,,,,,,,,,,,,,,,,,,,,,,,,,,,,,,,,,,,,,,,,,,,,,,,,,,,,,,
PA_PRO_ACRYL_ULTRAMARINE,Ultramarine,#295788,41.0,87.0,136.0,"41,87,136",Alaitoc Blue,Layer,GW_LAYER_ALAITOC_BLUE,#295788,"41,87,136",11.0,518.6,Medium,||,|,Loose: Company + Paint_Name,AK_Interactive_registry_26.0.7.csv,,,,,,,,,,,,,,,,,,,,,,,,,,,,,,,,,,,,,,,,,,,,,,,,,,,,,,,,,,,,,,,,,,,,,,,,,,,,,,,,,,,,,,
PA_PRO_ACRYL_DARK_BLUE,Dark Blue,#002051,0.0,32.0,81.0,"0,32,81",Kantor Blue,Base,GW_BASE_KANTOR_BLUE,#002051,"0,32,81",10.0,330.0,High,||,|,Loose: Company + Paint_Name,AK_Interactive_registry_26.0.7.csv,,,,,,,,,,,,,,,,,,,,,,,,,,,,,,,,,,,,,,,,,,,,,,,,,,,,,,,,,,,,,,,,,,,,,,,,,,,,,,,,,,,,,,
PA_PRO_ACRYL_PAYNE_S_GREY,Payne’s Grey,#002051,0.0,32.0,81.0,"0,32,81",Kantor Blue,Base,GW_BASE_KANTOR_BLUE,#002051,"0,32,81",10.0,330.0,High,||,|,Loose: Company + Paint_Name,AK_Interactive_registry_26.0.7.csv,,,,,,,,,,,,,,,,,,,,,,,,,,,,,,,,,,,,,,,,,,,,,,,,,,,,,,,,,,,,,,,,,,,,,,,,,,,,,,,,,,,,,,
PA_PRO_ACRYL_BLUE,Blue,#396F9E,57.0,111.0,158.0,"57,111,158",Caledor Sky,Base,GW_BASE_CALEDOR_SKY,#396F9E,"57,111,158",11.0,660.0,Medium,||,|,Loose: Company + Paint_Name,AK_Interactive_registry_26.0.7.csv,,,,,,,,,,,,,,,,,,,,,,,,,,,,,,,,,,,,,,,,,,,,,,,,,,,,,,,,,,,,,,,,,,,,,,,,,,,,,,,,,,,,,,
PA_PRO_ACRYL_SKY_BLUE,Sky Blue,#396F9E,57.0,111.0,158.0,"57,111,158",Caledor Sky,Base,GW_BASE_CALEDOR_SKY,#396F9E,"57,111,158",11.0,771.7,Low/manual audit,||,|,Loose: Company + Paint_Name,AK_Interactive_registry_26.0.7.csv,,,,,,,,,,,,,,,,,,,,,,,,,,,,,,,,,,,,,,,,,,,,,,,,,,,,,,,,,,,,,,,,,,,,,,,,,,,,,,,,,,,,,,
PA_PRO_ACRYL_WHITE_BLUE,White Blue,#00A5B9,0.0,165.0,185.0,"0,165,185",Ahriman Blue,Layer,GW_LAYER_AHRIMAN_BLUE,#00A5B9,"0,165,185",12.0,771.7,Low/manual audit,||,|,Loose: Company + Paint_Name,AK_Interactive_registry_26.0.7.csv,,,,,,,,,,,,,,,,,,,,,,,,,,,,,,,,,,,,,,,,,,,,,,,,,,,,,,,,,,,,,,,,,,,,,,,,,,,,,,,,,,,,,,
PA_PRO_ACRYL_BLUE_BLACK,Blue Black,#33A2CF,51.0,162.0,207.0,"51,162,207",Lothern Blue,Layer,GW_LAYER_LOTHERN_BLUE,#33A2CF,"51,162,207",12.0,517.0,Medium,||,|,Loose: Company + Paint_Name,AK_Interactive_registry_26.0.7.csv,,,,,,,,,,,,,,,,,,,,,,,,,,,,,,,,,,,,,,,,,,,,,,,,,,,,,,,,,,,,,,,,,,,,,,,,,,,,,,,,,,,,,,
PA_PRO_ACRYL_DARK_GREY_BLUE,Dark Grey Blue,#33A2CF,51.0,162.0,207.0,"51,162,207",Lothern Blue,Layer,GW_LAYER_LOTHERN_BLUE,#33A2CF,"51,162,207",12.0,758.6,Low/manual audit,||,|,Loose: Company + Paint_Name,AK_Interactive_registry_26.0.7.csv,,,,,,,,,,,,,,,,,,,,,,,,,,,,,,,,,,,,,,,,,,,,,,,,,,,,,,,,,,,,,,,,,,,,,,,,,,,,,,,,,,,,,,
PA_PRO_ACRYL_DARK_TURQUOISE,Dark Turquoise,#18ABCC,24.0,171.0,204.0,"24,171,204",Thousand Sons Blue,Base,GW_BASE_THOUSAND_SONS_BLUE,#18ABCC,"24,171,204",12.0,334.0,High,||,|,Loose: Company + Paint_Name,AK_Interactive_registry_26.0.7.csv,,,,,,,,,,,,,,,,,,,,,,,,,,,,,,,,,,,,,,,,,,,,,,,,,,,,,,,,,,,,,,,,,,,,,,,,,,,,,,,,,,,,,,
PA_PRO_ACRYL_TURQUOISE,Turquoise,#329B8D,50.0,155.0,141.0,"50,155,141",Temple Guard Blue,Layer,GW_LAYER_TEMPLE_GUARD_BLUE,#329B8D,"50,155,141",13.0,334.5,High,||,|,Loose: Company + Paint_Name,AK_Interactive_registry_26.0.7.csv,,,,,,,,,,,,,,,,,,,,,,,,,,,,,,,,,,,,,,,,,,,,,,,,,,,,,,,,,,,,,,,,,,,,,,,,,,,,,,,,,,,,,,
PA_PRO_ACRYL_DARK_SEA_BEN,Dark Sea Ben,#0C6A74,12.0,106.0,116.0,"12,106,116",Sotek Green,Layer,GW_LAYER_SOTEK_GREEN,#0C6A74,"12,106,116",13.0,863.9,Low/manual audit,||,|,Loose: Company + Paint_Name,AK_Interactive_registry_26.0.7.csv,,,,,,,,,,,,,,,,,,,,,,,,,,,,,,,,,,,,,,,,,,,,,,,,,,,,,,,,,,,,,,,,,,,,,,,,,,,,,,,,,,,,,,
PA_PRO_ACRYL_DARK_JADE,Dark Jade,#0C6A74,12.0,106.0,116.0,"12,106,116",Sotek Green,Layer,GW_LAYER_SOTEK_GREEN,#0C6A74,"12,106,116",13.0,1037.1,Low/manual audit,||,|,Loose: Company + Paint_Name,AK_Interactive_registry_26.0.7.csv,,,,,,,,,,,,,,,,,,,,,,,,,,,,,,,,,,,,,,,,,,,,,,,,,,,,,,,,,,,,,,,,,,,,,,,,,,,,,,,,,,,,,,
PA_PRO_ACRYL_BRIGHT_PALE_GREEN,Bright Pale Green,#028D66,2.0,141.0,102.0,"2,141,102",Kabalite Green,Layer,GW_LAYER_KABALITE_GREEN,#028D66,"2,141,102",14.0,518.5,Medium,||,|,Loose: Company + Paint_Name,AK_Interactive_registry_26.0.7.csv,,,,,,,,,,,,,,,,,,,,,,,,,,,,,,,,,,,,,,,,,,,,,,,,,,,,,,,,,,,,,,,,,,,,,,,,,,,,,,,,,,,,,,
PA_PRO_ACRYL_BRIGHT_JADE,Bright Jade,#028D66,2.0,141.0,102.0,"2,141,102",Kabalite Green,Layer,GW_LAYER_KABALITE_GREEN,#028D66,"2,141,102",14.0,1020.0,Low/manual audit,||,|,Loose: Company + Paint_Name,AK_Interactive_registry_26.0.7.csv,,,,,,,,,,,,,,,,,,,,,,,,,,,,,,,,,,,,,,,,,,,,,,,,,,,,,,,,,,,,,,,,,,,,,,,,,,,,,,,,,,,,,,
PA_PRO_ACRYL_JADE,Jade,#00401E,0.0,64.0,30.0,"0,64,30",Caliban Green,Base,GW_BASE_CALIBAN_GREEN,#00401E,"0,64,30",14.0,1245.6,Low/manual audit,||,|,Loose: Company + Paint_Name,AK_Interactive_registry_26.0.7.csv,,,,,,,,,,,,,,,,,,,,,,,,,,,,,,,,,,,,,,,,,,,,,,,,,,,,,,,,,,,,,,,,,,,,,,,,,,,,,,,,,,,,,,
PA_PRO_ACRYL_DARK_EMERALD,Dark Emerald,#00401E,0.0,64.0,30.0,"0,64,30",Caliban Green,Base,GW_BASE_CALIBAN_GREEN,#00401E,"0,64,30",14.0,1245.6,Low/manual audit,||,|,Loose: Company + Paint_Name,AK_Interactive_registry_26.0.7.csv,,,,,,,,,,,,,,,,,,,,,,,,,,,,,,,,,,,,,,,,,,,,,,,,,,,,,,,,,,,,,,,,,,,,,,,,,,,,,,,,,,,,,,
PA_PRO_ACRYL_GREEN_OXIDE,Green Oxide,#84C2A9,132.0,194.0,169.0,"132,194,169",Gauss Blaster Green,Layer,GW_LAYER_GAUSS_BLASTER_GREEN,#84C2A9,"132,194,169",14.0,530.9,Medium,||,|,Loose: Company + Paint_Name,AK_Interactive_registry_26.0.7.csv,,,,,,,,,,,,,,,,,,,,,,,,,,,,,,,,,,,,,,,,,,,,,,,,,,,,,,,,,,,,,,,,,,,,,,,,,,,,,,,,,,,,,,
PA_PRO_ACRYL_GREEN,Green,#00401E,0.0,64.0,30.0,"0,64,30",Caliban Green,Base,GW_BASE_CALIBAN_GREEN,#00401E,"0,64,30",15.0,1068.1,Low/manual audit,||,|,Loose: Company + Paint_Name,AK_Interactive_registry_26.0.7.csv,,,,,,,,,,,,,,,,,,,,,,,,,,,,,,,,,,,,,,,,,,,,,,,,,,,,,,,,,,,,,,,,,,,,,,,,,,,,,,,,,,,,,,
PA_PRO_ACRYL_BRIGHT_GREEN,Bright Green,#52B246,82.0,178.0,70.0,"82,178,70",Moot Green,Layer,GW_LAYER_MOOT_GREEN,#52B246,"82,178,70",15.0,1369.5,Low/manual audit,||,|,Loose: Company + Paint_Name,AK_Interactive_registry_26.0.7.csv,,,,,,,,,,,,,,,,,,,,,,,,,,,,,,,,,,,,,,,,,,,,,,,,,,,,,,,,,,,,,,,,,,,,,,,,,,,,,,,,,,,,,,
PA_PRO_ACRYL_BLACK_GREEN,Black Green,#00401E,0.0,64.0,30.0,"0,64,30",Caliban Green,Base,GW_BASE_CALIBAN_GREEN,#00401E,"0,64,30",15.0,400.9,Medium,||,|,Loose: Company + Paint_Name,AK_Interactive_registry_26.0.7.csv,,,,,,,,,,,,,,,,,,,,,,,,,,,,,,,,,,,,,,,,,,,,,,,,,,,,,,,,,,,,,,,,,,,,,,,,,,,,,,,,,,,,,,
PA_PRO_ACRYL_BRIGHT_YELLOW_GREEN,Bright Yellow Green,#00401E,0.0,64.0,30.0,"0,64,30",Caliban Green,Base,GW_BASE_CALIBAN_GREEN,#00401E,"0,64,30",15.0,380.5,High,||,|,Loose: Company + Paint_Name,AK_Interactive_registry_26.0.7.csv,,,,,,,,,,,,,,,,,,,,,,,,,,,,,,,,,,,,,,,,,,,,,,,,,,,,,,,,,,,,,,,,,,,,,,,,,,,,,,,,,,,,,,
PA_PRO_ACRYL_FADED_GREEN,Faded Green,#5F936F,95.0,147.0,111.0,"95,147,111",Skarsnik Green,Layer,GW_LAYER_SKARSNIK_GREEN,#5F936F,"95,147,111",16.0,501.4,Medium,||,|,Loose: Company + Paint_Name,AK_Interactive_registry_26.0.7.csv,,,,,,,,,,,,,,,,,,,,,,,,,,,,,,,,,,,,,,,,,,,,,,,,,,,,,,,,,,,,,,,,,,,,,,,,,,,,,,,,,,,,,,
PA_PRO_ACRYL_YELLOW_GREEN,Yellow Green,#849B63,132.0,155.0,99.0,"132,155,99",Nurgling Green,Dry,GW_DRY_NURGLING_GREEN,#849B63,"132,155,99",16.0,656.3,Medium,||,|,Loose: Company + Paint_Name,AK_Interactive_registry_26.0.7.csv,,,,,,,,,,,,,,,,,,,,,,,,,,,,,,,,,,,,,,,,,,,,,,,,,,,,,,,,,,,,,,,,,,,,,,,,,,,,,,,,,,,,,,
PA_PRO_ACRYL_CAMO_GREEN,Camo Green,#51702D,81.0,112.0,45.0,"81,112,45",Loren Forest,Layer,GW_LAYER_LOREN_FOREST,#51702D,"81,112,45",16.0,330.0,High,||,|,Loose: Company + Paint_Name,AK_Interactive_registry_26.0.7.csv,,,,,,,,,,,,,,,,,,,,,,,,,,,,,,,,,,,,,,,,,,,,,,,,,,,,,,,,,,,,,,,,,,,,,,,,,,,,,,,,,,,,,,
PA_PRO_ACRYL_KHAKI,Khaki,#9EA94B,158.0,169.0,75.0,"158,169,75",Ogryn Camo,Layer,GW_LAYER_OGRYN_CAMO,#9EA94B,"158,169,75",17.0,1037.1,Low/manual audit,||,|,Loose: Company + Paint_Name,AK_Interactive_registry_26.0.7.csv,,,,,,,,,,,,,,,,,,,,,,,,,,,,,,,,,,,,,,,,,,,,,,,,,,,,,,,,,,,,,,,,,,,,,,,,,,,,,,,,,,,,,,
PA_PRO_ACRYL_DARK_YELLOW_GREEN,Dark Yellow Green,#758E3A,117.0,142.0,58.0,"117,142,58",Elysian Green,Layer,GW_LAYER_ELYSIAN_GREEN,#758E3A,"117,142,58",17.0,334.5,High,||,|,Loose: Company + Paint_Name,AK_Interactive_registry_26.0.7.csv,,,,,,,,,,,,,,,,,,,,,,,,,,,,,,,,,,,,,,,,,,,,,,,,,,,,,,,,,,,,,,,,,,,,,,,,,,,,,,,,,,,,,,
PA_PRO_ACRYL_DARK_CAMO_GREEN,Dark Camo Green,#9EA94B,158.0,169.0,75.0,"158,169,75",Ogryn Camo,Layer,GW_LAYER_OGRYN_CAMO,#9EA94B,"158,169,75",17.0,381.5,High,||,|,Loose: Company + Paint_Name,AK_Interactive_registry_26.0.7.csv,,,,,,,,,,,,,,,,,,,,,,,,,,,,,,,,,,,,,,,,,,,,,,,,,,,,,,,,,,,,,,,,,,,,,,,,,,,,,,,,,,,,,,
PA_PRO_ACRYL_IVORY,Ivory,#CDCEBE,205.0,206.0,190.0,"205,206,190",Pallid Wych Flesh,Layer,GW_LAYER_PALLID_WYCH_FLESH,#CDCEBE,"205,206,190",18.0,326.6,High,||,|,Loose: Company + Paint_Name,AK_Interactive_registry_26.0.7.csv,,,,,,,,,,,,,,,,,,,,,,,,,,,,,,,,,,,,,,,,,,,,,,,,,,,,,,,,,,,,,,,,,,,,,,,,,,,,,,,,,,,,,,
PA_PRO_ACRYL_BRIGHT_IVORY,Bright Ivory,#CDCEBE,205.0,206.0,190.0,"205,206,190",Pallid Wych Flesh,Layer,GW_LAYER_PALLID_WYCH_FLESH,#CDCEBE,"205,206,190",18.0,1354.9,Low/manual audit,||,|,Loose: Company + Paint_Name,AK_Interactive_registry_26.0.7.csv,,,,,,,,,,,,,,,,,,,,,,,,,,,,,,,,,,,,,,,,,,,,,,,,,,,,,,,,,,,,,,,,,,,,,,,,,,,,,,,,,,,,,,
PA_PRO_ACRYL_HEAVY_WARM_WHITE_SATIN,Heavy Warm White (satin),#D4D3A3,212.0,211.0,163.0,"212,211,163",Screaming Skull,Layer,GW_LAYER_SCREAMING_SKULL,#D4D3A3,"212,211,163",18.0,400.5,Medium,||,|,Loose: Company + Paint_Name,AK_Interactive_registry_26.0.7.csv,,,,,,,,,,,,,,,,,,,,,,,,,,,,,,,,,,,,,,,,,,,,,,,,,,,,,,,,,,,,,,,,,,,,,,,,,,,,,,,,,,,,,,
PA_PRO_ACRYL_DARK_IVORY,Dark Ivory,#CDCEBE,205.0,206.0,190.0,"205,206,190",Pallid Wych Flesh,Layer,GW_LAYER_PALLID_WYCH_FLESH,#CDCEBE,"205,206,190",18.0,656.3,Medium,||,|,Loose: Company + Paint_Name,AK_Interactive_registry_26.0.7.csv,,,,,,,,,,,,,,,,,,,,,,,,,,,,,,,,,,,,,,,,,,,,,,,,,,,,,,,,,,,,,,,,,,,,,,,,,,,,,,,,,,,,,,
PA_PRO_ACRYL_BONE_SATIN,Bone (satin),#A29E92,162.0,158.0,146.0,"162,158,146",Rakarth Flesh,Base,GW_BASE_RAKARTH_FLESH,#A29E92,"162,158,146",18.0,330.0,High,||,|,Loose: Company + Paint_Name,AK_Interactive_registry_26.0.7.csv,,,,,,,,,,,,,,,,,,,,,,,,,,,,,,,,,,,,,,,,,,,,,,,,,,,,,,,,,,,,,,,,,,,,,,,,,,,,,,,,,,,,,,
PA_PRO_ACRYL_OLIVE_FLESH,Olive Flesh,#CBB48B,203.0,180.0,139.0,"203,180,139",Flayed One Flesh,Layer,GW_LAYER_FLAYED_ONE_FLESH,#CBB48B,"203,180,139",21.0,664.3,Medium,||,|,Loose: Company + Paint_Name,AK_Interactive_registry_26.0.7.csv,,,,,,,,,,,,,,,,,,,,,,,,,,,,,,,,,,,,,,,,,,,,,,,,,,,,,,,,,,,,,,,,,,,,,,,,,,,,,,,,,,,,,,
PA_PRO_ACRYL_BRIGHT_YELLOW_OCHRE,Bright Yellow Ochre,#8B5910,139.0,89.0,16.0,"139,89,16",Balor Brown,Layer,GW_LAYER_BALOR_BROWN,#8B5910,"139,89,16",19.0,765.8,Low/manual audit,||,|,Loose: Company + Paint_Name,AK_Interactive_registry_26.0.7.csv,,,,,,,,,,,,,,,,,,,,,,,,,,,,,,,,,,,,,,,,,,,,,,,,,,,,,,,,,,,,,,,,,,,,,,,,,,,,,,,,,,,,,,
PA_PRO_ACRYL_YELLOW_OCHRE,Yellow Ochre,#DCA026,220.0,160.0,38.0,"220,160,38",Zamesi Desert,Layer,GW_LAYER_ZAMESI_DESERT,#DCA026,"220,160,38",19.0,883.0,Low/manual audit,||,|,Loose: Company + Paint_Name,AK_Interactive_registry_26.0.7.csv,,,,,,,,,,,,,,,,,,,,,,,,,,,,,,,,,,,,,,,,,,,,,,,,,,,,,,,,,,,,,,,,,,,,,,,,,,,,,,,,,,,,,,
PA_PRO_ACRYL_DARK_GREEN_BROWN,Dark Green Brown,#72481E,114.0,72.0,30.0,"114,72,30",XV-88,Base,GW_BASE_XV_88,#72481E,"114,72,30",19.0,778.1,Low/manual audit,||,|,Loose: Company + Paint_Name,AK_Interactive_registry_26.0.7.csv,,,,,,,,,,,,,,,,,,,,,,,,,,,,,,,,,,,,,,,,,,,,,,,,,,,,,,,,,,,,,,,,,,,,,,,,,,,,,,,,,,,,,,
PA_PRO_ACRYL_DARK_GOLDEN_BROWN,Dark Golden Brown,#72481E,114.0,72.0,30.0,"114,72,30",XV-88,Base,GW_BASE_XV_88,#72481E,"114,72,30",19.0,530.5,Medium,||,|,Loose: Company + Paint_Name,AK_Interactive_registry_26.0.7.csv,,,,,,,,,,,,,,,,,,,,,,,,,,,,,,,,,,,,,,,,,,,,,,,,,,,,,,,,,,,,,,,,,,,,,,,,,,,,,,,,,,,,,,
PA_PRO_ACRYL_DRAB_BROWN,Drab Brown,#72481E,114.0,72.0,30.0,"114,72,30",XV-88,Base,GW_BASE_XV_88,#72481E,"114,72,30",19.0,864.2,Low/manual audit,||,|,Loose: Company + Paint_Name,AK_Interactive_registry_26.0.7.csv,,,,,,,,,,,,,,,,,,,,,,,,,,,,,,,,,,,,,,,,,,,,,,,,,,,,,,,,,,,,,,,,,,,,,,,,,,,,,,,,,,,,,,
PA_PRO_ACRYL_CARAMEL_BROWN,Caramel Brown,#72481E,114.0,72.0,30.0,"114,72,30",XV-88,Base,GW_BASE_XV_88,#72481E,"114,72,30",19.0,654.2,Medium,||,|,Loose: Company + Paint_Name,AK_Interactive_registry_26.0.7.csv,,,,,,,,,,,,,,,,,,,,,,,,,,,,,,,,,,,,,,,,,,,,,,,,,,,,,,,,,,,,,,,,,,,,,,,,,,,,,,,,,,,,,,
PA_PRO_ACRYL_RED_OXIDE,Red Oxide,#B36853,179.0,104.0,83.0,"179,104,83",Deathclaw Brown,Layer,GW_LAYER_DEATHCLAW_BROWN,#B36853,"179,104,83",20.0,419.0,Medium,||,|,Loose: Company + Paint_Name,AK_Interactive_registry_26.0.7.csv,,,,,,,,,,,,,,,,,,,,,,,,,,,,,,,,,,,,,,,,,,,,,,,,,,,,,,,,,,,,,,,,,,,,,,,,,,,,,,,,,,,,,,
PA_PRO_ACRYL_DARK_FLESH,Dark Flesh,#904A0F,144.0,74.0,15.0,"144,74,15",Skrag Brown,Layer,GW_LAYER_SKRAG_BROWN,#904A0F,"144,74,15",20.0,800.0,Low/manual audit,||,|,Loose: Company + Paint_Name,AK_Interactive_registry_26.0.7.csv,,,,,,,,,,,,,,,,,,,,,,,,,,,,,,,,,,,,,,,,,,,,,,,,,,,,,,,,,,,,,,,,,,,,,,,,,,,,,,,,,,,,,,
PA_PRO_ACRYL_MAHOGANY,Mahogany,#493335,73.0,51.0,53.0,"73,51,53",Rhinox Hide,Base,GW_BASE_RHINOX_HIDE,#493335,"73,51,53",20.0,769.2,Low/manual audit,||,|,Loose: Company + Paint_Name,AK_Interactive_registry_26.0.7.csv,,,,,,,,,,,,,,,,,,,,,,,,,,,,,,,,,,,,,,,,,,,,,,,,,,,,,,,,,,,,,,,,,,,,,,,,,,,,,,,,,,,,,,
PA_PRO_ACRYL_BURNT_SIENNA,Burnt Sienna,#5D000A,93.0,0.0,10.0,"93,0,10",Doombull Brown,Layer,GW_LAYER_DOOMBULL_BROWN,#5D000A,"93,0,10",20.0,506.7,Medium,||,|,Loose: Company + Paint_Name,AK_Interactive_registry_26.0.7.csv,,,,,,,,,,,,,,,,,,,,,,,,,,,,,,,,,,,,,,,,,,,,,,,,,,,,,,,,,,,,,,,,,,,,,,,,,,,,,,,,,,,,,,
PA_PRO_ACRYL_GOLDEN_BROWN,Golden Brown,#D7A767,215.0,167.0,103.0,"215,167,103",Ungor Flesh,Layer,GW_LAYER_UNGOR_FLESH,#D7A767,"215,167,103",20.0,330.0,High,||,|,Loose: Company + Paint_Name,AK_Interactive_registry_26.0.7.csv,,,,,,,,,,,,,,,,,,,,,,,,,,,,,,,,,,,,,,,,,,,,,,,,,,,,,,,,,,,,,,,,,,,,,,,,,,,,,,,,,,,,,,
PA_PRO_ACRYL_WARM_FLESH,Warm Flesh,#CBB48B,203.0,180.0,139.0,"203,180,139",Flayed One Flesh,Layer,GW_LAYER_FLAYED_ONE_FLESH,#CBB48B,"203,180,139",21.0,530.7,Medium,||,|,Loose: Company + Paint_Name,AK_Interactive_registry_26.0.7.csv,,,,,,,,,,,,,,,,,,,,,,,,,,,,,,,,,,,,,,,,,,,,,,,,,,,,,,,,,,,,,,,,,,,,,,,,,,,,,,,,,,,,,,
PA_PRO_ACRYL_BEIGE_RED,Beige Red,#D7A767,215.0,167.0,103.0,"215,167,103",Ungor Flesh,Layer,GW_LAYER_UNGOR_FLESH,#D7A767,"215,167,103",21.0,865.4,Low/manual audit,||,|,Loose: Company + Paint_Name,AK_Interactive_registry_26.0.7.csv,,,,,,,,,,,,,,,,,,,,,,,,,,,,,,,,,,,,,,,,,,,,,,,,,,,,,,,,,,,,,,,,,,,,,,,,,,,,,,,,,,,,,,
PA_PRO_ACRYL_DARK_WARM_FLESH,Dark Warm Flesh,#AE6B4E,174.0,107.0,78.0,"174,107,78",Ratskin Flesh,Base,GW_BASE_RATSKIN_FLESH,#AE6B4E,"174,107,78",21.0,419.0,Medium,||,|,Loose: Company + Paint_Name,AK_Interactive_registry_26.0.7.csv,,,,,,,,,,,,,,,,,,,,,,,,,,,,,,,,,,,,,,,,,,,,,,,,,,,,,,,,,,,,,,,,,,,,,,,,,,,,,,,,,,,,,,
PA_PRO_ACRYL_TAN_FLESH,Tan Flesh,#845045,132.0,80.0,69.0,"132,80,69",Bugman‘s Glow,Base,GW_BASE_BUGMAN_S_GLOW,#845045,"132,80,69",22.0,335.2,High,||,|,Loose: Company + Paint_Name,AK_Interactive_registry_26.0.7.csv,,,,,,,,,,,,,,,,,,,,,,,,,,,,,,,,,,,,,,,,,,,,,,,,,,,,,,,,,,,,,,,,,,,,,,,,,,,,,,,,,,,,,,
PA_PRO_ACRYL_ADVANCED_FLESH_TONE,Advanced Flesh Tone,#AE6B4E,174.0,107.0,78.0,"174,107,78",Ratskin Flesh,Base,GW_BASE_RATSKIN_FLESH,#AE6B4E,"174,107,78",21.0,334.5,High,||,|,Loose: Company + Paint_Name,AK_Interactive_registry_26.0.7.csv,,,,,,,,,,,,,,,,,,,,,,,,,,,,,,,,,,,,,,,,,,,,,,,,,,,,,,,,,,,,,,,,,,,,,,,,,,,,,,,,,,,,,,
PA_PRO_ACRYL_BRIGHT_SHADOW_FLESH,Bright Shadow Flesh,#AE6B4E,174.0,107.0,78.0,"174,107,78",Ratskin Flesh,Base,GW_BASE_RATSKIN_FLESH,#AE6B4E,"174,107,78",22.0,322.5,High,||,|,Loose: Company + Paint_Name,AK_Interactive_registry_26.0.7.csv,,,,,,,,,,,,,,,,,,,,,,,,,,,,,,,,,,,,,,,,,,,,,,,,,,,,,,,,,,,,,,,,,,,,,,,,,,,,,,,,,,,,,,
PA_PRO_ACRYL_SHADOW_FLESH,Shadow Flesh,#AE6B4E,174.0,107.0,78.0,"174,107,78",Ratskin Flesh,Base,GW_BASE_RATSKIN_FLESH,#AE6B4E,"174,107,78",22.0,800.0,Low/manual audit,||,|,Loose: Company + Paint_Name,AK_Interactive_registry_26.0.7.csv,,,,,,,,,,,,,,,,,,,,,,,,,,,,,,,,,,,,,,,,,,,,,,,,,,,,,,,,,,,,,,,,,,,,,,,,,,,,,,,,,,,,,,
PA_PRO_ACRYL_WARM_BROWN,Warm Brown,#654641,101.0,70.0,65.0,"101,70,65",Gorthor Brown,Layer,GW_LAYER_GORTHOR_BROWN,#654641,"101,70,65",23.0,532.6,Medium,||,|,Loose: Company + Paint_Name,AK_Interactive_registry_26.0.7.csv,,,,,,,,,,,,,,,,,,,,,,,,,,,,,,,,,,,,,,,,,,,,,,,,,,,,,,,,,,,,,,,,,,,,,,,,,,,,,,,,,,,,,,
PA_PRO_ACRYL_BLACK_BROWN,Black Brown,#493335,73.0,51.0,53.0,"73,51,53",Rhinox Hide,Base,GW_BASE_RHINOX_HIDE,#493335,"73,51,53",23.0,400.0,Medium,||,|,Loose: Company + Paint_Name,AK_Interactive_registry_26.0.7.csv,,,,,,,,,,,,,,,,,,,,,,,,,,,,,,,,,,,,,,,,,,,,,,,,,,,,,,,,,,,,,,,,,,,,,,,,,,,,,,,,,,,,,,
PA_PRO_ACRYL_LIGHT_UMBER,Light Umber,#654641,101.0,70.0,65.0,"101,70,65",Gorthor Brown,Layer,GW_LAYER_GORTHOR_BROWN,#654641,"101,70,65",23.0,334.5,High,||,|,Loose: Company + Paint_Name,AK_Interactive_registry_26.0.7.csv,,,,,,,,,,,,,,,,,,,,,,,,,,,,,,,,,,,,,,,,,,,,,,,,,,,,,,,,,,,,,,,,,,,,,,,,,,,,,,,,,,,,,,
PA_PRO_ACRYL_DARK_UMBER,Dark Umber,#650A09,101.0,10.0,9.0,"101,10,9",Mournfang Brown,Base,GW_BASE_MOURNFANG_BROWN,#650A09,"101,10,9",23.0,381.1,High,||,|,Loose: Company + Paint_Name,AK_Interactive_registry_26.0.7.csv,,,,,,,,,,,,,,,,,,,,,,,,,,,,,,,,,,,,,,,,,,,,,,,,,,,,,,,,,,,,,,,,,,,,,,,,,,,,,,,,,,,,,,
PA_PRO_ACRYL_RED_GREY,Red Grey,#A29E92,162.0,158.0,146.0,"162,158,146",Rakarth Flesh,Base,GW_BASE_RAKARTH_FLESH,#A29E92,"162,158,146",24.0,400.0,Medium,||,|,Loose: Company + Paint_Name,AK_Interactive_registry_26.0.7.csv,,,,,,,,,,,,,,,,,,,,,,,,,,,,,,,,,,,,,,,,,,,,,,,,,,,,,,,,,,,,,,,,,,,,,,,,,,,,,,,,,,,,,,
PA_PRO_ACRYL_BROWN_GREY,Brown Grey,#736C66,115.0,108.0,102.0,"115,108,102",Stormvermin Fur,Layer,GW_LAYER_STORMVERMIN_FUR,#736C66,"115,108,102",24.0,1068.7,Low/manual audit,||,|,Loose: Company + Paint_Name,AK_Interactive_registry_26.0.7.csv,,,,,,,,,,,,,,,,,,,,,,,,,,,,,,,,,,,,,,,,,,,,,,,,,,,,,,,,,,,,,,,,,,,,,,,,,,,,,,,,,,,,,,
PA_PRO_ACRYL_BRIGHT_WARM_GREY,Bright Warm Grey,#736C66,115.0,108.0,102.0,"115,108,102",Stormvermin Fur,Layer,GW_LAYER_STORMVERMIN_FUR,#736C66,"115,108,102",24.0,400.0,Medium,||,|,Loose: Company + Paint_Name,AK_Interactive_registry_26.0.7.csv,,,,,,,,,,,,,,,,,,,,,,,,,,,,,,,,,,,,,,,,,,,,,,,,,,,,,,,,,,,,,,,,,,,,,,,,,,,,,,,,,,,,,,
PA_PRO_ACRYL_WARM_GREY,Warm Grey,#C7E0DA,199.0,224.0,218.0,"199,224,218",Ulthuan Grey,Layer,GW_LAYER_ULTHUAN_GREY,#C7E0DA,"199,224,218",25.0,772.4,Low/manual audit,||,|,Loose: Company + Paint_Name,AK_Interactive_registry_26.0.7.csv,,,,,,,,,,,,,,,,,,,,,,,,,,,,,,,,,,,,,,,,,,,,,,,,,,,,,,,,,,,,,,,,,,,,,,,,,,,,,,,,,,,,,,
PA_PRO_ACRYL_DARK_WARM_GREY,Dark Warm Grey,#48413B,72.0,65.0,59.0,"72,65,59",Skavenblight Dinge,Layer,GW_LAYER_SKAVENBLIGHT_DINGE,#48413B,"72,65,59",25.0,326.0,High,||,|,Loose: Company + Paint_Name,AK_Interactive_registry_26.0.7.csv,,,,,,,,,,,,,,,,,,,,,,,,,,,,,,,,,,,,,,,,,,,,,,,,,,,,,,,,,,,,,,,,,,,,,,,,,,,,,,,,,,,,,,
PA_PRO_ACRYL_BOLD_TITANIUM_WHITE,Bold Titanium White,#C7E0DA,199.0,224.0,218.0,"199,224,218",Ulthuan Grey,Layer,GW_LAYER_ULTHUAN_GREY,#C7E0DA,"199,224,218",25.0,418.5,Medium,||,|,Loose: Company + Paint_Name,AK_Interactive_registry_26.0.7.csv,,,,,,,,,,,,,,,,,,,,,,,,,,,,,,,,,,,,,,,,,,,,,,,,,,,,,,,,,,,,,,,,,,,,,,,,,,,,,,,,,,,,,,
PA_PRO_ACRYL_HEAVY_TITANI_UM_WHITE,Heavy Titani- um White,#FFFFFF,255.0,255.0,255.0,"255,255,255",Corax White,Base,GW_BASE_CORAX_WHITE,#FFFFFF,"255,255,255",25.0,418.5,Medium,||,|,Loose: Company + Paint_Name,AK_Interactive_registry_26.0.7.csv,,,,,,,,,,,,,,,,,,,,,,,,,,,,,,,,,,,,,,,,,,,,,,,,,,,,,,,,,,,,,,,,,,,,,,,,,,,,,,,,,,,,,,
PA_PRO_ACRYL_BRIGHT_NEUTRAL_GREY,Bright Neutral Grey,#FFFFFF,255.0,255.0,255.0,"255,255,255",Corax White,Base,GW_BASE_CORAX_WHITE,#FFFFFF,"255,255,255",25.0,334.5,High,||,|,Loose: Company + Paint_Name,AK_Interactive_registry_26.0.7.csv,,,,,,,,,,,,,,,,,,,,,,,,,,,,,,,,,,,,,,,,,,,,,,,,,,,,,,,,,,,,,,,,,,,,,,,,,,,,,,,,,,,,,,
PA_PRO_ACRYL_NEUTRAL_GREY,Neutral Grey,#4A4F53,74.0,79.0,83.0,"74,79,83",Eshin Grey,Layer,GW_LAYER_ESHIN_GREY,#4A4F53,"74,79,83",25.0,771.7,Low/manual audit,||,|,Loose: Company + Paint_Name,AK_Interactive_registry_26.0.7.csv,,,,,,,,,,,,,,,,,,,,,,,,,,,,,,,,,,,,,,,,,,,,,,,,,,,,,,,,,,,,,,,,,,,,,,,,,,,,,,,,,,,,,,
PA_PRO_ACRYL_DARK_NEUTRAL_GREY,Dark Neutral Grey,#4A4F53,74.0,79.0,83.0,"74,79,83",Eshin Grey,Layer,GW_LAYER_ESHIN_GREY,#4A4F53,"74,79,83",25.0,322.5,High,||,|,Loose: Company + Paint_Name,AK_Interactive_registry_26.0.7.csv,,,,,,,,,,,,,,,,,,,,,,,,,,,,,,,,,,,,,,,,,,,,,,,,,,,,,,,,,,,,,,,,,,,,,,,,,,,,,,,,,,,,,,
PA_PRO_ACRYL_COAL_BLACK,Coal Black,#231F20,35.0,31.0,32.0,"35,31,32",Abaddon Black,Base,GW_BASE_ABADDON_BLACK,#231F20,"35,31,32",27.0,326.5,High,||,|,Loose: Company + Paint_Name,AK_Interactive_registry_26.0.7.csv,,,,,,,,,,,,,,,,,,,,,,,,,,,,,,,,,,,,,,,,,,,,,,,,,,,,,,,,,,,,,,,,,,,,,,,,,,,,,,,,,,,,,,
PA_PRO_ACRYL_SATIN_BLACK,Satin Black,#3C5051,60.0,80.0,81.0,"60,80,81",Dark Reaper,Layer,GW_LAYER_DARK_REAPER,#3C5051,"60,80,81",27.0,518.6,Medium,||,|,Loose: Company + Paint_Name,AK_Interactive_registry_26.0.7.csv,,,,,,,,,,,,,,,,,,,,,,,,,,,,,,,,,,,,,,,,,,,,,,,,,,,,,,,,,,,,,,,,,,,,,,,,,,,,,,,,,,,,,,
PA_PRO_ACRYL_SILVER,Silver,#C6CBD0,198.0,203.0,208.0,"198,203,208",Runefang Steel,Layer,GW_LAYER_RUNEFANG_STEEL,#C6CBD0,"198,203,208",28.0,654.2,Medium,||,|,Loose: Company + Paint_Name,AK_Interactive_registry_26.0.7.csv,,,,,,,,,,,,,,,,,,,,,,,,,,,,,,,,,,,,,,,,,,,,,,,,,,,,,,,,,,,,,,,,,,,,,,,,,,,,,,,,,,,,,,
PA_PRO_ACRYL_DARK_SILVER,Dark Silver,#475659,71.0,86.0,89.0,"71,86,89",Leadbelcher,Base,GW_BASE_LEADBELCHER,#475659,"71,86,89",28.0,518.6,Medium,||,|,Loose: Company + Paint_Name,AK_Interactive_registry_26.0.7.csv,,,,,,,,,,,,,,,,,,,,,,,,,,,,,,,,,,,,,,,,,,,,,,,,,,,,,,,,,,,,,,,,,,,,,,,,,,,,,,,,,,,,,,
PA_PRO_ACRYL_WHITE_GOLD,White Gold,#CEAE65,206.0,174.0,101.0,"206,174,101",Retributor Armour,Base,GW_BASE_RETRIBUTOR_ARMOUR,#CEAE65,"206,174,101",29.0,755.2,Low/manual audit,||,|,Loose: Company + Paint_Name,AK_Interactive_registry_26.0.7.csv,,,,,,,,,,,,,,,,,,,,,,,,,,,,,,,,,,,,,,,,,,,,,,,,,,,,,,,,,,,,,,,,,,,,,,,,,,,,,,,,,,,,,,
PA_PRO_ACRYL_LIGHT_BRONZE,Light Bronze,#D5C4AA,213.0,196.0,170.0,"213,196,170",Liberator Gold,Layer,GW_LAYER_LIBERATOR_GOLD,#D5C4AA,"213,196,170",29.0,664.3,Medium,||,|,Loose: Company + Paint_Name,AK_Interactive_registry_26.0.7.csv,,,,,,,,,,,,,,,,,,,,,,,,,,,,,,,,,,,,,,,,,,,,,,,,,,,,,,,,,,,,,,,,,,,,,,,,,,,,,,,,,,,,,,
PA_PRO_ACRYL_BRIGHT_GOLD,Bright Gold,#D5C4AA,213.0,196.0,170.0,"213,196,170",Liberator Gold,Layer,GW_LAYER_LIBERATOR_GOLD,#D5C4AA,"213,196,170",29.0,334.5,High,||,|,Loose: Company + Paint_Name,AK_Interactive_registry_26.0.7.csv,,,,,,,,,,,,,,,,,,,,,,,,,,,,,,,,,,,,,,,,,,,,,,,,,,,,,,,,,,,,,,,,,,,,,,,,,,,,,,,,,,,,,,
PA_PRO_ACRYL_RICH_GOLD,Rich Gold,#CEAE65,206.0,174.0,101.0,"206,174,101",Retributor Armour,Base,GW_BASE_RETRIBUTOR_ARMOUR,#CEAE65,"206,174,101",29.0,322.6,High,||,|,Loose: Company + Paint_Name,AK_Interactive_registry_26.0.7.csv,,,,,,,,,,,,,,,,,,,,,,,,,,,,,,,,,,,,,,,,,,,,,,,,,,,,,,,,,,,,,,,,,,,,,,,,,,,,,,,,,,,,,,
PA_PRO_ACRYL_BRONZE,Bronze,#CBB394,203.0,179.0,148.0,"203,179,148",Sycorax Bronze,Layer,GW_LAYER_SYCORAX_BRONZE,#CBB394,"203,179,148",30.0,1287.9,Low/manual audit,||,|,Loose: Company + Paint_Name,AK_Interactive_registry_26.0.7.csv,,,,,,,,,,,,,,,,,,,,,,,,,,,,,,,,,,,,,,,,,,,,,,,,,,,,,,,,,,,,,,,,,,,,,,,,,,,,,,,,,,,,,,
PA_PRO_ACRYL_MAGNESIUM,Magnesium,#CBB394,203.0,179.0,148.0,"203,179,148",Sycorax Bronze,Layer,GW_LAYER_SYCORAX_BRONZE,#CBB394,"203,179,148",30.0,881.5,Low/manual audit,||,|,Loose: Company + Paint_Name,AK_Interactive_registry_26.0.7.csv,,,,,,,,,,,,,,,,,,,,,,,,,,,,,,,,,,,,,,,,,,,,,,,,,,,,,,,,,,,,,,,,,,,,,,,,,,,,,,,,,,,,,,
PA_PRO_ACRYL_COPPER,Copper,#C69169,198.0,145.0,105.0,"198,145,105",Hashut Copper,Layer,GW_LAYER_HASHUT_COPPER,#C69169,"198,145,105",30.0,330.6,High,||,|,Loose: Company + Paint_Name,AK_Interactive_registry_26.0.7.csv,,,,,,,,,,,,,,,,,,,,,,,,,,,,,,,,,,,,,,,,,,,,,,,,,,,,,,,,,,,,,,,,,,,,,,,,,,,,,,,,,,,,,,
PA_PRO_ACRYL_DARK_BRONZE,Dark Bronze,#CBB394,203.0,179.0,148.0,"203,179,148",Sycorax Bronze,Layer,GW_LAYER_SYCORAX_BRONZE,#CBB394,"203,179,148",30.0,535.8,Medium,||,|,Loose: Company + Paint_Name,AK_Interactive_registry_26.0.7.csv,,,,,,,,,,,,,,,,,,,,,,,,,,,,,,,,,,,,,,,,,,,,,,,,,,,,,,,,,,,,,,,,,,,,,,,,,,,,,,,,,,,,,,
AP_AIR_ALIEN_PURPLE,,,,,,,,,,,,,,,army painter|air|alien purple,army painter|alien purple,Loose: Company + Paint_Name,Army_Painter_registry_26.0.11_aligned.csv,Army Painter,Warpaints Air,Air,AIR,72.076,Alien Purple,ALIEN_PURPLE,#50317B,80.0,49.0,123.0,"80,49,123",Air,Active/Unknown,All_Warpaints_Air.pdf,Official Warpaints Air poster; Hex/RGB filled only if already available from supplied swatch data,#50317B,,,,,,All_Warpaints_Air.pdf,,,,,,,,,,,Air,,,,,,,,,,,,,,,,,,,,,,,,,,,,,,,,,,,,,,,,,,,,,,,,,,,,
AP_AIR_ANGEL_GREEN,,,,,,,,,,,,,,,army painter|air|angel green,army painter|angel green,Loose: Company + Paint_Name,Army_Painter_registry_26.0.11_aligned.csv,Army Painter,Warpaints Air,Air,AIR,72.123,Angel Green,ANGEL_GREEN,#0C391D,12.0,57.0,29.0,"12,57,29",Air,Active/Unknown,All_Warpaints_Air.pdf,Official Warpaints Air poster; Hex/RGB filled only if already available from supplied swatch data,#0C391D,,,,,,All_Warpaints_Air.pdf,,,,,,,,,,,Air,,,,,,,,,,,,,,,,,,,,,,,,,,,,,,,,,,,,,,,,,,,,,,,,,,,,
AP_AIR_ARMY_GREEN,,,,,,,,,,,,,,,army painter|air|army green,army painter|army green,Loose: Company + Paint_Name,Army_Painter_registry_26.0.11_aligned.csv,Army Painter,Warpaints Air,Air,AIR,WP3068,Army Green,ARMY_GREEN,#6E7645,110.0,118.0,69.0,"110,118,69",Air,Active/Unknown,All_Warpaints_Air.pdf,Official Warpaints Air poster; Hex/RGB filled only if already available from supplied swatch data,#6E7645,,,,,,All_Warpaints_Air.pdf,,,,,,,,,,,Air,,,,,,,,,,,,,,,,,,,,,,,,,,,,,,,,,,,,,,,,,,,,,,,,,,,,
AP_AIR_BARBARIAN_FLESH,,,,,,,,,,,,,,,army painter|air|barbarian flesh,army painter|barbarian flesh,Loose: Company + Paint_Name,Army_Painter_registry_26.0.11_aligned.csv,Army Painter,Warpaints Air,Air,AIR,WP3147,Barbarian Flesh,BARBARIAN_FLESH,#E89C6C,232.0,156.0,108.0,"232,156,108",Air,Active/Unknown,All_Warpaints_Air.pdf,Official Warpaints Air poster; Hex/RGB filled only if already available from supplied swatch data,#E89C6C,,,,,,All_Warpaints_Air.pdf,,,,,,,,,,,Air,,,,,,,,,,,,,,,,,,,,,,,,,,,,,,,,,,,,,,,,,,,,,,,,,,,,
AP_AIR_BRIGHT_GOLD,,,,,,,,,,,,,,,army painter|air|bright gold,army painter|bright gold,Loose: Company + Paint_Name,Army_Painter_registry_26.0.11_aligned.csv,Army Painter,Warpaints Air,Air,AIR,,Bright Gold,BRIGHT_GOLD,,,,,,Air Metallic/Effect,Active/Unknown,All_Warpaints_Air.pdf,Official Warpaints Air poster; Hex/RGB filled only if already available from supplied swatch data,,,,,,,All_Warpaints_Air.pdf,,,,,,,,,,,Air Metallic/Effect,,,,,,,,,,,,,,,,,,,,,,,,,,,,,,,,,,,,,,,,,,,,,,,,,,,,
AP_AIR_CRYSTAL_BLUE,,,,,,,,,,,,,,,army painter|air|crystal blue,army painter|crystal blue,Loose: Company + Paint_Name,Army_Painter_registry_26.0.11_aligned.csv,Army Painter,Warpaints Air,Air,AIR,WP3028,Crystal Blue,CRYSTAL_BLUE,#0083C2,0.0,131.0,194.0,"0,131,194",Air,Active/Unknown,All_Warpaints_Air.pdf,Official Warpaints Air poster; Hex/RGB filled only if already available from supplied swatch data,#0083C2,,,,,,All_Warpaints_Air.pdf,,,,,,,,,,,Air,,,,,,,,,,,,,,,,,,,,,,,,,,,,,,,,,,,,,,,,,,,,,,,,,,,,
AP_AIR_DAEMONIC_YELLOW,,,,,,,,,,,,,,,army painter|air|daemonic yellow,army painter|daemonic yellow,Loose: Company + Paint_Name,Army_Painter_registry_26.0.11_aligned.csv,Army Painter,Warpaints Air,Air,AIR,WP3093,Daemonic Yellow,DAEMONIC_YELLOW,#FADA06,250.0,218.0,6.0,"250,218,6",Air,Active/Unknown,All_Warpaints_Air.pdf,Official Warpaints Air poster; Hex/RGB filled only if already available from supplied swatch data,#FADA06,,,,,,All_Warpaints_Air.pdf,,,,,,,,,,,Air,,,,,,,,,,,,,,,,,,,,,,,,,,,,,,,,,,,,,,,,,,,,,,,,,,,,
AP_AIR_DESERT_YELLOW,,,,,,,,,,,,,,,army painter|air|desert yellow,army painter|desert yellow,Loose: Company + Paint_Name,Army_Painter_registry_26.0.11_aligned.csv,Army Painter,Warpaints Air,Air,AIR,72.063,Desert Yellow,DESERT_YELLOW,#9C8855,156.0,136.0,85.0,"156,136,85",Air,Active/Unknown,All_Warpaints_Air.pdf,Official Warpaints Air poster; Hex/RGB filled only if already available from supplied swatch data,#9C8855,,,,,,All_Warpaints_Air.pdf,,,,,,,,,,,Air,,,,,,,,,,,,,,,,,,,,,,,,,,,,,,,,,,,,,,,,,,,,,,,,,,,,
AP_AIR_DRAGON_RED,,,,,,,,,,,,,,,army painter|air|dragon red,army painter|dragon red,Loose: Company + Paint_Name,Army_Painter_registry_26.0.11_aligned.csv,Army Painter,Warpaints Air,Air,AIR,WP3117,Dragon Red,DRAGON_RED,#9A1B1E,154.0,27.0,30.0,"154,27,30",Air,Active/Unknown,All_Warpaints_Air.pdf,Official Warpaints Air poster; Hex/RGB filled only if already available from supplied swatch data,#9A1B1E,,,,,,All_Warpaints_Air.pdf,,,,,,,,,,,Air,,,,,,,,,,,,,,,,,,,,,,,,,,,,,,,,,,,,,,,,,,,,,,,,,,,,
AP_AIR_EVIL_CHROME,,,,,,,,,,,,,,,army painter|air|evil chrome,army painter|evil chrome,Loose: Company + Paint_Name,Army_Painter_registry_26.0.11_aligned.csv,Army Painter,Warpaints Air,Air,AIR,,Evil Chrome,EVIL_CHROME,,,,,,Air,Active/Unknown,All_Warpaints_Air.pdf,Official Warpaints Air poster; Hex/RGB filled only if already available from supplied swatch data,,,,,,,All_Warpaints_Air.pdf,,,,,,,,,,,Air,,,,,,,,,,,,,,,,,,,,,,,,,,,,,,,,,,,,,,,,,,,,,,,,,,,,
AP_AIR_FUR_BROWN,,,,,,,,,,,,,,,army painter|air|fur brown,army painter|fur brown,Loose: Company + Paint_Name,Army_Painter_registry_26.0.11_aligned.csv,Army Painter,Warpaints Air,Air,AIR,WP3112,Fur Brown,FUR_BROWN,#A14322,161.0,67.0,34.0,"161,67,34",Air,Active/Unknown,All_Warpaints_Air.pdf,Official Warpaints Air poster; Hex/RGB filled only if already available from supplied swatch data,#A14322,,,,,,All_Warpaints_Air.pdf,,,,,,,,,,,Air,,,,,,,,,,,,,,,,,,,,,,,,,,,,,,,,,,,,,,,,,,,,,,,,,,,,
AP_AIR_GEMSTONE_RED,,,,,,,,,,,,,,,army painter|air|gemstone red,army painter|gemstone red,Loose: Company + Paint_Name,Army_Painter_registry_26.0.11_aligned.csv,Army Painter,Warpaints Air,Air,AIR,,Gemstone Red,GEMSTONE_RED,,,,,,Air Metallic/Effect,Active/Unknown,All_Warpaints_Air.pdf,Official Warpaints Air poster; Hex/RGB filled only if already available from supplied swatch data,,,,,,,All_Warpaints_Air.pdf,,,,,,,,,,,Air Metallic/Effect,,,,,,,,,,,,,,,,,,,,,,,,,,,,,,,,,,,,,,,,,,,,,,,,,,,,
AP_AIR_GLITTERING_GREEN,,,,,,,,,,,,,,,army painter|air|glittering green,army painter|glittering green,Loose: Company + Paint_Name,Army_Painter_registry_26.0.11_aligned.csv,Army Painter,Warpaints Air,Air,AIR,,Glittering Green,GLITTERING_GREEN,,,,,,Air Metallic/Effect,Active/Unknown,All_Warpaints_Air.pdf,Official Warpaints Air poster; Hex/RGB filled only if already available from supplied swatch data,,,,,,,All_Warpaints_Air.pdf,,,,,,,,,,,Air Metallic/Effect,,,,,,,,,,,,,,,,,,,,,,,,,,,,,,,,,,,,,,,,,,,,,,,,,,,,
AP_AIR_GLOSS_VARNISH,,,,,,,,,,,,,,,army painter|air|gloss varnish,army painter|gloss varnish,Loose: Company + Paint_Name,Army_Painter_registry_26.0.11_aligned.csv,Army Painter,Warpaints Air,Air,AIR,70.510,Gloss Varnish,GLOSS_VARNISH,,,,,,Auxiliary,Active/Unknown,All_Warpaints_Air.pdf,Official Warpaints Air poster; Hex/RGB filled only if already available from supplied swatch data,,,,,,,All_Warpaints_Air.pdf,,,,,,,,,,,Varnish,,,,,,,,,,,,,,,,,,,,,,,,,,,,,,,,,,,,,,,,,,,,,,,,,,,,
AP_AIR_GREEDY_GOLD,,,,,,,,,,,,,,,army painter|air|greedy gold,army painter|greedy gold,Loose: Company + Paint_Name,Army_Painter_registry_26.0.11_aligned.csv,Army Painter,Warpaints Air,Air,AIR,,Greedy Gold,GREEDY_GOLD,,,,,,Air Metallic/Effect,Active/Unknown,All_Warpaints_Air.pdf,Official Warpaints Air poster; Hex/RGB filled only if already available from supplied swatch data,,,,,,,All_Warpaints_Air.pdf,,,,,,,,,,,Air Metallic/Effect,,,,,,,,,,,,,,,,,,,,,,,,,,,,,,,,,,,,,,,,,,,,,,,,,,,,
AP_AIR_GREENSKIN,,,,,,,,,,,,,,,army painter|air|greenskin,army painter|greenskin,Loose: Company + Paint_Name,Army_Painter_registry_26.0.11_aligned.csv,Army Painter,Warpaints Air,Air,AIR,WP3051,Greenskin,GREENSKIN,#136232,19.0,98.0,50.0,"19,98,50",Air,Active/Unknown,All_Warpaints_Air.pdf,Official Warpaints Air poster; Hex/RGB filled only if already available from supplied swatch data,#136232,,,,,,All_Warpaints_Air.pdf,,,,,,,,,,,Air,,,,,,,,,,,,,,,,,,,,,,,,,,,,,,,,,,,,,,,,,,,,,,,,,,,,
AP_AIR_GUN_METAL,,,,,,,,,,,,,,,army painter|air|gun metal,army painter|gun metal,Loose: Company + Paint_Name,Army_Painter_registry_26.0.11_aligned.csv,Army Painter,Warpaints Air,Air,AIR,71.072,Gun Metal,GUN_METAL,#393939,57.0,57.0,57.0,"57,57,57",Air Metallic/Effect,Active/Unknown,All_Warpaints_Air.pdf,Official Warpaints Air poster; Hex/RGB filled only if already available from supplied swatch data,#393939,,,,,,All_Warpaints_Air.pdf,,,,,,,,,,,Air Metallic/Effect,,,,,,,,,,,,,,,,,,,,,,,,,,,,,,,,,,,,,,,,,,,,,,,,,,,,
AP_AIR_HYDRA_TURQUOISE,,,,,,,,,,,,,,,army painter|air|hydra turquoise,army painter|hydra turquoise,Loose: Company + Paint_Name,Army_Painter_registry_26.0.11_aligned.csv,Army Painter,Warpaints Air,Air,AIR,WP3038,Hydra Turquoise,HYDRA_TURQUOISE,#199BA3,25.0,155.0,163.0,"25,155,163",Air,Active/Unknown,All_Warpaints_Air.pdf,Official Warpaints Air poster; Hex/RGB filled only if already available from supplied swatch data,#199BA3,,,,,,All_Warpaints_Air.pdf,,,,,,,,,,,Air,,,,,,,,,,,,,,,,,,,,,,,,,,,,,,,,,,,,,,,,,,,,,,,,,,,,
AP_AIR_LAVA_ORANGE,,,,,,,,,,,,,,,army painter|air|lava orange,army painter|lava orange,Loose: Company + Paint_Name,Army_Painter_registry_26.0.11_aligned.csv,Army Painter,Warpaints Air,Air,AIR,WP3099,Lava Orange,LAVA_ORANGE,#E65525,230.0,85.0,37.0,"230,85,37",Air,Active/Unknown,All_Warpaints_Air.pdf,Official Warpaints Air poster; Hex/RGB filled only if already available from supplied swatch data,#E65525,,,,,,All_Warpaints_Air.pdf,,,,,,,,,,,Air,,,,,,,,,,,,,,,,,,,,,,,,,,,,,,,,,,,,,,,,,,,,,,,,,,,,
AP_AIR_LEATHER_BROWN,,,,,,,,,,,,,,,army painter|air|leather brown,army painter|leather brown,Loose: Company + Paint_Name,Army_Painter_registry_26.0.11_aligned.csv,Army Painter,Warpaints Air,Air,AIR,72.040,Leather Brown,LEATHER_BROWN,#764823,118.0,72.0,35.0,"118,72,35",Air,Active/Unknown,All_Warpaints_Air.pdf,Official Warpaints Air poster; Hex/RGB filled only if already available from supplied swatch data,#764823,,,,,,All_Warpaints_Air.pdf,,,,,,,,,,,Air,,,,,,,,,,,,,,,,,,,,,,,,,,,,,,,,,,,,,,,,,,,,,,,,,,,,
AP_AIR_MATT_BLACK,,,,,,,,,,,,,,,army painter|air|matt black,army painter|matt black,Loose: Company + Paint_Name,Army_Painter_registry_26.0.11_aligned.csv,Army Painter,Warpaints Air,Air,AIR,WP3001,Matt Black,MATT_BLACK,#231F20,35.0,31.0,32.0,"35,31,32",Air,Active/Unknown,All_Warpaints_Air.pdf,Official Warpaints Air poster; Hex/RGB filled only if already available from supplied swatch data,#231F20,,,,,,All_Warpaints_Air.pdf,,,,,,,,,,,Air,,,,,,,,,,,,,,,,,,,,,,,,,,,,,,,,,,,,,,,,,,,,,,,,,,,,
AP_AIR_MATT_VARNISH,,,,,,,,,,,,,,,army painter|air|matt varnish,army painter|matt varnish,Loose: Company + Paint_Name,Army_Painter_registry_26.0.11_aligned.csv,Army Painter,Warpaints Air,Air,AIR,70.520,Matt Varnish,MATT_VARNISH,,,,,,Auxiliary,Active/Unknown,All_Warpaints_Air.pdf,Official Warpaints Air poster; Hex/RGB filled only if already available from supplied swatch data,,,,,,,All_Warpaints_Air.pdf,,,,,,,,,,,Varnish,,,,,,,,,,,,,,,,,,,,,,,,,,,,,,,,,,,,,,,,,,,,,,,,,,,,
AP_AIR_MATT_WHITE,,,,,,,,,,,,,,,army painter|air|matt white,army painter|matt white,Loose: Company + Paint_Name,Army_Painter_registry_26.0.11_aligned.csv,Army Painter,Warpaints Air,Air,AIR,WP3012,Matt White,MATT_WHITE,#FFFFFF,255.0,255.0,255.0,"255,255,255",Air,Active/Unknown,All_Warpaints_Air.pdf,Official Warpaints Air poster; Hex/RGB filled only if already available from supplied swatch data,#FFFFFF,,,,,,All_Warpaints_Air.pdf,,,,,,,,,,,Air,,,,,,,,,,,,,,,,,,,,,,,,,,,,,,,,,,,,,,,,,,,,,,,,,,,,
AP_AIR_NECROTIC_FLESH,,,,,,,,,,,,,,,army painter|air|necrotic flesh,army painter|necrotic flesh,Loose: Company + Paint_Name,Army_Painter_registry_26.0.11_aligned.csv,Army Painter,Warpaints Air,Air,AIR,WP3071,Necrotic Flesh,NECROTIC_FLESH,#BFC292,191.0,194.0,146.0,"191,194,146",Air,Active/Unknown,All_Warpaints_Air.pdf,Official Warpaints Air poster; Hex/RGB filled only if already available from supplied swatch data,#BFC292,,,,,,All_Warpaints_Air.pdf,,,,,,,,,,,Air,,,,,,,,,,,,,,,,,,,,,,,,,,,,,,,,,,,,,,,,,,,,,,,,,,,,
AP_AIR_OAK_BROWN,,,,,,,,,,,,,,,army painter|air|oak brown,army painter|oak brown,Loose: Company + Paint_Name,Army_Painter_registry_26.0.11_aligned.csv,Army Painter,Warpaints Air,Air,AIR,WP3109,Oak Brown,OAK_BROWN,#432010,67.0,32.0,16.0,"67,32,16",Air,Active/Unknown,All_Warpaints_Air.pdf,Official Warpaints Air poster; Hex/RGB filled only if already available from supplied swatch data,#432010,,,,,,All_Warpaints_Air.pdf,,,,,,,,,,,Air,,,,,,,,,,,,,,,,,,,,,,,,,,,,,,,,,,,,,,,,,,,,,,,,,,,,
AP_AIR_PIXIE_PINK,,,,,,,,,,,,,,,army painter|air|pixie pink,army painter|pixie pink,Loose: Company + Paint_Name,Army_Painter_registry_26.0.11_aligned.csv,Army Painter,Warpaints Air,Air,AIR,WP3123,Pixie Pink,PIXIE_PINK,#D47A83,212.0,122.0,131.0,"212,122,131",Air,Active/Unknown,All_Warpaints_Air.pdf,Official Warpaints Air poster; Hex/RGB filled only if already available from supplied swatch data,#D47A83,,,,,,All_Warpaints_Air.pdf,,,,,,,,,,,Air,,,,,,,,,,,,,,,,,,,,,,,,,,,,,,,,,,,,,,,,,,,,,,,,,,,,
AP_AIR_PLATE_MAIL_METAL,,,,,,,,,,,,,,,army painter|air|plate mail metal,army painter|plate mail metal,Loose: Company + Paint_Name,Army_Painter_registry_26.0.11_aligned.csv,Army Painter,Warpaints Air,Air,AIR,,Plate Mail Metal,PLATE_MAIL_METAL,,,,,,Air Metallic/Effect,Active/Unknown,All_Warpaints_Air.pdf,Official Warpaints Air poster; Hex/RGB filled only if already available from supplied swatch data,,,,,,,All_Warpaints_Air.pdf,,,,,,,,,,,Air Metallic/Effect,,,,,,,,,,,,,,,,,,,,,,,,,,,,,,,,,,,,,,,,,,,,,,,,,,,,
AP_AIR_PURE_RED,,,,,,,,,,,,,,,army painter|air|pure red,army painter|pure red,Loose: Company + Paint_Name,Army_Painter_registry_26.0.11_aligned.csv,Army Painter,Warpaints Air,Air,AIR,WP3118,Pure Red,PURE_RED,#CF2127,207.0,33.0,39.0,"207,33,39",Air,Active/Unknown,All_Warpaints_Air.pdf,Official Warpaints Air poster; Hex/RGB filled only if already available from supplied swatch data,#CF2127,,,,,,All_Warpaints_Air.pdf,,,,,,,,,,,Air,,,,,,,,,,,,,,,,,,,,,,,,,,,,,,,,,,,,,,,,,,,,,,,,,,,,
AP_AIR_ROUGH_IRON,,,,,,,,,,,,,,,army painter|air|rough iron,army painter|rough iron,Loose: Company + Paint_Name,Army_Painter_registry_26.0.11_aligned.csv,Army Painter,Warpaints Air,Air,AIR,,Rough Iron,ROUGH_IRON,,,,,,Air Metallic/Effect,Active/Unknown,All_Warpaints_Air.pdf,Official Warpaints Air poster; Hex/RGB filled only if already available from supplied swatch data,,,,,,,All_Warpaints_Air.pdf,,,,,,,,,,,Air Metallic/Effect,,,,,,,,,,,,,,,,,,,,,,,,,,,,,,,,,,,,,,,,,,,,,,,,,,,,
AP_AIR_SHINING_SILVER,,,,,,,,,,,,,,,army painter|air|shining silver,army painter|shining silver,Loose: Company + Paint_Name,Army_Painter_registry_26.0.11_aligned.csv,Army Painter,Warpaints Air,Air,AIR,,Shining Silver,SHINING_SILVER,,,,,,Air Metallic/Effect,Active/Unknown,All_Warpaints_Air.pdf,Official Warpaints Air poster; Hex/RGB filled only if already available from supplied swatch data,,,,,,,All_Warpaints_Air.pdf,,,,,,,,,,,Air Metallic/Effect,,,,,,,,,,,,,,,,,,,,,,,,,,,,,,,,,,,,,,,,,,,,,,,,,,,,
AP_AIR_SKELETON_BONE,,,,,,,,,,,,,,,army painter|air|skeleton bone,army painter|skeleton bone,Loose: Company + Paint_Name,Army_Painter_registry_26.0.11_aligned.csv,Army Painter,Warpaints Air,Air,AIR,WP3087,Skeleton Bone,SKELETON_BONE,#D3C89D,211.0,200.0,157.0,"211,200,157",Air,Active/Unknown,All_Warpaints_Air.pdf,Official Warpaints Air poster; Hex/RGB filled only if already available from supplied swatch data,#D3C89D,,,,,,All_Warpaints_Air.pdf,,,,,,,,,,,Air,,,,,,,,,,,,,,,,,,,,,,,,,,,,,,,,,,,,,,,,,,,,,,,,,,,,
AP_AIR_TAINTED_GOLD,,,,,,,,,,,,,,,army painter|air|tainted gold,army painter|tainted gold,Loose: Company + Paint_Name,Army_Painter_registry_26.0.11_aligned.csv,Army Painter,Warpaints Air,Air,AIR,,Tainted Gold,TAINTED_GOLD,,,,,,Air Metallic/Effect,Active/Unknown,All_Warpaints_Air.pdf,Official Warpaints Air poster; Hex/RGB filled only if already available from supplied swatch data,,,,,,,All_Warpaints_Air.pdf,,,,,,,,,,,Air Metallic/Effect,,,,,,,,,,,,,,,,,,,,,,,,,,,,,,,,,,,,,,,,,,,,,,,,,,,,
AP_AIR_TRUE_COPPER,,,,,,,,,,,,,,,army painter|air|true copper,army painter|true copper,Loose: Company + Paint_Name,Army_Painter_registry_26.0.11_aligned.csv,Army Painter,Warpaints Air,Air,AIR,,True Copper,TRUE_COPPER,,,,,,Air Metallic/Effect,Active/Unknown,All_Warpaints_Air.pdf,Official Warpaints Air poster; Hex/RGB filled only if already available from supplied swatch data,,,,,,,All_Warpaints_Air.pdf,,,,,,,,,,,Air Metallic/Effect,,,,,,,,,,,,,,,,,,,,,,,,,,,,,,,,,,,,,,,,,,,,,,,,,,,,
AP_AIR_ULTRAMARINE_BLUE,,,,,,,,,,,,,,,army painter|air|ultramarine blue,army painter|ultramarine blue,Loose: Company + Paint_Name,Army_Painter_registry_26.0.11_aligned.csv,Army Painter,Warpaints Air,Air,AIR,72.022,Ultramarine Blue,ULTRAMARINE_BLUE,#29397B,41.0,57.0,123.0,"41,57,123",Air,Active/Unknown,All_Warpaints_Air.pdf,Official Warpaints Air poster; Hex/RGB filled only if already available from supplied swatch data,#29397B,,,,,,All_Warpaints_Air.pdf,,,,,,,,,,,Air,,,,,,,,,,,,,,,,,,,,,,,,,,,,,,,,,,,,,,,,,,,,,,,,,,,,
AP_AIR_UNIFORM_GREY,,,,,,,,,,,,,,,army painter|air|uniform grey,army painter|uniform grey,Loose: Company + Paint_Name,Army_Painter_registry_26.0.11_aligned.csv,Army Painter,Warpaints Air,Air,AIR,WP3003,Uniform Grey,UNIFORM_GREY,#5E6A73,94.0,106.0,115.0,"94,106,115",Air,Active/Unknown,All_Warpaints_Air.pdf,Official Warpaints Air poster; Hex/RGB filled only if already available from supplied swatch data,#5E6A73,,,,,,All_Warpaints_Air.pdf,,,,,,,,,,,Air,,,,,,,,,,,,,,,,,,,,,,,,,,,,,,,,,,,,,,,,,,,,,,,,,,,,
AP_AIR_WEAPON_BRONZE,,,,,,,,,,,,,,,army painter|air|weapon bronze,army painter|weapon bronze,Loose: Company + Paint_Name,Army_Painter_registry_26.0.11_aligned.csv,Army Painter,Warpaints Air,Air,AIR,,Weapon Bronze,WEAPON_BRONZE,,,,,,Air Metallic/Effect,Active/Unknown,All_Warpaints_Air.pdf,Official Warpaints Air poster; Hex/RGB filled only if already available from supplied swatch data,,,,,,,All_Warpaints_Air.pdf,,,,,,,,,,,Air Metallic/Effect,,,,,,,,,,,,,,,,,,,,,,,,,,,,,,,,,,,,,,,,,,,,,,,,,,,,
AP_AIR_WOLF_GREY,,,,,,,,,,,,,,,army painter|air|wolf grey,army painter|wolf grey,Loose: Company + Paint_Name,Army_Painter_registry_26.0.11_aligned.csv,Army Painter,Warpaints Air,Air,AIR,72.047,Wolf Grey,WOLF_GREY,#5B8093,91.0,128.0,147.0,"91,128,147",Air,Active/Unknown,All_Warpaints_Air.pdf,Official Warpaints Air poster; Hex/RGB filled only if already available from supplied swatch data,#5B8093,,,,,,All_Warpaints_Air.pdf,,,,,,,,,,,Air,,,,,,,,,,,,,,,,,,,,,,,,,,,,,,,,,,,,,,,,,,,,,,,,,,,,
AP_FANATIC_ALIEN_PURPLE,,,,,,,,,,,,,,High,army painter|fanatic|alien purple,army painter|alien purple,Loose: Company + Paint_Name,Army_Painter_registry_26.0.11_aligned.csv,Army Painter,Warpaints Fanatic,Fanatic,FANATIC,72.076,Alien Purple,ALIEN_PURPLE,#50317B,80.0,49.0,123.0,"80,49,123",Acrylic,Active/Unknown,All_Warpaints_Fanatic_Poster.pdf,Official Fanatic poster; relationships deferred,#50317B,,,,,,Warlord Paint Ranges conversion chart,Curated conversion chart,,,,,72.015,HEXED LICHEN,Warlord Paint Ranges conversion chart,,,Acrylic,,,,,,,,,,,,,,,,,,,,,,,,,,,,,,,,,,,,,,,,,,,,,,,,,,,,
AP_FANATIC_ANGEL_GREEN,,,,,,,Caliban Green,,,,,,14.04,High,army painter|fanatic|angel green,army painter|angel green,Loose: Company + Paint_Name,Army_Painter_registry_26.0.11_aligned.csv,Army Painter,Warpaints Fanatic,Fanatic,FANATIC,72.123,Angel Green,ANGEL_GREEN,#0C391D,12.0,57.0,29.0,"12,57,29",Acrylic,Active/Unknown,All_Warpaints_Fanatic_Poster.pdf,Official Fanatic poster; relationships deferred,#0C391D,GW_BASE_CALIBAN_GREEN,Base,Base,#00401F,"0, 64, 31",Warlord Paint Ranges conversion chart,Curated conversion chart,11146,DARK GREEN,70.97,DEEP GREEN,72.028,DARK GREEN,Warlord Paint Ranges conversion chart,,,Acrylic,,,,,,,,,,,,,,,,,,,,,,,,,,,,,,,,,,,,,,,,,,,,,,,,,,,,
AP_FANATIC_ARMY_GREEN,,,,,,,Loren Forest,,,,,,38.88,High,army painter|fanatic|army green,army painter|army green,Loose: Company + Paint_Name,Army_Painter_registry_26.0.11_aligned.csv,Army Painter,Warpaints Fanatic,Fanatic,FANATIC,WP3068,Army Green,ARMY_GREEN,#6E7645,110.0,118.0,69.0,"110,118,69",Acrylic,Active/Unknown,All_Warpaints_Fanatic_Poster.pdf,Official Fanatic poster; relationships deferred,#6E7645,GW_LAYER_LOREN_FOREST,Layer,Layer,#50702D,"80, 112, 45",Warlord Paint Ranges conversion chart,Curated conversion chart,,,70.922,UNIFORM GREEN,,,Warlord Paint Ranges conversion chart,,,Acrylic,,,,,,,,,,,,,,,,,,,,,,,,,,,,,,,,,,,,,,,,,,,,,,,,,,,,
AP_FANATIC_BARBARIAN_FLESH,,,,,,,Bestigor Flesh,,,,,,34.73,High,army painter|fanatic|barbarian flesh,army painter|barbarian flesh,Loose: Company + Paint_Name,Army_Painter_registry_26.0.11_aligned.csv,Army Painter,Warpaints Fanatic,Fanatic,FANATIC,WP3147,Barbarian Flesh,BARBARIAN_FLESH,#E89C6C,232.0,156.0,108.0,"232,156,108",Acrylic,Active/Unknown,All_Warpaints_Fanatic_Poster.pdf,Official Fanatic poster; relationships deferred,#E89C6C,GW_LAYER_BESTIGOR_FLESH,Layer,Layer,#D38A57,"211, 138, 87",Warlord Paint Ranges conversion chart,Curated conversion chart,11064,BEIGE RED,70.804,BEIGE RED,72.038,SCROFULOUS BROWN,Warlord Paint Ranges conversion chart,,,Acrylic,,,,,,,,,,,,,,,,,,,,,,,,,,,,,,,,,,,,,,,,,,,,,,,,,,,,
AP_FANATIC_BRIGHT_GOLD,,,,,,,Auric Armour Gold,,,,,,,High,army painter|fanatic|bright gold,army painter|bright gold,Loose: Company + Paint_Name,Army_Painter_registry_26.0.11_aligned.csv,Army Painter,Warpaints Fanatic,Fanatic,FANATIC,,Bright Gold,BRIGHT_GOLD,,,,,,Metallic,Active/Unknown,All_Warpaints_Fanatic_Poster.pdf,Official Fanatic poster; relationships deferred,,GW_LAYER_AURIC_ARMOUR_GOLD,Layer,Layer,#E8BC6D,"232, 188, 109",Warlord Paint Ranges conversion chart,Curated conversion chart,,,,,72.055,POLISHED GOLD,Warlord Paint Ranges conversion chart,,,Metallic,,,,,,,,,,,,,,,,,,,,,,,,,,,,,,,,,,,,,,,,,,,,,,,,,,,,
AP_FANATIC_CRYSTAL_BLUE,,,,,,,Teclis Blue,,,,,,49.26,High,army painter|fanatic|crystal blue,army painter|crystal blue,Loose: Company + Paint_Name,Army_Painter_registry_26.0.11_aligned.csv,Army Painter,Warpaints Fanatic,Fanatic,FANATIC,WP3028,Crystal Blue,CRYSTAL_BLUE,#0083C2,0.0,131.0,194.0,"0,131,194",Acrylic,Active/Unknown,All_Warpaints_Fanatic_Poster.pdf,Official Fanatic poster; relationships deferred,#0083C2,GW_LAYER_TECLIS_BLUE,Layer,Layer,#317EC1,"49, 126, 193",Warlord Paint Ranges conversion chart,Curated conversion chart,11175,SKY BLUE,70.961,SKY BLUE,72.023,ELECTRIC BLUE,Warlord Paint Ranges conversion chart,,,Acrylic,,,,,,,,,,,,,,,,,,,,,,,,,,,,,,,,,,,,,,,,,,,,,,,,,,,,
AP_FANATIC_DAEMONIC_YELLOW,,,,,,,Golden Yellow,,,,,,25.79,High,army painter|fanatic|daemonic yellow,army painter|daemonic yellow,Loose: Company + Paint_Name,Army_Painter_registry_26.0.11_aligned.csv,Army Painter,Warpaints Fanatic,Fanatic,FANATIC,WP3093,Daemonic Yellow,DAEMONIC_YELLOW,#FADA06,250.0,218.0,6.0,"250,218,6",Acrylic,Active/Unknown,All_Warpaints_Fanatic_Poster.pdf,Official Fanatic poster; relationships deferred,#FADA06,GW_LAYER_GOLDEN_YELLOW,Layer,Layer,#FFC20E,"255, 194, 14",Warlord Paint Ranges conversion chart,Curated conversion chart,11041,,70.948,GOLDEN YELLOW,,,Warlord Paint Ranges conversion chart,,,Acrylic,,,,,,,,,,,,,,,,,,,,,,,,,,,,,,,,,,,,,,,,,,,,,,,,,,,,
AP_FANATIC_DESERT_YELLOW,,,,,,,Desert Yellow,,,,,,0.0,High,army painter|fanatic|desert yellow,army painter|desert yellow,Loose: Company + Paint_Name,Army_Painter_registry_26.0.11_aligned.csv,Army Painter,Warpaints Fanatic,Fanatic,FANATIC,72.063,Desert Yellow,DESERT_YELLOW,#9C8855,156.0,136.0,85.0,"156,136,85",Acrylic,Active/Unknown,All_Warpaints_Fanatic_Poster.pdf,Official Fanatic poster; relationships deferred,#9C8855,GW_LAYER_DESERT_YELLOW,Layer,Layer,#9C8855,"156, 136, 85",Warlord Paint Ranges conversion chart,Curated conversion chart,11034,MEDIUM SAND HOBGROT HIDE 70.977,,,,,Warlord Paint Ranges conversion chart,,,Acrylic,,,,,,,,,,,,,,,,,,,,,,,,,,,,,,,,,,,,,,,,,,,,,,,,,,,,
AP_FANATIC_DRAGON_RED,,,,,,,Mephiston Red,,,,,,13.45,High,army painter|fanatic|dragon red,army painter|dragon red,Loose: Company + Paint_Name,Army_Painter_registry_26.0.11_aligned.csv,Army Painter,Warpaints Fanatic,Fanatic,FANATIC,WP3117,Dragon Red,DRAGON_RED,#9A1B1E,154.0,27.0,30.0,"154,27,30",Acrylic,Active/Unknown,All_Warpaints_Fanatic_Poster.pdf,Official Fanatic poster; relationships deferred,#9A1B1E,GW_BASE_MEPHISTON_RED,Base,Base,#9A1115,"154, 17, 21",Warlord Paint Ranges conversion chart,Curated conversion chart,11095,DIRTY RED,70.926,RED,72.141,HEAVY RED,Warlord Paint Ranges conversion chart,,,Acrylic,,,,,,,,,,,,,,,,,,,,,,,,,,,,,,,,,,,,,,,,,,,,,,,,,,,,
AP_FANATIC_EVIL_CHROME,,,,,,,Sycorax Bronze,,,,,,,High,army painter|fanatic|evil chrome,army painter|evil chrome,Loose: Company + Paint_Name,Army_Painter_registry_26.0.11_aligned.csv,Army Painter,Warpaints Fanatic,Fanatic,FANATIC,,Evil Chrome,EVIL_CHROME,,,,,,Metallic,Active/Unknown,All_Warpaints_Fanatic_Poster.pdf,Official Fanatic poster; relationships deferred,,GW_LAYER_SYCORAX_BRONZE,Layer,Layer,#CBB394,"203, 179, 148",Warlord Paint Ranges conversion chart,Curated conversion chart,,,,,,,Warlord Paint Ranges conversion chart,,,Metallic,,,,,,,,,,,,,,,,,,,,,,,,,,,,,,,,,,,,,,,,,,,,,,,,,,,,
AP_FANATIC_FUR_BROWN,,,,,,,Skrag Brown,,,,,,26.19,High,army painter|fanatic|fur brown,army painter|fur brown,Loose: Company + Paint_Name,Army_Painter_registry_26.0.11_aligned.csv,Army Painter,Warpaints Fanatic,Fanatic,FANATIC,WP3112,Fur Brown,FUR_BROWN,#A14322,161.0,67.0,34.0,"161,67,34",Acrylic,Active/Unknown,All_Warpaints_Fanatic_Poster.pdf,Official Fanatic poster; relationships deferred,#A14322,GW_LAYER_SKRAG_BROWN,Layer,Layer,#90490F,"144, 73, 15",Warlord Paint Ranges conversion chart,Curated conversion chart,,,,,72.042,PARASITE BROWN,Warlord Paint Ranges conversion chart,,,Acrylic,,,,,,,,,,,,,,,,,,,,,,,,,,,,,,,,,,,,,,,,,,,,,,,,,,,,
AP_FANATIC_GEMSTONE_RED,,,,,,,,,,,,,,No listed match,army painter|fanatic|gemstone red,army painter|gemstone red,Loose: Company + Paint_Name,Army_Painter_registry_26.0.11_aligned.csv,Army Painter,Warpaints Fanatic,Fanatic,FANATIC,,Gemstone Red,GEMSTONE_RED,,,,,,Metallic,Active/Unknown,All_Warpaints_Fanatic_Poster.pdf,Official Fanatic poster; relationships deferred,,,,,,,Warlord Paint Ranges conversion chart,Chart row found but no cross-brand fields,,,,,,,Warlord Paint Ranges conversion chart,Review,Fanatic chart row exists but no equivalent values listed,Metallic,,,,,,,,,,,,,,,,,,,,,,,,,,,,,,,,,,,,,,,,,,,,,,,,,,,,
AP_FANATIC_GLITTERING_GREEN,,,,,,,,,,,,,,No listed match,army painter|fanatic|glittering green,army painter|glittering green,Loose: Company + Paint_Name,Army_Painter_registry_26.0.11_aligned.csv,Army Painter,Warpaints Fanatic,Fanatic,FANATIC,,Glittering Green,GLITTERING_GREEN,,,,,,Metallic,Active/Unknown,All_Warpaints_Fanatic_Poster.pdf,Official Fanatic poster; relationships deferred,,,,,,,Warlord Paint Ranges conversion chart,Chart row found but no cross-brand fields,,,,,,,Warlord Paint Ranges conversion chart,Review,Fanatic chart row exists but no equivalent values listed,Metallic,,,,,,,,,,,,,,,,,,,,,,,,,,,,,,,,,,,,,,,,,,,,,,,,,,,,
AP_FANATIC_GLOSS_VARNISH,,,,,,,,,,,,,,,army painter|fanatic|gloss varnish,army painter|gloss varnish,Loose: Company + Paint_Name,Army_Painter_registry_26.0.11_aligned.csv,Army Painter,Warpaints Fanatic,Fanatic,FANATIC,70.510,Gloss Varnish,GLOSS_VARNISH,,,,,,Auxiliary,Active/Unknown,All_Warpaints_Fanatic_Poster.pdf,Official Fanatic poster; relationships deferred,,,,,,,All_Warpaints_Fanatic_Poster.pdf,,,,,,,,,Review,No Warlord chart row matched by Paint_Code or Paint_Name,Varnish,,,,,,,,,,,,,,,,,,,,,,,,,,,,,,,,,,,,,,,,,,,,,,,,,,,,
AP_FANATIC_GREEDY_GOLD,,,,,,,Retributor Armour,,,,,,,High,army painter|fanatic|greedy gold,army painter|greedy gold,Loose: Company + Paint_Name,Army_Painter_registry_26.0.11_aligned.csv,Army Painter,Warpaints Fanatic,Fanatic,FANATIC,,Greedy Gold,GREEDY_GOLD,,,,,,Metallic,Active/Unknown,All_Warpaints_Fanatic_Poster.pdf,Official Fanatic poster; relationships deferred,,GW_BASE_RETRIBUTOR_ARMOUR,Base,Base,#C39E81,"195, 158, 129",Warlord Paint Ranges conversion chart,Curated conversion chart,11194,BRASS,70.801,BRASS,,,Warlord Paint Ranges conversion chart,,,Metallic,,,,,,,,,,,,,,,,,,,,,,,,,,,,,,,,,,,,,,,,,,,,,,,,,,,,
AP_FANATIC_GREENSKIN,,,,,,,Warpstone Glow,,,,,,20.27,High,army painter|fanatic|greenskin,army painter|greenskin,Loose: Company + Paint_Name,Army_Painter_registry_26.0.11_aligned.csv,Army Painter,Warpaints Fanatic,Fanatic,FANATIC,WP3051,Greenskin,GREENSKIN,#136232,19.0,98.0,50.0,"19,98,50",Acrylic,Active/Unknown,All_Warpaints_Fanatic_Poster.pdf,Official Fanatic poster; relationships deferred,#136232,GW_LAYER_WARPSTONE_GLOW,Layer,Layer,#1E7331,"30, 115, 49",Warlord Paint Ranges conversion chart,Curated conversion chart,11149,INTERMEDIATE GREEN,70.891,INTERMEDIATE GREEN,72.029,SICK GREEN,Warlord Paint Ranges conversion chart,,,Acrylic,,,,,,,,,,,,,,,,,,,,,,,,,,,,,,,,,,,,,,,,,,,,,,,,,,,,
AP_FANATIC_GUN_METAL,,,,,,,Leadbelcher,,,,,,143.85,High,army painter|fanatic|gun metal,army painter|gun metal,Loose: Company + Paint_Name,Army_Painter_registry_26.0.11_aligned.csv,Army Painter,Warpaints Fanatic,Fanatic,FANATIC,71.072,Gun Metal,GUN_METAL,#393939,57.0,57.0,57.0,"57,57,57",Metallic,Active/Unknown,All_Warpaints_Fanatic_Poster.pdf,Official Fanatic poster; relationships deferred,#393939,GW_BASE_LEADBELCHER,Base,Base,#888D8F,"136, 141, 143",Warlord Paint Ranges conversion chart,Curated conversion chart,11212,GUN METAL,70.863,GUNMETAL GREY,72.054,GUNMETAL,Warlord Paint Ranges conversion chart,,,Metallic,,,,,,,,,,,,,,,,,,,,,,,,,,,,,,,,,,,,,,,,,,,,,,,,,,,,
AP_FANATIC_HYDRA_TURQUOISE,,,,,,,Temple Guard Blue,,,,,,34.07,High,army painter|fanatic|hydra turquoise,army painter|hydra turquoise,Loose: Company + Paint_Name,Army_Painter_registry_26.0.11_aligned.csv,Army Painter,Warpaints Fanatic,Fanatic,FANATIC,WP3038,Hydra Turquoise,HYDRA_TURQUOISE,#199BA3,25.0,155.0,163.0,"25,155,163",Acrylic,Active/Unknown,All_Warpaints_Fanatic_Poster.pdf,Official Fanatic poster; relationships deferred,#199BA3,GW_LAYER_TEMPLE_GUARD_BLUE,Layer,Layer,#339A8D,"51, 154, 141",Warlord Paint Ranges conversion chart,Curated conversion chart,11169,BLUE-GREEN,70.808,BLUE GREEN,,,Warlord Paint Ranges conversion chart,,,Acrylic,,,,,,,,,,,,,,,,,,,,,,,,,,,,,,,,,,,,,,,,,,,,,,,,,,,,
AP_FANATIC_LAVA_ORANGE,,,,,,,Fire Dragon Bright,,,,,,68.2,High,army painter|fanatic|lava orange,army painter|lava orange,Loose: Company + Paint_Name,Army_Painter_registry_26.0.11_aligned.csv,Army Painter,Warpaints Fanatic,Fanatic,FANATIC,WP3099,Lava Orange,LAVA_ORANGE,#E65525,230.0,85.0,37.0,"230,85,37",Acrylic,Active/Unknown,All_Warpaints_Fanatic_Poster.pdf,Official Fanatic poster; relationships deferred,#E65525,GW_LAYER_FIRE_DRAGON_BRIGHT,Layer,Layer,#F58652,"245, 134, 82",Warlord Paint Ranges conversion chart,Curated conversion chart,11077,LIGHT ORANGE,70.911,LIGHT ORANGE,72.008,ORANGE FIRE,Warlord Paint Ranges conversion chart,,,Acrylic,,,,,,,,,,,,,,,,,,,,,,,,,,,,,,,,,,,,,,,,,,,,,,,,,,,,
AP_FANATIC_LEATHER_BROWN,,,,,,,Mournfang Brown,,,,,,70.49,High,army painter|fanatic|leather brown,army painter|leather brown,Loose: Company + Paint_Name,Army_Painter_registry_26.0.11_aligned.csv,Army Painter,Warpaints Fanatic,Fanatic,FANATIC,72.040,Leather Brown,LEATHER_BROWN,#764823,118.0,72.0,35.0,"118,72,35",Acrylic,Active/Unknown,All_Warpaints_Fanatic_Poster.pdf,Official Fanatic poster; relationships deferred,#764823,GW_BASE_MOURNFANG_BROWN,Base,Base,#640909,"100, 9, 9",Warlord Paint Ranges conversion chart,Curated conversion chart,,,,,72.124,GORGON BROWN,Warlord Paint Ranges conversion chart,,,Acrylic,,,,,,,,,,,,,,,,,,,,,,,,,,,,,,,,,,,,,,,,,,,,,,,,,,,,
AP_FANATIC_MATT_BLACK,,,,,,,Abaddon Black,,,,,,0.0,High,army painter|fanatic|matt black,army painter|matt black,Loose: Company + Paint_Name,Army_Painter_registry_26.0.11_aligned.csv,Army Painter,Warpaints Fanatic,Fanatic,FANATIC,WP3001,Matt Black,MATT_BLACK,#231F20,35.0,31.0,32.0,"35,31,32",Acrylic,Active/Unknown,All_Warpaints_Fanatic_Poster.pdf,Official Fanatic poster; relationships deferred,#231F20,GW_BASE_ABADDON_BLACK,Base,Base,#231F20,"35, 31, 32",Warlord Paint Ranges conversion chart,Curated conversion chart,11029,BLACK,70.95,BLACK,72.051,BLACK,Warlord Paint Ranges conversion chart,,,Acrylic,,,,,,,,,,,,,,,,,,,,,,,,,,,,,,,,,,,,,,,,,,,,,,,,,,,,
AP_FANATIC_MATT_VARNISH,,,,,,,,,,,,,,,army painter|fanatic|matt varnish,army painter|matt varnish,Loose: Company + Paint_Name,Army_Painter_registry_26.0.11_aligned.csv,Army Painter,Warpaints Fanatic,Fanatic,FANATIC,70.520,Matt Varnish,MATT_VARNISH,,,,,,Auxiliary,Active/Unknown,All_Warpaints_Fanatic_Poster.pdf,Official Fanatic poster; relationships deferred,,,,,,,All_Warpaints_Fanatic_Poster.pdf,,,,,,,,,Review,No Warlord chart row matched by Paint_Code or Paint_Name,Varnish,,,,,,,,,,,,,,,,,,,,,,,,,,,,,,,,,,,,,,,,,,,,,,,,,,,,
AP_FANATIC_MATT_WHITE,,,,,,,White Scar,,,,,,0.0,High,army painter|fanatic|matt white,army painter|matt white,Loose: Company + Paint_Name,Army_Painter_registry_26.0.11_aligned.csv,Army Painter,Warpaints Fanatic,Fanatic,FANATIC,WP3012,Matt White,MATT_WHITE,#FFFFFF,255.0,255.0,255.0,"255,255,255",Acrylic,Active/Unknown,All_Warpaints_Fanatic_Poster.pdf,Official Fanatic poster; relationships deferred,#FFFFFF,GW_LAYER_WHITE_SCAR,Layer,Layer,#FFFFFF,"255, 255, 255",Warlord Paint Ranges conversion chart,Curated conversion chart,11001,WHITE,70.951,WHITE,72.001,DEAD WHITE,Warlord Paint Ranges conversion chart,,,Acrylic,,,,,,,,,,,,,,,,,,,,,,,,,,,,,,,,,,,,,,,,,,,,,,,,,,,,
AP_FANATIC_NECROTIC_FLESH,,,,,,,Nurgling Green,,,,,,84.92,High,army painter|fanatic|necrotic flesh,army painter|necrotic flesh,Loose: Company + Paint_Name,Army_Painter_registry_26.0.11_aligned.csv,Army Painter,Warpaints Fanatic,Fanatic,FANATIC,WP3071,Necrotic Flesh,NECROTIC_FLESH,#BFC292,191.0,194.0,146.0,"191,194,146",Acrylic,Active/Unknown,All_Warpaints_Fanatic_Poster.pdf,Official Fanatic poster; relationships deferred,#BFC292,GW_LAYER_NURGLING_GREEN,Layer,Layer,#849B63,"132, 155, 99",Warlord Paint Ranges conversion chart,Curated conversion chart,11134,GREEN SKY,70.974,GREEN SKY,72.035,DEAD FLESH,Warlord Paint Ranges conversion chart,,,Acrylic,,,,,,,,,,,,,,,,,,,,,,,,,,,,,,,,,,,,,,,,,,,,,,,,,,,,
AP_FANATIC_OAK_BROWN,,,,,,,Dryad Bark,,,,,,37.23,High,army painter|fanatic|oak brown,army painter|oak brown,Loose: Company + Paint_Name,Army_Painter_registry_26.0.11_aligned.csv,Army Painter,Warpaints Fanatic,Fanatic,FANATIC,WP3109,Oak Brown,OAK_BROWN,#432010,67.0,32.0,16.0,"67,32,16",Acrylic,Active/Unknown,All_Warpaints_Fanatic_Poster.pdf,Official Fanatic poster; relationships deferred,#432010,GW_BASE_DRYAD_BARK,Base,Base,#33312D,"51, 49, 45",Warlord Paint Ranges conversion chart,Curated conversion chart,,,,,72.045,CHARRED BROWN,Warlord Paint Ranges conversion chart,,,Acrylic,,,,,,,,,,,,,,,,,,,,,,,,,,,,,,,,,,,,,,,,,,,,,,,,,,,,
AP_FANATIC_PIXIE_PINK,,,,,,,Emperor's Children,,,,,,63.13,High,army painter|fanatic|pixie pink,army painter|pixie pink,Loose: Company + Paint_Name,Army_Painter_registry_26.0.11_aligned.csv,Army Painter,Warpaints Fanatic,Fanatic,FANATIC,WP3123,Pixie Pink,PIXIE_PINK,#D47A83,212.0,122.0,131.0,"212,122,131",Acrylic,Active/Unknown,All_Warpaints_Fanatic_Poster.pdf,Official Fanatic poster; relationships deferred,#D47A83,GW_LAYER_EMPEROR_S_CHILDREN,Layer,Layer,#B94278,"185, 66, 120",Warlord Paint Ranges conversion chart,Curated conversion chart,11084,RUBY,70.802,SUNSET RED,,,Warlord Paint Ranges conversion chart,,,Acrylic,,,,,,,,,,,,,,,,,,,,,,,,,,,,,,,,,,,,,,,,,,,,,,,,,,,,
AP_FANATIC_PLATE_MAIL_METAL,,,,,,,,,,,,,,,army painter|fanatic|plate mail metal,army painter|plate mail metal,Loose: Company + Paint_Name,Army_Painter_registry_26.0.11_aligned.csv,Army Painter,Warpaints Fanatic,Fanatic,FANATIC,,Plate Mail Metal,PLATE_MAIL_METAL,,,,,,Metallic,Active/Unknown,All_Warpaints_Fanatic_Poster.pdf,Official Fanatic poster; relationships deferred,,,,,,,All_Warpaints_Fanatic_Poster.pdf,,,,,,,,,Review,No Warlord chart row matched by Paint_Code or Paint_Name,Metallic,,,,,,,,,,,,,,,,,,,,,,,,,,,,,,,,,,,,,,,,,,,,,,,,,,,,
AP_FANATIC_PURE_RED,,,,,,,,,,,,,,No listed match,army painter|fanatic|pure red,army painter|pure red,Loose: Company + Paint_Name,Army_Painter_registry_26.0.11_aligned.csv,Army Painter,Warpaints Fanatic,Fanatic,FANATIC,WP3118,Pure Red,PURE_RED,#CF2127,207.0,33.0,39.0,"207,33,39",Acrylic,Active/Unknown,All_Warpaints_Fanatic_Poster.pdf,Official Fanatic poster; relationships deferred,#CF2127,,,,,,Warlord Paint Ranges conversion chart,Chart row found but no cross-brand fields,,,,,,,Warlord Paint Ranges conversion chart,Review,Fanatic chart row exists but no equivalent values listed,Acrylic,,,,,,,,,,,,,,,,,,,,,,,,,,,,,,,,,,,,,,,,,,,,,,,,,,,,
AP_FANATIC_ROUGH_IRON,,,,,,,,,,,,,,High,army painter|fanatic|rough iron,army painter|rough iron,Loose: Company + Paint_Name,Army_Painter_registry_26.0.11_aligned.csv,Army Painter,Warpaints Fanatic,Fanatic,FANATIC,,Rough Iron,ROUGH_IRON,,,,,,Metallic,Active/Unknown,All_Warpaints_Fanatic_Poster.pdf,Official Fanatic poster; relationships deferred,,,,,,,Warlord Paint Ranges conversion chart,Curated conversion chart,,,,,72.06,TINNY TIN,Warlord Paint Ranges conversion chart,,,Metallic,,,,,,,,,,,,,,,,,,,,,,,,,,,,,,,,,,,,,,,,,,,,,,,,,,,,
AP_FANATIC_SHINING_SILVER,,,,,,,Runefang Steel,,,,,,,High,army painter|fanatic|shining silver,army painter|shining silver,Loose: Company + Paint_Name,Army_Painter_registry_26.0.11_aligned.csv,Army Painter,Warpaints Fanatic,Fanatic,FANATIC,,Shining Silver,SHINING_SILVER,,,,,,Metallic,Active/Unknown,All_Warpaints_Fanatic_Poster.pdf,Official Fanatic poster; relationships deferred,,GW_LAYER_RUNEFANG_STEEL,Layer,Layer,#C3CACE,"195, 202, 206",Warlord Paint Ranges conversion chart,Curated conversion chart,,,,,72.052,SILVER,Warlord Paint Ranges conversion chart,,,Metallic,,,,,,,,,,,,,,,,,,,,,,,,,,,,,,,,,,,,,,,,,,,,,,,,,,,,
AP_FANATIC_SKELETON_BONE,,,,,,,Ushabti Bone,,,,,,40.56,High,army painter|fanatic|skeleton bone,army painter|skeleton bone,Loose: Company + Paint_Name,Army_Painter_registry_26.0.11_aligned.csv,Army Painter,Warpaints Fanatic,Fanatic,FANATIC,WP3087,Skeleton Bone,SKELETON_BONE,#D3C89D,211.0,200.0,157.0,"211,200,157",Acrylic,Active/Unknown,All_Warpaints_Fanatic_Poster.pdf,Official Fanatic poster; relationships deferred,#D3C89D,GW_LAYER_USHABTI_BONE,Layer,Layer,#BBBB7F,"187, 187, 127",Warlord Paint Ranges conversion chart,Curated conversion chart,11035,SAND YELLOW,70.916,SAND YELLOW,,,Warlord Paint Ranges conversion chart,,,Acrylic,,,,,,,,,,,,,,,,,,,,,,,,,,,,,,,,,,,,,,,,,,,,,,,,,,,,
AP_FANATIC_TAINTED_GOLD,,,,,,,,,,,,,,High,army painter|fanatic|tainted gold,army painter|tainted gold,Loose: Company + Paint_Name,Army_Painter_registry_26.0.11_aligned.csv,Army Painter,Warpaints Fanatic,Fanatic,FANATIC,,Tainted Gold,TAINTED_GOLD,,,,,,Metallic,Active/Unknown,All_Warpaints_Fanatic_Poster.pdf,Official Fanatic poster; relationships deferred,,,,,,,Warlord Paint Ranges conversion chart,Curated conversion chart,11192,OLD GOLD 70.878 OLD GOLD,70.878,OLD GOLD,,,Warlord Paint Ranges conversion chart,,,Metallic,,,,,,,,,,,,,,,,,,,,,,,,,,,,,,,,,,,,,,,,,,,,,,,,,,,,
AP_FANATIC_TRUE_COPPER,,,,,,,,,,,,,,High,army painter|fanatic|true copper,army painter|true copper,Loose: Company + Paint_Name,Army_Painter_registry_26.0.11_aligned.csv,Army Painter,Warpaints Fanatic,Fanatic,FANATIC,,True Copper,TRUE_COPPER,,,,,,Metallic,Active/Unknown,All_Warpaints_Fanatic_Poster.pdf,Official Fanatic poster; relationships deferred,,,,,,,Warlord Paint Ranges conversion chart,Curated conversion chart,,,,,72.059,HAMMERED COPPER,Warlord Paint Ranges conversion chart,,,Metallic,,,,,,,,,,,,,,,,,,,,,,,,,,,,,,,,,,,,,,,,,,,,,,,,,,,,
AP_FANATIC_ULTRAMARINE_BLUE,,,,,,,Altdorf Guard Blue,,,,,,53.64,High,army painter|fanatic|ultramarine blue,army painter|ultramarine blue,Loose: Company + Paint_Name,Army_Painter_registry_26.0.11_aligned.csv,Army Painter,Warpaints Fanatic,Fanatic,FANATIC,72.022,Ultramarine Blue,ULTRAMARINE_BLUE,#29397B,41.0,57.0,123.0,"41,57,123",Acrylic,Active/Unknown,All_Warpaints_Fanatic_Poster.pdf,Official Fanatic poster; relationships deferred,#29397B,GW_LAYER_ALTDORF_GUARD_BLUE,Layer,Layer,#1F56A7,"31, 86, 167",Warlord Paint Ranges conversion chart,Curated conversion chart,,,70.809,ROYAL BLUE,72.022,ULTRAMARINE BLUE,Warlord Paint Ranges conversion chart,,,Acrylic,,,,,,,,,,,,,,,,,,,,,,,,,,,,,,,,,,,,,,,,,,,,,,,,,,,,
AP_FANATIC_UNIFORM_GREY,,,,,,,Dawnstone,,,,,,21.68,High,army painter|fanatic|uniform grey,army painter|uniform grey,Loose: Company + Paint_Name,Army_Painter_registry_26.0.11_aligned.csv,Army Painter,Warpaints Fanatic,Fanatic,FANATIC,WP3003,Uniform Grey,UNIFORM_GREY,#5E6A73,94.0,106.0,115.0,"94,106,115",Acrylic,Active/Unknown,All_Warpaints_Fanatic_Poster.pdf,Official Fanatic poster; relationships deferred,#5E6A73,GW_LAYER_DAWNSTONE,Layer,Layer,#70756E,"112, 117, 110",Warlord Paint Ranges conversion chart,Curated conversion chart,11021,BASALT GREY,70.869,BASALT GREY,72.049,STONEWALL GREY,Warlord Paint Ranges conversion chart,,,Acrylic,,,,,,,,,,,,,,,,,,,,,,,,,,,,,,,,,,,,,,,,,,,,,,,,,,,,
AP_FANATIC_WEAPON_BRONZE,,,,,,,Brass Scorpion,,,,,,,High,army painter|fanatic|weapon bronze,army painter|weapon bronze,Loose: Company + Paint_Name,Army_Painter_registry_26.0.11_aligned.csv,Army Painter,Warpaints Fanatic,Fanatic,FANATIC,,Weapon Bronze,WEAPON_BRONZE,,,,,,Metallic,Active/Unknown,All_Warpaints_Fanatic_Poster.pdf,Official Fanatic poster; relationships deferred,,GW_LAYER_BRASS_SCORPION,Layer,Layer,#B7885F,"183, 136, 95",Warlord Paint Ranges conversion chart,Curated conversion chart,,,,,72.057,BRIGHT BRONZE,Warlord Paint Ranges conversion chart,,,Metallic,,,,,,,,,,,,,,,,,,,,,,,,,,,,,,,,,,,,,,,,,,,,,,,,,,,,
AP_FANATIC_WOLF_GREY,,,,,,,Russ Grey,,,,,,17.06,High,army painter|fanatic|wolf grey,army painter|wolf grey,Loose: Company + Paint_Name,Army_Painter_registry_26.0.11_aligned.csv,Army Painter,Warpaints Fanatic,Fanatic,FANATIC,72.047,Wolf Grey,WOLF_GREY,#5B8093,91.0,128.0,147.0,"91,128,147",Acrylic,Active/Unknown,All_Warpaints_Fanatic_Poster.pdf,Official Fanatic poster; relationships deferred,#5B8093,GW_LAYER_RUSS_GREY,Layer,Layer,#547588,"84, 117, 136",Warlord Paint Ranges conversion chart,Curated conversion chart,11165,GREY-BLUE,70.943,GREY BLUE,,,Warlord Paint Ranges conversion chart,,,Acrylic,,,,,,,,,,,,,,,,,,,,,,,,,,,,,,,,,,,,,,,,,,,,,,,,,,,,
GW_LAYER_EMPEROR_S_CHILDREN,,,,,,,,,,,,,,,games workshop|layer|emperors children,games workshop|emperors children,Exact: Company + Product_Line + Paint_Name,GW_registry_26.0.11.csv,Games Workshop,Citadel,Layer,LAYER,,Emperor's Children,EMPEROR_S_CHILDREN,#B94278,185.0,66.0,120.0,"185, 66, 120",Layer,Active,Warhammer.com paint inventory paste (331 items); Hex/RGB: Existing GW registry real product row,Active item from Warhammer.com paint listing. Price: £2.75.,,,,,,,,,,,,,,,,,,,,,,,,,,,,,,,,,,,,,,,,,,,,,,,,,,,,,,,,,,,,,,,,,,,,,,
GW_TECHNICAL_NURGLE_S_ROT,,,,,,,,,,,,,,,games workshop|technical|nurgles rot,games workshop|nurgles rot,Exact: Company + Product_Line + Paint_Name,GW_registry_26.0.11.csv,Games Workshop,Citadel,Technical,TECHNICAL,,Nurgle's Rot,NURGLE_S_ROT,#9B8F22,155.0,143.0,34.0,"155, 143, 34",Technical,Active,Comparison Hex Pull,Active item from Warhammer.com paint listing. Price: £2.75. | Duncan Rhodes/Citadel comparison chart direct hex,#9B8F22,,,,,,,,,,,,,,,,,,,,,,,,,,,,,,,,,,,,,,,,,,,,,,,,,,,,,,,,,,,,,,,,,,,,,
GW_LAYER_EMPERORS_CHILDREN,,,,,,,,,,,,,,,games workshop|layer|emperors children,games workshop|emperors children,Exact: Company + Product_Line + Paint_Name,GW_registry_26.0.11.csv,Games Workshop,Citadel,Layer,LAYER,,Emperors Children,EMPERORS_CHILDREN,#B94278,185.0,66.0,120.0,"185, 66, 120",Layer,Discontinued,Full List of Citadel Paints Wikipedia PDF; Hex/RGB: Full List of Citadel Paints Wikipedia PDF,Verified historical Citadel paint from uploaded historical list.,,,,,,,,,,,,,,,,,,,,,,,,,,,,,,,,,,,,,,,,,,,,,,,,,,,,,,,,,,,,,,,,,,,,,,
GW_TECHNICAL_NURGLES_ROT,,,,,,,,,,,,,,,games workshop|technical|nurgles rot,games workshop|nurgles rot,Exact: Company + Product_Line + Paint_Name,GW_registry_26.0.11.csv,Games Workshop,Citadel,Technical,TECHNICAL,,Nurgles Rot,NURGLES_ROT,#9B8F22,155.0,143.0,34.0,"155, 143, 34",Technical,Discontinued,Comparison Hex Pull,Preserved from uploaded registry; product line normalized during audit. | Duncan Rhodes/Citadel comparison chart direct hex; apostrophe-normalized,#9B8F22,,,,,,,,,,,,,,,,,,,,,,,,,,,,,,,,,,,,,,,,,,,,,,,,,,,,,,,,,,,,,,,,,,,,,
GW_BASE_ABADDON_BLACK,,,,,,,,,,,,,,,games workshop|base|abaddon black,games workshop|abaddon black,Loose: Company + Paint_Name,GW_registry_26.0.11.csv,Games Workshop,Citadel,Base,BASE,,Abaddon Black,ABADDON_BLACK,#231F20,35.0,31.0,32.0,"35, 31, 32",Base,Active,Warhammer.com paint inventory paste (331 items); Hex/RGB: Full List of Citadel Paints Wikipedia PDF,Active item from Warhammer.com paint listing. Price: £2.75.,,,,,,,,,,,,,,,,,,,,,,,,,,,,,,,,,,,,,,,,,,,,,,,,,,,,,,,,,,,,,,,,,,,,,,
GW_BASE_AVERLAND_SUNSET,,,,,,,,,,,,,,,games workshop|base|averland sunset,games workshop|averland sunset,Loose: Company + Paint_Name,GW_registry_26.0.11.csv,Games Workshop,Citadel,Base,BASE,,Averland Sunset,AVERLAND_SUNSET,#FDB825,253.0,184.0,37.0,"253, 184, 37",Base,Active,Warhammer.com paint inventory paste (331 items); Hex/RGB: Full List of Citadel Paints Wikipedia PDF,Active item from Warhammer.com paint listing. Price: £2.75.,,,,,,,,,,,,,,,,,,,,,,,,,,,,,,,,,,,,,,,,,,,,,,,,,,,,,,,,,,,,,,,,,,,,,,
GW_BASE_BALTHASAR_GOLD,,,,,,,,,,,,,,,games workshop|base|balthasar gold,games workshop|balthasar gold,Loose: Company + Paint_Name,GW_registry_26.0.11.csv,Games Workshop,Citadel,Base,BASE,,Balthasar Gold,BALTHASAR_GOLD,#A47552,164.0,117.0,82.0,"164, 117, 82",Base,Active,Warhammer.com paint inventory paste (331 items); Hex/RGB: Full List of Citadel Paints Wikipedia PDF,Active item from Warhammer.com paint listing. Price: £2.75.,,,,,,,,,,,,,,,,,,,,,,,,,,,,,,,,,,,,,,,,,,,,,,,,,,,,,,,,,,,,,,,,,,,,,,
GW_BASE_CALIBAN_GREEN,,,,,,,,,,,,,,,games workshop|base|caliban green,games workshop|caliban green,Loose: Company + Paint_Name,GW_registry_26.0.11.csv,Games Workshop,Citadel,Base,BASE,,Caliban Green,CALIBAN_GREEN,#00401F,0.0,64.0,31.0,"0, 64, 31",Base,Active,Warhammer.com paint inventory paste (331 items); Hex/RGB: Full List of Citadel Paints Wikipedia PDF,Active item from Warhammer.com paint listing. Price: £2.75.,,,,,,,,,,,,,,,,,,,,,,,,,,,,,,,,,,,,,,,,,,,,,,,,,,,,,,,,,,,,,,,,,,,,,,
GW_BASE_CASTELLAN_GREEN,,,,,,,,,,,,,,,games workshop|base|castellan green,games workshop|castellan green,Loose: Company + Paint_Name,GW_registry_26.0.11.csv,Games Workshop,Citadel,Base,BASE,,Castellan Green,CASTELLAN_GREEN,#314821,49.0,72.0,33.0,"49, 72, 33",Base,Active,Warhammer.com paint inventory paste (331 items); Hex/RGB: Full List of Citadel Paints Wikipedia PDF,Active item from Warhammer.com paint listing. Price: £2.75.,,,,,,,,,,,,,,,,,,,,,,,,,,,,,,,,,,,,,,,,,,,,,,,,,,,,,,,,,,,,,,,,,,,,,,
GW_BASE_CORVUS_BLACK,,,,,,,,,,,,,,,games workshop|base|corvus black,games workshop|corvus black,Loose: Company + Paint_Name,GW_registry_26.0.11.csv,Games Workshop,Citadel,Base,BASE,,Corvus Black,CORVUS_BLACK,#171314,23.0,19.0,20.0,"23, 19, 20",Base,Active,Warhammer.com paint inventory paste (331 items); Hex/RGB: Same-name Citadel source (Games_Workshop_Citadel_Air_v0.xlsx),Active item from Warhammer.com paint listing. Price: £2.75.,,,,,,,,,,,,,,,,,,,,,,,,,,,,,,,,,,,,,,,,,,,,,,,,,,,,,,,,,,,,,,,,,,,,,,
GW_BASE_DEATHWORLD_FOREST,,,,,,,,,,,,,,,games workshop|base|deathworld forest,games workshop|deathworld forest,Loose: Company + Paint_Name,GW_registry_26.0.11.csv,Games Workshop,Citadel,Base,BASE,,Deathworld Forest,DEATHWORLD_FOREST,#5D6732,93.0,103.0,50.0,"93, 103, 50",Base,Active,Warhammer.com paint inventory paste (331 items); Hex/RGB: Existing GW registry real product row,Active item from Warhammer.com paint listing. Price: £2.75.,,,,,,,,,,,,,,,,,,,,,,,,,,,,,,,,,,,,,,,,,,,,,,,,,,,,,,,,,,,,,,,,,,,,,,
GW_BASE_DEATH_GUARD_GREEN,,,,,,,,,,,,,,,games workshop|base|death guard green,games workshop|death guard green,Loose: Company + Paint_Name,GW_registry_26.0.11.csv,Games Workshop,Citadel,Base,BASE,,Death Guard Green,DEATH_GUARD_GREEN,#9C9171,156.0,145.0,113.0,"156, 145, 113",Base,Active,Warhammer.com paint inventory paste (331 items); Hex/RGB: Existing GW registry real product row,Active item from Warhammer.com paint listing. Price: £2.75.,,,,,,,,,,,,,,,,,,,,,,,,,,,,,,,,,,,,,,,,,,,,,,,,,,,,,,,,,,,,,,,,,,,,,,
GW_BASE_GREY_KNIGHTS_STEEL,,,,,,,,,,,,,,,games workshop|base|grey knights steel,games workshop|grey knights steel,Loose: Company + Paint_Name,GW_registry_26.0.11.csv,Games Workshop,Citadel,Base,BASE,,Grey Knights Steel,GREY_KNIGHTS_STEEL,#7F8E99,127.0,142.0,153.0,"127, 142, 153",Base,Active,Warhammer.com paint inventory paste (331 items); Hex/RGB: Same-name Citadel source (Games_Workshop_Citadel_Air_v0.xlsx),Active item from Warhammer.com paint listing. Price: £2.75.,,,,,,,,,,,,,,,,,,,,,,,,,,,,,,,,,,,,,,,,,,,,,,,,,,,,,,,,,,,,,,,,,,,,,,
GW_BASE_GREY_SEER,,,,,,,,,,,,,,,games workshop|base|grey seer,games workshop|grey seer,Loose: Company + Paint_Name,GW_registry_26.0.11.csv,Games Workshop,Citadel,Base,BASE,,Grey Seer,GREY_SEER,#BFC8C8,191.0,200.0,200.0,"191, 200, 200",Base,Active,Warhammer.com paint inventory paste (331 items),Active item from Warhammer.com paint listing. Price: £2.75.,,,,,,,,,,,,,,,,,,,,,,,,,,,,,,,,,,,,,,,,,,,,,,,,,,,,,,,,,,,,,,,,,,,,,,
GW_BASE_KANTOR_BLUE,,,,,,,,,,,,,,,games workshop|base|kantor blue,games workshop|kantor blue,Loose: Company + Paint_Name,GW_registry_26.0.11.csv,Games Workshop,Citadel,Base,BASE,,Kantor Blue,KANTOR_BLUE,#002151,0.0,33.0,81.0,"0, 33, 81",Base,Active,Warhammer.com paint inventory paste (331 items); Hex/RGB: Full List of Citadel Paints Wikipedia PDF,Active item from Warhammer.com paint listing. Price: £2.75.,,,,,,,,,,,,,,,,,,,,,,,,,,,,,,,,,,,,,,,,,,,,,,,,,,,,,,,,,,,,,,,,,,,,,,
GW_BASE_KHORNE_RED,,,,,,,,,,,,,,,games workshop|base|khorne red,games workshop|khorne red,Loose: Company + Paint_Name,GW_registry_26.0.11.csv,Games Workshop,Citadel,Base,BASE,,Khorne Red,KHORNE_RED,#6A0001,106.0,0.0,1.0,"106, 0, 1",Base,Active,Warhammer.com paint inventory paste (331 items); Hex/RGB: Full List of Citadel Paints Wikipedia PDF,Active item from Warhammer.com paint listing. Price: £2.75.,,,,,,,,,,,,,,,,,,,,,,,,,,,,,,,,,,,,,,,,,,,,,,,,,,,,,,,,,,,,,,,,,,,,,,
GW_BASE_LEADBELCHER,,,,,,,,,,,,,,,games workshop|base|leadbelcher,games workshop|leadbelcher,Loose: Company + Paint_Name,GW_registry_26.0.11.csv,Games Workshop,Citadel,Base,BASE,,Leadbelcher,LEADBELCHER,#888D8F,136.0,141.0,143.0,"136, 141, 143",Base,Active,Warhammer.com paint inventory paste (331 items); Hex/RGB: Full List of Citadel Paints Wikipedia PDF,Active item from Warhammer.com paint listing. Price: £2.75.,,,,,,,,,,,,,,,,,,,,,,,,,,,,,,,,,,,,,,,,,,,,,,,,,,,,,,,,,,,,,,,,,,,,,,
GW_BASE_MACRAGGE_BLUE,,,,,,,,,,,,,,,games workshop|base|macragge blue,games workshop|macragge blue,Loose: Company + Paint_Name,GW_registry_26.0.11.csv,Games Workshop,Citadel,Base,BASE,,Macragge Blue,MACRAGGE_BLUE,#0D407F,13.0,64.0,127.0,"13, 64, 127",Base,Active,Warhammer.com paint inventory paste (331 items); Hex/RGB: Full List of Citadel Paints Wikipedia PDF,Active item from Warhammer.com paint listing. Price: £2.75.,,,,,,,,,,,,,,,,,,,,,,,,,,,,,,,,,,,,,,,,,,,,,,,,,,,,,,,,,,,,,,,,,,,,,,
GW_BASE_MECHANICUS_STANDARD_GREY,,,,,,,,,,,,,,,games workshop|base|mechanicus standard grey,games workshop|mechanicus standard grey,Loose: Company + Paint_Name,GW_registry_26.0.11.csv,Games Workshop,Citadel,Base,BASE,,Mechanicus Standard Grey,MECHANICUS_STANDARD_GREY,#3D4B4D,61.0,75.0,77.0,"61, 75, 77",Base,Active,Warhammer.com paint inventory paste (331 items); Hex/RGB: Full List of Citadel Paints Wikipedia PDF,Active item from Warhammer.com paint listing. Price: £2.75.,,,,,,,,,,,,,,,,,,,,,,,,,,,,,,,,,,,,,,,,,,,,,,,,,,,,,,,,,,,,,,,,,,,,,,
GW_BASE_MEPHISTON_RED,,,,,,,,,,,,,,,games workshop|base|mephiston red,games workshop|mephiston red,Loose: Company + Paint_Name,GW_registry_26.0.11.csv,Games Workshop,Citadel,Base,BASE,,Mephiston Red,MEPHISTON_RED,#9A1115,154.0,17.0,21.0,"154, 17, 21",Base,Active,Warhammer.com paint inventory paste (331 items); Hex/RGB: Full List of Citadel Paints Wikipedia PDF,Active item from Warhammer.com paint listing. Price: £2.75.,,,,,,,,,,,,,,,,,,,,,,,,,,,,,,,,,,,,,,,,,,,,,,,,,,,,,,,,,,,,,,,,,,,,,,
GW_BASE_MOURNFANG_BROWN,,,,,,,,,,,,,,,games workshop|base|mournfang brown,games workshop|mournfang brown,Loose: Company + Paint_Name,GW_registry_26.0.11.csv,Games Workshop,Citadel,Base,BASE,,Mournfang Brown,MOURNFANG_BROWN,#640909,100.0,9.0,9.0,"100, 9, 9",Base,Active,Warhammer.com paint inventory paste (331 items); Hex/RGB: Full List of Citadel Paints Wikipedia PDF,Active item from Warhammer.com paint listing. Price: £2.75.,,,,,,,,,,,,,,,,,,,,,,,,,,,,,,,,,,,,,,,,,,,,,,,,,,,,,,,,,,,,,,,,,,,,,,
GW_BASE_NIGHT_LORDS_BLUE,,,,,,,,,,,,,,,games workshop|base|night lords blue,games workshop|night lords blue,Loose: Company + Paint_Name,GW_registry_26.0.11.csv,Games Workshop,Citadel,Base,BASE,,Night Lords Blue,NIGHT_LORDS_BLUE,#002B5C,0.0,43.0,92.0,"0, 43, 92",Base,Active,Warhammer.com paint inventory paste (331 items); Hex/RGB: Same-name Citadel source (Games_Workshop_Citadel_Air_v0.xlsx),Active item from Warhammer.com paint listing. Price: £2.75.,,,,,,,,,,,,,,,,,,,,,,,,,,,,,,,,,,,,,,,,,,,,,,,,,,,,,,,,,,,,,,,,,,,,,,
GW_BASE_PHOENICIAN_PURPLE,,,,,,,,,,,,,,,games workshop|base|phoenician purple,games workshop|phoenician purple,Loose: Company + Paint_Name,GW_registry_26.0.11.csv,Games Workshop,Citadel,Base,BASE,,Phoenician Purple,PHOENICIAN_PURPLE,#450052,69.0,0.0,82.0,"69, 0, 82",Base,Active,Warhammer.com paint inventory paste (331 items); Hex/RGB: Same-name Citadel source (Games_Workshop_Citadel_Air_v0.xlsx),Active item from Warhammer.com paint listing. Price: £2.75.,,,,,,,,,,,,,,,,,,,,,,,,,,,,,,,,,,,,,,,,,,,,,,,,,,,,,,,,,,,,,,,,,,,,,,
GW_BASE_RETRIBUTOR_ARMOUR,,,,,,,,,,,,,,,games workshop|base|retributor armour,games workshop|retributor armour,Loose: Company + Paint_Name,GW_registry_26.0.11.csv,Games Workshop,Citadel,Base,BASE,,Retributor Armour,RETRIBUTOR_ARMOUR,#C39E81,195.0,158.0,129.0,"195, 158, 129",Base,Active,Warhammer.com paint inventory paste (331 items); Hex/RGB: Full List of Citadel Paints Wikipedia PDF,Active item from Warhammer.com paint listing. Price: £3.70.,,,,,,,,,,,,,,,,,,,,,,,,,,,,,,,,,,,,,,,,,,,,,,,,,,,,,,,,,,,,,,,,,,,,,,
GW_BASE_RUNELORD_BRASS,,,,,,,,,,,,,,,games workshop|base|runelord brass,games workshop|runelord brass,Loose: Company + Paint_Name,GW_registry_26.0.11.csv,Games Workshop,Citadel,Base,BASE,,Runelord Brass,RUNELORD_BRASS,#BCAFA0,188.0,175.0,160.0,"188, 175, 160",Base,Active,Warhammer.com paint inventory paste (331 items); Hex/RGB: Existing GW registry real product row,Active item from Warhammer.com paint listing. Price: £3.70.,,,,,,,,,,,,,,,,,,,,,,,,,,,,,,,,,,,,,,,,,,,,,,,,,,,,,,,,,,,,,,,,,,,,,,
GW_BASE_THE_FANG,,,,,,,,,,,,,,,games workshop|base|the fang,games workshop|the fang,Loose: Company + Paint_Name,GW_registry_26.0.11.csv,Games Workshop,Citadel,Base,BASE,,The Fang,THE_FANG,#436174,67.0,97.0,116.0,"67, 97, 116",Base,Active,Warhammer.com paint inventory paste (331 items); Hex/RGB: Full List of Citadel Paints Wikipedia PDF,Active item from Warhammer.com paint listing. Price: £2.75.,,,,,,,,,,,,,,,,,,,,,,,,,,,,,,,,,,,,,,,,,,,,,,,,,,,,,,,,,,,,,,,,,,,,,,
GW_BASE_WRAITHBONE,,,,,,,,,,,,,,,games workshop|base|wraithbone,games workshop|wraithbone,Loose: Company + Paint_Name,GW_registry_26.0.11.csv,Games Workshop,Citadel,Base,BASE,,Wraithbone,WRAITHBONE,#DCCB9A,220.0,203.0,154.0,"220, 203, 154",Base,Active,Warhammer.com paint inventory paste (331 items),Active item from Warhammer.com paint listing. Price: £2.75.,,,,,,,,,,,,,,,,,,,,,,,,,,,,,,,,,,,,,,,,,,,,,,,,,,,,,,,,,,,,,,,,,,,,,,
GW_BASE_ZANDRI_DUST,,,,,,,,,,,,,,,games workshop|base|zandri dust,games workshop|zandri dust,Loose: Company + Paint_Name,GW_registry_26.0.11.csv,Games Workshop,Citadel,Base,BASE,,Zandri Dust,ZANDRI_DUST,#9E915C,158.0,145.0,92.0,"158, 145, 92",Base,Active,Warhammer.com paint inventory paste (331 items); Hex/RGB: Full List of Citadel Paints Wikipedia PDF,Active item from Warhammer.com paint listing. Price: £2.75.,,,,,,,,,,,,,,,,,,,,,,,,,,,,,,,,,,,,,,,,,,,,,,,,,,,,,,,,,,,,,,,,,,,,,,
GW_LAYER_ADMINISTRATUM_GREY,,,,,,,,,,,,,,,games workshop|layer|administratum grey,games workshop|administratum grey,Loose: Company + Paint_Name,GW_registry_26.0.11.csv,Games Workshop,Citadel,Layer,LAYER,,Administratum Grey,ADMINISTRATUM_GREY,#949B95,148.0,155.0,149.0,"148, 155, 149",Layer,Active,Warhammer.com paint inventory paste (331 items); Hex/RGB: Full List of Citadel Paints Wikipedia PDF,Active item from Warhammer.com paint listing. Price: £2.75.,,,,,,,,,,,,,,,,,,,,,,,,,,,,,,,,,,,,,,,,,,,,,,,,,,,,,,,,,,,,,,,,,,,,,,
GW_LAYER_BAHARROTH_BLUE,,,,,,,,,,,,,,,games workshop|layer|baharroth blue,games workshop|baharroth blue,Loose: Company + Paint_Name,GW_registry_26.0.11.csv,Games Workshop,Citadel,Layer,LAYER,,Baharroth Blue,BAHARROTH_BLUE,#78C4C7,120.0,196.0,199.0,"120, 196, 199",Layer,Active,Warhammer.com paint inventory paste (331 items); Hex/RGB: Existing GW registry real product row,Active item from Warhammer.com paint listing. Price: £2.75.,,,,,,,,,,,,,,,,,,,,,,,,,,,,,,,,,,,,,,,,,,,,,,,,,,,,,,,,,,,,,,,,,,,,,,
GW_LAYER_BANEBLADE_BROWN,,,,,,,,,,,,,,,games workshop|layer|baneblade brown,games workshop|baneblade brown,Loose: Company + Paint_Name,GW_registry_26.0.11.csv,Games Workshop,Citadel,Layer,LAYER,,Baneblade Brown,BANEBLADE_BROWN,#937F6D,147.0,127.0,109.0,"147, 127, 109",Layer,Active,Warhammer.com paint inventory paste (331 items); Hex/RGB: Full List of Citadel Paints Wikipedia PDF,Active item from Warhammer.com paint listing. Price: £2.75.,,,,,,,,,,,,,,,,,,,,,,,,,,,,,,,,,,,,,,,,,,,,,,,,,,,,,,,,,,,,,,,,,,,,,,
GW_LAYER_BLUE_HORROR,,,,,,,,,,,,,,,games workshop|layer|blue horror,games workshop|blue horror,Loose: Company + Paint_Name,GW_registry_26.0.11.csv,Games Workshop,Citadel,Layer,LAYER,,Blue Horror,BLUE_HORROR,#A2BAD2,162.0,186.0,210.0,"162, 186, 210",Layer,Active,Warhammer.com paint inventory paste (331 items); Hex/RGB: Existing GW registry real product row,Active item from Warhammer.com paint listing. Price: £2.75.,,,,,,,,,,,,,,,,,,,,,,,,,,,,,,,,,,,,,,,,,,,,,,,,,,,,,,,,,,,,,,,,,,,,,,
GW_LAYER_DAWNSTONE,,,,,,,,,,,,,,,games workshop|layer|dawnstone,games workshop|dawnstone,Loose: Company + Paint_Name,GW_registry_26.0.11.csv,Games Workshop,Citadel,Layer,LAYER,,Dawnstone,DAWNSTONE,#70756E,112.0,117.0,110.0,"112, 117, 110",Layer,Active,Warhammer.com paint inventory paste (331 items); Hex/RGB: Existing GW registry real product row,Active item from Warhammer.com paint listing. Price: £2.75.,,,,,,,,,,,,,,,,,,,,,,,,,,,,,,,,,,,,,,,,,,,,,,,,,,,,,,,,,,,,,,,,,,,,,,
GW_LAYER_DECHALA_LILAC,,,,,,,,,,,,,,,games workshop|layer|dechala lilac,games workshop|dechala lilac,Loose: Company + Paint_Name,GW_registry_26.0.11.csv,Games Workshop,Citadel,Layer,LAYER,,Dechala Lilac,DECHALA_LILAC,#B59ECC,181.0,158.0,204.0,"181, 158, 204",Layer,Active,Warhammer.com paint inventory paste (331 items); Hex/RGB: Existing GW registry real product row,Active item from Warhammer.com paint listing. Price: £2.75.,,,,,,,,,,,,,,,,,,,,,,,,,,,,,,,,,,,,,,,,,,,,,,,,,,,,,,,,,,,,,,,,,,,,,,
GW_LAYER_DORN_YELLOW,,,,,,,,,,,,,,,games workshop|layer|dorn yellow,games workshop|dorn yellow,Loose: Company + Paint_Name,GW_registry_26.0.11.csv,Games Workshop,Citadel,Layer,LAYER,,Dorn Yellow,DORN_YELLOW,#E3D28C,227.0,210.0,140.0,"227, 210, 140",Layer,Active,Warhammer.com paint inventory paste (331 items); Hex/RGB: Existing GW registry real product row,Active item from Warhammer.com paint listing. Price: £2.75.,,,,,,,,,,,,,,,,,,,,,,,,,,,,,,,,,,,,,,,,,,,,,,,,,,,,,,,,,,,,,,,,,,,,,,
GW_LAYER_ELYSIAN_GREEN,,,,,,,,,,,,,,,games workshop|layer|elysian green,games workshop|elysian green,Loose: Company + Paint_Name,GW_registry_26.0.11.csv,Games Workshop,Citadel,Layer,LAYER,,Elysian Green,ELYSIAN_GREEN,#748F39,116.0,143.0,57.0,"116, 143, 57",Layer,Active,Warhammer.com paint inventory paste (331 items); Hex/RGB: Full List of Citadel Paints Wikipedia PDF,Active item from Warhammer.com paint listing. Price: £2.75.,,,,,,,,,,,,,,,,,,,,,,,,,,,,,,,,,,,,,,,,,,,,,,,,,,,,,,,,,,,,,,,,,,,,,,
GW_LAYER_EMPEROR_S_CHILDREN,,,,,,,,,,,,,,,games workshop|layer|emperors children,games workshop|emperors children,Loose: Company + Paint_Name,GW_registry_26.0.11.csv,Games Workshop,Citadel,Layer,LAYER,,Emperor's Children,EMPEROR_S_CHILDREN,#B94278,185.0,66.0,120.0,"185, 66, 120",Layer,Active,Warhammer.com paint inventory paste (331 items); Hex/RGB: Existing GW registry real product row,Active item from Warhammer.com paint listing. Price: £2.75.,,,,,,,,,,,,,,,,,,,,,,,,,,,,,,,,,,,,,,,,,,,,,,,,,,,,,,,,,,,,,,,,,,,,,,
GW_LAYER_EVIL_SUNZ_SCARLET,,,,,,,,,,,,,,,games workshop|layer|evil sunz scarlet,games workshop|evil sunz scarlet,Loose: Company + Paint_Name,GW_registry_26.0.11.csv,Games Workshop,Citadel,Layer,LAYER,,Evil Sunz Scarlet,EVIL_SUNZ_SCARLET,#C2191F,194.0,25.0,31.0,"194, 25, 31",Layer,Active,Warhammer.com paint inventory paste (331 items); Hex/RGB: Full List of Citadel Paints Wikipedia PDF,Active item from Warhammer.com paint listing. Price: £2.75.,,,,,,,,,,,,,,,,,,,,,,,,,,,,,,,,,,,,,,,,,,,,,,,,,,,,,,,,,,,,,,,,,,,,,,
GW_LAYER_FENRISIAN_GREY,,,,,,,,,,,,,,,games workshop|layer|fenrisian grey,games workshop|fenrisian grey,Loose: Company + Paint_Name,GW_registry_26.0.11.csv,Games Workshop,Citadel,Layer,LAYER,,Fenrisian Grey,FENRISIAN_GREY,#719BB7,113.0,155.0,183.0,"113, 155, 183",Layer,Active,Warhammer.com paint inventory paste (331 items); Hex/RGB: Full List of Citadel Paints Wikipedia PDF,Active item from Warhammer.com paint listing. Price: £2.75.,,,,,,,,,,,,,,,,,,,,,,,,,,,,,,,,,,,,,,,,,,,,,,,,,,,,,,,,,,,,,,,,,,,,,,
GW_LAYER_FLASH_GITZ_YELLOW,,,,,,,,,,,,,,,games workshop|layer|flash gitz yellow,games workshop|flash gitz yellow,Loose: Company + Paint_Name,GW_registry_26.0.11.csv,Games Workshop,Citadel,Layer,LAYER,,Flash Gitz Yellow,FLASH_GITZ_YELLOW,#FFF200,255.0,242.0,0.0,"255, 242, 0",Layer,Active,Warhammer.com paint inventory paste (331 items); Hex/RGB: Full List of Citadel Paints Wikipedia PDF,Active item from Warhammer.com paint listing. Price: £2.75.,,,,,,,,,,,,,,,,,,,,,,,,,,,,,,,,,,,,,,,,,,,,,,,,,,,,,,,,,,,,,,,,,,,,,,
GW_LAYER_FULGRIM_PINK,,,,,,,,,,,,,,,games workshop|layer|fulgrim pink,games workshop|fulgrim pink,Loose: Company + Paint_Name,GW_registry_26.0.11.csv,Games Workshop,Citadel,Layer,LAYER,,Fulgrim Pink,FULGRIM_PINK,#F4AFCC,244.0,175.0,204.0,"244, 175, 204",Layer,Active,Warhammer.com paint inventory paste (331 items); Hex/RGB: Existing GW registry real product row,Active item from Warhammer.com paint listing. Price: £2.75.,,,,,,,,,,,,,,,,,,,,,,,,,,,,,,,,,,,,,,,,,,,,,,,,,,,,,,,,,,,,,,,,,,,,,,
GW_LAYER_GAUSS_BLASTER_GREEN,,,,,,,,,,,,,,,games workshop|layer|gauss blaster green,games workshop|gauss blaster green,Loose: Company + Paint_Name,GW_registry_26.0.11.csv,Games Workshop,Citadel,Layer,LAYER,,Gauss Blaster Green,GAUSS_BLASTER_GREEN,#84C2A9,132.0,194.0,169.0,"132, 194, 169",Layer,Active,Warhammer.com paint inventory paste (331 items); Hex/RGB: Existing GW registry real product row,Active item from Warhammer.com paint listing. Price: £2.75.,,,,,,,,,,,,,,,,,,,,,,,,,,,,,,,,,,,,,,,,,,,,,,,,,,,,,,,,,,,,,,,,,,,,,,
GW_LAYER_HOETH_BLUE,,,,,,,,,,,,,,,games workshop|layer|hoeth blue,games workshop|hoeth blue,Loose: Company + Paint_Name,GW_registry_26.0.11.csv,Games Workshop,Citadel,Layer,LAYER,,Hoeth Blue,HOETH_BLUE,#4C7FB4,76.0,127.0,180.0,"76, 127, 180",Layer,Active,Warhammer.com paint inventory paste (331 items); Hex/RGB: Existing GW registry real product row,Active item from Warhammer.com paint listing. Price: £2.75.,,,,,,,,,,,,,,,,,,,,,,,,,,,,,,,,,,,,,,,,,,,,,,,,,,,,,,,,,,,,,,,,,,,,,,
GW_LAYER_KISLEV_FLESH,,,,,,,,,,,,,,,games workshop|layer|kislev flesh,games workshop|kislev flesh,Loose: Company + Paint_Name,GW_registry_26.0.11.csv,Games Workshop,Citadel,Layer,LAYER,,Kislev Flesh,KISLEV_FLESH,#D6A875,214.0,168.0,117.0,"214, 168, 117",Layer,Active,Warhammer.com paint inventory paste (331 items); Hex/RGB: Full List of Citadel Paints Wikipedia PDF,Active item from Warhammer.com paint listing. Price: £2.75.,,,,,,,,,,,,,,,,,,,,,,,,,,,,,,,,,,,,,,,,,,,,,,,,,,,,,,,,,,,,,,,,,,,,,,
GW_LAYER_KRIEG_KHAKI,,,,,,,,,,,,,,,games workshop|layer|krieg khaki,games workshop|krieg khaki,Loose: Company + Paint_Name,GW_registry_26.0.11.csv,Games Workshop,Citadel,Layer,LAYER,,Krieg Khaki,KRIEG_KHAKI,#B7AD78,183.0,173.0,120.0,"183, 173, 120",Layer,Active,Warhammer.com paint inventory paste (331 items); Hex/RGB: Existing GW registry real product row,Active item from Warhammer.com paint listing. Price: £2.75.,,,,,,,,,,,,,,,,,,,,,,,,,,,,,,,,,,,,,,,,,,,,,,,,,,,,,,,,,,,,,,,,,,,,,,
GW_LAYER_LOTHERN_BLUE,,,,,,,,,,,,,,,games workshop|layer|lothern blue,games workshop|lothern blue,Loose: Company + Paint_Name,GW_registry_26.0.11.csv,Games Workshop,Citadel,Layer,LAYER,,Lothern Blue,LOTHERN_BLUE,#34A2CF,52.0,162.0,207.0,"52, 162, 207",Layer,Active,Warhammer.com paint inventory paste (331 items); Hex/RGB: Full List of Citadel Paints Wikipedia PDF,Active item from Warhammer.com paint listing. Price: £2.75.,,,,,,,,,,,,,,,,,,,,,,,,,,,,,,,,,,,,,,,,,,,,,,,,,,,,,,,,,,,,,,,,,,,,,,
GW_LAYER_LUGGANATH_ORANGE,,,,,,,,,,,,,,,games workshop|layer|lugganath orange,games workshop|lugganath orange,Loose: Company + Paint_Name,GW_registry_26.0.11.csv,Games Workshop,Citadel,Layer,LAYER,,Lugganath Orange,LUGGANATH_ORANGE,#F89E86,248.0,158.0,134.0,"248, 158, 134",Layer,Active,Warhammer.com paint inventory paste (331 items); Hex/RGB: Existing GW registry real product row,Active item from Warhammer.com paint listing. Price: £2.75.,,,,,,,,,,,,,,,,,,,,,,,,,,,,,,,,,,,,,,,,,,,,,,,,,,,,,,,,,,,,,,,,,,,,,,
GW_LAYER_MOOT_GREEN,,,,,,,,,,,,,,,games workshop|layer|moot green,games workshop|moot green,Loose: Company + Paint_Name,GW_registry_26.0.11.csv,Games Workshop,Citadel,Layer,LAYER,,Moot Green,MOOT_GREEN,#52B244,82.0,178.0,68.0,"82, 178, 68",Layer,Active,Warhammer.com paint inventory paste (331 items); Hex/RGB: Full List of Citadel Paints Wikipedia PDF,Active item from Warhammer.com paint listing. Price: £2.75.,,,,,,,,,,,,,,,,,,,,,,,,,,,,,,,,,,,,,,,,,,,,,,,,,,,,,,,,,,,,,,,,,,,,,,
GW_LAYER_NURGLING_GREEN,,,,,,,,,,,,,,,games workshop|layer|nurgling green,games workshop|nurgling green,Loose: Company + Paint_Name,GW_registry_26.0.11.csv,Games Workshop,Citadel,Layer,LAYER,,Nurgling Green,NURGLING_GREEN,#849B63,132.0,155.0,99.0,"132, 155, 99",Layer,Active,Warhammer.com paint inventory paste (331 items); Hex/RGB: Existing GW registry real product row,Active item from Warhammer.com paint listing. Price: £2.75.,,,,,,,,,,,,,,,,,,,,,,,,,,,,,,,,,,,,,,,,,,,,,,,,,,,,,,,,,,,,,,,,,,,,,,
GW_LAYER_OGRYN_CAMO,,,,,,,,,,,,,,,games workshop|layer|ogryn camo,games workshop|ogryn camo,Loose: Company + Paint_Name,GW_registry_26.0.11.csv,Games Workshop,Citadel,Layer,LAYER,,Ogryn Camo,OGRYN_CAMO,#9DA94B,157.0,169.0,75.0,"157, 169, 75",Layer,Active,Warhammer.com paint inventory paste (331 items); Hex/RGB: Full List of Citadel Paints Wikipedia PDF,Active item from Warhammer.com paint listing. Price: £2.75.,,,,,,,,,,,,,,,,,,,,,,,,,,,,,,,,,,,,,,,,,,,,,,,,,,,,,,,,,,,,,,,,,,,,,,
GW_LAYER_PHALANX_YELLOW,,,,,,,,,,,,,,,games workshop|layer|phalanx yellow,games workshop|phalanx yellow,Loose: Company + Paint_Name,GW_registry_26.0.11.csv,Games Workshop,Citadel,Layer,LAYER,,Phalanx Yellow,PHALANX_YELLOW,#FFE200,255.0,226.0,0.0,"255, 226, 0",Layer,Active,Warhammer.com paint inventory paste (331 items); Hex/RGB: Same-name Citadel source (Games_Workshop_Citadel_Air_v0.xlsx),Active item from Warhammer.com paint listing. Price: £2.75.,,,,,,,,,,,,,,,,,,,,,,,,,,,,,,,,,,,,,,,,,,,,,,,,,,,,,,,,,,,,,,,,,,,,,,
GW_LAYER_RUNEFANG_STEEL,,,,,,,,,,,,,,,games workshop|layer|runefang steel,games workshop|runefang steel,Loose: Company + Paint_Name,GW_registry_26.0.11.csv,Games Workshop,Citadel,Layer,LAYER,,Runefang Steel,RUNEFANG_STEEL,#C3CACE,195.0,202.0,206.0,"195, 202, 206",Layer,Active,Warhammer.com paint inventory paste (331 items); Hex/RGB: Full List of Citadel Paints Wikipedia PDF,Active item from Warhammer.com paint listing. Price: £2.75.,,,,,,,,,,,,,,,,,,,,,,,,,,,,,,,,,,,,,,,,,,,,,,,,,,,,,,,,,,,,,,,,,,,,,,
GW_LAYER_RUSS_GREY,,,,,,,,,,,,,,,games workshop|layer|russ grey,games workshop|russ grey,Loose: Company + Paint_Name,GW_registry_26.0.11.csv,Games Workshop,Citadel,Layer,LAYER,,Russ Grey,RUSS_GREY,#547588,84.0,117.0,136.0,"84, 117, 136",Layer,Active,Warhammer.com paint inventory paste (331 items); Hex/RGB: Full List of Citadel Paints Wikipedia PDF,Active item from Warhammer.com paint listing. Price: £2.75.,,,,,,,,,,,,,,,,,,,,,,,,,,,,,,,,,,,,,,,,,,,,,,,,,,,,,,,,,,,,,,,,,,,,,,
GW_LAYER_SLAANESH_GREY,,,,,,,,,,,,,,,games workshop|layer|slaanesh grey,games workshop|slaanesh grey,Loose: Company + Paint_Name,GW_registry_26.0.11.csv,Games Workshop,Citadel,Layer,LAYER,,Slaanesh Grey,SLAANESH_GREY,#8E8C97,142.0,140.0,151.0,"142, 140, 151",Layer,Active,Warhammer.com paint inventory paste (331 items); Hex/RGB: Existing GW registry real product row,Active item from Warhammer.com paint listing. Price: £2.75.,,,,,,,,,,,,,,,,,,,,,,,,,,,,,,,,,,,,,,,,,,,,,,,,,,,,,,,,,,,,,,,,,,,,,,
GW_LAYER_TEMPLE_GUARD_BLUE,,,,,,,,,,,,,,,games workshop|layer|temple guard blue,games workshop|temple guard blue,Loose: Company + Paint_Name,GW_registry_26.0.11.csv,Games Workshop,Citadel,Layer,LAYER,,Temple Guard Blue,TEMPLE_GUARD_BLUE,#339A8D,51.0,154.0,141.0,"51, 154, 141",Layer,Active,Warhammer.com paint inventory paste (331 items); Hex/RGB: Full List of Citadel Paints Wikipedia PDF,Active item from Warhammer.com paint listing. Price: £2.75.,,,,,,,,,,,,,,,,,,,,,,,,,,,,,,,,,,,,,,,,,,,,,,,,,,,,,,,,,,,,,,,,,,,,,,
GW_LAYER_THUNDERHAWK_BLUE,,,,,,,,,,,,,,,games workshop|layer|thunderhawk blue,games workshop|thunderhawk blue,Loose: Company + Paint_Name,GW_registry_26.0.11.csv,Games Workshop,Citadel,Layer,LAYER,,Thunderhawk Blue,THUNDERHAWK_BLUE,#417175,65.0,113.0,117.0,"65, 113, 117",Layer,Active,Warhammer.com paint inventory paste (331 items); Hex/RGB: Existing GW registry real product row,Active item from Warhammer.com paint listing. Price: £2.75.,,,,,,,,,,,,,,,,,,,,,,,,,,,,,,,,,,,,,,,,,,,,,,,,,,,,,,,,,,,,,,,,,,,,,,
GW_LAYER_TROLL_SLAYER_ORANGE,,,,,,,,,,,,,,,games workshop|layer|troll slayer orange,games workshop|troll slayer orange,Loose: Company + Paint_Name,GW_registry_26.0.11.csv,Games Workshop,Citadel,Layer,LAYER,,Troll Slayer Orange,TROLL_SLAYER_ORANGE,#F36D2D,243.0,109.0,45.0,"243, 109, 45",Layer,Active,Warhammer.com paint inventory paste (331 items); Hex/RGB: Full List of Citadel Paints Wikipedia PDF,Active item from Warhammer.com paint listing. Price: £2.75.,,,,,,,,,,,,,,,,,,,,,,,,,,,,,,,,,,,,,,,,,,,,,,,,,,,,,,,,,,,,,,,,,,,,,,
GW_LAYER_ULTHUAN_GREY,,,,,,,,,,,,,,,games workshop|layer|ulthuan grey,games workshop|ulthuan grey,Loose: Company + Paint_Name,GW_registry_26.0.11.csv,Games Workshop,Citadel,Layer,LAYER,,Ulthuan Grey,ULTHUAN_GREY,#C7E0D9,199.0,224.0,217.0,"199, 224, 217",Layer,Active,Warhammer.com paint inventory paste (331 items); Hex/RGB: Full List of Citadel Paints Wikipedia PDF,Active item from Warhammer.com paint listing. Price: £2.75.,,,,,,,,,,,,,,,,,,,,,,,,,,,,,,,,,,,,,,,,,,,,,,,,,,,,,,,,,,,,,,,,,,,,,,
GW_LAYER_USHABTI_BONE,,,,,,,,,,,,,,,games workshop|layer|ushabti bone,games workshop|ushabti bone,Loose: Company + Paint_Name,GW_registry_26.0.11.csv,Games Workshop,Citadel,Layer,LAYER,,Ushabti Bone,USHABTI_BONE,#BBBB7F,187.0,187.0,127.0,"187, 187, 127",Layer,Active,Warhammer.com paint inventory paste (331 items); Hex/RGB: Full List of Citadel Paints Wikipedia PDF,Active item from Warhammer.com paint listing. Price: £2.75.,,,,,,,,,,,,,,,,,,,,,,,,,,,,,,,,,,,,,,,,,,,,,,,,,,,,,,,,,,,,,,,,,,,,,,
GW_LAYER_WHITE_SCAR,,,,,,,,,,,,,,,games workshop|layer|white scar,games workshop|white scar,Loose: Company + Paint_Name,GW_registry_26.0.11.csv,Games Workshop,Citadel,Layer,LAYER,,White Scar,WHITE_SCAR,#FFFFFF,255.0,255.0,255.0,"255, 255, 255",Layer,Active,Warhammer.com paint inventory paste (331 items); Hex/RGB: Full List of Citadel Paints Wikipedia PDF,Active item from Warhammer.com paint listing. Price: £2.75.,,,,,,,,,,,,,,,,,,,,,,,,,,,,,,,,,,,,,,,,,,,,,,,,,,,,,,,,,,,,,,,,,,,,,,
GW_CONTRAST_BAD_MOON_YELLOW,,,,,,,,,,,,,,,games workshop|contrast|bad moon yellow,games workshop|bad moon yellow,Loose: Company + Paint_Name,GW_registry_26.0.11.csv,Games Workshop,Citadel,Contrast,CONTRAST,,Bad Moon Yellow,BAD_MOON_YELLOW,#F4D000,244.0,208.0,0.0,"244, 208, 0",Contrast,Active,Warhammer.com paint inventory paste (331 items),Active item from Warhammer.com paint listing. Price: £4.75.,,,,,,,,,,,,,,,,,,,,,,,,,,,,,,,,,,,,,,,,,,,,,,,,,,,,,,,,,,,,,,,,,,,,,,
GW_CONTRAST_DARK_ANGELS_GREEN,,,,,,,,,,,,,,,games workshop|contrast|dark angels green,games workshop|dark angels green,Loose: Company + Paint_Name,GW_registry_26.0.11.csv,Games Workshop,Citadel,Contrast,CONTRAST,,Dark Angels Green,DARK_ANGELS_GREEN,#103B20,16.0,59.0,32.0,"16, 59, 32",Contrast,Active,Warhammer.com paint inventory paste (331 items),Active item from Warhammer.com paint listing. Price: £4.75.,,,,,,,,,,,,,,,,,,,,,,,,,,,,,,,,,,,,,,,,,,,,,,,,,,,,,,,,,,,,,,,,,,,,,,
GW_CONTRAST_SNAKEBITE_LEATHER,,,,,,,,,,,,,,,games workshop|contrast|snakebite leather,games workshop|snakebite leather,Loose: Company + Paint_Name,GW_registry_26.0.11.csv,Games Workshop,Citadel,Contrast,CONTRAST,,Snakebite Leather,SNAKEBITE_LEATHER,#8A5A24,138.0,90.0,36.0,"138, 90, 36",Contrast,Active,Warhammer.com paint inventory paste (331 items),Active item from Warhammer.com paint listing. Price: £4.75.,,,,,,,,,,,,,,,,,,,,,,,,,,,,,,,,,,,,,,,,,,,,,,,,,,,,,,,,,,,,,,,,,,,,,,
GW_CONTRAST_SPACE_WOLVES_GREY,,,,,,,,,,,,,,,games workshop|contrast|space wolves grey,games workshop|space wolves grey,Loose: Company + Paint_Name,GW_registry_26.0.11.csv,Games Workshop,Citadel,Contrast,CONTRAST,,Space Wolves Grey,SPACE_WOLVES_GREY,#B7C7D9,183.0,199.0,217.0,"183, 199, 217",Contrast,Active,Warhammer.com paint inventory paste (331 items),Active item from Warhammer.com paint listing. Price: £4.75.,,,,,,,,,,,,,,,,,,,,,,,,,,,,,,,,,,,,,,,,,,,,,,,,,,,,,,,,,,,,,,,,,,,,,,
GW_DRY_DAWNSTONE,,,,,,,,,,,,,,,games workshop|dry|dawnstone,games workshop|dawnstone,Loose: Company + Paint_Name,GW_registry_26.0.11.csv,Games Workshop,Citadel,Dry,DRY,,Dawnstone,DAWNSTONE,#919C9F,145.0,156.0,159.0,"145, 156, 159",Dry,Active,Warhammer.com paint inventory paste (331 items); Hex/RGB: Full List of Citadel Paints Wikipedia PDF,Active item from Warhammer.com paint listing. Price: £2.75.,,,,,,,,,,,,,,,,,,,,,,,,,,,,,,,,,,,,,,,,,,,,,,,,,,,,,,,,,,,,,,,,,,,,,,
GW_DRY_HOETH_BLUE,,,,,,,,,,,,,,,games workshop|dry|hoeth blue,games workshop|hoeth blue,Loose: Company + Paint_Name,GW_registry_26.0.11.csv,Games Workshop,Citadel,Dry,DRY,,Hoeth Blue,HOETH_BLUE,#57A9D4,87.0,169.0,212.0,"87, 169, 212",Dry,Active,Warhammer.com paint inventory paste (331 items); Hex/RGB: Full List of Citadel Paints Wikipedia PDF,Active item from Warhammer.com paint listing. Price: £2.75.,,,,,,,,,,,,,,,,,,,,,,,,,,,,,,,,,,,,,,,,,,,,,,,,,,,,,,,,,,,,,,,,,,,,,,
GW_DRY_NURGLING_GREEN,,,,,,,,,,,,,,,games workshop|dry|nurgling green,games workshop|nurgling green,Loose: Company + Paint_Name,GW_registry_26.0.11.csv,Games Workshop,Citadel,Dry,DRY,,Nurgling Green,NURGLING_GREEN,#B8CC82,184.0,204.0,130.0,"184, 204, 130",Dry,Active,Warhammer.com paint inventory paste (331 items); Hex/RGB: Full List of Citadel Paints Wikipedia PDF,Active item from Warhammer.com paint listing. Price: £2.75.,,,,,,,,,,,,,,,,,,,,,,,,,,,,,,,,,,,,,,,,,,,,,,,,,,,,,,,,,,,,,,,,,,,,,,
GW_TECHNICAL_AGRELLAN_BADLAND,,,,,,,,,,,,,,,games workshop|technical|agrellan badland,games workshop|agrellan badland,Loose: Company + Paint_Name,GW_registry_26.0.11.csv,Games Workshop,Citadel,Technical,TECHNICAL,,Agrellan Badland,AGRELLAN_BADLAND,#A17359,161.0,115.0,89.0,"161, 115, 89",Technical,Active,Warhammer.com paint inventory paste (331 items); Hex/RGB: Existing GW registry real product row,Active item from Warhammer.com paint listing. Price: £4.75.,,,,,,,,,,,,,,,,,,,,,,,,,,,,,,,,,,,,,,,,,,,,,,,,,,,,,,,,,,,,,,,,,,,,,,
GW_TECHNICAL_AGRELLAN_EARTH,,,,,,,,,,,,,,,games workshop|technical|agrellan earth,games workshop|agrellan earth,Loose: Company + Paint_Name,GW_registry_26.0.11.csv,Games Workshop,Citadel,Technical,TECHNICAL,,Agrellan Earth,AGRELLAN_EARTH,#92816D,146.0,129.0,109.0,"146, 129, 109",Technical,Active,Warhammer.com paint inventory paste (331 items); Hex/RGB: Existing GW registry real product row,Active item from Warhammer.com paint listing. Price: £4.75.,,,,,,,,,,,,,,,,,,,,,,,,,,,,,,,,,,,,,,,,,,,,,,,,,,,,,,,,,,,,,,,,,,,,,,
GW_TECHNICAL_ARMAGEDDON_DUST,,,,,,,,,,,,,,,games workshop|technical|armageddon dust,games workshop|armageddon dust,Loose: Company + Paint_Name,GW_registry_26.0.11.csv,Games Workshop,Citadel,Technical,TECHNICAL,,Armageddon Dust,ARMAGEDDON_DUST,#CBAD0D,203.0,173.0,13.0,"203, 173, 13",Technical,Active,Warhammer.com paint inventory paste (331 items); Hex/RGB: Existing GW registry real product row,Active item from Warhammer.com paint listing. Price: £4.75.,,,,,,,,,,,,,,,,,,,,,,,,,,,,,,,,,,,,,,,,,,,,,,,,,,,,,,,,,,,,,,,,,,,,,,
GW_TECHNICAL_ASTROGRANITE,,,,,,,,,,,,,,,games workshop|technical|astrogranite,games workshop|astrogranite,Loose: Company + Paint_Name,GW_registry_26.0.11.csv,Games Workshop,Citadel,Technical,TECHNICAL,,Astrogranite,ASTROGRANITE,#787878,120.0,120.0,120.0,"120, 120, 120",Technical,Active,Warhammer.com paint inventory paste (331 items); Hex/RGB: Existing GW registry real product row,Active item from Warhammer.com paint listing. Price: £4.75.,,,,,,,,,,,,,,,,,,,,,,,,,,,,,,,,,,,,,,,,,,,,,,,,,,,,,,,,,,,,,,,,,,,,,,
GW_TECHNICAL_MARTIAN_IRONCRUST,,,,,,,,,,,,,,,games workshop|technical|martian ironcrust,games workshop|martian ironcrust,Loose: Company + Paint_Name,GW_registry_26.0.11.csv,Games Workshop,Citadel,Technical,TECHNICAL,,Martian Ironcrust,MARTIAN_IRONCRUST,#F5945D,245.0,148.0,93.0,"245, 148, 93",Technical,Active,Warhammer.com paint inventory paste (331 items); Hex/RGB: Existing GW registry real product row,Active item from Warhammer.com paint listing. Price: £4.75.,,,,,,,,,,,,,,,,,,,,,,,,,,,,,,,,,,,,,,,,,,,,,,,,,,,,,,,,,,,,,,,,,,,,,,
GW_TECHNICAL_MARTIAN_IRONEARTH,,,,,,,,,,,,,,,games workshop|technical|martian ironearth,games workshop|martian ironearth,Loose: Company + Paint_Name,GW_registry_26.0.11.csv,Games Workshop,Citadel,Technical,TECHNICAL,,Martian Ironearth,MARTIAN_IRONEARTH,#935442,147.0,84.0,66.0,"147, 84, 66",Technical,Active,Warhammer.com paint inventory paste (331 items); Hex/RGB: Existing GW registry real product row,Active item from Warhammer.com paint listing. Price: £4.75.,,,,,,,,,,,,,,,,,,,,,,,,,,,,,,,,,,,,,,,,,,,,,,,,,,,,,,,,,,,,,,,,,,,,,,
GW_TECHNICAL_NURGLE_S_ROT,,,,,,,,,,,,,,,games workshop|technical|nurgles rot,games workshop|nurgles rot,Loose: Company + Paint_Name,GW_registry_26.0.11.csv,Games Workshop,Citadel,Technical,TECHNICAL,,Nurgle's Rot,NURGLE_S_ROT,#9B8F22,155.0,143.0,34.0,"155, 143, 34",Technical,Active,Comparison Hex Pull,Active item from Warhammer.com paint listing. Price: £2.75. | Duncan Rhodes/Citadel comparison chart direct hex,#9B8F22,,,,,,,,,,,,,,,,,,,,,,,,,,,,,,,,,,,,,,,,,,,,,,,,,,,,,,,,,,,,,,,,,,,,,
GW_TECHNICAL_STIRLAND_MUD,,,,,,,,,,,,,,,games workshop|technical|stirland mud,games workshop|stirland mud,Loose: Company + Paint_Name,GW_registry_26.0.11.csv,Games Workshop,Citadel,Technical,TECHNICAL,,Stirland Mud,STIRLAND_MUD,#473300,71.0,51.0,0.0,"71, 51, 0",Technical,Active,Warhammer.com paint inventory paste (331 items); Hex/RGB: Existing GW registry real product row,Active item from Warhammer.com paint listing. Price: £4.75.,,,,,,,,,,,,,,,,,,,,,,,,,,,,,,,,,,,,,,,,,,,,,,,,,,,,,,,,,,,,,,,,,,,,,,
GW_TECHNICAL_VALHALLAN_BLIZZARD,,,,,,,,,,,,,,,games workshop|technical|valhallan blizzard,games workshop|valhallan blizzard,Loose: Company + Paint_Name,GW_registry_26.0.11.csv,Games Workshop,Citadel,Technical,TECHNICAL,,Valhallan Blizzard,VALHALLAN_BLIZZARD,#FDF9EE,253.0,249.0,238.0,"253, 249, 238",Technical,Active,Warhammer.com paint inventory paste (331 items); Hex/RGB: Existing GW registry real product row,Active item from Warhammer.com paint listing. Price: £4.75.,,,,,,,,,,,,,,,,,,,,,,,,,,,,,,,,,,,,,,,,,,,,,,,,,,,,,,,,,,,,,,,,,,,,,,
GW_AIR_ABADDON_BLACK,,,,,,,,,,,,,,,games workshop|air|abaddon black,games workshop|abaddon black,Loose: Company + Paint_Name,GW_registry_26.0.11.csv,Games Workshop,Citadel,Air,AIR,,Abaddon Black,ABADDON_BLACK,#000000,0.0,0.0,0.0,"0, 0, 0",Air,Active,Warhammer.com paint inventory paste (331 items); Hex/RGB: Games_Workshop_Citadel_Air_v0.xlsx,Active item from Warhammer.com paint listing. Price: £4.75.,,,,,,,,,,,,,,,,,,,,,,,,,,,,,,,,,,,,,,,,,,,,,,,,,,,,,,,,,,,,,,,,,,,,,,
GW_AIR_ADMINISTRATUM_GREY,,,,,,,,,,,,,,,games workshop|air|administratum grey,games workshop|administratum grey,Loose: Company + Paint_Name,GW_registry_26.0.11.csv,Games Workshop,Citadel,Air,AIR,,Administratum Grey,ADMINISTRATUM_GREY,#909691,144.0,150.0,145.0,"144, 150, 145",Air,Active,Warhammer.com paint inventory paste (331 items); Hex/RGB: Games_Workshop_Citadel_Air_v0.xlsx,Active item from Warhammer.com paint listing. Price: £4.75.,,,,,,,,,,,,,,,,,,,,,,,,,,,,,,,,,,,,,,,,,,,,,,,,,,,,,,,,,,,,,,,,,,,,,,
GW_AIR_AVERLAND_SUNSET,,,,,,,,,,,,,,,games workshop|air|averland sunset,games workshop|averland sunset,Loose: Company + Paint_Name,GW_registry_26.0.11.csv,Games Workshop,Citadel,Air,AIR,,Averland Sunset,AVERLAND_SUNSET,#FBB81E,251.0,184.0,30.0,"251, 184, 30",Air,Active,Warhammer.com paint inventory paste (331 items); Hex/RGB: Games_Workshop_Citadel_Air_v0.xlsx,Active item from Warhammer.com paint listing. Price: £4.75.,,,,,,,,,,,,,,,,,,,,,,,,,,,,,,,,,,,,,,,,,,,,,,,,,,,,,,,,,,,,,,,,,,,,,,
GW_AIR_BALTHASAR_GOLD,,,,,,,,,,,,,,,games workshop|air|balthasar gold,games workshop|balthasar gold,Loose: Company + Paint_Name,GW_registry_26.0.11.csv,Games Workshop,Citadel,Air,AIR,,Balthasar Gold,BALTHASAR_GOLD,#8F5F45,143.0,95.0,69.0,"143, 95, 69",Air,Active,Warhammer.com paint inventory paste (331 items); Hex/RGB: Games_Workshop_Citadel_Air_v0.xlsx,Active item from Warhammer.com paint listing. Price: £4.75.,,,,,,,,,,,,,,,,,,,,,,,,,,,,,,,,,,,,,,,,,,,,,,,,,,,,,,,,,,,,,,,,,,,,,,
GW_AIR_BANEBLADE_BROWN,,,,,,,,,,,,,,,games workshop|air|baneblade brown,games workshop|baneblade brown,Loose: Company + Paint_Name,GW_registry_26.0.11.csv,Games Workshop,Citadel,Air,AIR,,Baneblade Brown,BANEBLADE_BROWN,#8F7D69,143.0,125.0,105.0,"143, 125, 105",Air,Active,Warhammer.com paint inventory paste (331 items); Hex/RGB: Games_Workshop_Citadel_Air_v0.xlsx,Active item from Warhammer.com paint listing. Price: £4.75.,,,,,,,,,,,,,,,,,,,,,,,,,,,,,,,,,,,,,,,,,,,,,,,,,,,,,,,,,,,,,,,,,,,,,,
GW_AIR_CALIBAN_GREEN,,,,,,,,,,,,,,,games workshop|air|caliban green,games workshop|caliban green,Loose: Company + Paint_Name,GW_registry_26.0.11.csv,Games Workshop,Citadel,Air,AIR,,Caliban Green,CALIBAN_GREEN,#003D15,0.0,61.0,21.0,"0, 61, 21",Air,Active,Warhammer.com paint inventory paste (331 items); Hex/RGB: Games_Workshop_Citadel_Air_v0.xlsx,Active item from Warhammer.com paint listing. Price: £4.75.,,,,,,,,,,,,,,,,,,,,,,,,,,,,,,,,,,,,,,,,,,,,,,,,,,,,,,,,,,,,,,,,,,,,,,
GW_AIR_CASTELLAN_GREEN,,,,,,,,,,,,,,,games workshop|air|castellan green,games workshop|castellan green,Loose: Company + Paint_Name,GW_registry_26.0.11.csv,Games Workshop,Citadel,Air,AIR,,Castellan Green,CASTELLAN_GREEN,#264715,38.0,71.0,21.0,"38, 71, 21",Air,Active,Warhammer.com paint inventory paste (331 items); Hex/RGB: Games_Workshop_Citadel_Air_v0.xlsx,Active item from Warhammer.com paint listing. Price: £4.75.,,,,,,,,,,,,,,,,,,,,,,,,,,,,,,,,,,,,,,,,,,,,,,,,,,,,,,,,,,,,,,,,,,,,,,
GW_AIR_CORVUS_BLACK,,,,,,,,,,,,,,,games workshop|air|corvus black,games workshop|corvus black,Loose: Company + Paint_Name,GW_registry_26.0.11.csv,Games Workshop,Citadel,Air,AIR,,Corvus Black,CORVUS_BLACK,#171314,23.0,19.0,20.0,"23, 19, 20",Air,Active,Warhammer.com paint inventory paste (331 items); Hex/RGB: Games_Workshop_Citadel_Air_v0.xlsx,Active item from Warhammer.com paint listing. Price: £4.75.,,,,,,,,,,,,,,,,,,,,,,,,,,,,,,,,,,,,,,,,,,,,,,,,,,,,,,,,,,,,,,,,,,,,,,
GW_AIR_DAWNSTONE,,,,,,,,,,,,,,,games workshop|air|dawnstone,games workshop|dawnstone,Loose: Company + Paint_Name,GW_registry_26.0.11.csv,Games Workshop,Citadel,Air,AIR,,Dawnstone,DAWNSTONE,#6A7068,106.0,112.0,104.0,"106, 112, 104",Air,Active,Warhammer.com paint inventory paste (331 items); Hex/RGB: Games_Workshop_Citadel_Air_v0.xlsx,Active item from Warhammer.com paint listing. Price: £4.75.,,,,,,,,,,,,,,,,,,,,,,,,,,,,,,,,,,,,,,,,,,,,,,,,,,,,,,,,,,,,,,,,,,,,,,
GW_AIR_DEATHWORLD_FOREST,,,,,,,,,,,,,,,games workshop|air|deathworld forest,games workshop|deathworld forest,Loose: Company + Paint_Name,GW_registry_26.0.11.csv,Games Workshop,Citadel,Air,AIR,,Deathworld Forest,DEATHWORLD_FOREST,#556229,85.0,98.0,41.0,"85, 98, 41",Air,Active,Warhammer.com paint inventory paste (331 items); Hex/RGB: Games_Workshop_Citadel_Air_v0.xlsx,Active item from Warhammer.com paint listing. Price: £4.75.,,,,,,,,,,,,,,,,,,,,,,,,,,,,,,,,,,,,,,,,,,,,,,,,,,,,,,,,,,,,,,,,,,,,,,
GW_AIR_ELYSIAN_GREEN,,,,,,,,,,,,,,,games workshop|air|elysian green,games workshop|elysian green,Loose: Company + Paint_Name,GW_registry_26.0.11.csv,Games Workshop,Citadel,Air,AIR,,Elysian Green,ELYSIAN_GREEN,#6B8D37,107.0,141.0,55.0,"107, 141, 55",Air,Active,Warhammer.com paint inventory paste (331 items); Hex/RGB: Games_Workshop_Citadel_Air_v0.xlsx,Active item from Warhammer.com paint listing. Price: £4.75.,,,,,,,,,,,,,,,,,,,,,,,,,,,,,,,,,,,,,,,,,,,,,,,,,,,,,,,,,,,,,,,,,,,,,,
GW_AIR_EVIL_SUNZ_SCARLET,,,,,,,,,,,,,,,games workshop|air|evil sunz scarlet,games workshop|evil sunz scarlet,Loose: Company + Paint_Name,GW_registry_26.0.11.csv,Games Workshop,Citadel,Air,AIR,,Evil Sunz Scarlet,EVIL_SUNZ_SCARLET,#C01510,192.0,21.0,16.0,"192, 21, 16",Air,Active,Warhammer.com paint inventory paste (331 items); Hex/RGB: Games_Workshop_Citadel_Air_v0.xlsx,Active item from Warhammer.com paint listing. Price: £4.75.,,,,,,,,,,,,,,,,,,,,,,,,,,,,,,,,,,,,,,,,,,,,,,,,,,,,,,,,,,,,,,,,,,,,,,
GW_AIR_FENRISIAN_GREY,,,,,,,,,,,,,,,games workshop|air|fenrisian grey,games workshop|fenrisian grey,Loose: Company + Paint_Name,GW_registry_26.0.11.csv,Games Workshop,Citadel,Air,AIR,,Fenrisian Grey,FENRISIAN_GREY,#6E95B3,110.0,149.0,179.0,"110, 149, 179",Air,Active,Warhammer.com paint inventory paste (331 items); Hex/RGB: Games_Workshop_Citadel_Air_v0.xlsx,Active item from Warhammer.com paint listing. Price: £4.75.,,,,,,,,,,,,,,,,,,,,,,,,,,,,,,,,,,,,,,,,,,,,,,,,,,,,,,,,,,,,,,,,,,,,,,
GW_AIR_FLASH_GITZ_YELLOW,,,,,,,,,,,,,,,games workshop|air|flash gitz yellow,games workshop|flash gitz yellow,Loose: Company + Paint_Name,GW_registry_26.0.11.csv,Games Workshop,Citadel,Air,AIR,,Flash Gitz Yellow,FLASH_GITZ_YELLOW,#FFF301,255.0,243.0,1.0,"255, 243, 1",Air,Active,Warhammer.com paint inventory paste (331 items); Hex/RGB: Games_Workshop_Citadel_Air_v0.xlsx,Active item from Warhammer.com paint listing. Price: £4.75.,,,,,,,,,,,,,,,,,,,,,,,,,,,,,,,,,,,,,,,,,,,,,,,,,,,,,,,,,,,,,,,,,,,,,,
GW_AIR_GREY_KNIGHTS_STEEL,,,,,,,,,,,,,,,games workshop|air|grey knights steel,games workshop|grey knights steel,Loose: Company + Paint_Name,GW_registry_26.0.11.csv,Games Workshop,Citadel,Air,AIR,,Grey Knights Steel,GREY_KNIGHTS_STEEL,#7F8E99,127.0,142.0,153.0,"127, 142, 153",Air,Active,Warhammer.com paint inventory paste (331 items); Hex/RGB: Games_Workshop_Citadel_Air_v0.xlsx,Active item from Warhammer.com paint listing. Price: £4.75.,,,,,,,,,,,,,,,,,,,,,,,,,,,,,,,,,,,,,,,,,,,,,,,,,,,,,,,,,,,,,,,,,,,,,,
GW_AIR_KANTOR_BLUE,,,,,,,,,,,,,,,games workshop|air|kantor blue,games workshop|kantor blue,Loose: Company + Paint_Name,GW_registry_26.0.11.csv,Games Workshop,Citadel,Air,AIR,,Kantor Blue,KANTOR_BLUE,#02134E,2.0,19.0,78.0,"2, 19, 78",Air,Active,Warhammer.com paint inventory paste (331 items); Hex/RGB: Games_Workshop_Citadel_Air_v0.xlsx,Active item from Warhammer.com paint listing. Price: £4.75.,,,,,,,,,,,,,,,,,,,,,,,,,,,,,,,,,,,,,,,,,,,,,,,,,,,,,,,,,,,,,,,,,,,,,,
GW_AIR_KHORNE_RED,,,,,,,,,,,,,,,games workshop|air|khorne red,games workshop|khorne red,Loose: Company + Paint_Name,GW_registry_26.0.11.csv,Games Workshop,Citadel,Air,AIR,,Khorne Red,KHORNE_RED,#660001,102.0,0.0,1.0,"102, 0, 1",Air,Active,Warhammer.com paint inventory paste (331 items); Hex/RGB: Games_Workshop_Citadel_Air_v0.xlsx,Active item from Warhammer.com paint listing. Price: £4.75.,,,,,,,,,,,,,,,,,,,,,,,,,,,,,,,,,,,,,,,,,,,,,,,,,,,,,,,,,,,,,,,,,,,,,,
GW_AIR_KISLEV_FLESH,,,,,,,,,,,,,,,games workshop|air|kislev flesh,games workshop|kislev flesh,Loose: Company + Paint_Name,GW_registry_26.0.11.csv,Games Workshop,Citadel,Air,AIR,,Kislev Flesh,KISLEV_FLESH,#D1A571,209.0,165.0,113.0,"209, 165, 113",Air,Active,Warhammer.com paint inventory paste (331 items); Hex/RGB: Games_Workshop_Citadel_Air_v0.xlsx,Active item from Warhammer.com paint listing. Price: £4.75.,,,,,,,,,,,,,,,,,,,,,,,,,,,,,,,,,,,,,,,,,,,,,,,,,,,,,,,,,,,,,,,,,,,,,,
GW_AIR_LEADBELCHER,,,,,,,,,,,,,,,games workshop|air|leadbelcher,games workshop|leadbelcher,Loose: Company + Paint_Name,GW_registry_26.0.11.csv,Games Workshop,Citadel,Air,AIR,,Leadbelcher,LEADBELCHER,#5B5F61,91.0,95.0,97.0,"91, 95, 97",Air,Active,Warhammer.com paint inventory paste (331 items); Hex/RGB: Games_Workshop_Citadel_Air_v0.xlsx,Active item from Warhammer.com paint listing. Price: £4.75.,,,,,,,,,,,,,,,,,,,,,,,,,,,,,,,,,,,,,,,,,,,,,,,,,,,,,,,,,,,,,,,,,,,,,,
GW_AIR_LOTHERN_BLUE,,,,,,,,,,,,,,,games workshop|air|lothern blue,games workshop|lothern blue,Loose: Company + Paint_Name,GW_registry_26.0.11.csv,Games Workshop,Citadel,Air,AIR,,Lothern Blue,LOTHERN_BLUE,#2B9BCD,43.0,155.0,205.0,"43, 155, 205",Air,Active,Warhammer.com paint inventory paste (331 items); Hex/RGB: Games_Workshop_Citadel_Air_v0.xlsx,Active item from Warhammer.com paint listing. Price: £4.75.,,,,,,,,,,,,,,,,,,,,,,,,,,,,,,,,,,,,,,,,,,,,,,,,,,,,,,,,,,,,,,,,,,,,,,
GW_AIR_MACRAGGE_BLUE,,,,,,,,,,,,,,,games workshop|air|macragge blue,games workshop|macragge blue,Loose: Company + Paint_Name,GW_registry_26.0.11.csv,Games Workshop,Citadel,Air,AIR,,Macragge Blue,MACRAGGE_BLUE,#0D3E7C,13.0,62.0,124.0,"13, 62, 124",Air,Active,Warhammer.com paint inventory paste (331 items); Hex/RGB: Games_Workshop_Citadel_Air_v0.xlsx,Active item from Warhammer.com paint listing. Price: £4.75.,,,,,,,,,,,,,,,,,,,,,,,,,,,,,,,,,,,,,,,,,,,,,,,,,,,,,,,,,,,,,,,,,,,,,,
GW_AIR_MECHANICUS_STANDARD_GREY,,,,,,,,,,,,,,,games workshop|air|mechanicus standard grey,games workshop|mechanicus standard grey,Loose: Company + Paint_Name,GW_registry_26.0.11.csv,Games Workshop,Citadel,Air,AIR,,Mechanicus Standard Grey,MECHANICUS_STANDARD_GREY,#39484A,57.0,72.0,74.0,"57, 72, 74",Air,Active,Warhammer.com paint inventory paste (331 items); Hex/RGB: Games_Workshop_Citadel_Air_v0.xlsx,Active item from Warhammer.com paint listing. Price: £4.75.,,,,,,,,,,,,,,,,,,,,,,,,,,,,,,,,,,,,,,,,,,,,,,,,,,,,,,,,,,,,,,,,,,,,,,
GW_AIR_MEPHISTON_RED,,,,,,,,,,,,,,,games workshop|air|mephiston red,games workshop|mephiston red,Loose: Company + Paint_Name,GW_registry_26.0.11.csv,Games Workshop,Citadel,Air,AIR,,Mephiston Red,MEPHISTON_RED,#960D09,150.0,13.0,9.0,"150, 13, 9",Air,Active,Warhammer.com paint inventory paste (331 items); Hex/RGB: Games_Workshop_Citadel_Air_v0.xlsx,Active item from Warhammer.com paint listing. Price: £4.75.,,,,,,,,,,,,,,,,,,,,,,,,,,,,,,,,,,,,,,,,,,,,,,,,,,,,,,,,,,,,,,,,,,,,,,
GW_AIR_MOOT_GREEN,,,,,,,,,,,,,,,games workshop|air|moot green,games workshop|moot green,Loose: Company + Paint_Name,GW_registry_26.0.11.csv,Games Workshop,Citadel,Air,AIR,,Moot Green,MOOT_GREEN,#3DAF44,61.0,175.0,68.0,"61, 175, 68",Air,Active,Warhammer.com paint inventory paste (331 items); Hex/RGB: Games_Workshop_Citadel_Air_v0.xlsx,Active item from Warhammer.com paint listing. Price: £4.75.,,,,,,,,,,,,,,,,,,,,,,,,,,,,,,,,,,,,,,,,,,,,,,,,,,,,,,,,,,,,,,,,,,,,,,
GW_AIR_MOURNFANG_BROWN,,,,,,,,,,,,,,,games workshop|air|mournfang brown,games workshop|mournfang brown,Loose: Company + Paint_Name,GW_registry_26.0.11.csv,Games Workshop,Citadel,Air,AIR,,Mournfang Brown,MOURNFANG_BROWN,#490F06,73.0,15.0,6.0,"73, 15, 6",Air,Active,Warhammer.com paint inventory paste (331 items); Hex/RGB: Games_Workshop_Citadel_Air_v0.xlsx,Active item from Warhammer.com paint listing. Price: £4.75.,,,,,,,,,,,,,,,,,,,,,,,,,,,,,,,,,,,,,,,,,,,,,,,,,,,,,,,,,,,,,,,,,,,,,,
GW_AIR_NIGHT_LORDS_BLUE,,,,,,,,,,,,,,,games workshop|air|night lords blue,games workshop|night lords blue,Loose: Company + Paint_Name,GW_registry_26.0.11.csv,Games Workshop,Citadel,Air,AIR,,Night Lords Blue,NIGHT_LORDS_BLUE,#002B5C,0.0,43.0,92.0,"0, 43, 92",Air,Active,Warhammer.com paint inventory paste (331 items); Hex/RGB: Games_Workshop_Citadel_Air_v0.xlsx,Active item from Warhammer.com paint listing. Price: £4.75.,,,,,,,,,,,,,,,,,,,,,,,,,,,,,,,,,,,,,,,,,,,,,,,,,,,,,,,,,,,,,,,,,,,,,,
GW_AIR_OGRYN_CAMO,,,,,,,,,,,,,,,games workshop|air|ogryn camo,games workshop|ogryn camo,Loose: Company + Paint_Name,GW_registry_26.0.11.csv,Games Workshop,Citadel,Air,AIR,,Ogryn Camo,OGRYN_CAMO,#97A649,151.0,166.0,73.0,"151, 166, 73",Air,Active,Warhammer.com paint inventory paste (331 items); Hex/RGB: Games_Workshop_Citadel_Air_v0.xlsx,Active item from Warhammer.com paint listing. Price: £4.75.,,,,,,,,,,,,,,,,,,,,,,,,,,,,,,,,,,,,,,,,,,,,,,,,,,,,,,,,,,,,,,,,,,,,,,
GW_AIR_PHALANX_YELLOW,,,,,,,,,,,,,,,games workshop|air|phalanx yellow,games workshop|phalanx yellow,Loose: Company + Paint_Name,GW_registry_26.0.11.csv,Games Workshop,Citadel,Air,AIR,,Phalanx Yellow,PHALANX_YELLOW,#FFE200,255.0,226.0,0.0,"255, 226, 0",Air,Active,Warhammer.com paint inventory paste (331 items); Hex/RGB: Games_Workshop_Citadel_Air_v0.xlsx,Active item from Warhammer.com paint listing. Price: £4.75.,,,,,,,,,,,,,,,,,,,,,,,,,,,,,,,,,,,,,,,,,,,,,,,,,,,,,,,,,,,,,,,,,,,,,,
GW_AIR_PHOENICIAN_PURPLE,,,,,,,,,,,,,,,games workshop|air|phoenician purple,games workshop|phoenician purple,Loose: Company + Paint_Name,GW_registry_26.0.11.csv,Games Workshop,Citadel,Air,AIR,,Phoenician Purple,PHOENICIAN_PURPLE,#450052,69.0,0.0,82.0,"69, 0, 82",Air,Active,Warhammer.com paint inventory paste (331 items); Hex/RGB: Games_Workshop_Citadel_Air_v0.xlsx,Active item from Warhammer.com paint listing. Price: £4.75.,,,,,,,,,,,,,,,,,,,,,,,,,,,,,,,,,,,,,,,,,,,,,,,,,,,,,,,,,,,,,,,,,,,,,,
GW_AIR_RUNEFANG_STEEL,,,,,,,,,,,,,,,games workshop|air|runefang steel,games workshop|runefang steel,Loose: Company + Paint_Name,GW_registry_26.0.11.csv,Games Workshop,Citadel,Air,AIR,,Runefang Steel,RUNEFANG_STEEL,#A0A7AB,160.0,167.0,171.0,"160, 167, 171",Air,Active,Warhammer.com paint inventory paste (331 items); Hex/RGB: Games_Workshop_Citadel_Air_v0.xlsx,Active item from Warhammer.com paint listing. Price: £4.75.,,,,,,,,,,,,,,,,,,,,,,,,,,,,,,,,,,,,,,,,,,,,,,,,,,,,,,,,,,,,,,,,,,,,,,
GW_AIR_RUSS_GREY,,,,,,,,,,,,,,,games workshop|air|russ grey,games workshop|russ grey,Loose: Company + Paint_Name,GW_registry_26.0.11.csv,Games Workshop,Citadel,Air,AIR,,Russ Grey,RUSS_GREY,#4F7185,79.0,113.0,133.0,"79, 113, 133",Air,Active,Warhammer.com paint inventory paste (331 items); Hex/RGB: Games_Workshop_Citadel_Air_v0.xlsx,Active item from Warhammer.com paint listing. Price: £4.75.,,,,,,,,,,,,,,,,,,,,,,,,,,,,,,,,,,,,,,,,,,,,,,,,,,,,,,,,,,,,,,,,,,,,,,
GW_AIR_TEMPLE_GUARD_BLUE,,,,,,,,,,,,,,,games workshop|air|temple guard blue,games workshop|temple guard blue,Loose: Company + Paint_Name,GW_registry_26.0.11.csv,Games Workshop,Citadel,Air,AIR,,Temple Guard Blue,TEMPLE_GUARD_BLUE,#239489,35.0,148.0,137.0,"35, 148, 137",Air,Active,Warhammer.com paint inventory paste (331 items); Hex/RGB: Games_Workshop_Citadel_Air_v0.xlsx,Active item from Warhammer.com paint listing. Price: £4.75.,,,,,,,,,,,,,,,,,,,,,,,,,,,,,,,,,,,,,,,,,,,,,,,,,,,,,,,,,,,,,,,,,,,,,,
GW_AIR_THE_FANG,,,,,,,,,,,,,,,games workshop|air|the fang,games workshop|the fang,Loose: Company + Paint_Name,GW_registry_26.0.11.csv,Games Workshop,Citadel,Air,AIR,,The Fang,THE_FANG,#405B71,64.0,91.0,113.0,"64, 91, 113",Air,Active,Warhammer.com paint inventory paste (331 items); Hex/RGB: Games_Workshop_Citadel_Air_v0.xlsx,Active item from Warhammer.com paint listing. Price: £4.75.,,,,,,,,,,,,,,,,,,,,,,,,,,,,,,,,,,,,,,,,,,,,,,,,,,,,,,,,,,,,,,,,,,,,,,
GW_AIR_TROLL_SLAYER_ORANGE,,,,,,,,,,,,,,,games workshop|air|troll slayer orange,games workshop|troll slayer orange,Loose: Company + Paint_Name,GW_registry_26.0.11.csv,Games Workshop,Citadel,Air,AIR,,Troll Slayer Orange,TROLL_SLAYER_ORANGE,#F26C23,242.0,108.0,35.0,"242, 108, 35",Air,Active,Warhammer.com paint inventory paste (331 items); Hex/RGB: Games_Workshop_Citadel_Air_v0.xlsx,Active item from Warhammer.com paint listing. Price: £4.75.,,,,,,,,,,,,,,,,,,,,,,,,,,,,,,,,,,,,,,,,,,,,,,,,,,,,,,,,,,,,,,,,,,,,,,
GW_AIR_ULTHUAN_GREY,,,,,,,,,,,,,,,games workshop|air|ulthuan grey,games workshop|ulthuan grey,Loose: Company + Paint_Name,GW_registry_26.0.11.csv,Games Workshop,Citadel,Air,AIR,,Ulthuan Grey,ULTHUAN_GREY,#C4DDD6,196.0,221.0,214.0,"196, 221, 214",Air,Active,Warhammer.com paint inventory paste (331 items); Hex/RGB: Games_Workshop_Citadel_Air_v0.xlsx,Active item from Warhammer.com paint listing. Price: £4.75.,,,,,,,,,,,,,,,,,,,,,,,,,,,,,,,,,,,,,,,,,,,,,,,,,,,,,,,,,,,,,,,,,,,,,,
GW_AIR_USHABTI_BONE,,,,,,,,,,,,,,,games workshop|air|ushabti bone,games workshop|ushabti bone,Loose: Company + Paint_Name,GW_registry_26.0.11.csv,Games Workshop,Citadel,Air,AIR,,Ushabti Bone,USHABTI_BONE,#ABA174,171.0,161.0,116.0,"171, 161, 116",Air,Active,Warhammer.com paint inventory paste (331 items); Hex/RGB: Games_Workshop_Citadel_Air_v0.xlsx,Active item from Warhammer.com paint listing. Price: £4.75.,,,,,,,,,,,,,,,,,,,,,,,,,,,,,,,,,,,,,,,,,,,,,,,,,,,,,,,,,,,,,,,,,,,,,,
GW_AIR_WHITE_SCAR,,,,,,,,,,,,,,,games workshop|air|white scar,games workshop|white scar,Loose: Company + Paint_Name,GW_registry_26.0.11.csv,Games Workshop,Citadel,Air,AIR,,White Scar,WHITE_SCAR,#FFFFFF,255.0,255.0,255.0,"255, 255, 255",Air,Active,Warhammer.com paint inventory paste (331 items); Hex/RGB: Games_Workshop_Citadel_Air_v0.xlsx,Active item from Warhammer.com paint listing. Price: £4.75.,,,,,,,,,,,,,,,,,,,,,,,,,,,,,,,,,,,,,,,,,,,,,,,,,,,,,,,,,,,,,,,,,,,,,,
GW_AIR_ZANDRI_DUST,,,,,,,,,,,,,,,games workshop|air|zandri dust,games workshop|zandri dust,Loose: Company + Paint_Name,GW_registry_26.0.11.csv,Games Workshop,Citadel,Air,AIR,,Zandri Dust,ZANDRI_DUST,#988E56,152.0,142.0,86.0,"152, 142, 86",Air,Active,Warhammer.com paint inventory paste (331 items); Hex/RGB: Games_Workshop_Citadel_Air_v0.xlsx,Active item from Warhammer.com paint listing. Price: £4.75.,,,,,,,,,,,,,,,,,,,,,,,,,,,,,,,,,,,,,,,,,,,,,,,,,,,,,,,,,,,,,,,,,,,,,,
GW_SPRAY_CHAOS_BLACK,,,,,,,,,,,,,,,games workshop|spray|chaos black,games workshop|chaos black,Loose: Company + Paint_Name,GW_registry_26.0.11.csv,Games Workshop,Citadel,Spray,SPRAY,,Chaos Black,CHAOS_BLACK,#001522,0.0,21.0,34.0,"0, 21, 34",Spray,Active,Warhammer.com paint inventory paste (331 items); Hex/RGB: Same-name Citadel source (GW/Citadel Colours Revised PDF),Active item from Warhammer.com paint listing. Price: £13.00.,,,,,,,,,,,,,,,,,,,,,,,,,,,,,,,,,,,,,,,,,,,,,,,,,,,,,,,,,,,,,,,,,,,,,,
GW_SPRAY_DEATH_GUARD_GREEN,,,,,,,,,,,,,,,games workshop|spray|death guard green,games workshop|death guard green,Loose: Company + Paint_Name,GW_registry_26.0.11.csv,Games Workshop,Citadel,Spray,SPRAY,,Death Guard Green,DEATH_GUARD_GREEN,#9C9171,156.0,145.0,113.0,"156, 145, 113",Spray,Active,Warhammer.com paint inventory paste (331 items); Hex/RGB: Same-name Citadel source (Existing GW registry real product row),Active item from Warhammer.com paint listing. Price: £15.00.,,,,,,,,,,,,,,,,,,,,,,,,,,,,,,,,,,,,,,,,,,,,,,,,,,,,,,,,,,,,,,,,,,,,,,
GW_SPRAY_GREY_SEER,,,,,,,,,,,,,,,games workshop|spray|grey seer,games workshop|grey seer,Loose: Company + Paint_Name,GW_registry_26.0.11.csv,Games Workshop,Citadel,Spray,SPRAY,,Grey Seer,GREY_SEER,#BFC8C8,191.0,200.0,200.0,"191, 200, 200",Spray,Active,Warhammer.com paint inventory paste (331 items),Active item from Warhammer.com paint listing. Price: £15.00.,,,,,,,,,,,,,,,,,,,,,,,,,,,,,,,,,,,,,,,,,,,,,,,,,,,,,,,,,,,,,,,,,,,,,,
GW_SPRAY_LEADBELCHER,,,,,,,,,,,,,,,games workshop|spray|leadbelcher,games workshop|leadbelcher,Loose: Company + Paint_Name,GW_registry_26.0.11.csv,Games Workshop,Citadel,Spray,SPRAY,,Leadbelcher,LEADBELCHER,#5B5F61,91.0,95.0,97.0,"91, 95, 97",Spray,Active,Warhammer.com paint inventory paste (331 items); Hex/RGB: Same-name Citadel source (Games_Workshop_Citadel_Air_v0.xlsx),Active item from Warhammer.com paint listing. Price: £15.00.,,,,,,,,,,,,,,,,,,,,,,,,,,,,,,,,,,,,,,,,,,,,,,,,,,,,,,,,,,,,,,,,,,,,,,
GW_SPRAY_MACRAGGE_BLUE,,,,,,,,,,,,,,,games workshop|spray|macragge blue,games workshop|macragge blue,Loose: Company + Paint_Name,GW_registry_26.0.11.csv,Games Workshop,Citadel,Spray,SPRAY,,Macragge Blue,MACRAGGE_BLUE,#0D3E7C,13.0,62.0,124.0,"13, 62, 124",Spray,Active,Warhammer.com paint inventory paste (331 items); Hex/RGB: Same-name Citadel source (Games_Workshop_Citadel_Air_v0.xlsx),Active item from Warhammer.com paint listing. Price: £15.00.,,,,,,,,,,,,,,,,,,,,,,,,,,,,,,,,,,,,,,,,,,,,,,,,,,,,,,,,,,,,,,,,,,,,,,
GW_SPRAY_MECHANICUS_STANDARD_GREY,,,,,,,,,,,,,,,games workshop|spray|mechanicus standard grey,games workshop|mechanicus standard grey,Loose: Company + Paint_Name,GW_registry_26.0.11.csv,Games Workshop,Citadel,Spray,SPRAY,,Mechanicus Standard Grey,MECHANICUS_STANDARD_GREY,#39484A,57.0,72.0,74.0,"57, 72, 74",Spray,Active,Warhammer.com paint inventory paste (331 items); Hex/RGB: Same-name Citadel source (Games_Workshop_Citadel_Air_v0.xlsx),Active item from Warhammer.com paint listing. Price: £15.00.,,,,,,,,,,,,,,,,,,,,,,,,,,,,,,,,,,,,,,,,,,,,,,,,,,,,,,,,,,,,,,,,,,,,,,
GW_SPRAY_MEPHISTON_RED,,,,,,,,,,,,,,,games workshop|spray|mephiston red,games workshop|mephiston red,Loose: Company + Paint_Name,GW_registry_26.0.11.csv,Games Workshop,Citadel,Spray,SPRAY,,Mephiston Red,MEPHISTON_RED,#960D09,150.0,13.0,9.0,"150, 13, 9",Spray,Active,Warhammer.com paint inventory paste (331 items); Hex/RGB: Same-name Citadel source (Games_Workshop_Citadel_Air_v0.xlsx),Active item from Warhammer.com paint listing. Price: £15.00.,,,,,,,,,,,,,,,,,,,,,,,,,,,,,,,,,,,,,,,,,,,,,,,,,,,,,,,,,,,,,,,,,,,,,,
GW_SPRAY_RETRIBUTOR_ARMOUR,,,,,,,,,,,,,,,games workshop|spray|retributor armour,games workshop|retributor armour,Loose: Company + Paint_Name,GW_registry_26.0.11.csv,Games Workshop,Citadel,Spray,SPRAY,,Retributor Armour,RETRIBUTOR_ARMOUR,#C39E81,195.0,158.0,129.0,"195, 158, 129",Spray,Active,Warhammer.com paint inventory paste (331 items); Hex/RGB: Same-name Citadel source (Full List of Citadel Paints Wikipedia PDF),Active item from Warhammer.com paint listing. Price: £21.50.,,,,,,,,,,,,,,,,,,,,,,,,,,,,,,,,,,,,,,,,,,,,,,,,,,,,,,,,,,,,,,,,,,,,,,
GW_SPRAY_WHITE_SCAR,,,,,,,,,,,,,,,games workshop|spray|white scar,games workshop|white scar,Loose: Company + Paint_Name,GW_registry_26.0.11.csv,Games Workshop,Citadel,Spray,SPRAY,,White Scar,WHITE_SCAR,#FFFFFF,255.0,255.0,255.0,"255, 255, 255",Spray,Active,Warhammer.com paint inventory paste (331 items); Hex/RGB: Same-name Citadel source (Games_Workshop_Citadel_Air_v0.xlsx),Active item from Warhammer.com paint listing. Price: £15.00.,,,,,,,,,,,,,,,,,,,,,,,,,,,,,,,,,,,,,,,,,,,,,,,,,,,,,,,,,,,,,,,,,,,,,,
GW_SPRAY_WRAITHBONE,,,,,,,,,,,,,,,games workshop|spray|wraithbone,games workshop|wraithbone,Loose: Company + Paint_Name,GW_registry_26.0.11.csv,Games Workshop,Citadel,Spray,SPRAY,,Wraithbone,WRAITHBONE,#DCCB9A,220.0,203.0,154.0,"220, 203, 154",Spray,Active,Warhammer.com paint inventory paste (331 items),Active item from Warhammer.com paint listing. Price: £15.00.,,,,,,,,,,,,,,,,,,,,,,,,,,,,,,,,,,,,,,,,,,,,,,,,,,,,,,,,,,,,,,,,,,,,,,
GW_SPRAY_ZANDRI_DUST,,,,,,,,,,,,,,,games workshop|spray|zandri dust,games workshop|zandri dust,Loose: Company + Paint_Name,GW_registry_26.0.11.csv,Games Workshop,Citadel,Spray,SPRAY,,Zandri Dust,ZANDRI_DUST,#988E56,152.0,142.0,86.0,"152, 142, 86",Spray,Active,Warhammer.com paint inventory paste (331 items); Hex/RGB: Same-name Citadel source (Games_Workshop_Citadel_Air_v0.xlsx),Active item from Warhammer.com paint listing. Price: £15.00.,,,,,,,,,,,,,,,,,,,,,,,,,,,,,,,,,,,,,,,,,,,,,,,,,,,,,,,,,,,,,,,,,,,,,,
GW_LAYER_BAD_MOON_YELLOW,,,,,,,,,,,,,,,games workshop|layer|bad moon yellow,games workshop|bad moon yellow,Loose: Company + Paint_Name,GW_registry_26.0.11.csv,Games Workshop,Citadel,Layer,LAYER,,Bad Moon Yellow,BAD_MOON_YELLOW,#FFF700,255.0,247.0,0.0,"255, 247, 0",Layer,Discontinued,Existing uploaded GW registry after artifact cleanup; Hex/RGB: Existing uploaded GW registry row,Preserved from uploaded registry; product line normalized during audit.,,,,,,,,,,,,,,,,,,,,,,,,,,,,,,,,,,,,,,,,,,,,,,,,,,,,,,,,,,,,,,,,,,,,,,
GW_LAYER_CHAOS_BLACK,,,,,,,,,,,,,,,games workshop|layer|chaos black,games workshop|chaos black,Loose: Company + Paint_Name,GW_registry_26.0.11.csv,Games Workshop,Citadel,Layer,LAYER,,Chaos Black,CHAOS_BLACK,#001522,0.0,21.0,34.0,"0, 21, 34",Layer,Discontinued,GW/Citadel Colours Revised PDF; Hex/RGB: GW/Citadel Colours Revised PDF,Historical Citadel/Games Workshop color from uploaded revised chart.,,,,,,,,,,,,,,,,,,,,,,,,,,,,,,,,,,,,,,,,,,,,,,,,,,,,,,,,,,,,,,,,,,,,,,
GW_LAYER_DARK_ANGELS_GREEN,,,,,,,,,,,,,,,games workshop|layer|dark angels green,games workshop|dark angels green,Loose: Company + Paint_Name,GW_registry_26.0.11.csv,Games Workshop,Citadel,Layer,LAYER,,Dark Angels Green,DARK_ANGELS_GREEN,#103B20,16.0,59.0,32.0,"16, 59, 32",Layer,Discontinued,Existing uploaded GW registry after artifact cleanup,Preserved from uploaded registry; product line normalized during audit.,,,,,,,,,,,,,,,,,,,,,,,,,,,,,,,,,,,,,,,,,,,,,,,,,,,,,,,,,,,,,,,,,,,,,,
GW_LAYER_EMPERORS_CHILDREN,,,,,,,,,,,,,,,games workshop|layer|emperors children,games workshop|emperors children,Loose: Company + Paint_Name,GW_registry_26.0.11.csv,Games Workshop,Citadel,Layer,LAYER,,Emperors Children,EMPERORS_CHILDREN,#B94278,185.0,66.0,120.0,"185, 66, 120",Layer,Discontinued,Full List of Citadel Paints Wikipedia PDF; Hex/RGB: Full List of Citadel Paints Wikipedia PDF,Verified historical Citadel paint from uploaded historical list.,,,,,,,,,,,,,,,,,,,,,,,,,,,,,,,,,,,,,,,,,,,,,,,,,,,,,,,,,,,,,,,,,,,,,,
GW_LAYER_RUNELORD_BRASS,,,,,,,,,,,,,,,games workshop|layer|runelord brass,games workshop|runelord brass,Loose: Company + Paint_Name,GW_registry_26.0.11.csv,Games Workshop,Citadel,Layer,LAYER,,Runelord Brass,RUNELORD_BRASS,#B6A89A,182.0,168.0,154.0,"182, 168, 154",Layer,Discontinued,Full List of Citadel Paints Wikipedia PDF; Hex/RGB: Full List of Citadel Paints Wikipedia PDF,Verified historical Citadel paint from uploaded historical list.,,,,,,,,,,,,,,,,,,,,,,,,,,,,,,,,,,,,,,,,,,,,,,,,,,,,,,,,,,,,,,,,,,,,,,
GW_LAYER_SNAKEBITE_LEATHER,,,,,,,,,,,,,,,games workshop|layer|snakebite leather,games workshop|snakebite leather,Loose: Company + Paint_Name,GW_registry_26.0.11.csv,Games Workshop,Citadel,Layer,LAYER,,Snakebite Leather,SNAKEBITE_LEATHER,#8C6C40,140.0,108.0,64.0,"140, 108, 64",Layer,Discontinued,GW/Citadel Colours Revised PDF; Hex/RGB: GW/Citadel Colours Revised PDF,Historical Citadel/Games Workshop color from uploaded revised chart.,,,,,,,,,,,,,,,,,,,,,,,,,,,,,,,,,,,,,,,,,,,,,,,,,,,,,,,,,,,,,,,,,,,,,,
GW_LAYER_SPACE_WOLVES_GREY,,,,,,,,,,,,,,,games workshop|layer|space wolves grey,games workshop|space wolves grey,Loose: Company + Paint_Name,GW_registry_26.0.11.csv,Games Workshop,Citadel,Layer,LAYER,,Space Wolves Grey,SPACE_WOLVES_GREY,#CEDEE7,206.0,222.0,231.0,"206, 222, 231",Layer,Discontinued,Existing uploaded GW registry after artifact cleanup; Hex/RGB: Existing uploaded GW registry row,Preserved from uploaded registry; product line normalized during audit.,,,,,,,,,,,,,,,,,,,,,,,,,,,,,,,,,,,,,,,,,,,,,,,,,,,,,,,,,,,,,,,,,,,,,,
GW_DRY_SLAANESH_GREY,,,,,,,,,,,,,,,games workshop|dry|slaanesh grey,games workshop|slaanesh grey,Loose: Company + Paint_Name,GW_registry_26.0.11.csv,Games Workshop,Citadel,Dry,DRY,,Slaanesh Grey,SLAANESH_GREY,#DBD5E6,219.0,213.0,230.0,"219, 213, 230",Dry,Discontinued,Full List of Citadel Paints Wikipedia PDF; Hex/RGB: Full List of Citadel Paints Wikipedia PDF,Verified historical Citadel paint from uploaded historical list.,,,,,,,,,,,,,,,,,,,,,,,,,,,,,,,,,,,,,,,,,,,,,,,,,,,,,,,,,,,,,,,,,,,,,,
GW_DRY_THUNDERHAWK_BLUE,,,,,,,,,,,,,,,games workshop|dry|thunderhawk blue,games workshop|thunderhawk blue,Loose: Company + Paint_Name,GW_registry_26.0.11.csv,Games Workshop,Citadel,Dry,DRY,,Thunderhawk Blue,THUNDERHAWK_BLUE,#509BA9,80.0,155.0,169.0,"80, 155, 169",Dry,Discontinued,Full List of Citadel Paints Wikipedia PDF; Hex/RGB: Full List of Citadel Paints Wikipedia PDF,Verified historical Citadel paint from uploaded historical list.,,,,,,,,,,,,,,,,,,,,,,,,,,,,,,,,,,,,,,,,,,,,,,,,,,,,,,,,,,,,,,,,,,,,,,
GW_TECHNICAL_ARMAGEDDON_DUNES,,,,,,,,,,,,,,,games workshop|technical|armageddon dunes,games workshop|armageddon dunes,Loose: Company + Paint_Name,GW_registry_26.0.11.csv,Games Workshop,Citadel,Technical,TECHNICAL,,Armageddon Dunes,ARMAGEDDON_DUNES,#FCAF09,252.0,175.0,9.0,"252, 175, 9",Technical,Discontinued,Existing uploaded GW registry after artifact cleanup; Hex/RGB: Existing GW registry real product row,Preserved from uploaded registry; product line normalized during audit.,,,,,,,,,,,,,,,,,,,,,,,,,,,,,,,,,,,,,,,,,,,,,,,,,,,,,,,,,,,,,,,,,,,,,,
GW_TECHNICAL_ASTROGRANITE_DEBRIS,,,,,,,,,,,,,,,games workshop|technical|astrogranite debris,games workshop|astrogranite debris,Loose: Company + Paint_Name,GW_registry_26.0.11.csv,Games Workshop,Citadel,Technical,TECHNICAL,,Astrogranite Debris,ASTROGRANITE_DEBRIS,#77726E,119.0,114.0,110.0,"119, 114, 110",Technical,Discontinued,Existing uploaded GW registry after artifact cleanup; Hex/RGB: Existing GW registry real product row,Preserved from uploaded registry; product line normalized during audit.,,,,,,,,,,,,,,,,,,,,,,,,,,,,,,,,,,,,,,,,,,,,,,,,,,,,,,,,,,,,,,,,,,,,,,
GW_TECHNICAL_LUSTRIAN_UNDERGROWTH,,,,,,,,,,,,,,,games workshop|technical|lustrian undergrowth,games workshop|lustrian undergrowth,Loose: Company + Paint_Name,GW_registry_26.0.11.csv,Games Workshop,Citadel,Technical,TECHNICAL,,Lustrian Undergrowth,LUSTRIAN_UNDERGROWTH,#709811,112.0,152.0,17.0,"112, 152, 17",Technical,Discontinued,Existing uploaded GW registry after artifact cleanup; Hex/RGB: Existing GW registry real product row,Preserved from uploaded registry; product line normalized during audit.,,,,,,,,,,,,,,,,,,,,,,,,,,,,,,,,,,,,,,,,,,,,,,,,,,,,,,,,,,,,,,,,,,,,,,
GW_TECHNICAL_NURGLES_ROT,,,,,,,,,,,,,,,games workshop|technical|nurgles rot,games workshop|nurgles rot,Loose: Company + Paint_Name,GW_registry_26.0.11.csv,Games Workshop,Citadel,Technical,TECHNICAL,,Nurgles Rot,NURGLES_ROT,#9B8F22,155.0,143.0,34.0,"155, 143, 34",Technical,Discontinued,Comparison Hex Pull,Preserved from uploaded registry; product line normalized during audit. | Duncan Rhodes/Citadel comparison chart direct hex; apostrophe-normalized,#9B8F22,,,,,,,,,,,,,,,,,,,,,,,,,,,,,,,,,,,,,,,,,,,,,,,,,,,,,,,,,,,,,,,,,,,,,
GW_TECHNICAL_STIRLAND_BATTLEMIRE,,,,,,,,,,,,,,,games workshop|technical|stirland battlemire,games workshop|stirland battlemire,Loose: Company + Paint_Name,GW_registry_26.0.11.csv,Games Workshop,Citadel,Technical,TECHNICAL,,Stirland Battlemire,STIRLAND_BATTLEMIRE,#321905,50.0,25.0,5.0,"50, 25, 5",Technical,Discontinued,Existing uploaded GW registry after artifact cleanup; Hex/RGB: Existing GW registry real product row,Preserved from uploaded registry; product line normalized during audit.,,,,,,,,,,,,,,,,,,,,,,,,,,,,,,,,,,,,,,,,,,,,,,,,,,,,,,,,,,,,,,,,,,,,,,
GW_TEXTURE_AGRELLAN_BADLAND,,,,,,,,,,,,,,,games workshop|texture|agrellan badland,games workshop|agrellan badland,Loose: Company + Paint_Name,GW_registry_26.0.11.csv,Games Workshop,Citadel,Texture,TEXTURE,,Agrellan Badland,AGRELLAN_BADLAND,#A17359,161.0,115.0,89.0,"161, 115, 89",Texture,Discontinued,Full List of Citadel Paints Wikipedia PDF; Hex/RGB: Same-name Citadel source (Existing GW registry real product row),Verified historical Citadel paint from uploaded historical list.,,,,,,,,,,,,,,,,,,,,,,,,,,,,,,,,,,,,,,,,,,,,,,,,,,,,,,,,,,,,,,,,,,,,,,
GW_TEXTURE_AGRELLAN_EARTH,,,,,,,,,,,,,,,games workshop|texture|agrellan earth,games workshop|agrellan earth,Loose: Company + Paint_Name,GW_registry_26.0.11.csv,Games Workshop,Citadel,Texture,TEXTURE,,Agrellan Earth,AGRELLAN_EARTH,#92816D,146.0,129.0,109.0,"146, 129, 109",Texture,Discontinued,Full List of Citadel Paints Wikipedia PDF; Hex/RGB: Same-name Citadel source (Existing GW registry real product row),Verified historical Citadel paint from uploaded historical list.,,,,,,,,,,,,,,,,,,,,,,,,,,,,,,,,,,,,,,,,,,,,,,,,,,,,,,,,,,,,,,,,,,,,,,
GW_TEXTURE_ARMAGEDDON_DUNES,,,,,,,,,,,,,,,games workshop|texture|armageddon dunes,games workshop|armageddon dunes,Loose: Company + Paint_Name,GW_registry_26.0.11.csv,Games Workshop,Citadel,Texture,TEXTURE,,Armageddon Dunes,ARMAGEDDON_DUNES,#FCAF09,252.0,175.0,9.0,"252, 175, 9",Texture,Discontinued,Full List of Citadel Paints Wikipedia PDF; Hex/RGB: Same-name Citadel source (Existing GW registry real product row),Verified historical Citadel paint from uploaded historical list.,,,,,,,,,,,,,,,,,,,,,,,,,,,,,,,,,,,,,,,,,,,,,,,,,,,,,,,,,,,,,,,,,,,,,,
GW_TEXTURE_ARMAGEDDON_DUST,,,,,,,,,,,,,,,games workshop|texture|armageddon dust,games workshop|armageddon dust,Loose: Company + Paint_Name,GW_registry_26.0.11.csv,Games Workshop,Citadel,Texture,TEXTURE,,Armageddon Dust,ARMAGEDDON_DUST,#D3A907,211.0,169.0,7.0,"211, 169, 7",Texture,Discontinued,Full List of Citadel Paints Wikipedia PDF; Hex/RGB: Full List of Citadel Paints Wikipedia PDF,Verified historical Citadel paint from uploaded historical list.,,,,,,,,,,,,,,,,,,,,,,,,,,,,,,,,,,,,,,,,,,,,,,,,,,,,,,,,,,,,,,,,,,,,,,
GW_TEXTURE_ASTROGRANITE,,,,,,,,,,,,,,,games workshop|texture|astrogranite,games workshop|astrogranite,Loose: Company + Paint_Name,GW_registry_26.0.11.csv,Games Workshop,Citadel,Texture,TEXTURE,,Astrogranite,ASTROGRANITE,#757679,117.0,118.0,121.0,"117, 118, 121",Texture,Discontinued,Full List of Citadel Paints Wikipedia PDF; Hex/RGB: Full List of Citadel Paints Wikipedia PDF,Verified historical Citadel paint from uploaded historical list.,,,,,,,,,,,,,,,,,,,,,,,,,,,,,,,,,,,,,,,,,,,,,,,,,,,,,,,,,,,,,,,,,,,,,,
GW_TEXTURE_ASTROGRANITE_DEBRIS,,,,,,,,,,,,,,,games workshop|texture|astrogranite debris,games workshop|astrogranite debris,Loose: Company + Paint_Name,GW_registry_26.0.11.csv,Games Workshop,Citadel,Texture,TEXTURE,,Astrogranite Debris,ASTROGRANITE_DEBRIS,#77726E,119.0,114.0,110.0,"119, 114, 110",Texture,Discontinued,Full List of Citadel Paints Wikipedia PDF; Hex/RGB: Same-name Citadel source (Existing GW registry real product row),Verified historical Citadel paint from uploaded historical list.,,,,,,,,,,,,,,,,,,,,,,,,,,,,,,,,,,,,,,,,,,,,,,,,,,,,,,,,,,,,,,,,,,,,,,
GW_TEXTURE_LUSTRIAN_UNDERGROWTH,,,,,,,,,,,,,,,games workshop|texture|lustrian undergrowth,games workshop|lustrian undergrowth,Loose: Company + Paint_Name,GW_registry_26.0.11.csv,Games Workshop,Citadel,Texture,TEXTURE,,Lustrian Undergrowth,LUSTRIAN_UNDERGROWTH,#415A09,65.0,90.0,9.0,"65, 90, 9",Texture,Discontinued,Full List of Citadel Paints Wikipedia PDF; Hex/RGB: Full List of Citadel Paints Wikipedia PDF,Verified historical Citadel paint from uploaded historical list.,,,,,,,,,,,,,,,,,,,,,,,,,,,,,,,,,,,,,,,,,,,,,,,,,,,,,,,,,,,,,,,,,,,,,,
GW_TEXTURE_MARTIAN_IRONCRUST,,,,,,,,,,,,,,,games workshop|texture|martian ironcrust,games workshop|martian ironcrust,Loose: Company + Paint_Name,GW_registry_26.0.11.csv,Games Workshop,Citadel,Texture,TEXTURE,,Martian Ironcrust,MARTIAN_IRONCRUST,#F5945D,245.0,148.0,93.0,"245, 148, 93",Texture,Discontinued,Full List of Citadel Paints Wikipedia PDF; Hex/RGB: Same-name Citadel source (Existing GW registry real product row),Verified historical Citadel paint from uploaded historical list.,,,,,,,,,,,,,,,,,,,,,,,,,,,,,,,,,,,,,,,,,,,,,,,,,,,,,,,,,,,,,,,,,,,,,,
GW_TEXTURE_MARTIAN_IRONEARTH,,,,,,,,,,,,,,,games workshop|texture|martian ironearth,games workshop|martian ironearth,Loose: Company + Paint_Name,GW_registry_26.0.11.csv,Games Workshop,Citadel,Texture,TEXTURE,,Martian Ironearth,MARTIAN_IRONEARTH,#935442,147.0,84.0,66.0,"147, 84, 66",Texture,Discontinued,Full List of Citadel Paints Wikipedia PDF; Hex/RGB: Same-name Citadel source (Existing GW registry real product row),Verified historical Citadel paint from uploaded historical list.,,,,,,,,,,,,,,,,,,,,,,,,,,,,,,,,,,,,,,,,,,,,,,,,,,,,,,,,,,,,,,,,,,,,,,
GW_TEXTURE_STIRLAND_BATTLEMIRE,,,,,,,,,,,,,,,games workshop|texture|stirland battlemire,games workshop|stirland battlemire,Loose: Company + Paint_Name,GW_registry_26.0.11.csv,Games Workshop,Citadel,Texture,TEXTURE,,Stirland Battlemire,STIRLAND_BATTLEMIRE,#321905,50.0,25.0,5.0,"50, 25, 5",Texture,Discontinued,Full List of Citadel Paints Wikipedia PDF; Hex/RGB: Same-name Citadel source (Existing GW registry real product row),Verified historical Citadel paint from uploaded historical list.,,,,,,,,,,,,,,,,,,,,,,,,,,,,,,,,,,,,,,,,,,,,,,,,,,,,,,,,,,,,,,,,,,,,,,
GW_TEXTURE_STIRLAND_MUD,,,,,,,,,,,,,,,games workshop|texture|stirland mud,games workshop|stirland mud,Loose: Company + Paint_Name,GW_registry_26.0.11.csv,Games Workshop,Citadel,Texture,TEXTURE,,Stirland Mud,STIRLAND_MUD,#492B00,73.0,43.0,0.0,"73, 43, 0",Texture,Discontinued,Full List of Citadel Paints Wikipedia PDF; Hex/RGB: Full List of Citadel Paints Wikipedia PDF,Verified historical Citadel paint from uploaded historical list.,,,,,,,,,,,,,,,,,,,,,,,,,,,,,,,,,,,,,,,,,,,,,,,,,,,,,,,,,,,,,,,,,,,,,,
GW_TEXTURE_VALHALLAN_BLIZZARD,,,,,,,,,,,,,,,games workshop|texture|valhallan blizzard,games workshop|valhallan blizzard,Loose: Company + Paint_Name,GW_registry_26.0.11.csv,Games Workshop,Citadel,Texture,TEXTURE,,Valhallan Blizzard,VALHALLAN_BLIZZARD,#FDF9EE,253.0,249.0,238.0,"253, 249, 238",Texture,Discontinued,Full List of Citadel Paints Wikipedia PDF; Hex/RGB: Same-name Citadel source (Existing GW registry real product row),Verified historical Citadel paint from uploaded historical list.,,,,,,,,,,,,,,,,,,,,,,,,,,,,,,,,,,,,,,,,,,,,,,,,,,,,,,,,,,,,,,,,,,,,,,
GW_EDGE_BAHARROTH_BLUE,,,,,,,,,,,,,,,games workshop|edge|baharroth blue,games workshop|baharroth blue,Loose: Company + Paint_Name,GW_registry_26.0.11.csv,Games Workshop,Citadel,Edge,EDGE,,Baharroth Blue,BAHARROTH_BLUE,#58C1CD,88.0,193.0,205.0,"88, 193, 205",Edge,Discontinued,Full List of Citadel Paints Wikipedia PDF; Hex/RGB: Full List of Citadel Paints Wikipedia PDF,Verified historical Citadel paint from uploaded historical list.,,,,,,,,,,,,,,,,,,,,,,,,,,,,,,,,,,,,,,,,,,,,,,,,,,,,,,,,,,,,,,,,,,,,,,
GW_EDGE_BLUE_HORROR,,,,,,,,,,,,,,,games workshop|edge|blue horror,games workshop|blue horror,Loose: Company + Paint_Name,GW_registry_26.0.11.csv,Games Workshop,Citadel,Edge,EDGE,,Blue Horror,BLUE_HORROR,#A2BAD2,162.0,186.0,210.0,"162, 186, 210",Edge,Discontinued,Full List of Citadel Paints Wikipedia PDF; Hex/RGB: Full List of Citadel Paints Wikipedia PDF,Verified historical Citadel paint from uploaded historical list.,,,,,,,,,,,,,,,,,,,,,,,,,,,,,,,,,,,,,,,,,,,,,,,,,,,,,,,,,,,,,,,,,,,,,,
GW_EDGE_DECHALA_LILAC,,,,,,,,,,,,,,,games workshop|edge|dechala lilac,games workshop|dechala lilac,Loose: Company + Paint_Name,GW_registry_26.0.11.csv,Games Workshop,Citadel,Edge,EDGE,,Dechala Lilac,DECHALA_LILAC,#B69FCC,182.0,159.0,204.0,"182, 159, 204",Edge,Discontinued,Full List of Citadel Paints Wikipedia PDF; Hex/RGB: Full List of Citadel Paints Wikipedia PDF,Verified historical Citadel paint from uploaded historical list.,,,,,,,,,,,,,,,,,,,,,,,,,,,,,,,,,,,,,,,,,,,,,,,,,,,,,,,,,,,,,,,,,,,,,,
GW_EDGE_DORN_YELLOW,,,,,,,,,,,,,,,games workshop|edge|dorn yellow,games workshop|dorn yellow,Loose: Company + Paint_Name,GW_registry_26.0.11.csv,Games Workshop,Citadel,Edge,EDGE,,Dorn Yellow,DORN_YELLOW,#FFF200,255.0,242.0,0.0,"255, 242, 0",Edge,Discontinued,Full List of Citadel Paints Wikipedia PDF; Hex/RGB: Full List of Citadel Paints Wikipedia PDF,Verified historical Citadel paint from uploaded historical list.,,,,,,,,,,,,,,,,,,,,,,,,,,,,,,,,,,,,,,,,,,,,,,,,,,,,,,,,,,,,,,,,,,,,,,
GW_EDGE_FULGRIM_PINK,,,,,,,,,,,,,,,games workshop|edge|fulgrim pink,games workshop|fulgrim pink,Loose: Company + Paint_Name,GW_registry_26.0.11.csv,Games Workshop,Citadel,Edge,EDGE,,Fulgrim Pink,FULGRIM_PINK,#F4AFCD,244.0,175.0,205.0,"244, 175, 205",Edge,Discontinued,Full List of Citadel Paints Wikipedia PDF; Hex/RGB: Full List of Citadel Paints Wikipedia PDF,Verified historical Citadel paint from uploaded historical list.,,,,,,,,,,,,,,,,,,,,,,,,,,,,,,,,,,,,,,,,,,,,,,,,,,,,,,,,,,,,,,,,,,,,,,
GW_EDGE_GAUSS_BLASTER_GREEN,,,,,,,,,,,,,,,games workshop|edge|gauss blaster green,games workshop|gauss blaster green,Loose: Company + Paint_Name,GW_registry_26.0.11.csv,Games Workshop,Citadel,Edge,EDGE,,Gauss Blaster Green,GAUSS_BLASTER_GREEN,#84C3AA,132.0,195.0,170.0,"132, 195, 170",Edge,Discontinued,Full List of Citadel Paints Wikipedia PDF; Hex/RGB: Full List of Citadel Paints Wikipedia PDF,Verified historical Citadel paint from uploaded historical list.,,,,,,,,,,,,,,,,,,,,,,,,,,,,,,,,,,,,,,,,,,,,,,,,,,,,,,,,,,,,,,,,,,,,,,
GW_EDGE_KRIEG_KHAKI,,,,,,,,,,,,,,,games workshop|edge|krieg khaki,games workshop|krieg khaki,Loose: Company + Paint_Name,GW_registry_26.0.11.csv,Games Workshop,Citadel,Edge,EDGE,,Krieg Khaki,KRIEG_KHAKI,#C0BD81,192.0,189.0,129.0,"192, 189, 129",Edge,Discontinued,Full List of Citadel Paints Wikipedia PDF; Hex/RGB: Full List of Citadel Paints Wikipedia PDF,Verified historical Citadel paint from uploaded historical list.,,,,,,,,,,,,,,,,,,,,,,,,,,,,,,,,,,,,,,,,,,,,,,,,,,,,,,,,,,,,,,,,,,,,,,
GW_EDGE_LUGGANATH_ORANGE,,,,,,,,,,,,,,,games workshop|edge|lugganath orange,games workshop|lugganath orange,Loose: Company + Paint_Name,GW_registry_26.0.11.csv,Games Workshop,Citadel,Edge,EDGE,,Lugganath Orange,LUGGANATH_ORANGE,#F79E86,247.0,158.0,134.0,"247, 158, 134",Edge,Discontinued,Full List of Citadel Paints Wikipedia PDF; Hex/RGB: Full List of Citadel Paints Wikipedia PDF,Verified historical Citadel paint from uploaded historical list.,,,,,,,,,,,,,,,,,,,,,,,,,,,,,,,,,,,,,,,,,,,,,,,,,,,,,,,,,,,,,,,,,,,,,,
VAL_GAME_COLOR_BLACK,,,,,,,Abaddon Black,,,,,,,High,vallejo|game color|black,vallejo|black,Loose: Company + Paint_Name,Vallejo_registry_26.0.9.csv,Vallejo,Game Color,Game Color,GAME_COLOR,72.051,Black,BLACK,#000000,0.0,0.0,0.0,"0,0,0",Acrylic Paint,Active/Unknown,952249680-Warlord-Paint-Ranges-Conversion-Chart.pdf,Imported from compiled central database; Hex/RGB filled during audit from Direct RedGrimm Vallejo Game name match (redgrimm vallejo-game.html); matched Vallejo Game Black.,,GW_AIR_ABADDON_BLACK,Air,Air,#000000,"0,0,0",,,,,,,,,,,,,,,,,,,,,,,,,,,,,,,,,,,,,,,,,,,,,,,,,,,,,,0.0,,Computed nearest Games Workshop swatch by Euclidean RGB distance from registry R/G/B values.,,,,,,,,
VAL_GAME_COLOR_BRASSY_BRASS,,,,,,,XV-88,,,,,,,Medium-High,vallejo|game color|brassy brass,vallejo|brassy brass,Loose: Company + Paint_Name,Vallejo_registry_26.0.9.csv,Vallejo,Game Color,Game Color,GAME_COLOR,72.058,Brassy Brass,BRASSY_BRASS,#735A21,115.0,90.0,33.0,"115,90,33",Acrylic Paint,Active/Unknown,584217179-Vallejo-Paint-List-frenzycheck-com.xlsx,Imported from compiled central database,,GW_BASE_XV_88,Base,Base,#72491E,"114,73,30",,,,,,,,,,,,,,,,,,,,,,,,,,,,,,,,,,,,,,,,,,,,,,,,,,,,,,17.29,,Computed nearest Games Workshop swatch by Euclidean RGB distance from registry R/G/B values.,,,,,,,,
VAL_GAME_COLOR_BRIGHT_BRONZE,,,,,,,Hashut Copper,,,,,,,High,vallejo|game color|bright bronze,vallejo|bright bronze,Loose: Company + Paint_Name,Vallejo_registry_26.0.9.csv,Vallejo,Game Color,Game Color,GAME_COLOR,72.057,Bright Bronze,BRIGHT_BRONZE,#B88044,184.0,128.0,68.0,"184,128,68",Acrylic Paint,Active/Unknown,952249680-Warlord-Paint-Ranges-Conversion-Chart.pdf; Catalogo_2026-R02.pdf page 53,Imported from compiled central database | Approx Hex/RGB fill: Vallejo 2026 catalog swatch sample (Medium-High).,,GW_LAYER_HASHUT_COPPER,Layer,Layer,#B77647,"183,118,71",,,,,,,,,,,,,,,,,,,,,,,,,,,,,,,,,,,,,,,,,,,,,,,,,,,,,,10.49,,Computed nearest Games Workshop swatch by Euclidean RGB distance from registry R/G/B values.,,,,,,,,
VAL_GAME_COLOR_CAMOUFLAGE_GREEN,,,,,,,Ogryn Camo,,,,,,,High,vallejo|game color|camouflage green,vallejo|camouflage green,Loose: Company + Paint_Name,Vallejo_registry_26.0.9.csv,Vallejo,Game Color,Game Color,GAME_COLOR,72.031,Camouflage Green,CAMOUFLAGE_GREEN,#A5A542,165.0,165.0,66.0,"165,165,66",Acrylic Paint,Active/Unknown,584217179-Vallejo-Paint-List-frenzycheck-com.xlsx,Imported from compiled central database,,GW_LAYER_OGRYN_CAMO,Layer,Layer,#9DA94B,"157,169,75",,,,,,,,,,,,,,,,,,,,,,,,,,,,,,,,,,,,,,,,,,,,,,,,,,,,,,12.69,,Computed nearest Games Workshop swatch by Euclidean RGB distance from registry R/G/B values.,,,,,,,,
VAL_GAME_COLOR_DARK_GREEN,,,,,,,Dark Angels Green,,,,,,,High,vallejo|game color|dark green,vallejo|dark green,Loose: Company + Paint_Name,Vallejo_registry_26.0.9.csv,Vallejo,Game Color,Game Color,GAME_COLOR,72.028,Dark Green,DARK_GREEN,#083C2A,8.0,60.0,42.0,"8,60,42",Acrylic Paint,Active/Unknown,952249680-Warlord-Paint-Ranges-Conversion-Chart.pdf,Imported from compiled central database,,GW_CONTRAST_DARK_ANGELS_GREEN,Contrast,Contrast,#103B20,"16,59,32",,,,,,,,,,,,,,,,,,,,,,,,,,,,,,,,,,,,,,,,,,,,,,,,,,,,,,12.85,,Computed nearest Games Workshop swatch by Euclidean RGB distance from registry R/G/B values.,,,,,,,,
VAL_GAME_COLOR_DESERT_YELLOW,,,,,,,Hobgrot Hide,,,,,,,High,vallejo|game color|desert yellow,vallejo|desert yellow,Loose: Company + Paint_Name,Vallejo_registry_26.0.9.csv,Vallejo,Game Color,Game Color,GAME_COLOR,72.063,Desert Yellow,DESERT_YELLOW,#9C8855,156.0,136.0,85.0,"156,136,85",Acrylic Paint,Active/Unknown,952249680-Warlord-Paint-Ranges-Conversion-Chart.pdf,Imported from compiled central database,,GW_BASE_HOBGROT_HIDE,Base,Base,#9C8855,"156,136,85",,,,,,,,,,,,,,,,,,,,,,,,,,,,,,,,,,,,,,,,,,,,,,,,,,,,,,0.0,,Computed nearest Games Workshop swatch by Euclidean RGB distance from registry R/G/B values.,,,,,,,,
VAL_GAME_COLOR_DWARF_SKIN,,,,,,,Cadian Fleshtone,,,,,,,Medium-High,vallejo|game color|dwarf skin,vallejo|dwarf skin,Loose: Company + Paint_Name,Vallejo_registry_26.0.9.csv,Vallejo,Game Color,Game Color,GAME_COLOR,72.041,Dwarf Skin,DWARF_SKIN,#CC7C67,204.0,124.0,103.0,"204,124,103",Acrylic Paint,Active/Unknown,952249680-Warlord-Paint-Ranges-Conversion-Chart.pdf,Imported from compiled central database; Hex/RGB filled during audit from Direct RedGrimm Vallejo Game name match (redgrimm army-painter.html); matched Vallejo Game Dwarf Skin.,,GW_LAYER_CADIAN_FLESHTONE,Layer,Layer,#C77958,"199,121,88",,,,,,,,,,,,,,,,,,,,,,,,,,,,,,,,,,,,,,,,,,,,,,,,,,,,,,16.09,,Computed nearest Games Workshop swatch by Euclidean RGB distance from registry R/G/B values.,,,,,,,,
VAL_GAME_COLOR_FRESH_BLOOD,,,,,,,Bloodletter,,,,,,,Medium-High,vallejo|game color|fresh blood,vallejo|fresh blood,Loose: Company + Paint_Name,Vallejo_registry_26.0.9.csv,Vallejo,Game Color,Game Color,GAME_COLOR,72.601,Fresh Blood,FRESH_BLOOD,#EC655B,236.0,101.0,91.0,"236,101,91",Acrylic Paint,Active/Unknown,952249680-Warlord-Paint-Ranges-Conversion-Chart.pdf; Catalogo_2026-R02.pdf page 52,Imported from compiled central database | Approx Hex/RGB fill: Vallejo 2026 catalog swatch sample (Medium-High).,,GW_GLAZE_BLOODLETTER,Glaze,Glaze,#F37355,"243,115,85",,,,,,,,,,,,,,,,,,,,,,,,,,,,,,,,,,,,,,,,,,,,,,,,,,,,,,16.76,,Computed nearest Games Workshop swatch by Euclidean RGB distance from registry R/G/B values.,,,,,,,,
VAL_GAME_COLOR_GALVANIC_CORROSION,,,,,,,Seraphim Sepia,,,,,,,High,vallejo|game color|galvanic corrosion,vallejo|galvanic corrosion,Loose: Company + Paint_Name,Vallejo_registry_26.0.9.csv,Vallejo,Game Color,Game Color,GAME_COLOR,72.61,Galvanic Corrosion,GALVANIC_CORROSION,#DD8C43,221.0,140.0,67.0,"221,140,67",Acrylic Paint,Active/Unknown,952249680-Warlord-Paint-Ranges-Conversion-Chart.pdf; Catalogo_2026-R02.pdf page 52,Imported from compiled central database | Approx Hex/RGB fill: Vallejo 2026 catalog swatch sample (Medium-High).,,GW_SHADE_SERAPHIM_SEPIA,Shade,Shade,#D7824B,"215,130,75",,,,,,,,,,,,,,,,,,,,,,,,,,,,,,,,,,,,,,,,,,,,,,,,,,,,,,14.14,,Computed nearest Games Workshop swatch by Euclidean RGB distance from registry R/G/B values.,,,,,,,,
VAL_GAME_COLOR_GLACIER_BLUE,,,,,,,Space Wolves Grey,,,,,,,Medium-High,vallejo|game color|glacier blue,vallejo|glacier blue,Loose: Company + Paint_Name,Vallejo_registry_26.0.9.csv,Vallejo,Game Color,Game Color,GAME_COLOR,72.095,Glacier Blue,GLACIER_BLUE,#ACD0EE,172.0,208.0,238.0,"172,208,238",Acrylic Paint,Active/Unknown,952249680-Warlord-Paint-Ranges-Conversion-Chart.pdf,Imported from compiled central database,,GW_CONTRAST_SPACE_WOLVES_GREY,Contrast,Contrast,#B7C7D9,"183,199,217",,,,,,,,,,,,,,,,,,,,,,,,,,,,,,,,,,,,,,,,,,,,,,,,,,,,,,25.36,,Computed nearest Games Workshop swatch by Euclidean RGB distance from registry R/G/B values.,,,,,,,,
VAL_GAME_COLOR_GLORIOUS_GOLD,,,,,,,Mantis Warriors Green,,,,,,,Medium-High,vallejo|game color|glorious gold,vallejo|glorious gold,Loose: Company + Paint_Name,Vallejo_registry_26.0.9.csv,Vallejo,Game Color,Game Color,GAME_COLOR,72.056,Glorious Gold,GLORIOUS_GOLD,#CCCC33,204.0,204.0,51.0,"204,204,51",Acrylic Paint,Active/Unknown,584217179-Vallejo-Paint-List-frenzycheck-com.xlsx,Imported from compiled central database,,GW_CONTRAST_MANTIS_WARRIORS_GREEN,Contrast,Contrast,#B8C72A,"184,199,42",,,,,,,,,,,,,,,,,,,,,,,,,,,,,,,,,,,,,,,,,,,,,,,,,,,,,,22.49,,Computed nearest Games Workshop swatch by Euclidean RGB distance from registry R/G/B values.,,,,,,,,
VAL_GAME_COLOR_GOLD_YELLOW,,,,,,,Phalanx Yellow,,,,,,,High,vallejo|game color|gold yellow,vallejo|gold yellow,Loose: Company + Paint_Name,Vallejo_registry_26.0.9.csv,Vallejo,Game Color,Game Color,GAME_COLOR,72.007,Gold Yellow,GOLD_YELLOW,#FFE700,255.0,231.0,0.0,"255,231,0",Acrylic Paint,Active/Unknown,952249680-Warlord-Paint-Ranges-Conversion-Chart.pdf,Imported from compiled central database,,GW_LAYER_PHALANX_YELLOW,Layer,Layer,#FFE200,"255,226,0",,,,,,,,,,,,,,,,,,,,,,,,,,,,,,,,,,,,,,,,,,,,,,,,,,,,,,5.0,,Computed nearest Games Workshop swatch by Euclidean RGB distance from registry R/G/B values.,,,,,,,,
VAL_GAME_COLOR_GREEN_RUST,,,,,,,Hellion Green,,,,,,,Medium-High,vallejo|game color|green rust,vallejo|green rust,Loose: Company + Paint_Name,Vallejo_registry_26.0.9.csv,Vallejo,Game Color,Game Color,GAME_COLOR,72.605,Green Rust,GREEN_RUST,#96C5B2,150.0,197.0,178.0,"150,197,178",Acrylic Paint,Active/Unknown,952249680-Warlord-Paint-Ranges-Conversion-Chart.pdf; Catalogo_2026-R02.pdf page 52,Imported from compiled central database | Approx Hex/RGB fill: Vallejo 2026 catalog swatch sample (Medium-High).,,GW_DRY_HELLION_GREEN,Dry,Dry,#84C3AA,"132,195,170",,,,,,,,,,,,,,,,,,,,,,,,,,,,,,,,,,,,,,,,,,,,,,,,,,,,,,19.8,,Computed nearest Games Workshop swatch by Euclidean RGB distance from registry R/G/B values.,,,,,,,,
VAL_GAME_COLOR_GUNMETAL,,,,,,,Iron Warriors,,,,,,,High,vallejo|game color|gunmetal,vallejo|gunmetal,Loose: Company + Paint_Name,Vallejo_registry_26.0.9.csv,Vallejo,Game Color,Game Color,GAME_COLOR,72.054,Gunmetal,GUNMETAL,#393939,57.0,57.0,57.0,"57,57,57",Acrylic Paint,Active/Unknown,952249680-Warlord-Paint-Ranges-Conversion-Chart.pdf,Imported from compiled central database; Hex/RGB filled during audit from Registry same paint-code reuse (Existing registry completed row); matched Game Color Gunmetal / Gunmetal Metal.,,GW_BASE_IRON_WARRIORS,Base,Base,#393939,"57,57,57",,,,,,,,,,,,,,,,,,,,,,,,,,,,,,,,,,,,,,,,,,,,,,,,,,,,,,0.0,,Computed nearest Games Workshop swatch by Euclidean RGB distance from registry R/G/B values.,,,,,,,,
VAL_GAME_COLOR_HAMMERED_COPPER,,,,,,,Beaten Copper,,,,,,,High,vallejo|game color|hammered copper,vallejo|hammered copper,Loose: Company + Paint_Name,Vallejo_registry_26.0.9.csv,Vallejo,Game Color,Game Color,GAME_COLOR,72.059,Hammered Copper,HAMMERED_COPPER,#73372D,115.0,55.0,45.0,"115,55,45",Acrylic Paint,Active/Unknown,952249680-Warlord-Paint-Ranges-Conversion-Chart.pdf,Imported from compiled central database; Hex/RGB filled during audit from Mech9 paint-code equivalence cross-reference (Existing registry completed row); matched Mecha Color Metallic Copper.,,GW_LAYER_BEATEN_COPPER,Layer,Layer,#73372D,"115,55,45",,,,,,,,,,,,,,,,,,,,,,,,,,,,,,,,,,,,,,,,,,,,,,,,,,,,,,0.0,,Computed nearest Games Workshop swatch by Euclidean RGB distance from registry R/G/B values.,,,,,,,,
VAL_GAME_COLOR_KHAKI,,,,,,,Kommando Khaki,,,,,,,High,vallejo|game color|khaki,vallejo|khaki,Loose: Company + Paint_Name,Vallejo_registry_26.0.9.csv,Vallejo,Game Color,Game Color,GAME_COLOR,72.061,Khaki,KHAKI,#9B8C7B,155.0,140.0,123.0,"155,140,123",Acrylic Paint,Active/Unknown,584217179-Vallejo-Paint-List-frenzycheck-com.xlsx,Imported from compiled central database,,GW_LAYER_KOMMANDO_KHAKI,Layer,Layer,#9B8C7B,"155,140,123",,,,,,,,,,,,,,,,,,,,,,,,,,,,,,,,,,,,,,,,,,,,,,,,,,,,,,0.0,,Computed nearest Games Workshop swatch by Euclidean RGB distance from registry R/G/B values.,,,,,,,,
VAL_GAME_COLOR_LEATHER_BROWN,,,,,,,XV-88,,,,,,,High,vallejo|game color|leather brown,vallejo|leather brown,Loose: Company + Paint_Name,Vallejo_registry_26.0.9.csv,Vallejo,Game Color,Game Color,GAME_COLOR,72.04,Leather Brown,LEATHER_BROWN,#764823,118.0,72.0,35.0,"118,72,35",Acrylic paint,Active/Unknown,CC266-Game_Color.pdf,Imported from compiled central database,,GW_BASE_XV_88,Base,Base,#72491E,"114,73,30",,,,,,,,,,,,,,,,,,,,,,,,,,,,,,,,,,,,,,,,,,,,,,,,,,,,,,6.48,,Computed nearest Games Workshop swatch by Euclidean RGB distance from registry R/G/B values.,,,,,,,,
VAL_GAME_COLOR_OFF_WHITE,,,,,,,Lahmian Medium,,,,,,,High,vallejo|game color|off white,vallejo|off white,Loose: Company + Paint_Name,Vallejo_registry_26.0.9.csv,Vallejo,Game Color,Game Color,GAME_COLOR,72.101,Off-White,OFF_WHITE,#F5F4DA,245.0,244.0,218.0,"245,244,218",Acrylic paint,Active/Unknown,CC266-Game_Color.pdf,Imported from compiled central database; Hex/RGB filled during audit from Direct RedGrimm Vallejo Game name match (redgrimm army-painter.html); matched Vallejo Game Offwhite.,,GW_TECHNICAL_LAHMIAN_MEDIUM,Technical,Technical,#F5EDE2,"245,237,226",,,,,,,,,,,,,,,,,,,,,,,,,,,,,,,,,,,,,,,,,,,,,,,,,,,,,,10.63,,Computed nearest Games Workshop swatch by Euclidean RGB distance from registry R/G/B values.,,,,,,,,
VAL_GAME_COLOR_POLISHED_GOLD,,,,,,,Shining Gold,,,,,,,Medium-High,vallejo|game color|polished gold,vallejo|polished gold,Loose: Company + Paint_Name,Vallejo_registry_26.0.9.csv,Vallejo,Game Color,Game Color,GAME_COLOR,72.055,Polished Gold,POLISHED_GOLD,#E7BD42,231.0,189.0,66.0,"231,189,66",Acrylic Paint,Active/Unknown,952249680-Warlord-Paint-Ranges-Conversion-Chart.pdf,Imported from compiled central database; Hex/RGB filled during audit from Mech9 paint-code equivalence cross-reference (Existing registry completed row); matched Mecha Color Metallic Gold.,,GW_LAYER_SHINING_GOLD,Layer,Layer,#EFB736,"239,183,54",,,,,,,,,,,,,,,,,,,,,,,,,,,,,,,,,,,,,,,,,,,,,,,,,,,,,,15.62,,Computed nearest Games Workshop swatch by Euclidean RGB distance from registry R/G/B values.,,,,,,,,
VAL_GAME_COLOR_ROYAL_PURPLE,,,,,,,Leviathan Purple,,,,,,,High,vallejo|game color|royal purple,vallejo|royal purple,Loose: Company + Paint_Name,Vallejo_registry_26.0.9.csv,Vallejo,Game Color,Game Color,GAME_COLOR,72.016,Royal Purple,ROYAL_PURPLE,#4B2967,75.0,41.0,103.0,"75,41,103",Acrylic Paint,Active/Unknown,952249680-Warlord-Paint-Ranges-Conversion-Chart.pdf,Imported from compiled central database,,GW_CONTRAST_LEVIATHAN_PURPLE,Contrast,Contrast,#4A2A6A,"74,42,106",,,,,,,,,,,,,,,,,,,,,,,,,,,,,,,,,,,,,,,,,,,,,,,,,,,,,,3.32,,Computed nearest Games Workshop swatch by Euclidean RGB distance from registry R/G/B values.,,,,,,,,
VAL_GAME_COLOR_RUST,,,,,,,Khemri Brown,,,,,,,High,vallejo|game color|rust,vallejo|rust,Loose: Company + Paint_Name,Vallejo_registry_26.0.9.csv,Vallejo,Game Color,Game Color,GAME_COLOR,72.609,Rust,RUST,#70574F,112.0,87.0,79.0,"112,87,79",Acrylic Paint,Active/Unknown,952249680-Warlord-Paint-Ranges-Conversion-Chart.pdf; Catalogo_2026-R02.pdf page 52,Imported from compiled central database | Approx Hex/RGB fill: Vallejo 2026 catalog swatch sample (Medium-High).,,GW_FOUNDATION_KHEMRI_BROWN,Foundation,Foundation,#73614D,"115,97,77",,,,,,,,,,,,,,,,,,,,,,,,,,,,,,,,,,,,,,,,,,,,,,,,,,,,,,10.63,,Computed nearest Games Workshop swatch by Euclidean RGB distance from registry R/G/B values.,,,,,,,,
VAL_GAME_COLOR_SCARLET_RED,,,,,,,Sigvald Burgundy,,,,,,,High,vallejo|game color|scarlet red,vallejo|scarlet red,Loose: Company + Paint_Name,Vallejo_registry_26.0.9.csv,Vallejo,Game Color,Game Color,GAME_COLOR,72.012,Scarlet Red,SCARLET_RED,#741330,116.0,19.0,48.0,"116,19,48",Acrylic paint,Active/Unknown,CC266-Game_Color.pdf,Imported from compiled central database,,GW_CONTRAST_SIGVALD_BURGUNDY,Contrast,Contrast,#7A123B,"122,18,59",,,,,,,,,,,,,,,,,,,,,,,,,,,,,,,,,,,,,,,,,,,,,,,,,,,,,,12.57,,Computed nearest Games Workshop swatch by Euclidean RGB distance from registry R/G/B values.,,,,,,,,
VAL_GAME_COLOR_SILVER,,,,,,,Fortress Grey,,,,,,,High,vallejo|game color|silver,vallejo|silver,Loose: Company + Paint_Name,Vallejo_registry_26.0.9.csv,Vallejo,Game Color,Game Color,GAME_COLOR,72.052,Silver,SILVER,#B0B9B8,176.0,185.0,184.0,"176,185,184",Acrylic Paint,Active/Unknown,952249680-Warlord-Paint-Ranges-Conversion-Chart.pdf,Imported from compiled central database; Hex/RGB filled during audit from Direct RedGrimm Vallejo name match / other Vallejo line (Vallejo Colors PDF); matched Vallejo Model Silver.,,GW_LAYER_FORTRESS_GREY,Layer,Layer,#BCBDC0,"188,189,192",,,,,,,,,,,,,,,,,,,,,,,,,,,,,,,,,,,,,,,,,,,,,,,,,,,,,,14.97,,Computed nearest Games Workshop swatch by Euclidean RGB distance from registry R/G/B values.,,,,,,,,
VAL_GAME_COLOR_THICK_BLOOD,,,,,,,Martian Ironearth,,,,,,,Medium-High,vallejo|game color|thick blood,vallejo|thick blood,Loose: Company + Paint_Name,Vallejo_registry_26.0.9.csv,Vallejo,Game Color,Game Color,GAME_COLOR,72.602,Thick Blood,THICK_BLOOD,#99483A,153.0,72.0,58.0,"153,72,58",Acrylic Paint,Active/Unknown,952249680-Warlord-Paint-Ranges-Conversion-Chart.pdf; Catalogo_2026-R02.pdf page 52,Imported from compiled central database | Approx Hex/RGB fill: Vallejo 2026 catalog swatch sample (Medium-High).,,GW_TECHNICAL_MARTIAN_IRONEARTH,Technical,Technical,#935442,"147,84,66",,,,,,,,,,,,,,,,,,,,,,,,,,,,,,,,,,,,,,,,,,,,,,,,,,,,,,15.62,,Computed nearest Games Workshop swatch by Euclidean RGB distance from registry R/G/B values.,,,,,,,,
VAL_GAME_COLOR_TURQUOISE,,,,,,,Sotek Green,,,,,,,High,vallejo|game color|turquoise,vallejo|turquoise,Loose: Company + Paint_Name,Vallejo_registry_26.0.9.csv,Vallejo,Game Color,Game Color,GAME_COLOR,72.024,Turquoise,TURQUOISE,#03676F,3.0,103.0,111.0,"3,103,111",Acrylic paint,Active/Unknown,CC266-Game_Color.pdf,Imported from compiled central database,,GW_LAYER_SOTEK_GREEN,Layer,Layer,#0B6974,"11,105,116",,,,,,,,,,,,,,,,,,,,,,,,,,,,,,,,,,,,,,,,,,,,,,,,,,,,,,9.64,,Computed nearest Games Workshop swatch by Euclidean RGB distance from registry R/G/B values.,,,,,,,,
VAL_GAME_COLOR_VOMIT,,,,,,,Averland Sunset,,,,,,,Medium-High,vallejo|game color|vomit,vallejo|vomit,Loose: Company + Paint_Name,Vallejo_registry_26.0.9.csv,Vallejo,Game Color,Game Color,GAME_COLOR,72.6,Vomit,VOMIT,#F6AB2A,246.0,171.0,42.0,"246,171,42",Acrylic Paint,Active/Unknown,952249680-Warlord-Paint-Ranges-Conversion-Chart.pdf; Catalogo_2026-R02.pdf page 52,Imported from compiled central database | Approx Hex/RGB fill: Vallejo 2026 catalog swatch sample (Medium-High).,,GW_BASE_AVERLAND_SUNSET,Base,Base,#FDB825,"253,184,37",,,,,,,,,,,,,,,,,,,,,,,,,,,,,,,,,,,,,,,,,,,,,,,,,,,,,,15.59,,Computed nearest Games Workshop swatch by Euclidean RGB distance from registry R/G/B values.,,,,,,,,
VAL_GAME_COLOR_AUXILIARY_AIRBRUSH_THINNER,,,,,,,,,,,,,,No RGB,vallejo|game color auxiliary|airbrush thinner,vallejo|airbrush thinner,Loose: Company + Paint_Name,Vallejo_registry_26.0.9.csv,Vallejo,Game Color Auxiliary,Game Color Auxiliary,GAME_COLOR_AUXILIARY,71.261,Airbrush Thinner,AIRBRUSH_THINNER,,,,,,Auxiliary,Active/Unknown,CC266-Game_Color.pdf,Imported from compiled central database,,,,,,,,,,,,,,,,,,,,,,,,,,,,,,,,,,,,,,,,,,,,,,,,,,,,,,,,,,,,,,No match - missing source RGB,,,,,,,,
VAL_GAME_COLOR_AUXILIARY_GLAZE_MEDIUM,,,,,,,,,,,,,,No RGB,vallejo|game color auxiliary|glaze medium,vallejo|glaze medium,Loose: Company + Paint_Name,Vallejo_registry_26.0.9.csv,Vallejo,Game Color Auxiliary,Game Color Auxiliary,GAME_COLOR_AUXILIARY,70.596,Glaze Medium,GLAZE_MEDIUM,,,,,,Auxiliary,Active/Unknown,CC266-Game_Color.pdf,Imported from compiled central database,,,,,,,,,,,,,,,,,,,,,,,,,,,,,,,,,,,,,,,,,,,,,,,,,,,,,,,,,,,,,,No match - missing source RGB,,,,,,,,
VAL_GAME_COLOR_INK_BLACK,,,,,,,Abaddon Black,,,,,,,High,vallejo|game color ink|black,vallejo|black,Loose: Company + Paint_Name,Vallejo_registry_26.0.9.csv,Vallejo,Game Color Ink,Game Color Ink,GAME_COLOR_INK,72.094,Black,BLACK,#000000,0.0,0.0,0.0,"0,0,0",Ink,Active/Unknown,CC266-Game_Color.pdf,Imported from compiled central database; Hex/RGB filled during audit from Direct RedGrimm Vallejo Game name match (redgrimm vallejo-game.html); matched Vallejo Game Black.,,GW_AIR_ABADDON_BLACK,Air,Air,#000000,"0,0,0",,,,,,,,,,,,,,,,,,,,,,,,,,,,,,,,,,,,,,,,,,,,,,,,,,,,,,0.0,,Computed nearest Games Workshop swatch by Euclidean RGB distance from registry R/G/B values.,,,,,,,,
VAL_GAME_COLOR_INK_BLACK_GREEN,,,,,,,Incubi Darkness,,,,,,,Medium-High,vallejo|game color ink|black green,vallejo|black green,Loose: Company + Paint_Name,Vallejo_registry_26.0.9.csv,Vallejo,Game Color Ink,Game Color Ink,GAME_COLOR_INK,72.09,Black Green,BLACK_GREEN,#19423E,25.0,66.0,62.0,"25,66,62",Ink,Active/Unknown,CC266-Game_Color.pdf,Imported from compiled central database,,GW_BASE_INCUBI_DARKNESS,Base,Base,#0B474A,"11,71,74",,,,,,,,,,,,,,,,,,,,,,,,,,,,,,,,,,,,,,,,,,,,,,,,,,,,,,19.1,,Computed nearest Games Workshop swatch by Euclidean RGB distance from registry R/G/B values.,,,,,,,,
VAL_GAME_COLOR_INK_BLUE,,,,,,,Storm Blue,,,,,,,High,vallejo|game color ink|blue,vallejo|blue,Loose: Company + Paint_Name,Vallejo_registry_26.0.9.csv,Vallejo,Game Color Ink,Game Color Ink,GAME_COLOR_INK,72.088,Blue,BLUE,#27357E,39.0,53.0,126.0,"39,53,126",Ink,Active/Unknown,CC266-Game_Color.pdf,Imported from compiled central database,,GW_LAYER_STORM_BLUE,Layer,Layer,#27357E,"39,53,126",,,,,,,,,,,,,,,,,,,,,,,,,,,,,,,,,,,,,,,,,,,,,,,,,,,,,,0.0,,Computed nearest Games Workshop swatch by Euclidean RGB distance from registry R/G/B values.,,,,,,,,
VAL_GAME_COLOR_INK_GLACIER_BLUE,,,,,,,Space Wolves Grey,,,,,,,Medium-High,vallejo|game color ink|glacier blue,vallejo|glacier blue,Loose: Company + Paint_Name,Vallejo_registry_26.0.9.csv,Vallejo,Game Color Ink,Game Color Ink,GAME_COLOR_INK,72.095,Glacier Blue,GLACIER_BLUE,#ACD0EE,172.0,208.0,238.0,"172,208,238",Ink,Active/Unknown,CC266-Game_Color.pdf,Imported from compiled central database,,GW_CONTRAST_SPACE_WOLVES_GREY,Contrast,Contrast,#B7C7D9,"183,199,217",,,,,,,,,,,,,,,,,,,,,,,,,,,,,,,,,,,,,,,,,,,,,,,,,,,,,,25.36,,Computed nearest Games Workshop swatch by Euclidean RGB distance from registry R/G/B values.,,,,,,,,
VAL_GAME_COLOR_INK_MAGENTA,,,,,,,Red Gore,,,,,,,Medium-High,vallejo|game color ink|magenta,vallejo|magenta,Loose: Company + Paint_Name,Vallejo_registry_26.0.9.csv,Vallejo,Game Color Ink,Game Color Ink,GAME_COLOR_INK,72.083,Magenta,MAGENTA,#A92A56,169.0,42.0,86.0,"169,42,86",Ink,Active/Unknown,CC266-Game_Color.pdf,Imported from compiled central database,,GW_LAYER_RED_GORE,Layer,Layer,#9D2B3F,"157,43,63",,,,,,,,,,,,,,,,,,,,,,,,,,,,,,,,,,,,,,,,,,,,,,,,,,,,,,25.96,,Computed nearest Games Workshop swatch by Euclidean RGB distance from registry R/G/B values.,,,,,,,,
VAL_GAME_COLOR_INK_RED,,,,,,,Tuskigor Fur,,,,,,,High,vallejo|game color ink|red,vallejo|red,Loose: Company + Paint_Name,Vallejo_registry_26.0.9.csv,Vallejo,Game Color Ink,Game Color Ink,GAME_COLOR_INK,72.086,Red,RED,#91323A,145.0,50.0,58.0,"145,50,58",Ink,Active/Unknown,CC266-Game_Color.pdf,Imported from compiled central database; Hex/RGB filled during audit from Direct RedGrimm Vallejo Model name match (redgrimm army-painter.html); matched Vallejo Model Red.,,GW_LAYER_TUSKIGOR_FUR,Layer,Layer,#883636,"136,54,54",,,,,,,,,,,,,,,,,,,,,,,,,,,,,,,,,,,,,,,,,,,,,,,,,,,,,,10.63,,Computed nearest Games Workshop swatch by Euclidean RGB distance from registry R/G/B values.,,,,,,,,
VAL_GAME_COLOR_INK_SEPIA,,,,,,,Cygor Brown,,,,,,,High,vallejo|game color ink|sepia,vallejo|sepia,Loose: Company + Paint_Name,Vallejo_registry_26.0.9.csv,Vallejo,Game Color Ink,Game Color Ink,GAME_COLOR_INK,72.091,Sepia,SEPIA,#332512,51.0,37.0,18.0,"51,37,18",Ink,Active/Unknown,CC266-Game_Color.pdf; Catalogo_2026-R02.pdf page 53,Imported from compiled central database | Approx Hex/RGB fill: Vallejo 2026 catalog swatch sample (Medium-High).,,GW_CONTRAST_CYGOR_BROWN,Contrast,Contrast,#3B2418,"59,36,24",,,,,,,,,,,,,,,,,,,,,,,,,,,,,,,,,,,,,,,,,,,,,,,,,,,,,,10.05,,Computed nearest Games Workshop swatch by Euclidean RGB distance from registry R/G/B values.,,,,,,,,
VAL_GAME_COLOR_INK_SKIN_TONE,,,,,,,Fulgurite Copper,,,,,,,High,vallejo|game color ink|skin tone,vallejo|skin tone,Loose: Company + Paint_Name,Vallejo_registry_26.0.9.csv,Vallejo,Game Color Ink,Game Color Ink,GAME_COLOR_INK,72.099,Skin Tone,SKIN_TONE,#E3AB84,227.0,171.0,132.0,"227,171,132",Ink,Active/Unknown,CC266-Game_Color.pdf; Catalogo_2026-R02.pdf page 52,Imported from compiled central database | Approx Hex/RGB fill: Vallejo 2026 catalog swatch sample (Medium-High).,,GW_LAYER_FULGURITE_COPPER,Layer,Layer,#E6B77E,"230,183,126",,,,,,,,,,,,,,,,,,,,,,,,,,,,,,,,,,,,,,,,,,,,,,,,,,,,,,13.75,,Computed nearest Games Workshop swatch by Euclidean RGB distance from registry R/G/B values.,,,,,,,,
VAL_GAME_COLOR_INK_VIOLET,,,,,,,Leviathan Purple,,,,,,,High,vallejo|game color ink|violet,vallejo|violet,Loose: Company + Paint_Name,Vallejo_registry_26.0.9.csv,Vallejo,Game Color Ink,Game Color Ink,GAME_COLOR_INK,72.087,Violet,VIOLET,#4B2F65,75.0,47.0,101.0,"75,47,101",Ink,Active/Unknown,CC266-Game_Color.pdf,Imported from compiled central database,,GW_CONTRAST_LEVIATHAN_PURPLE,Contrast,Contrast,#4A2A6A,"74,42,106",,,,,,,,,,,,,,,,,,,,,,,,,,,,,,,,,,,,,,,,,,,,,,,,,,,,,,7.14,,Computed nearest Games Workshop swatch by Euclidean RGB distance from registry R/G/B values.,,,,,,,,
VAL_GAME_COLOR_INK_WHITE,,,,,,,Corax White,,,,,,,High,vallejo|game color ink|white,vallejo|white,Loose: Company + Paint_Name,Vallejo_registry_26.0.9.csv,Vallejo,Game Color Ink,Game Color Ink,GAME_COLOR_INK,72.082,White,WHITE,#FFFFFF,255.0,255.0,255.0,"255,255,255",Ink,Active/Unknown,CC266-Game_Color.pdf,Imported from compiled central database,,GW_BASE_CORAX_WHITE,Base,Base,#FFFFFF,"255,255,255",,,,,,,,,,,,,,,,,,,,,,,,,,,,,,,,,,,,,,,,,,,,,,,,,,,,,,0.0,,Computed nearest Games Workshop swatch by Euclidean RGB distance from registry R/G/B values.,,,,,,,,
VAL_GAME_COLOR_INK_YELLOW,,,,,,,Lamenters Yellow,,,,,,,Medium-High,vallejo|game color ink|yellow,vallejo|yellow,Loose: Company + Paint_Name,Vallejo_registry_26.0.9.csv,Vallejo,Game Color Ink,Game Color Ink,GAME_COLOR_INK,72.085,Yellow,YELLOW,#E4E566,228.0,229.0,102.0,"228,229,102",Ink,Active/Unknown,CC266-Game_Color.pdf,Imported from compiled central database; Hex/RGB filled during audit from Direct RedGrimm Vallejo Model name match (Vallejo Colors PDF); matched Vallejo Model Yellow.,,GW_GLAZE_LAMENTERS_YELLOW,Glaze,Glaze,#FFF56B,"255,245,107",,,,,,,,,,,,,,,,,,,,,,,,,,,,,,,,,,,,,,,,,,,,,,,,,,,,,,31.78,,Computed nearest Games Workshop swatch by Euclidean RGB distance from registry R/G/B values.,,,,,,,,
VAL_GAME_COLOR_METALLIC_BLACK,,,,,,,Abaddon Black,,,,,,,High,vallejo|game color metallic|black,vallejo|black,Loose: Company + Paint_Name,Vallejo_registry_26.0.9.csv,Vallejo,Game Color Metallic,Game Color Metallic,GAME_COLOR_METALLIC,72.051,Black,BLACK,#000000,0.0,0.0,0.0,"0,0,0",Metallic,Active/Unknown,CC266-Game_Color.pdf,Imported from compiled central database; Hex/RGB filled during audit from Direct RedGrimm Vallejo Game name match (redgrimm vallejo-game.html); matched Vallejo Game Black.,,GW_AIR_ABADDON_BLACK,Air,Air,#000000,"0,0,0",,,,,,,,,,,,,,,,,,,,,,,,,,,,,,,,,,,,,,,,,,,,,,,,,,,,,,0.0,,Computed nearest Games Workshop swatch by Euclidean RGB distance from registry R/G/B values.,,,,,,,,
VAL_GAME_COLOR_METALLIC_BRASSY_BRASS,,,,,,,XV-88,,,,,,,Medium-High,vallejo|game color metallic|brassy brass,vallejo|brassy brass,Loose: Company + Paint_Name,Vallejo_registry_26.0.9.csv,Vallejo,Game Color Metallic,Game Color Metallic,GAME_COLOR_METALLIC,72.058,Brassy Brass,BRASSY_BRASS,#735A21,115.0,90.0,33.0,"115,90,33",Metallic,Active/Unknown,CC266-Game_Color.pdf,Imported from compiled central database,,GW_BASE_XV_88,Base,Base,#72491E,"114,73,30",,,,,,,,,,,,,,,,,,,,,,,,,,,,,,,,,,,,,,,,,,,,,,,,,,,,,,17.29,,Computed nearest Games Workshop swatch by Euclidean RGB distance from registry R/G/B values.,,,,,,,,
VAL_GAME_COLOR_METALLIC_BRIGHT_BRONZE,,,,,,,Hashut Copper,,,,,,,High,vallejo|game color metallic|bright bronze,vallejo|bright bronze,Loose: Company + Paint_Name,Vallejo_registry_26.0.9.csv,Vallejo,Game Color Metallic,Game Color Metallic,GAME_COLOR_METALLIC,72.057,Bright Bronze,BRIGHT_BRONZE,#B88044,184.0,128.0,68.0,"184,128,68",Metallic,Active/Unknown,CC266-Game_Color.pdf; Catalogo_2026-R02.pdf page 53,Imported from compiled central database | Approx Hex/RGB fill: Vallejo 2026 catalog swatch sample (Medium-High).,,GW_LAYER_HASHUT_COPPER,Layer,Layer,#B77647,"183,118,71",,,,,,,,,,,,,,,,,,,,,,,,,,,,,,,,,,,,,,,,,,,,,,,,,,,,,,10.49,,Computed nearest Games Workshop swatch by Euclidean RGB distance from registry R/G/B values.,,,,,,,,
VAL_GAME_COLOR_METALLIC_GLORIOUS_GOLD,,,,,,,Mantis Warriors Green,,,,,,,Medium-High,vallejo|game color metallic|glorious gold,vallejo|glorious gold,Loose: Company + Paint_Name,Vallejo_registry_26.0.9.csv,Vallejo,Game Color Metallic,Game Color Metallic,GAME_COLOR_METALLIC,72.056,Glorious Gold,GLORIOUS_GOLD,#CCCC33,204.0,204.0,51.0,"204,204,51",Metallic,Active/Unknown,CC266-Game_Color.pdf,Imported from compiled central database,,GW_CONTRAST_MANTIS_WARRIORS_GREEN,Contrast,Contrast,#B8C72A,"184,199,42",,,,,,,,,,,,,,,,,,,,,,,,,,,,,,,,,,,,,,,,,,,,,,,,,,,,,,22.49,,Computed nearest Games Workshop swatch by Euclidean RGB distance from registry R/G/B values.,,,,,,,,
VAL_GAME_COLOR_METALLIC_HAMMERED_COPPER,,,,,,,Beaten Copper,,,,,,,High,vallejo|game color metallic|hammered copper,vallejo|hammered copper,Loose: Company + Paint_Name,Vallejo_registry_26.0.9.csv,Vallejo,Game Color Metallic,Game Color Metallic,GAME_COLOR_METALLIC,72.059,Hammered Copper,HAMMERED_COPPER,#73372D,115.0,55.0,45.0,"115,55,45",Metallic,Active/Unknown,CC266-Game_Color.pdf,Imported from compiled central database; Hex/RGB filled during audit from Mech9 paint-code equivalence cross-reference (Existing registry completed row); matched Mecha Color Metallic Copper.,,GW_LAYER_BEATEN_COPPER,Layer,Layer,#73372D,"115,55,45",,,,,,,,,,,,,,,,,,,,,,,,,,,,,,,,,,,,,,,,,,,,,,,,,,,,,,0.0,,Computed nearest Games Workshop swatch by Euclidean RGB distance from registry R/G/B values.,,,,,,,,
VAL_GAME_COLOR_METALLIC_METAL_MEDIUM,,,,,,,,,,,,,,No RGB,vallejo|game color metallic|metal medium,vallejo|metal medium,Loose: Company + Paint_Name,Vallejo_registry_26.0.9.csv,Vallejo,Game Color Metallic,Game Color Metallic,GAME_COLOR_METALLIC,70.521,Metal Medium,METAL_MEDIUM,,,,,,Metallic,Active/Unknown,CC266-Game_Color.pdf,Imported from compiled central database,,,,,,,,,,,,,,,,,,,,,,,,,,,,,,,,,,,,,,,,,,,,,,,,,,,,,,,,,,,,,,No match - missing source RGB,,,,,,,,
VAL_GAME_COLOR_METALLIC_NEUTRAL_GREY,,,,,,,Warpfiend Grey,,,,,,,Medium-High,vallejo|game color metallic|neutral grey,vallejo|neutral grey,Loose: Company + Paint_Name,Vallejo_registry_26.0.9.csv,Vallejo,Game Color Metallic,Game Color Metallic,GAME_COLOR_METALLIC,72.05,Neutral Grey,NEUTRAL_GREY,#64767A,100.0,118.0,122.0,"100,118,122",Metallic,Active/Unknown,CC266-Game_Color.pdf,Imported from compiled central database; Hex/RGB filled during audit from Direct RedGrimm Vallejo Model name match (redgrimm army-painter.html); matched Vallejo Model Neutral Grey.,,GW_LAYER_WARPFIEND_GREY,Layer,Layer,#6B6A74,"107,106,116",,,,,,,,,,,,,,,,,,,,,,,,,,,,,,,,,,,,,,,,,,,,,,,,,,,,,,15.13,,Computed nearest Games Workshop swatch by Euclidean RGB distance from registry R/G/B values.,,,,,,,,
VAL_GAME_COLOR_METALLIC_POLISHED_GOLD,,,,,,,Shining Gold,,,,,,,Medium-High,vallejo|game color metallic|polished gold,vallejo|polished gold,Loose: Company + Paint_Name,Vallejo_registry_26.0.9.csv,Vallejo,Game Color Metallic,Game Color Metallic,GAME_COLOR_METALLIC,72.055,Polished Gold,POLISHED_GOLD,#E7BD42,231.0,189.0,66.0,"231,189,66",Metallic,Active/Unknown,CC266-Game_Color.pdf,Imported from compiled central database; Hex/RGB filled during audit from Mech9 paint-code equivalence cross-reference (Existing registry completed row); matched Mecha Color Metallic Gold.,,GW_LAYER_SHINING_GOLD,Layer,Layer,#EFB736,"239,183,54",,,,,,,,,,,,,,,,,,,,,,,,,,,,,,,,,,,,,,,,,,,,,,,,,,,,,,15.62,,Computed nearest Games Workshop swatch by Euclidean RGB distance from registry R/G/B values.,,,,,,,,
VAL_GAME_COLOR_METALLIC_SILVER,,,,,,,Fortress Grey,,,,,,,High,vallejo|game color metallic|silver,vallejo|silver,Loose: Company + Paint_Name,Vallejo_registry_26.0.9.csv,Vallejo,Game Color Metallic,Game Color Metallic,GAME_COLOR_METALLIC,72.052,Silver,SILVER,#B0B9B8,176.0,185.0,184.0,"176,185,184",Metallic,Active/Unknown,CC266-Game_Color.pdf,Imported from compiled central database; Hex/RGB filled during audit from Direct RedGrimm Vallejo Model name match (Vallejo Colors PDF); matched Vallejo Model Silver.,,GW_LAYER_FORTRESS_GREY,Layer,Layer,#BCBDC0,"188,189,192",,,,,,,,,,,,,,,,,,,,,,,,,,,,,,,,,,,,,,,,,,,,,,,,,,,,,,14.97,,Computed nearest Games Workshop swatch by Euclidean RGB distance from registry R/G/B values.,,,,,,,,
VAL_GAME_COLOR_SPECIAL_FX_FRESH_BLOOD,,,,,,,Bloodletter,,,,,,,Medium-High,vallejo|game color special fx|fresh blood,vallejo|fresh blood,Loose: Company + Paint_Name,Vallejo_registry_26.0.9.csv,Vallejo,Game Color Special FX,Game Color Special FX,GAME_COLOR_SPECIAL_FX,72.601,Fresh Blood,FRESH_BLOOD,#EC655B,236.0,101.0,91.0,"236,101,91",Effect,Active/Unknown,CC266-Game_Color.pdf; Catalogo_2026-R02.pdf page 52,Imported from compiled central database | Approx Hex/RGB fill: Vallejo 2026 catalog swatch sample (Medium-High).,,GW_GLAZE_BLOODLETTER,Glaze,Glaze,#F37355,"243,115,85",,,,,,,,,,,,,,,,,,,,,,,,,,,,,,,,,,,,,,,,,,,,,,,,,,,,,,16.76,,Computed nearest Games Workshop swatch by Euclidean RGB distance from registry R/G/B values.,,,,,,,,
VAL_GAME_COLOR_SPECIAL_FX_GALVANIC_CORROSION,,,,,,,Seraphim Sepia,,,,,,,High,vallejo|game color special fx|galvanic corrosion,vallejo|galvanic corrosion,Loose: Company + Paint_Name,Vallejo_registry_26.0.9.csv,Vallejo,Game Color Special FX,Game Color Special FX,GAME_COLOR_SPECIAL_FX,72.61,Galvanic Corrosion,GALVANIC_CORROSION,#DD8C43,221.0,140.0,67.0,"221,140,67",Effect,Active/Unknown,CC266-Game_Color.pdf; Catalogo_2026-R02.pdf page 52,Imported from compiled central database | Approx Hex/RGB fill: Vallejo 2026 catalog swatch sample (Medium-High).,,GW_SHADE_SERAPHIM_SEPIA,Shade,Shade,#D7824B,"215,130,75",,,,,,,,,,,,,,,,,,,,,,,,,,,,,,,,,,,,,,,,,,,,,,,,,,,,,,14.14,,Computed nearest Games Workshop swatch by Euclidean RGB distance from registry R/G/B values.,,,,,,,,
VAL_GAME_COLOR_SPECIAL_FX_GREEN_RUST,,,,,,,Hellion Green,,,,,,,Medium-High,vallejo|game color special fx|green rust,vallejo|green rust,Loose: Company + Paint_Name,Vallejo_registry_26.0.9.csv,Vallejo,Game Color Special FX,Game Color Special FX,GAME_COLOR_SPECIAL_FX,72.605,Green Rust,GREEN_RUST,#96C5B2,150.0,197.0,178.0,"150,197,178",Effect,Active/Unknown,CC266-Game_Color.pdf; Catalogo_2026-R02.pdf page 52,Imported from compiled central database | Approx Hex/RGB fill: Vallejo 2026 catalog swatch sample (Medium-High).,,GW_DRY_HELLION_GREEN,Dry,Dry,#84C3AA,"132,195,170",,,,,,,,,,,,,,,,,,,,,,,,,,,,,,,,,,,,,,,,,,,,,,,,,,,,,,19.8,,Computed nearest Games Workshop swatch by Euclidean RGB distance from registry R/G/B values.,,,,,,,,
VAL_GAME_COLOR_SPECIAL_FX_RUST,,,,,,,Khemri Brown,,,,,,,High,vallejo|game color special fx|rust,vallejo|rust,Loose: Company + Paint_Name,Vallejo_registry_26.0.9.csv,Vallejo,Game Color Special FX,Game Color Special FX,GAME_COLOR_SPECIAL_FX,72.609,Rust,RUST,#70574F,112.0,87.0,79.0,"112,87,79",Effect,Active/Unknown,CC266-Game_Color.pdf; Catalogo_2026-R02.pdf page 52,Imported from compiled central database | Approx Hex/RGB fill: Vallejo 2026 catalog swatch sample (Medium-High).,,GW_FOUNDATION_KHEMRI_BROWN,Foundation,Foundation,#73614D,"115,97,77",,,,,,,,,,,,,,,,,,,,,,,,,,,,,,,,,,,,,,,,,,,,,,,,,,,,,,10.63,,Computed nearest Games Workshop swatch by Euclidean RGB distance from registry R/G/B values.,,,,,,,,
VAL_GAME_COLOR_SPECIAL_FX_THICK_BLOOD,,,,,,,Martian Ironearth,,,,,,,Medium-High,vallejo|game color special fx|thick blood,vallejo|thick blood,Loose: Company + Paint_Name,Vallejo_registry_26.0.9.csv,Vallejo,Game Color Special FX,Game Color Special FX,GAME_COLOR_SPECIAL_FX,72.602,Thick Blood,THICK_BLOOD,#99483A,153.0,72.0,58.0,"153,72,58",Effect,Active/Unknown,CC266-Game_Color.pdf; Catalogo_2026-R02.pdf page 52,Imported from compiled central database | Approx Hex/RGB fill: Vallejo 2026 catalog swatch sample (Medium-High).,,GW_TECHNICAL_MARTIAN_IRONEARTH,Technical,Technical,#935442,"147,84,66",,,,,,,,,,,,,,,,,,,,,,,,,,,,,,,,,,,,,,,,,,,,,,,,,,,,,,15.62,,Computed nearest Games Workshop swatch by Euclidean RGB distance from registry R/G/B values.,,,,,,,,
VAL_GAME_COLOR_SPECIAL_FX_VOMIT,,,,,,,Averland Sunset,,,,,,,Medium-High,vallejo|game color special fx|vomit,vallejo|vomit,Loose: Company + Paint_Name,Vallejo_registry_26.0.9.csv,Vallejo,Game Color Special FX,Game Color Special FX,GAME_COLOR_SPECIAL_FX,72.6,Vomit,VOMIT,#F6AB2A,246.0,171.0,42.0,"246,171,42",Effect,Active/Unknown,CC266-Game_Color.pdf; Catalogo_2026-R02.pdf page 52,Imported from compiled central database | Approx Hex/RGB fill: Vallejo 2026 catalog swatch sample (Medium-High).,,GW_BASE_AVERLAND_SUNSET,Base,Base,#FDB825,"253,184,37",,,,,,,,,,,,,,,,,,,,,,,,,,,,,,,,,,,,,,,,,,,,,,,,,,,,,,15.59,,Computed nearest Games Workshop swatch by Euclidean RGB distance from registry R/G/B values.,,,,,,,,
VAL_GAME_COLOR_WASH_BLACK,,,,,,,Abaddon Black,,,,,,,High,vallejo|game color wash|black,vallejo|black,Loose: Company + Paint_Name,Vallejo_registry_26.0.9.csv,Vallejo,Game Color Wash,Game Color Wash,GAME_COLOR_WASH,73.201,Black,BLACK,#000000,0.0,0.0,0.0,"0,0,0",Wash,Active/Unknown,CC266-Game_Color.pdf,Imported from compiled central database; Hex/RGB filled during audit from Direct RedGrimm Vallejo Game name match (redgrimm vallejo-game.html); matched Vallejo Game Black.,,GW_AIR_ABADDON_BLACK,Air,Air,#000000,"0,0,0",,,,,,,,,,,,,,,,,,,,,,,,,,,,,,,,,,,,,,,,,,,,,,,,,,,,,,0.0,,Computed nearest Games Workshop swatch by Euclidean RGB distance from registry R/G/B values.,,,,,,,,
VAL_GAME_COLOR_WASH_BLUE,,,,,,,Storm Blue,,,,,,,High,vallejo|game color wash|blue,vallejo|blue,Loose: Company + Paint_Name,Vallejo_registry_26.0.9.csv,Vallejo,Game Color Wash,Game Color Wash,GAME_COLOR_WASH,73.207,Blue,BLUE,#27357E,39.0,53.0,126.0,"39,53,126",Wash,Active/Unknown,CC266-Game_Color.pdf,Imported from compiled central database,,GW_LAYER_STORM_BLUE,Layer,Layer,#27357E,"39,53,126",,,,,,,,,,,,,,,,,,,,,,,,,,,,,,,,,,,,,,,,,,,,,,,,,,,,,,0.0,,Computed nearest Games Workshop swatch by Euclidean RGB distance from registry R/G/B values.,,,,,,,,
VAL_GAME_COLOR_WASH_RED,,,,,,,Tuskigor Fur,,,,,,,High,vallejo|game color wash|red,vallejo|red,Loose: Company + Paint_Name,Vallejo_registry_26.0.9.csv,Vallejo,Game Color Wash,Game Color Wash,GAME_COLOR_WASH,73.206,Red,RED,#91323A,145.0,50.0,58.0,"145,50,58",Wash,Active/Unknown,CC266-Game_Color.pdf,Imported from compiled central database; Hex/RGB filled during audit from Direct RedGrimm Vallejo Model name match (redgrimm army-painter.html); matched Vallejo Model Red.,,GW_LAYER_TUSKIGOR_FUR,Layer,Layer,#883636,"136,54,54",,,,,,,,,,,,,,,,,,,,,,,,,,,,,,,,,,,,,,,,,,,,,,,,,,,,,,10.63,,Computed nearest Games Workshop swatch by Euclidean RGB distance from registry R/G/B values.,,,,,,,,
VAL_GAME_COLOR_WASH_SEPIA,,,,,,,Agrellan Earth,,,,,,,High,vallejo|game color wash|sepia,vallejo|sepia,Loose: Company + Paint_Name,Vallejo_registry_26.0.9.csv,Vallejo,Game Color Wash,Game Color Wash,GAME_COLOR_WASH,73.2,Sepia,SEPIA,#968266,150.0,130.0,102.0,"150,130,102",Wash,Active/Unknown,CC266-Game_Color.pdf; Catalogo_2026-R02.pdf page 52,Imported from compiled central database | Approx Hex/RGB fill: Vallejo 2026 catalog swatch sample (Medium-High).,,GW_TECHNICAL_AGRELLAN_EARTH,Technical,Technical,#92816D,"146,129,109",,,,,,,,,,,,,,,,,,,,,,,,,,,,,,,,,,,,,,,,,,,,,,,,,,,,,,8.12,,Computed nearest Games Workshop swatch by Euclidean RGB distance from registry R/G/B values.,,,,,,,,
VAL_GAME_COLOR_WASH_VIOLET,,,,,,,Leviathan Purple,,,,,,,High,vallejo|game color wash|violet,vallejo|violet,Loose: Company + Paint_Name,Vallejo_registry_26.0.9.csv,Vallejo,Game Color Wash,Game Color Wash,GAME_COLOR_WASH,73.209,Violet,VIOLET,#4B2F65,75.0,47.0,101.0,"75,47,101",Wash,Active/Unknown,CC266-Game_Color.pdf,Imported from compiled central database,,GW_CONTRAST_LEVIATHAN_PURPLE,Contrast,Contrast,#4A2A6A,"74,42,106",,,,,,,,,,,,,,,,,,,,,,,,,,,,,,,,,,,,,,,,,,,,,,,,,,,,,,7.14,,Computed nearest Games Workshop swatch by Euclidean RGB distance from registry R/G/B values.,,,,,,,,
VAL_GAME_COLOR_WASH_YELLOW,,,,,,,Lamenters Yellow,,,,,,,Medium-High,vallejo|game color wash|yellow,vallejo|yellow,Loose: Company + Paint_Name,Vallejo_registry_26.0.9.csv,Vallejo,Game Color Wash,Game Color Wash,GAME_COLOR_WASH,73.208,Yellow,YELLOW,#E4E566,228.0,229.0,102.0,"228,229,102",Wash,Active/Unknown,CC266-Game_Color.pdf,Imported from compiled central database; Hex/RGB filled during audit from Direct RedGrimm Vallejo Model name match (Vallejo Colors PDF); matched Vallejo Model Yellow.,,GW_GLAZE_LAMENTERS_YELLOW,Glaze,Glaze,#FFF56B,"255,245,107",,,,,,,,,,,,,,,,,,,,,,,,,,,,,,,,,,,,,,,,,,,,,,,,,,,,,,31.78,,Computed nearest Games Workshop swatch by Euclidean RGB distance from registry R/G/B values.,,,,,,,,
VAL_MODEL_AIR_AIRBRUSH_THINNER,,,,,,,,,,,,,,No RGB,vallejo|model air|airbrush thinner,vallejo|airbrush thinner,Loose: Company + Paint_Name,Vallejo_registry_26.0.9.csv,Vallejo,Model Air,Model Air,MODEL_AIR,71.261,Airbrush Thinner,AIRBRUSH_THINNER,,,,,,Acrylic airbrush paint,Active/Unknown,CC329-R00-Model-Color-NewIC.pdf,Imported from compiled central database,,,,,,,,,,,,,,,,,,,,,,,,,,,,,,,,,,,,,,,,,,,,,,,,,,,,,,,,,,,,,,No match - missing source RGB,,,,,,,,
VAL_MODEL_AIR_BEIGE,,,,,,,Wraithbone,,,,,,,High,vallejo|model air|beige,vallejo|beige,Loose: Company + Paint_Name,Vallejo_registry_26.0.9.csv,Vallejo,Model Air,Model Air,MODEL_AIR,71.074,Beige,BEIGE,#DBC58E,219.0,197.0,142.0,"219,197,142",Acrylic airbrush paint,Active/Unknown,CC329-R00-Model-Color-NewIC.pdf,Imported from compiled central database,,GW_BASE_WRAITHBONE,Base,Base,#DCCB9A,"220,203,154",,,,,,,,,,,,,,,,,,,,,,,,,,,,,,,,,,,,,,,,,,,,,,,,,,,,,,13.45,,Computed nearest Games Workshop swatch by Euclidean RGB distance from registry R/G/B values.,,,,,,,,
VAL_MODEL_AIR_BLACK,,,,,,,Abaddon Black,,,,,,,High,vallejo|model air|black,vallejo|black,Loose: Company + Paint_Name,Vallejo_registry_26.0.9.csv,Vallejo,Model Air,Model Air,MODEL_AIR,71.057,Black,BLACK,#000000,0.0,0.0,0.0,"0,0,0",Acrylic Paint,Active/Unknown,584217179-Vallejo-Paint-List-frenzycheck-com.xlsx,Imported from compiled central database; Hex/RGB filled during audit from Direct RedGrimm Vallejo Game name match (redgrimm vallejo-game.html); matched Vallejo Game Black.,,GW_AIR_ABADDON_BLACK,Air,Air,#000000,"0,0,0",,,,,,,,,,,,,,,,,,,,,,,,,,,,,,,,,,,,,,,,,,,,,,,,,,,,,,0.0,,Computed nearest Games Workshop swatch by Euclidean RGB distance from registry R/G/B values.,,,,,,,,
VAL_MODEL_AIR_BLACK_GREEN,,,,,,,Incubi Darkness,,,,,,,Medium-High,vallejo|model air|black green,vallejo|black green,Loose: Company + Paint_Name,Vallejo_registry_26.0.9.csv,Vallejo,Model Air,Model Air,MODEL_AIR,71.021,Black Green,BLACK_GREEN,#19423E,25.0,66.0,62.0,"25,66,62",Acrylic Paint,Active/Unknown,584217179-Vallejo-Paint-List-frenzycheck-com.xlsx,Imported from compiled central database,,GW_BASE_INCUBI_DARKNESS,Base,Base,#0B474A,"11,71,74",,,,,,,,,,,,,,,,,,,,,,,,,,,,,,,,,,,,,,,,,,,,,,,,,,,,,,19.1,,Computed nearest Games Workshop swatch by Euclidean RGB distance from registry R/G/B values.,,,,,,,,
VAL_MODEL_AIR_BLACK_GREY,,,,,,,Iron Warriors,,,,,,,High,vallejo|model air|black grey,vallejo|black grey,Loose: Company + Paint_Name,Vallejo_registry_26.0.9.csv,Vallejo,Model Air,Model Air,MODEL_AIR,71.056,Black Grey,BLACK_GREY,#2D373A,45.0,55.0,58.0,"45,55,58",Acrylic Paint,Active/Unknown,584217179-Vallejo-Paint-List-frenzycheck-com.xlsx,Imported from compiled central database; Hex/RGB filled during audit from Direct RedGrimm Vallejo Model name match (redgrimm vallejo-game.html); matched Vallejo Model Black Grey.,,GW_BASE_IRON_WARRIORS,Base,Base,#393939,"57,57,57",,,,,,,,,,,,,,,,,,,,,,,,,,,,,,,,,,,,,,,,,,,,,,,,,,,,,,12.21,,Computed nearest Games Workshop swatch by Euclidean RGB distance from registry R/G/B values.,,,,,,,,
VAL_MODEL_AIR_BLUE,,,,,,,Jokaero Orange,,,,,,,Medium-High,vallejo|model air|blue,vallejo|blue,Loose: Company + Paint_Name,Vallejo_registry_26.0.9.csv,Vallejo,Model Air,Model Air,MODEL_AIR,71.003,Blue,BLUE,#FF3108,255.0,49.0,8.0,"255,49,8",Acrylic Paint,Active/Unknown,584217179-Vallejo-Paint-List-frenzycheck-com.xlsx,Imported from compiled central database,,GW_BASE_JOKAERO_ORANGE,Base,Base,#EE3823,"238,56,35",,,,,,,,,,,,,,,,,,,,,,,,,,,,,,,,,,,,,,,,,,,,,,,,,,,,,,32.66,,Computed nearest Games Workshop swatch by Euclidean RGB distance from registry R/G/B values.,,,,,,,,
VAL_MODEL_AIR_BURNT_UMBER,,,,,,,Stirland Mud,,,,,,,Medium-High,vallejo|model air|burnt umber,vallejo|burnt umber,Loose: Company + Paint_Name,Vallejo_registry_26.0.9.csv,Vallejo,Model Air,Model Air,MODEL_AIR,71.04,Burnt Umber,BURNT_UMBER,#663300,102.0,51.0,0.0,"102,51,0",Acrylic Paint,Active/Unknown,584217179-Vallejo-Paint-List-frenzycheck-com.xlsx,Imported from compiled central database,,GW_TEXTURE_STIRLAND_MUD,Texture,Texture,#492B00,"73,43,0",,,,,,,,,,,,,,,,,,,,,,,,,,,,,,,,,,,,,,,,,,,,,,,,,,,,,,30.08,,Computed nearest Games Workshop swatch by Euclidean RGB distance from registry R/G/B values.,,,,,,,,
VAL_MODEL_AIR_CAM_BLACK_BROWN,,,,,,,Iron Warriors,,,,,,,High,vallejo|model air|cam black brown,vallejo|cam black brown,Loose: Company + Paint_Name,Vallejo_registry_26.0.9.csv,Vallejo,Model Air,Model Air,MODEL_AIR,71.042,Cam. Black Brown,CAM_BLACK_BROWN,#39343B,57.0,52.0,59.0,"57,52,59",Acrylic Paint,Active/Unknown,584217179-Vallejo-Paint-List-frenzycheck-com.xlsx,Imported from compiled central database; Hex/RGB filled during audit from Mech9 paint-code equivalence cross-reference (redgrimm army-painter.html); matched Vallejo Game Charred Brown.,,GW_BASE_IRON_WARRIORS,Base,Base,#393939,"57,57,57",,,,,,,,,,,,,,,,,,,,,,,,,,,,,,,,,,,,,,,,,,,,,,,,,,,,,,5.39,,Computed nearest Games Workshop swatch by Euclidean RGB distance from registry R/G/B values.,,,,,,,,
VAL_MODEL_AIR_CAM_BLACK_GREEN,,,,,,,Eshin Grey,,,,,,,High,vallejo|model air|cam black green,vallejo|cam black green,Loose: Company + Paint_Name,Vallejo_registry_26.0.9.csv,Vallejo,Model Air,Model Air,MODEL_AIR,71.018,Cam. Black Green,CAM_BLACK_GREEN,#484E50,72.0,78.0,80.0,"72,78,80",Acrylic Paint,Active/Unknown,584217179-Vallejo-Paint-List-frenzycheck-com.xlsx; Catalogo_2026-R02.pdf page 28,Imported from compiled central database | Approx Hex/RGB fill: Vallejo 2026 catalog swatch sample (Medium-High).,,GW_LAYER_ESHIN_GREY,Layer,Layer,#4A4F52,"74,79,82",,,,,,,,,,,,,,,,,,,,,,,,,,,,,,,,,,,,,,,,,,,,,,,,,,,,,,3.0,,Computed nearest Games Workshop swatch by Euclidean RGB distance from registry R/G/B values.,,,,,,,,
VAL_MODEL_AIR_CAM_DARK_GREEN,,,,,,,Dark Angels Green,,,,,,,High,vallejo|model air|cam dark green,vallejo|cam dark green,Loose: Company + Paint_Name,Vallejo_registry_26.0.9.csv,Vallejo,Model Air,Model Air,MODEL_AIR,71.019,Cam. Dark Green,CAM_DARK_GREEN,#083C2A,8.0,60.0,42.0,"8,60,42",Acrylic Paint,Active/Unknown,584217179-Vallejo-Paint-List-frenzycheck-com.xlsx,Imported from compiled central database; Hex/RGB filled during audit from Mech9 paint-code equivalence cross-reference (Existing registry completed row); matched Game Color Dark Green.,,GW_CONTRAST_DARK_ANGELS_GREEN,Contrast,Contrast,#103B20,"16,59,32",,,,,,,,,,,,,,,,,,,,,,,,,,,,,,,,,,,,,,,,,,,,,,,,,,,,,,12.85,,Computed nearest Games Workshop swatch by Euclidean RGB distance from registry R/G/B values.,,,,,,,,
VAL_MODEL_AIR_COPPER,,,,,,,Beaten Copper,,,,,,,High,vallejo|model air|copper,vallejo|copper,Loose: Company + Paint_Name,Vallejo_registry_26.0.9.csv,Vallejo,Model Air,Model Air,MODEL_AIR,71.068,Copper,COPPER,#73372D,115.0,55.0,45.0,"115,55,45",Acrylic Paint,Active/Unknown,584217179-Vallejo-Paint-List-frenzycheck-com.xlsx,Imported from compiled central database,,GW_LAYER_BEATEN_COPPER,Layer,Layer,#73372D,"115,55,45",,,,,,,,,,,,,,,,,,,,,,,,,,,,,,,,,,,,,,,,,,,,,,,,,,,,,,0.0,,Computed nearest Games Workshop swatch by Euclidean RGB distance from registry R/G/B values.,,,,,,,,
VAL_MODEL_AIR_DARK_GREEN,,,,,,,Dark Angels Green,,,,,,,High,vallejo|model air|dark green,vallejo|dark green,Loose: Company + Paint_Name,Vallejo_registry_26.0.9.csv,Vallejo,Model Air,Model Air,MODEL_AIR,71.012,Dark Green,DARK_GREEN,#083C2A,8.0,60.0,42.0,"8,60,42",Acrylic Paint,Active/Unknown,584217179-Vallejo-Paint-List-frenzycheck-com.xlsx,Imported from compiled central database,,GW_CONTRAST_DARK_ANGELS_GREEN,Contrast,Contrast,#103B20,"16,59,32",,,,,,,,,,,,,,,,,,,,,,,,,,,,,,,,,,,,,,,,,,,,,,,,,,,,,,12.85,,Computed nearest Games Workshop swatch by Euclidean RGB distance from registry R/G/B values.,,,,,,,,
VAL_MODEL_AIR_DARK_SEA_BLUE,,,,,,,Asurmen Blue Wash,,,,,,,High,vallejo|model air|dark sea blue,vallejo|dark sea blue,Loose: Company + Paint_Name,Vallejo_registry_26.0.9.csv,Vallejo,Model Air,Model Air,MODEL_AIR,71.087,Dark Sea Blue,DARK_SEA_BLUE,#2A4048,42.0,64.0,72.0,"42,64,72",Acrylic Paint,Active/Unknown,584217179-Vallejo-Paint-List-frenzycheck-com.xlsx,Imported from compiled central database; Hex/RGB filled during audit from Direct RedGrimm Vallejo Model name match (redgrimm vallejo-game.html); matched Vallejo Model Dark Sea Blue.,,GW_LAYER_ASURMEN_BLUE_WASH,Layer,Layer,#273E53,"39,62,83",,,,,,,,,,,,,,,,,,,,,,,,,,,,,,,,,,,,,,,,,,,,,,,,,,,,,,11.58,,Computed nearest Games Workshop swatch by Euclidean RGB distance from registry R/G/B values.,,,,,,,,
VAL_MODEL_AIR_DARK_SEA_GREY,,,,,,,Astrogranite,,,,,,,High,vallejo|model air|dark sea grey,vallejo|dark sea grey,Loose: Company + Paint_Name,Vallejo_registry_26.0.9.csv,Vallejo,Model Air,Model Air,MODEL_AIR,71.048,Dark Sea Grey,DARK_SEA_GREY,#787D7A,120.0,125.0,122.0,"120,125,122",Acrylic Paint,Active/Unknown,584217179-Vallejo-Paint-List-frenzycheck-com.xlsx,Imported from compiled central database; Hex/RGB filled during audit from Direct RedGrimm Vallejo Model name match (redgrimm army-painter.html); matched Vallejo Model Dark Sea Grey.,,GW_TECHNICAL_ASTROGRANITE,Technical,Technical,#787878,"120,120,120",,,,,,,,,,,,,,,,,,,,,,,,,,,,,,,,,,,,,,,,,,,,,,,,,,,,,,5.39,,Computed nearest Games Workshop swatch by Euclidean RGB distance from registry R/G/B values.,,,,,,,,
VAL_MODEL_AIR_DARK_YELLOW,,,,,,,Hobgrot Hide,,,,,,,High,vallejo|model air|dark yellow,vallejo|dark yellow,Loose: Company + Paint_Name,Vallejo_registry_26.0.9.csv,Vallejo,Model Air,Model Air,MODEL_AIR,71.025,Dark Yellow,DARK_YELLOW,#9C8855,156.0,136.0,85.0,"156,136,85",Acrylic Paint,Active/Unknown,584217179-Vallejo-Paint-List-frenzycheck-com.xlsx,Imported from compiled central database,,GW_BASE_HOBGROT_HIDE,Base,Base,#9C8855,"156,136,85",,,,,,,,,,,,,,,,,,,,,,,,,,,,,,,,,,,,,,,,,,,,,,,,,,,,,,0.0,,Computed nearest Games Workshop swatch by Euclidean RGB distance from registry R/G/B values.,,,,,,,,
VAL_MODEL_AIR_GERMAN_GREY,,,,,,,Eshin Grey,,,,,,,High,vallejo|model air|german grey,vallejo|german grey,Loose: Company + Paint_Name,Vallejo_registry_26.0.9.csv,Vallejo,Model Air,Model Air,MODEL_AIR,71.052,German Grey,GERMAN_GREY,#4D4A4A,77.0,74.0,74.0,"77,74,74",Acrylic Paint,Active/Unknown,584217179-Vallejo-Paint-List-frenzycheck-com.xlsx,Imported from compiled central database,,GW_LAYER_ESHIN_GREY,Layer,Layer,#4A4F52,"74,79,82",,,,,,,,,,,,,,,,,,,,,,,,,,,,,,,,,,,,,,,,,,,,,,,,,,,,,,9.9,,Computed nearest Games Workshop swatch by Euclidean RGB distance from registry R/G/B values.,,,,,,,,
VAL_MODEL_AIR_GOLD,,,,,,,Shining Gold,,,,,,,Medium-High,vallejo|model air|gold,vallejo|gold,Loose: Company + Paint_Name,Vallejo_registry_26.0.9.csv,Vallejo,Model Air,Model Air,MODEL_AIR,71.066,Gold,GOLD,#E7BD42,231.0,189.0,66.0,"231,189,66",Acrylic Paint,Active/Unknown,584217179-Vallejo-Paint-List-frenzycheck-com.xlsx,Imported from compiled central database,,GW_LAYER_SHINING_GOLD,Layer,Layer,#EFB736,"239,183,54",,,,,,,,,,,,,,,,,,,,,,,,,,,,,,,,,,,,,,,,,,,,,,,,,,,,,,15.62,,Computed nearest Games Workshop swatch by Euclidean RGB distance from registry R/G/B values.,,,,,,,,
VAL_MODEL_AIR_GOLD_YELLOW,,,,,,,Phalanx Yellow,,,,,,,High,vallejo|model air|gold yellow,vallejo|gold yellow,Loose: Company + Paint_Name,Vallejo_registry_26.0.9.csv,Vallejo,Model Air,Model Air,MODEL_AIR,71.078,Gold Yellow,GOLD_YELLOW,#FFE700,255.0,231.0,0.0,"255,231,0",Acrylic Paint,Active/Unknown,584217179-Vallejo-Paint-List-frenzycheck-com.xlsx,Imported from compiled central database,,GW_LAYER_PHALANX_YELLOW,Layer,Layer,#FFE200,"255,226,0",,,,,,,,,,,,,,,,,,,,,,,,,,,,,,,,,,,,,,,,,,,,,,,,,,,,,,5.0,,Computed nearest Games Workshop swatch by Euclidean RGB distance from registry R/G/B values.,,,,,,,,
VAL_MODEL_AIR_GREEN_BROWN,,,,,,,Camo Green,,,,,,,Medium-High,vallejo|model air|green brown,vallejo|green brown,Loose: Company + Paint_Name,Vallejo_registry_26.0.9.csv,Vallejo,Model Air,Model Air,MODEL_AIR,71.03,Green Brown,GREEN_BROWN,#8D7B55,141.0,123.0,85.0,"141,123,85",Acrylic Paint,Active/Unknown,584217179-Vallejo-Paint-List-frenzycheck-com.xlsx,Imported from compiled central database; Hex/RGB filled during audit from Direct RedGrimm Vallejo Model name match (redgrimm army-painter.html); matched Vallejo Model Green Brown.,,GW_LAYER_CAMO_GREEN,Layer,Layer,#878D52,"135,141,82",,,,,,,,,,,,,,,,,,,,,,,,,,,,,,,,,,,,,,,,,,,,,,,,,,,,,,19.21,,Computed nearest Games Workshop swatch by Euclidean RGB distance from registry R/G/B values.,,,,,,,,
VAL_MODEL_AIR_GREY_BLUE,,,,,,,Russ Grey,,,,,,,High,vallejo|model air|grey blue,vallejo|grey blue,Loose: Company + Paint_Name,Vallejo_registry_26.0.9.csv,Vallejo,Model Air,Model Air,MODEL_AIR,71.005,Grey Blue,GREY_BLUE,#45708D,69.0,112.0,141.0,"69,112,141",Acrylic airbrush paint,Active/Unknown,CC329-R00-Model-Color-NewIC.pdf,Imported from compiled central database; Hex/RGB filled during audit from Direct RedGrimm Vallejo Model name match (redgrimm vallejo-model.html); matched Vallejo Model Grey Blue.,,GW_AIR_RUSS_GREY,Air,Air,#4F7185,"79,113,133",,,,,,,,,,,,,,,,,,,,,,,,,,,,,,,,,,,,,,,,,,,,,,,,,,,,,,12.85,,Computed nearest Games Workshop swatch by Euclidean RGB distance from registry R/G/B values.,,,,,,,,
VAL_MODEL_AIR_GREY_GREEN,,,,,,,Leadbelcher,,,,,,,High,vallejo|model air|grey green,vallejo|grey green,Loose: Company + Paint_Name,Vallejo_registry_26.0.9.csv,Vallejo,Model Air,Model Air,MODEL_AIR,71.055,Grey Green,GREY_GREEN,#565A60,86.0,90.0,96.0,"86,90,96",Acrylic Paint,Active/Unknown,584217179-Vallejo-Paint-List-frenzycheck-com.xlsx,Imported from compiled central database; Hex/RGB filled during audit from Direct RedGrimm Vallejo Model name match (redgrimm vallejo-game.html); matched Vallejo Model Grey Green.,,GW_AIR_LEADBELCHER,Air,Air,#5B5F61,"91,95,97",,,,,,,,,,,,,,,,,,,,,,,,,,,,,,,,,,,,,,,,,,,,,,,,,,,,,,7.14,,Computed nearest Games Workshop swatch by Euclidean RGB distance from registry R/G/B values.,,,,,,,,
VAL_MODEL_AIR_GUNSHIP_GREEN,,,,,,,The Fang,,,,,,,Medium-High,vallejo|model air|gunship green,vallejo|gunship green,Loose: Company + Paint_Name,Vallejo_registry_26.0.9.csv,Vallejo,Model Air,Model Air,MODEL_AIR,71.014,Gunship Green,GUNSHIP_GREEN,#3D685E,61.0,104.0,94.0,"61,104,94",Acrylic airbrush paint,Active/Unknown,CC329-R00-Model-Color-NewIC.pdf,Imported from compiled central database; Hex/RGB filled during audit from Direct RedGrimm Vallejo Model name match (redgrimm army-painter.html); matched Vallejo Model Gunship Green.,,GW_AIR_THE_FANG,Air,Air,#405B71,"64,91,113",,,,,,,,,,,,,,,,,,,,,,,,,,,,,,,,,,,,,,,,,,,,,,,,,,,,,,23.22,,Computed nearest Games Workshop swatch by Euclidean RGB distance from registry R/G/B values.,,,,,,,,
VAL_MODEL_AIR_HULL_RED,,,,,,,Mournfang Brown,,,,,,,Medium-High,vallejo|model air|hull red,vallejo|hull red,Loose: Company + Paint_Name,Vallejo_registry_26.0.9.csv,Vallejo,Model Air,Model Air,MODEL_AIR,71.039,Hull Red,HULL_RED,#390008,57.0,0.0,8.0,"57,0,8",Acrylic Paint,Active/Unknown,584217179-Vallejo-Paint-List-frenzycheck-com.xlsx,Imported from compiled central database,,GW_AIR_MOURNFANG_BROWN,Air,Air,#490F06,"73,15,6",,,,,,,,,,,,,,,,,,,,,,,,,,,,,,,,,,,,,,,,,,,,,,,,,,,,,,22.02,,Computed nearest Games Workshop swatch by Euclidean RGB distance from registry R/G/B values.,,,,,,,,
VAL_MODEL_AIR_INTERMEDIATE_BLUE,,,,,,,Russ Grey,,,,,,,Medium-High,vallejo|model air|intermediate blue,vallejo|intermediate blue,Loose: Company + Paint_Name,Vallejo_registry_26.0.9.csv,Vallejo,Model Air,Model Air,MODEL_AIR,71.005,Intermediate Blue,INTERMEDIATE_BLUE,#607A80,96.0,122.0,128.0,"96,122,128",Acrylic Paint,Active/Unknown,584217179-Vallejo-Paint-List-frenzycheck-com.xlsx,Imported from compiled central database; Hex/RGB filled during audit from Direct RedGrimm Vallejo Model name match (redgrimm vallejo-model.html); matched Vallejo Model Intermediate Blue.,,GW_LAYER_RUSS_GREY,Layer,Layer,#547588,"84,117,136",,,,,,,,,,,,,,,,,,,,,,,,,,,,,,,,,,,,,,,,,,,,,,,,,,,,,,15.26,,Computed nearest Games Workshop swatch by Euclidean RGB distance from registry R/G/B values.,,,,,,,,
VAL_MODEL_AIR_IVORY,,,,,,,Lahmian Medium,,,,,,,High,vallejo|model air|ivory,vallejo|ivory,Loose: Company + Paint_Name,Vallejo_registry_26.0.9.csv,Vallejo,Model Air,Model Air,MODEL_AIR,71.075,Ivory,IVORY,#EFF1D9,239.0,241.0,217.0,"239,241,217",Acrylic airbrush paint,Active/Unknown,CC329-R00-Model-Color-NewIC.pdf,Imported from compiled central database; Hex/RGB filled during audit from Direct RedGrimm Vallejo Model name match (redgrimm vallejo-game.html); matched Vallejo Model Ivory.,,GW_TECHNICAL_LAHMIAN_MEDIUM,Technical,Technical,#F5EDE2,"245,237,226",,,,,,,,,,,,,,,,,,,,,,,,,,,,,,,,,,,,,,,,,,,,,,,,,,,,,,11.53,,Computed nearest Games Workshop swatch by Euclidean RGB distance from registry R/G/B values.,,,,,,,,
VAL_MODEL_AIR_LIGHT_BROWN,,,,,,,Golgfag Brown,,,,,,,High,vallejo|model air|light brown,vallejo|light brown,Loose: Company + Paint_Name,Vallejo_registry_26.0.9.csv,Vallejo,Model Air,Model Air,MODEL_AIR,71.027,Light Brown,LIGHT_BROWN,#BF764E,191.0,118.0,78.0,"191,118,78",Acrylic Paint,Active/Unknown,584217179-Vallejo-Paint-List-frenzycheck-com.xlsx,Imported from compiled central database,,GW_DRY_GOLGFAG_BROWN,Dry,Dry,#C2804F,"194,128,79",,,,,,,,,,,,,,,,,,,,,,,,,,,,,,,,,,,,,,,,,,,,,,,,,,,,,,10.49,,Computed nearest Games Workshop swatch by Euclidean RGB distance from registry R/G/B values.,,,,,,,,
VAL_MODEL_AIR_LIGHT_GREEN,,,,,,,Hexwraith Flame,,,,,,,High,vallejo|model air|light green,vallejo|light green,Loose: Company + Paint_Name,Vallejo_registry_26.0.9.csv,Vallejo,Model Air,Model Air,MODEL_AIR,71.006,Light Green,LIGHT_GREEN,#00A850,0.0,168.0,80.0,"0,168,80",Acrylic Paint,Active/Unknown,584217179-Vallejo-Paint-List-frenzycheck-com.xlsx,Imported from compiled central database; Hex/RGB filled during audit from Direct RedGrimm Vallejo Model name match (redgrimm vallejo-model.html); matched Vallejo Model Light Green.,,GW_CONTRAST_HEXWRAITH_FLAME,Contrast,Contrast,#00AA5C,"0,170,92",,,,,,,,,,,,,,,,,,,,,,,,,,,,,,,,,,,,,,,,,,,,,,,,,,,,,,12.17,,Computed nearest Games Workshop swatch by Euclidean RGB distance from registry R/G/B values.,,,,,,,,
VAL_MODEL_AIR_LIGHT_GREY,,,,,,,Administratum Grey,,,,,,,High,vallejo|model air|light grey,vallejo|light grey,Loose: Company + Paint_Name,Vallejo_registry_26.0.9.csv,Vallejo,Model Air,Model Air,MODEL_AIR,71.05,Light Grey,LIGHT_GREY,#949C9A,148.0,156.0,154.0,"148,156,154",Acrylic Paint,Active/Unknown,584217179-Vallejo-Paint-List-frenzycheck-com.xlsx,Imported from compiled central database; Hex/RGB filled during audit from Direct RedGrimm Vallejo Model name match (redgrimm army-painter.html); matched Vallejo Model Light Grey.,,GW_LAYER_ADMINISTRATUM_GREY,Layer,Layer,#949B95,"148,155,149",,,,,,,,,,,,,,,,,,,,,,,,,,,,,,,,,,,,,,,,,,,,,,,,,,,,,,5.1,,Computed nearest Games Workshop swatch by Euclidean RGB distance from registry R/G/B values.,,,,,,,,
VAL_MODEL_AIR_MEDIUM_OLIVE,,,,,,,Warpstone Glow,,,,,,,High,vallejo|model air|medium olive,vallejo|medium olive,Loose: Company + Paint_Name,Vallejo_registry_26.0.9.csv,Vallejo,Model Air,Model Air,MODEL_AIR,71.092,Medium Olive,MEDIUM_OLIVE,#226B2E,34.0,107.0,46.0,"34,107,46",Acrylic airbrush paint,Active/Unknown,CC329-R00-Model-Color-NewIC.pdf,Imported from compiled central database; Hex/RGB filled during audit from Direct RedGrimm Vallejo Model name match (redgrimm vallejo-game.html); matched Vallejo Model Medium Olive.,,GW_LAYER_WARPSTONE_GLOW,Layer,Layer,#1E7331,"30,115,49",,,,,,,,,,,,,,,,,,,,,,,,,,,,,,,,,,,,,,,,,,,,,,,,,,,,,,9.43,,Computed nearest Games Workshop swatch by Euclidean RGB distance from registry R/G/B values.,,,,,,,,
VAL_MODEL_AIR_MIDDLE_STONE,,,,,,,Tausept Ochre,,,,,,,High,vallejo|model air|middle stone,vallejo|middle stone,Loose: Company + Paint_Name,Vallejo_registry_26.0.9.csv,Vallejo,Model Air,Model Air,MODEL_AIR,71.031,Middle Stone,MIDDLE_STONE,#A77237,167.0,114.0,55.0,"167,114,55",Acrylic airbrush paint,Active/Unknown,CC329-R00-Model-Color-NewIC.pdf,Imported from compiled central database; Hex/RGB filled during audit from Mech9 paint-code equivalence cross-reference (Existing registry completed row); matched Model Color Ochre Brown.,,GW_FOUNDATION_TAUSEPT_OCHRE,Foundation,Foundation,#A06E3B,"160,110,59",,,,,,,,,,,,,,,,,,,,,,,,,,,,,,,,,,,,,,,,,,,,,,,,,,,,,,9.0,,Computed nearest Games Workshop swatch by Euclidean RGB distance from registry R/G/B values.,,,,,,,,
VAL_MODEL_AIR_OFF_WHITE,,,,,,,Lahmian Medium,,,,,,,High,vallejo|model air|off white,vallejo|off white,Loose: Company + Paint_Name,Vallejo_registry_26.0.9.csv,Vallejo,Model Air,Model Air,MODEL_AIR,71.27,Off-White,OFF_WHITE,#F5F4DA,245.0,244.0,218.0,"245,244,218",Acrylic airbrush paint,Active/Unknown,CC329-R00-Model-Color-NewIC.pdf,Imported from compiled central database; Hex/RGB filled during audit from Direct RedGrimm Vallejo Game name match (redgrimm army-painter.html); matched Vallejo Game Offwhite.,,GW_TECHNICAL_LAHMIAN_MEDIUM,Technical,Technical,#F5EDE2,"245,237,226",,,,,,,,,,,,,,,,,,,,,,,,,,,,,,,,,,,,,,,,,,,,,,,,,,,,,,10.63,,Computed nearest Games Workshop swatch by Euclidean RGB distance from registry R/G/B values.,,,,,,,,
VAL_MODEL_AIR_OLIVE_GREEN,,,,,,,Elysian Green,,,,,,,High,vallejo|model air|olive green,vallejo|olive green,Loose: Company + Paint_Name,Vallejo_registry_26.0.9.csv,Vallejo,Model Air,Model Air,MODEL_AIR,71.007,Olive Green,OLIVE_GREEN,#6A8B3A,106.0,139.0,58.0,"106,139,58",Acrylic Paint,Active/Unknown,584217179-Vallejo-Paint-List-frenzycheck-com.xlsx,Imported from compiled central database; Hex/RGB filled during audit from Direct RedGrimm Vallejo Model name match (redgrimm vallejo-model.html); matched Vallejo Model Olive Green.,,GW_AIR_ELYSIAN_GREEN,Air,Air,#6B8D37,"107,141,55",,,,,,,,,,,,,,,,,,,,,,,,,,,,,,,,,,,,,,,,,,,,,,,,,,,,,,3.74,,Computed nearest Games Workshop swatch by Euclidean RGB distance from registry R/G/B values.,,,,,,,,
VAL_MODEL_AIR_OLIVE_GREY,,,,,,,Catachan Green,,,,,,,High,vallejo|model air|olive grey,vallejo|olive grey,Loose: Company + Paint_Name,Vallejo_registry_26.0.9.csv,Vallejo,Model Air,Model Air,MODEL_AIR,71.015,Olive Grey,OLIVE_GREY,#455440,69.0,84.0,64.0,"69,84,64",Acrylic Paint,Active/Unknown,584217179-Vallejo-Paint-List-frenzycheck-com.xlsx,Imported from compiled central database,,GW_LAYER_CATACHAN_GREEN,Layer,Layer,#455440,"69,84,64",,,,,,,,,,,,,,,,,,,,,,,,,,,,,,,,,,,,,,,,,,,,,,,,,,,,,,0.0,,Computed nearest Games Workshop swatch by Euclidean RGB distance from registry R/G/B values.,,,,,,,,
VAL_MODEL_AIR_OXFORD_BLUE,,,,,,,Fenris Grey,,,,,,,High,vallejo|model air|oxford blue,vallejo|oxford blue,Loose: Company + Paint_Name,Vallejo_registry_26.0.9.csv,Vallejo,Model Air,Model Air,MODEL_AIR,71.049,Oxford Blue,OXFORD_BLUE,#3A465F,58.0,70.0,95.0,"58,70,95",Acrylic Paint,Active/Unknown,584217179-Vallejo-Paint-List-frenzycheck-com.xlsx,Imported from compiled central database; Hex/RGB filled during audit from Direct RedGrimm Vallejo Model name match (redgrimm vallejo-model.html); matched Vallejo Model Oxford Blue.,,GW_FOUNDATION_FENRIS_GREY,Foundation,Foundation,#2C4363,"44,67,99",,,,,,,,,,,,,,,,,,,,,,,,,,,,,,,,,,,,,,,,,,,,,,,,,,,,,,14.87,,Computed nearest Games Workshop swatch by Euclidean RGB distance from registry R/G/B values.,,,,,,,,
VAL_MODEL_AIR_PALE_BLUE,,,,,,,Gauss Blaster Green,,,,,,,Medium-High,vallejo|model air|pale blue,vallejo|pale blue,Loose: Company + Paint_Name,Vallejo_registry_26.0.9.csv,Vallejo,Model Air,Model Air,MODEL_AIR,71.008,Pale Blue,PALE_BLUE,#83B5B2,131.0,181.0,178.0,"131,181,178",Acrylic Paint,Active/Unknown,584217179-Vallejo-Paint-List-frenzycheck-com.xlsx,Imported from compiled central database,,GW_LAYER_GAUSS_BLASTER_GREEN,Layer,Layer,#84C2A9,"132,194,169",,,,,,,,,,,,,,,,,,,,,,,,,,,,,,,,,,,,,,,,,,,,,,,,,,,,,,15.84,,Computed nearest Games Workshop swatch by Euclidean RGB distance from registry R/G/B values.,,,,,,,,
VAL_MODEL_AIR_PALE_GREY_BLUE,,,,,,,Space Wolves Grey,,,,,,,High,vallejo|model air|pale grey blue,vallejo|pale grey blue,Loose: Company + Paint_Name,Vallejo_registry_26.0.9.csv,Vallejo,Model Air,Model Air,MODEL_AIR,71.046,Pale Grey Blue,PALE_GREY_BLUE,#CEDEE7,206.0,222.0,231.0,"206,222,231",Acrylic Paint,Active/Unknown,584217179-Vallejo-Paint-List-frenzycheck-com.xlsx,Imported from compiled central database,,GW_LAYER_SPACE_WOLVES_GREY,Layer,Layer,#CEDEE7,"206,222,231",,,,,,,,,,,,,,,,,,,,,,,,,,,,,,,,,,,,,,,,,,,,,,,,,,,,,,0.0,,Computed nearest Games Workshop swatch by Euclidean RGB distance from registry R/G/B values.,,,,,,,,
VAL_MODEL_AIR_RED,,,,,,,Tuskigor Fur,,,,,,,High,vallejo|model air|red,vallejo|red,Loose: Company + Paint_Name,Vallejo_registry_26.0.9.csv,Vallejo,Model Air,Model Air,MODEL_AIR,71.269,Red,RED,#91323A,145.0,50.0,58.0,"145,50,58",Acrylic airbrush paint,Active/Unknown,CC329-R00-Model-Color-NewIC.pdf,Imported from compiled central database; Hex/RGB filled during audit from Direct RedGrimm Vallejo Model name match (redgrimm army-painter.html); matched Vallejo Model Red.,,GW_LAYER_TUSKIGOR_FUR,Layer,Layer,#883636,"136,54,54",,,,,,,,,,,,,,,,,,,,,,,,,,,,,,,,,,,,,,,,,,,,,,,,,,,,,,10.63,,Computed nearest Games Workshop swatch by Euclidean RGB distance from registry R/G/B values.,,,,,,,,
VAL_MODEL_AIR_RUST,,,,,,,Balthasar Gold,,,,,,,High,vallejo|model air|rust,vallejo|rust,Loose: Company + Paint_Name,Vallejo_registry_26.0.9.csv,Vallejo,Model Air,Model Air,MODEL_AIR,71.08,Rust,RUST,#89584F,137.0,88.0,79.0,"137,88,79",Acrylic airbrush paint,Active/Unknown,CC329-R00-Model-Color-NewIC.pdf,Imported from compiled central database; Hex/RGB filled during audit from Mech9 paint-code equivalence cross-reference (redgrimm vallejo-model.html); matched Vallejo Model Saddle Brown.,,GW_AIR_BALTHASAR_GOLD,Air,Air,#8F5F45,"143,95,69",,,,,,,,,,,,,,,,,,,,,,,,,,,,,,,,,,,,,,,,,,,,,,,,,,,,,,13.6,,Computed nearest Games Workshop swatch by Euclidean RGB distance from registry R/G/B values.,,,,,,,,
VAL_MODEL_AIR_SAND_YELLOW,,,,,,,Burnished Gold,,,,,,,Medium-High,vallejo|model air|sand yellow,vallejo|sand yellow,Loose: Company + Paint_Name,Vallejo_registry_26.0.9.csv,Vallejo,Model Air,Model Air,MODEL_AIR,71.028,Sand Yellow,SAND_YELLOW,#D7BF75,215.0,191.0,117.0,"215,191,117",Acrylic Paint,Active/Unknown,584217179-Vallejo-Paint-List-frenzycheck-com.xlsx,Imported from compiled central database,,GW_LAYER_BURNISHED_GOLD,Layer,Layer,#E0C068,"224,192,104",,,,,,,,,,,,,,,,,,,,,,,,,,,,,,,,,,,,,,,,,,,,,,,,,,,,,,15.84,,Computed nearest Games Workshop swatch by Euclidean RGB distance from registry R/G/B values.,,,,,,,,
VAL_MODEL_AIR_SCARLET_RED,,,,,,,Sigvald Burgundy,,,,,,,High,vallejo|model air|scarlet red,vallejo|scarlet red,Loose: Company + Paint_Name,Vallejo_registry_26.0.9.csv,Vallejo,Model Air,Model Air,MODEL_AIR,71.002,Scarlet Red,SCARLET_RED,#741330,116.0,19.0,48.0,"116,19,48",Acrylic Paint,Active/Unknown,584217179-Vallejo-Paint-List-frenzycheck-com.xlsx,Imported from compiled central database,,GW_CONTRAST_SIGVALD_BURGUNDY,Contrast,Contrast,#7A123B,"122,18,59",,,,,,,,,,,,,,,,,,,,,,,,,,,,,,,,,,,,,,,,,,,,,,,,,,,,,,12.57,,Computed nearest Games Workshop swatch by Euclidean RGB distance from registry R/G/B values.,,,,,,,,
VAL_MODEL_AIR_SILVER,,,,,,,Fortress Grey,,,,,,,High,vallejo|model air|silver,vallejo|silver,Loose: Company + Paint_Name,Vallejo_registry_26.0.9.csv,Vallejo,Model Air,Model Air,MODEL_AIR,71.063,Silver,SILVER,#B0B9B8,176.0,185.0,184.0,"176,185,184",Acrylic Paint,Active/Unknown,584217179-Vallejo-Paint-List-frenzycheck-com.xlsx,Imported from compiled central database; Hex/RGB filled during audit from Direct RedGrimm Vallejo Model name match (Vallejo Colors PDF); matched Vallejo Model Silver.,,GW_LAYER_FORTRESS_GREY,Layer,Layer,#BCBDC0,"188,189,192",,,,,,,,,,,,,,,,,,,,,,,,,,,,,,,,,,,,,,,,,,,,,,,,,,,,,,14.97,,Computed nearest Games Workshop swatch by Euclidean RGB distance from registry R/G/B values.,,,,,,,,
VAL_MODEL_AIR_SKIN_TONE,,,,,,,Hobgrot Hide,,,,,,,High,vallejo|model air|skin tone,vallejo|skin tone,Loose: Company + Paint_Name,Vallejo_registry_26.0.9.csv,Vallejo,Model Air,Model Air,MODEL_AIR,71.076,Skin Tone,SKIN_TONE,#9C8855,156.0,136.0,85.0,"156,136,85",Acrylic Paint,Active/Unknown,584217179-Vallejo-Paint-List-frenzycheck-com.xlsx,Imported from compiled central database; Hex/RGB filled during audit from Mech9 paint-code equivalence cross-reference (Existing registry completed row); matched Game Color Desert Yellow.,,GW_BASE_HOBGROT_HIDE,Base,Base,#9C8855,"156,136,85",,,,,,,,,,,,,,,,,,,,,,,,,,,,,,,,,,,,,,,,,,,,,,,,,,,,,,0.0,,Computed nearest Games Workshop swatch by Euclidean RGB distance from registry R/G/B values.,,,,,,,,
VAL_MODEL_AIR_SKY_GREY,,,,,,,Fortress Grey,,,,,,,Medium-High,vallejo|model air|sky grey,vallejo|sky grey,Loose: Company + Paint_Name,Vallejo_registry_26.0.9.csv,Vallejo,Model Air,Model Air,MODEL_AIR,71.407,Sky Grey,SKY_GREY,#B3B6B2,179.0,182.0,178.0,"179,182,178",Acrylic airbrush paint,Active/Unknown,CC329-R00-Model-Color-NewIC.pdf,Imported from compiled central database; Hex/RGB filled during audit from Direct RedGrimm Vallejo Model name match (redgrimm army-painter.html); matched Vallejo Model Sky Grey.,,GW_LAYER_FORTRESS_GREY,Layer,Layer,#BCBDC0,"188,189,192",,,,,,,,,,,,,,,,,,,,,,,,,,,,,,,,,,,,,,,,,,,,,,,,,,,,,,18.06,,Computed nearest Games Workshop swatch by Euclidean RGB distance from registry R/G/B values.,,,,,,,,
VAL_MODEL_AIR_US_DARK_GREEN,,,,,,,Leadbelcher,,,,,,,Medium-High,vallejo|model air|us dark green,vallejo|us dark green,Loose: Company + Paint_Name,Vallejo_registry_26.0.9.csv,Vallejo,Model Air,Model Air,MODEL_AIR,71.289,US Dark Green,US_DARK_GREEN,#5B6955,91.0,105.0,85.0,"91,105,85",Acrylic airbrush paint,Active/Unknown,CC329-R00-Model-Color-NewIC.pdf,Imported from compiled central database; Hex/RGB filled during audit from Direct RedGrimm Vallejo Model name match (redgrimm vallejo-model.html); matched Vallejo Model US Dark Green.,,GW_AIR_LEADBELCHER,Air,Air,#5B5F61,"91,95,97",,,,,,,,,,,,,,,,,,,,,,,,,,,,,,,,,,,,,,,,,,,,,,,,,,,,,,15.62,,Computed nearest Games Workshop swatch by Euclidean RGB distance from registry R/G/B values.,,,,,,,,
VAL_MODEL_AIR_US_FIELD_DRAB,,,,,,,Khemri Brown,,,,,,,High,vallejo|model air|us field drab,vallejo|us field drab,Loose: Company + Paint_Name,Vallejo_registry_26.0.9.csv,Vallejo,Model Air,Model Air,MODEL_AIR,71.139,US Field Drab,US_FIELD_DRAB,#705D43,112.0,93.0,67.0,"112,93,67",Acrylic airbrush paint,Active/Unknown,CC329-R00-Model-Color-NewIC.pdf,Imported from compiled central database; Hex/RGB filled during audit from Direct RedGrimm Vallejo Model name match (redgrimm army-painter.html); matched Vallejo Model US Field Drab.,,GW_FOUNDATION_KHEMRI_BROWN,Foundation,Foundation,#73614D,"115,97,77",,,,,,,,,,,,,,,,,,,,,,,,,,,,,,,,,,,,,,,,,,,,,,,,,,,,,,11.18,,Computed nearest Games Workshop swatch by Euclidean RGB distance from registry R/G/B values.,,,,,,,,
VAL_MODEL_AIR_WHITE,,,,,,,Corax White,,,,,,,High,vallejo|model air|white,vallejo|white,Loose: Company + Paint_Name,Vallejo_registry_26.0.9.csv,Vallejo,Model Air,Model Air,MODEL_AIR,71.001,White,WHITE,#FFFFFF,255.0,255.0,255.0,"255,255,255",Acrylic Paint,Active/Unknown,584217179-Vallejo-Paint-List-frenzycheck-com.xlsx,Imported from compiled central database,,GW_BASE_CORAX_WHITE,Base,Base,#FFFFFF,"255,255,255",,,,,,,,,,,,,,,,,,,,,,,,,,,,,,,,,,,,,,,,,,,,,,,,,,,,,,0.0,,Computed nearest Games Workshop swatch by Euclidean RGB distance from registry R/G/B values.,,,,,,,,
VAL_MODEL_AIR_WHITE_GREY,,,,,,,Apothecary White,,,,,,,High,vallejo|model air|white grey,vallejo|white grey,Loose: Company + Paint_Name,Vallejo_registry_26.0.9.csv,Vallejo,Model Air,Model Air,MODEL_AIR,71.119,White Grey,WHITE_GREY,#EEF1EC,238.0,241.0,236.0,"238,241,236",Acrylic airbrush paint,Active/Unknown,CC329-R00-Model-Color-NewIC.pdf,Imported from compiled central database; Hex/RGB filled during audit from Direct RedGrimm Vallejo Model name match (redgrimm vallejo-model.html); matched Vallejo Model White Grey.,,GW_CONTRAST_APOTHECARY_WHITE,Contrast,Contrast,#E8ECEC,"232,236,236",,,,,,,,,,,,,,,,,,,,,,,,,,,,,,,,,,,,,,,,,,,,,,,,,,,,,,7.81,,Computed nearest Games Workshop swatch by Euclidean RGB distance from registry R/G/B values.,,,,,,,,
VAL_MODEL_AIR_YELLOW,,,,,,,Lamenters Yellow,,,,,,,Medium-High,vallejo|model air|yellow,vallejo|yellow,Loose: Company + Paint_Name,Vallejo_registry_26.0.9.csv,Vallejo,Model Air,Model Air,MODEL_AIR,71.002,Yellow,YELLOW,#E4E566,228.0,229.0,102.0,"228,229,102",Acrylic Paint,Active/Unknown,584217179-Vallejo-Paint-List-frenzycheck-com.xlsx,Imported from compiled central database; Hex/RGB filled during audit from Direct RedGrimm Vallejo Model name match (Vallejo Colors PDF); matched Vallejo Model Yellow.,,GW_GLAZE_LAMENTERS_YELLOW,Glaze,Glaze,#FFF56B,"255,245,107",,,,,,,,,,,,,,,,,,,,,,,,,,,,,,,,,,,,,,,,,,,,,,,,,,,,,,31.78,,Computed nearest Games Workshop swatch by Euclidean RGB distance from registry R/G/B values.,,,,,,,,
VAL_MODEL_AIR_YELLOW_OCHRE,,,,,,,Bubonic Brown,,,,,,,High,vallejo|model air|yellow ochre,vallejo|yellow ochre,Loose: Company + Paint_Name,Vallejo_registry_26.0.9.csv,Vallejo,Model Air,Model Air,MODEL_AIR,71.033,Yellow Ochre,YELLOW_OCHRE,#C19448,193.0,148.0,72.0,"193,148,72",Acrylic airbrush paint,Active/Unknown,CC329-R00-Model-Color-NewIC.pdf,Imported from compiled central database; Hex/RGB filled during audit from Direct RedGrimm Vallejo Model name match (redgrimm army-painter.html); matched Vallejo Model Yellow Ochre.,,GW_LAYER_BUBONIC_BROWN,Layer,Layer,#B89142,"184,145,66",,,,,,,,,,,,,,,,,,,,,,,,,,,,,,,,,,,,,,,,,,,,,,,,,,,,,,11.22,,Computed nearest Games Workshop swatch by Euclidean RGB distance from registry R/G/B values.,,,,,,,,
VAL_MODEL_AIR_YELLOW_OLIVE,,,,,,,Lupercal Green,,,,,,,Medium-High,vallejo|model air|yellow olive,vallejo|yellow olive,Loose: Company + Paint_Name,Vallejo_registry_26.0.9.csv,Vallejo,Model Air,Model Air,MODEL_AIR,71.013,Yellow Olive,YELLOW_OLIVE,#063B2F,6.0,59.0,47.0,"6,59,47",Acrylic Paint,Active/Unknown,584217179-Vallejo-Paint-List-frenzycheck-com.xlsx,Imported from compiled central database,,GW_BASE_LUPERCAL_GREEN,Base,Base,#002C2C,"0,44,44",,,,,,,,,,,,,,,,,,,,,,,,,,,,,,,,,,,,,,,,,,,,,,,,,,,,,,16.43,,Computed nearest Games Workshop swatch by Euclidean RGB distance from registry R/G/B values.,,,,,,,,
VAL_MODEL_COLOR_BEIGE,,,,,,,Wraithbone,,,,,,,High,vallejo|model color|beige,vallejo|beige,Loose: Company + Paint_Name,Vallejo_registry_26.0.9.csv,Vallejo,Model Color,Model Color,MODEL_COLOR,70.917,Beige,BEIGE,#DBC58E,219.0,197.0,142.0,"219,197,142",Acrylic paint,Active/Unknown,CC329-R00-Model-Color-NewIC.pdf,Imported from compiled central database,,GW_BASE_WRAITHBONE,Base,Base,#DCCB9A,"220,203,154",,,,,,,,,,,,,,,,,,,,,,,,,,,,,,,,,,,,,,,,,,,,,,,,,,,,,,13.45,,Computed nearest Games Workshop swatch by Euclidean RGB distance from registry R/G/B values.,,,,,,,,
VAL_MODEL_COLOR_BLACK,,,,,,,Orkhide Shade,,,,,,,High,vallejo|model color|black,vallejo|black,Loose: Company + Paint_Name,Vallejo_registry_26.0.9.csv,Vallejo,Model Color,Model Color,MODEL_COLOR,70.95,Black,BLACK,#252B31,37.0,43.0,49.0,"37,43,49",Acrylic Paint,Active/Unknown,952249680-Warlord-Paint-Ranges-Conversion-Chart.pdf,Imported from compiled central database; Hex/RGB filled during audit from Direct RedGrimm Vallejo Model name match (redgrimm army-painter.html); matched Vallejo Model Black.,,GW_FOUNDATION_ORKHIDE_SHADE,Foundation,Foundation,#26372D,"38,55,45",,,,,,,,,,,,,,,,,,,,,,,,,,,,,,,,,,,,,,,,,,,,,,,,,,,,,,12.69,,Computed nearest Games Workshop swatch by Euclidean RGB distance from registry R/G/B values.,,,,,,,,
VAL_MODEL_COLOR_BLACK_GREEN,,,,,,,Incubi Darkness,,,,,,,Medium-High,vallejo|model color|black green,vallejo|black green,Loose: Company + Paint_Name,Vallejo_registry_26.0.9.csv,Vallejo,Model Color,Model Color,MODEL_COLOR,70.98,Black Green,BLACK_GREEN,#19423E,25.0,66.0,62.0,"25,66,62",Acrylic Paint,Active/Unknown,584217179-Vallejo-Paint-List-frenzycheck-com.xlsx,Imported from compiled central database,,GW_BASE_INCUBI_DARKNESS,Base,Base,#0B474A,"11,71,74",,,,,,,,,,,,,,,,,,,,,,,,,,,,,,,,,,,,,,,,,,,,,,,,,,,,,,19.1,,Computed nearest Games Workshop swatch by Euclidean RGB distance from registry R/G/B values.,,,,,,,,
VAL_MODEL_COLOR_BLACK_GREY,,,,,,,Iron Warriors,,,,,,,High,vallejo|model color|black grey,vallejo|black grey,Loose: Company + Paint_Name,Vallejo_registry_26.0.9.csv,Vallejo,Model Color,Model Color,MODEL_COLOR,70.862,Black Grey,BLACK_GREY,#2D373A,45.0,55.0,58.0,"45,55,58",Acrylic paint,Active/Unknown,CC329-R00-Model-Color-NewIC.pdf,Imported from compiled central database; Hex/RGB filled during audit from Direct RedGrimm Vallejo Model name match (redgrimm vallejo-game.html); matched Vallejo Model Black Grey.,,GW_BASE_IRON_WARRIORS,Base,Base,#393939,"57,57,57",,,,,,,,,,,,,,,,,,,,,,,,,,,,,,,,,,,,,,,,,,,,,,,,,,,,,,12.21,,Computed nearest Games Workshop swatch by Euclidean RGB distance from registry R/G/B values.,,,,,,,,
VAL_MODEL_COLOR_BLUE,,,,,,,Storm Blue,,,,,,,High,vallejo|model color|blue,vallejo|blue,Loose: Company + Paint_Name,Vallejo_registry_26.0.9.csv,Vallejo,Model Color,Model Color,MODEL_COLOR,70.925,Blue,BLUE,#27357E,39.0,53.0,126.0,"39,53,126",Acrylic Paint,Active/Unknown,584217179-Vallejo-Paint-List-frenzycheck-com.xlsx,Imported from compiled central database,,GW_LAYER_STORM_BLUE,Layer,Layer,#27357E,"39,53,126",,,,,,,,,,,,,,,,,,,,,,,,,,,,,,,,,,,,,,,,,,,,,,,,,,,,,,0.0,,Computed nearest Games Workshop swatch by Euclidean RGB distance from registry R/G/B values.,,,,,,,,
VAL_MODEL_COLOR_BURNT_UMBER,,,,,,,Stirland Mud,,,,,,,Medium-High,vallejo|model color|burnt umber,vallejo|burnt umber,Loose: Company + Paint_Name,Vallejo_registry_26.0.9.csv,Vallejo,Model Color,Model Color,MODEL_COLOR,70.941,Burnt Umber,BURNT_UMBER,#663300,102.0,51.0,0.0,"102,51,0",Acrylic paint,Active/Unknown,CC329-R00-Model-Color-NewIC.pdf,Imported from compiled central database,,GW_TEXTURE_STIRLAND_MUD,Texture,Texture,#492B00,"73,43,0",,,,,,,,,,,,,,,,,,,,,,,,,,,,,,,,,,,,,,,,,,,,,,,,,,,,,,30.08,,Computed nearest Games Workshop swatch by Euclidean RGB distance from registry R/G/B values.,,,,,,,,
VAL_MODEL_COLOR_CAM_BLACK_BROWN,,,,,,,Orkhide Shade,,,,,,,High,vallejo|model color|cam black brown,vallejo|cam black brown,Loose: Company + Paint_Name,Vallejo_registry_26.0.9.csv,Vallejo,Model Color,Model Color,MODEL_COLOR,70.822,Cam. Black Brown,CAM_BLACK_BROWN,#25343B,37.0,52.0,59.0,"37,52,59",Acrylic paint,Active/Unknown,CC329-R00-Model-Color-NewIC.pdf,Imported from compiled central database; Hex/RGB filled during audit from Direct Vallejo Colors PDF paint-code match (Vallejo Colors PDF); matched Vallejo Model German Camoouflage Black Brown.,,GW_FOUNDATION_ORKHIDE_SHADE,Foundation,Foundation,#26372D,"38,55,45",,,,,,,,,,,,,,,,,,,,,,,,,,,,,,,,,,,,,,,,,,,,,,,,,,,,,,14.35,,Computed nearest Games Workshop swatch by Euclidean RGB distance from registry R/G/B values.,,,,,,,,
VAL_MODEL_COLOR_CAM_BLACK_GREEN,,,,,,,Dryad Bark,,,,,,,High,vallejo|model color|cam black green,vallejo|cam black green,Loose: Company + Paint_Name,Vallejo_registry_26.0.9.csv,Vallejo,Model Color,Model Color,MODEL_COLOR,70.741,Cam. Black Green,CAM_BLACK_GREEN,#312F28,49.0,47.0,40.0,"49,47,40",Acrylic paint,Active/Unknown,CC329-R00-Model-Color-NewIC.pdf; Catalogo_2026-R02.pdf page 12,Imported from compiled central database | Approx Hex/RGB fill: Vallejo 2026 catalog swatch sample (Medium-High).,,GW_BASE_DRYAD_BARK,Base,Base,#33312D,"51,49,45",,,,,,,,,,,,,,,,,,,,,,,,,,,,,,,,,,,,,,,,,,,,,,,,,,,,,,5.74,,Computed nearest Games Workshop swatch by Euclidean RGB distance from registry R/G/B values.,,,,,,,,
VAL_MODEL_COLOR_CAM_DARK_GREEN,,,,,,,Iron Warriors,,,,,,,High,vallejo|model color|cam dark green,vallejo|cam dark green,Loose: Company + Paint_Name,Vallejo_registry_26.0.9.csv,Vallejo,Model Color,Model Color,MODEL_COLOR,70.979,Cam. Dark Green,CAM_DARK_GREEN,#2D363B,45.0,54.0,59.0,"45,54,59",Acrylic paint,Active/Unknown,CC329-R00-Model-Color-NewIC.pdf,Imported from compiled central database; Hex/RGB filled during audit from Direct Vallejo Colors PDF paint-code match (Vallejo Colors PDF); matched Vallejo Model German Camouflage Dark Green.,,GW_BASE_IRON_WARRIORS,Base,Base,#393939,"57,57,57",,,,,,,,,,,,,,,,,,,,,,,,,,,,,,,,,,,,,,,,,,,,,,,,,,,,,,12.53,,Computed nearest Games Workshop swatch by Euclidean RGB distance from registry R/G/B values.,,,,,,,,
VAL_MODEL_COLOR_COPPER,,,,,,,Beaten Copper,,,,,,,High,vallejo|model color|copper,vallejo|copper,Loose: Company + Paint_Name,Vallejo_registry_26.0.9.csv,Vallejo,Model Color,Model Color,MODEL_COLOR,70.999,Copper,COPPER,#73372D,115.0,55.0,45.0,"115,55,45",Acrylic Paint,Active/Unknown,584217179-Vallejo-Paint-List-frenzycheck-com.xlsx,Imported from compiled central database,,GW_LAYER_BEATEN_COPPER,Layer,Layer,#73372D,"115,55,45",,,,,,,,,,,,,,,,,,,,,,,,,,,,,,,,,,,,,,,,,,,,,,,,,,,,,,0.0,,Computed nearest Games Workshop swatch by Euclidean RGB distance from registry R/G/B values.,,,,,,,,
VAL_MODEL_COLOR_DARK_SEA_BLUE,,,,,,,Asurmen Blue Wash,,,,,,,High,vallejo|model color|dark sea blue,vallejo|dark sea blue,Loose: Company + Paint_Name,Vallejo_registry_26.0.9.csv,Vallejo,Model Color,Model Color,MODEL_COLOR,70.898,Dark Sea Blue,DARK_SEA_BLUE,#2A4048,42.0,64.0,72.0,"42,64,72",Acrylic paint,Active/Unknown,CC329-R00-Model-Color-NewIC.pdf,Imported from compiled central database; Hex/RGB filled during audit from Direct RedGrimm Vallejo Model name match (redgrimm vallejo-game.html); matched Vallejo Model Dark Sea Blue.,,GW_LAYER_ASURMEN_BLUE_WASH,Layer,Layer,#273E53,"39,62,83",,,,,,,,,,,,,,,,,,,,,,,,,,,,,,,,,,,,,,,,,,,,,,,,,,,,,,11.58,,Computed nearest Games Workshop swatch by Euclidean RGB distance from registry R/G/B values.,,,,,,,,
VAL_MODEL_COLOR_DARK_SEA_GREY,,,,,,,Astrogranite,,,,,,,High,vallejo|model color|dark sea grey,vallejo|dark sea grey,Loose: Company + Paint_Name,Vallejo_registry_26.0.9.csv,Vallejo,Model Color,Model Color,MODEL_COLOR,70.991,Dark Sea Grey,DARK_SEA_GREY,#787D7A,120.0,125.0,122.0,"120,125,122",Acrylic paint,Active/Unknown,CC329-R00-Model-Color-NewIC.pdf,Imported from compiled central database; Hex/RGB filled during audit from Direct RedGrimm Vallejo Model name match (redgrimm army-painter.html); matched Vallejo Model Dark Sea Grey.,,GW_TECHNICAL_ASTROGRANITE,Technical,Technical,#787878,"120,120,120",,,,,,,,,,,,,,,,,,,,,,,,,,,,,,,,,,,,,,,,,,,,,,,,,,,,,,5.39,,Computed nearest Games Workshop swatch by Euclidean RGB distance from registry R/G/B values.,,,,,,,,
VAL_MODEL_COLOR_DARK_YELLOW,,,,,,,Hobgrot Hide,,,,,,,High,vallejo|model color|dark yellow,vallejo|dark yellow,Loose: Company + Paint_Name,Vallejo_registry_26.0.9.csv,Vallejo,Model Color,Model Color,MODEL_COLOR,70.978,Dark Yellow,DARK_YELLOW,#9C8855,156.0,136.0,85.0,"156,136,85",Acrylic Paint,Active/Unknown,584217179-Vallejo-Paint-List-frenzycheck-com.xlsx,Imported from compiled central database,,GW_BASE_HOBGROT_HIDE,Base,Base,#9C8855,"156,136,85",,,,,,,,,,,,,,,,,,,,,,,,,,,,,,,,,,,,,,,,,,,,,,,,,,,,,,0.0,,Computed nearest Games Workshop swatch by Euclidean RGB distance from registry R/G/B values.,,,,,,,,
VAL_MODEL_COLOR_DESERT_YELLOW,,,,,,,Hobgrot Hide,,,,,,,High,vallejo|model color|desert yellow,vallejo|desert yellow,Loose: Company + Paint_Name,Vallejo_registry_26.0.9.csv,Vallejo,Model Color,Model Color,MODEL_COLOR,70.977,Desert Yellow,DESERT_YELLOW,#9C8855,156.0,136.0,85.0,"156,136,85",Acrylic paint,Active/Unknown,CC329-R00-Model-Color-NewIC.pdf,Imported from compiled central database,,GW_BASE_HOBGROT_HIDE,Base,Base,#9C8855,"156,136,85",,,,,,,,,,,,,,,,,,,,,,,,,,,,,,,,,,,,,,,,,,,,,,,,,,,,,,0.0,,Computed nearest Games Workshop swatch by Euclidean RGB distance from registry R/G/B values.,,,,,,,,
VAL_MODEL_COLOR_GERMAN_GREY,,,,,,,Eshin Grey,,,,,,,High,vallejo|model color|german grey,vallejo|german grey,Loose: Company + Paint_Name,Vallejo_registry_26.0.9.csv,Vallejo,Model Color,Model Color,MODEL_COLOR,70.995,German Grey,GERMAN_GREY,#4D4A4A,77.0,74.0,74.0,"77,74,74",Acrylic Paint,Active/Unknown,584217179-Vallejo-Paint-List-frenzycheck-com.xlsx,Imported from compiled central database,,GW_LAYER_ESHIN_GREY,Layer,Layer,#4A4F52,"74,79,82",,,,,,,,,,,,,,,,,,,,,,,,,,,,,,,,,,,,,,,,,,,,,,,,,,,,,,9.9,,Computed nearest Games Workshop swatch by Euclidean RGB distance from registry R/G/B values.,,,,,,,,
VAL_MODEL_COLOR_GLAZE_MEDIUM,,,,,,,,,,,,,,No RGB,vallejo|model color|glaze medium,vallejo|glaze medium,Loose: Company + Paint_Name,Vallejo_registry_26.0.9.csv,Vallejo,Model Color,Model Color,MODEL_COLOR,70.596,Glaze Medium,GLAZE_MEDIUM,,,,,,Acrylic paint,Active/Unknown,CC329-R00-Model-Color-NewIC.pdf,Imported from compiled central database,,,,,,,,,,,,,,,,,,,,,,,,,,,,,,,,,,,,,,,,,,,,,,,,,,,,,,,,,,,,,,No match - missing source RGB,,,,,,,,
VAL_MODEL_COLOR_GOLD,,,,,,,Shining Gold,,,,,,,Medium-High,vallejo|model color|gold,vallejo|gold,Loose: Company + Paint_Name,Vallejo_registry_26.0.9.csv,Vallejo,Model Color,Model Color,MODEL_COLOR,70.996,Gold,GOLD,#E7BD42,231.0,189.0,66.0,"231,189,66",Acrylic Paint,Active/Unknown,584217179-Vallejo-Paint-List-frenzycheck-com.xlsx,Imported from compiled central database,,GW_LAYER_SHINING_GOLD,Layer,Layer,#EFB736,"239,183,54",,,,,,,,,,,,,,,,,,,,,,,,,,,,,,,,,,,,,,,,,,,,,,,,,,,,,,15.62,,Computed nearest Games Workshop swatch by Euclidean RGB distance from registry R/G/B values.,,,,,,,,
VAL_MODEL_COLOR_GREEN_BROWN,,,,,,,Camo Green,,,,,,,Medium-High,vallejo|model color|green brown,vallejo|green brown,Loose: Company + Paint_Name,Vallejo_registry_26.0.9.csv,Vallejo,Model Color,Model Color,MODEL_COLOR,70.879,Green Brown,GREEN_BROWN,#8D7B55,141.0,123.0,85.0,"141,123,85",Acrylic paint,Active/Unknown,CC329-R00-Model-Color-NewIC.pdf,Imported from compiled central database; Hex/RGB filled during audit from Direct RedGrimm Vallejo Model name match (redgrimm army-painter.html); matched Vallejo Model Green Brown.,,GW_LAYER_CAMO_GREEN,Layer,Layer,#878D52,"135,141,82",,,,,,,,,,,,,,,,,,,,,,,,,,,,,,,,,,,,,,,,,,,,,,,,,,,,,,19.21,,Computed nearest Games Workshop swatch by Euclidean RGB distance from registry R/G/B values.,,,,,,,,
VAL_MODEL_COLOR_GREY_BLUE,,,,,,,Russ Grey,,,,,,,High,vallejo|model color|grey blue,vallejo|grey blue,Loose: Company + Paint_Name,Vallejo_registry_26.0.9.csv,Vallejo,Model Color,Model Color,MODEL_COLOR,70.943,Grey Blue,GREY_BLUE,#45708D,69.0,112.0,141.0,"69,112,141",Acrylic paint,Active/Unknown,CC329-R00-Model-Color-NewIC.pdf,Imported from compiled central database; Hex/RGB filled during audit from Direct RedGrimm Vallejo Model name match (redgrimm vallejo-model.html); matched Vallejo Model Grey Blue.,,GW_AIR_RUSS_GREY,Air,Air,#4F7185,"79,113,133",,,,,,,,,,,,,,,,,,,,,,,,,,,,,,,,,,,,,,,,,,,,,,,,,,,,,,12.85,,Computed nearest Games Workshop swatch by Euclidean RGB distance from registry R/G/B values.,,,,,,,,
VAL_MODEL_COLOR_GREY_GREEN,,,,,,,Leadbelcher,,,,,,,High,vallejo|model color|grey green,vallejo|grey green,Loose: Company + Paint_Name,Vallejo_registry_26.0.9.csv,Vallejo,Model Color,Model Color,MODEL_COLOR,70.866,Grey Green,GREY_GREEN,#565A60,86.0,90.0,96.0,"86,90,96",Acrylic paint,Active/Unknown,CC329-R00-Model-Color-NewIC.pdf,Imported from compiled central database; Hex/RGB filled during audit from Direct RedGrimm Vallejo Model name match (redgrimm vallejo-game.html); matched Vallejo Model Grey Green.,,GW_AIR_LEADBELCHER,Air,Air,#5B5F61,"91,95,97",,,,,,,,,,,,,,,,,,,,,,,,,,,,,,,,,,,,,,,,,,,,,,,,,,,,,,7.14,,Computed nearest Games Workshop swatch by Euclidean RGB distance from registry R/G/B values.,,,,,,,,
VAL_MODEL_COLOR_GUNMETAL,,,,,,,Eshin Grey,,,,,,,High,vallejo|model color|gunmetal,vallejo|gunmetal,Loose: Company + Paint_Name,Vallejo_registry_26.0.9.csv,Vallejo,Model Color,Model Color,MODEL_COLOR,70.863,Gunmetal,GUNMETAL,#444B51,68.0,75.0,81.0,"68,75,81",Acrylic paint,Active/Unknown,CC329-R00-Model-Color-NewIC.pdf,Imported from compiled central database; Hex/RGB filled during audit from Direct Vallejo Colors PDF paint-code match (Vallejo Colors PDF); matched Vallejo Model Gunmetal Grey.,,GW_LAYER_ESHIN_GREY,Layer,Layer,#4A4F52,"74,79,82",,,,,,,,,,,,,,,,,,,,,,,,,,,,,,,,,,,,,,,,,,,,,,,,,,,,,,7.28,,Computed nearest Games Workshop swatch by Euclidean RGB distance from registry R/G/B values.,,,,,,,,
VAL_MODEL_COLOR_GUNSHIP_GREEN,,,,,,,The Fang,,,,,,,Medium-High,vallejo|model color|gunship green,vallejo|gunship green,Loose: Company + Paint_Name,Vallejo_registry_26.0.9.csv,Vallejo,Model Color,Model Color,MODEL_COLOR,70.895,Gunship Green,GUNSHIP_GREEN,#3D685E,61.0,104.0,94.0,"61,104,94",Acrylic paint,Active/Unknown,CC329-R00-Model-Color-NewIC.pdf,Imported from compiled central database; Hex/RGB filled during audit from Direct RedGrimm Vallejo Model name match (redgrimm army-painter.html); matched Vallejo Model Gunship Green.,,GW_AIR_THE_FANG,Air,Air,#405B71,"64,91,113",,,,,,,,,,,,,,,,,,,,,,,,,,,,,,,,,,,,,,,,,,,,,,,,,,,,,,23.22,,Computed nearest Games Workshop swatch by Euclidean RGB distance from registry R/G/B values.,,,,,,,,
VAL_MODEL_COLOR_HULL_RED,,,,,,,Mournfang Brown,,,,,,,Medium-High,vallejo|model color|hull red,vallejo|hull red,Loose: Company + Paint_Name,Vallejo_registry_26.0.9.csv,Vallejo,Model Color,Model Color,MODEL_COLOR,70.985,Hull Red,HULL_RED,#390008,57.0,0.0,8.0,"57,0,8",Acrylic Paint,Active/Unknown,584217179-Vallejo-Paint-List-frenzycheck-com.xlsx,Imported from compiled central database,,GW_AIR_MOURNFANG_BROWN,Air,Air,#490F06,"73,15,6",,,,,,,,,,,,,,,,,,,,,,,,,,,,,,,,,,,,,,,,,,,,,,,,,,,,,,22.02,,Computed nearest Games Workshop swatch by Euclidean RGB distance from registry R/G/B values.,,,,,,,,
VAL_MODEL_COLOR_INTERMEDIATE_BLUE,,,,,,,Russ Grey,,,,,,,Medium-High,vallejo|model color|intermediate blue,vallejo|intermediate blue,Loose: Company + Paint_Name,Vallejo_registry_26.0.9.csv,Vallejo,Model Color,Model Color,MODEL_COLOR,70.903,Intermediate Blue,INTERMEDIATE_BLUE,#607A80,96.0,122.0,128.0,"96,122,128",Acrylic Paint,Active/Unknown,584217179-Vallejo-Paint-List-frenzycheck-com.xlsx,Imported from compiled central database; Hex/RGB filled during audit from Direct RedGrimm Vallejo Model name match (redgrimm vallejo-model.html); matched Vallejo Model Intermediate Blue.,,GW_LAYER_RUSS_GREY,Layer,Layer,#547588,"84,117,136",,,,,,,,,,,,,,,,,,,,,,,,,,,,,,,,,,,,,,,,,,,,,,,,,,,,,,15.26,,Computed nearest Games Workshop swatch by Euclidean RGB distance from registry R/G/B values.,,,,,,,,
VAL_MODEL_COLOR_IVORY,,,,,,,Lahmian Medium,,,,,,,High,vallejo|model color|ivory,vallejo|ivory,Loose: Company + Paint_Name,Vallejo_registry_26.0.9.csv,Vallejo,Model Color,Model Color,MODEL_COLOR,70.918,Ivory,IVORY,#EFF1D9,239.0,241.0,217.0,"239,241,217",Acrylic paint,Active/Unknown,CC329-R00-Model-Color-NewIC.pdf,Imported from compiled central database; Hex/RGB filled during audit from Direct RedGrimm Vallejo Model name match (redgrimm vallejo-game.html); matched Vallejo Model Ivory.,,GW_TECHNICAL_LAHMIAN_MEDIUM,Technical,Technical,#F5EDE2,"245,237,226",,,,,,,,,,,,,,,,,,,,,,,,,,,,,,,,,,,,,,,,,,,,,,,,,,,,,,11.53,,Computed nearest Games Workshop swatch by Euclidean RGB distance from registry R/G/B values.,,,,,,,,
VAL_MODEL_COLOR_KHAKI,,,,,,,Kommando Khaki,,,,,,,High,vallejo|model color|khaki,vallejo|khaki,Loose: Company + Paint_Name,Vallejo_registry_26.0.9.csv,Vallejo,Model Color,Model Color,MODEL_COLOR,70.988,Khaki,KHAKI,#9B8C7B,155.0,140.0,123.0,"155,140,123",Acrylic paint,Active/Unknown,CC329-R00-Model-Color-NewIC.pdf,Imported from compiled central database,,GW_LAYER_KOMMANDO_KHAKI,Layer,Layer,#9B8C7B,"155,140,123",,,,,,,,,,,,,,,,,,,,,,,,,,,,,,,,,,,,,,,,,,,,,,,,,,,,,,0.0,,Computed nearest Games Workshop swatch by Euclidean RGB distance from registry R/G/B values.,,,,,,,,
VAL_MODEL_COLOR_LEATHER_BROWN,,,,,,,XV-88,,,,,,,High,vallejo|model color|leather brown,vallejo|leather brown,Loose: Company + Paint_Name,Vallejo_registry_26.0.9.csv,Vallejo,Model Color,Model Color,MODEL_COLOR,70.871,Leather Brown,LEATHER_BROWN,#764823,118.0,72.0,35.0,"118,72,35",Acrylic paint,Active/Unknown,CC329-R00-Model-Color-NewIC.pdf,Imported from compiled central database,,GW_BASE_XV_88,Base,Base,#72491E,"114,73,30",,,,,,,,,,,,,,,,,,,,,,,,,,,,,,,,,,,,,,,,,,,,,,,,,,,,,,6.48,,Computed nearest Games Workshop swatch by Euclidean RGB distance from registry R/G/B values.,,,,,,,,
VAL_MODEL_COLOR_LIGHT_BROWN,,,,,,,Golgfag Brown,,,,,,,High,vallejo|model color|light brown,vallejo|light brown,Loose: Company + Paint_Name,Vallejo_registry_26.0.9.csv,Vallejo,Model Color,Model Color,MODEL_COLOR,70.929,Light Brown,LIGHT_BROWN,#BF764E,191.0,118.0,78.0,"191,118,78",Acrylic paint,Active/Unknown,CC329-R00-Model-Color-NewIC.pdf,Imported from compiled central database,,GW_DRY_GOLGFAG_BROWN,Dry,Dry,#C2804F,"194,128,79",,,,,,,,,,,,,,,,,,,,,,,,,,,,,,,,,,,,,,,,,,,,,,,,,,,,,,10.49,,Computed nearest Games Workshop swatch by Euclidean RGB distance from registry R/G/B values.,,,,,,,,
VAL_MODEL_COLOR_LIGHT_GREEN,,,,,,,Hexwraith Flame,,,,,,,High,vallejo|model color|light green,vallejo|light green,Loose: Company + Paint_Name,Vallejo_registry_26.0.9.csv,Vallejo,Model Color,Model Color,MODEL_COLOR,70.942,Light Green,LIGHT_GREEN,#00A850,0.0,168.0,80.0,"0,168,80",Acrylic Paint,Active/Unknown,952249680-Warlord-Paint-Ranges-Conversion-Chart.pdf,Imported from compiled central database; Hex/RGB filled during audit from Direct RedGrimm Vallejo Model name match (redgrimm vallejo-model.html); matched Vallejo Model Light Green.,,GW_CONTRAST_HEXWRAITH_FLAME,Contrast,Contrast,#00AA5C,"0,170,92",,,,,,,,,,,,,,,,,,,,,,,,,,,,,,,,,,,,,,,,,,,,,,,,,,,,,,12.17,,Computed nearest Games Workshop swatch by Euclidean RGB distance from registry R/G/B values.,,,,,,,,
VAL_MODEL_COLOR_LIGHT_GREY,,,,,,,Administratum Grey,,,,,,,High,vallejo|model color|light grey,vallejo|light grey,Loose: Company + Paint_Name,Vallejo_registry_26.0.9.csv,Vallejo,Model Color,Model Color,MODEL_COLOR,70.99,Light Grey,LIGHT_GREY,#949C9A,148.0,156.0,154.0,"148,156,154",Acrylic paint,Active/Unknown,CC329-R00-Model-Color-NewIC.pdf,Imported from compiled central database; Hex/RGB filled during audit from Direct RedGrimm Vallejo Model name match (redgrimm army-painter.html); matched Vallejo Model Light Grey.,,GW_LAYER_ADMINISTRATUM_GREY,Layer,Layer,#949B95,"148,155,149",,,,,,,,,,,,,,,,,,,,,,,,,,,,,,,,,,,,,,,,,,,,,,,,,,,,,,5.1,,Computed nearest Games Workshop swatch by Euclidean RGB distance from registry R/G/B values.,,,,,,,,
VAL_MODEL_COLOR_MAGENTA,,,,,,,Red Gore,,,,,,,Medium-High,vallejo|model color|magenta,vallejo|magenta,Loose: Company + Paint_Name,Vallejo_registry_26.0.9.csv,Vallejo,Model Color,Model Color,MODEL_COLOR,70.945,Magenta,MAGENTA,#A92A56,169.0,42.0,86.0,"169,42,86",Acrylic Paint,Active/Unknown,952249680-Warlord-Paint-Ranges-Conversion-Chart.pdf,Imported from compiled central database,,GW_LAYER_RED_GORE,Layer,Layer,#9D2B3F,"157,43,63",,,,,,,,,,,,,,,,,,,,,,,,,,,,,,,,,,,,,,,,,,,,,,,,,,,,,,25.96,,Computed nearest Games Workshop swatch by Euclidean RGB distance from registry R/G/B values.,,,,,,,,
VAL_MODEL_COLOR_MEDIUM_OLIVE,,,,,,,Warpstone Glow,,,,,,,High,vallejo|model color|medium olive,vallejo|medium olive,Loose: Company + Paint_Name,Vallejo_registry_26.0.9.csv,Vallejo,Model Color,Model Color,MODEL_COLOR,70.85,Medium Olive,MEDIUM_OLIVE,#226B2E,34.0,107.0,46.0,"34,107,46",Acrylic paint,Active/Unknown,CC329-R00-Model-Color-NewIC.pdf,Imported from compiled central database; Hex/RGB filled during audit from Direct RedGrimm Vallejo Model name match (redgrimm vallejo-game.html); matched Vallejo Model Medium Olive.,,GW_LAYER_WARPSTONE_GLOW,Layer,Layer,#1E7331,"30,115,49",,,,,,,,,,,,,,,,,,,,,,,,,,,,,,,,,,,,,,,,,,,,,,,,,,,,,,9.43,,Computed nearest Games Workshop swatch by Euclidean RGB distance from registry R/G/B values.,,,,,,,,
VAL_MODEL_COLOR_METAL_MEDIUM,,,,,,,,,,,,,,No RGB,vallejo|model color|metal medium,vallejo|metal medium,Loose: Company + Paint_Name,Vallejo_registry_26.0.9.csv,Vallejo,Model Color,Model Color,MODEL_COLOR,70.521,Metal Medium,METAL_MEDIUM,,,,,,Acrylic paint,Active/Unknown,CC329-R00-Model-Color-NewIC.pdf,Imported from compiled central database,,,,,,,,,,,,,,,,,,,,,,,,,,,,,,,,,,,,,,,,,,,,,,,,,,,,,,,,,,,,,,No match - missing source RGB,,,,,,,,
VAL_MODEL_COLOR_MIDDLE_STONE,,,,,,,Baneblade Brown,,,,,,,Medium-High,vallejo|model color|middle stone,vallejo|middle stone,Loose: Company + Paint_Name,Vallejo_registry_26.0.9.csv,Vallejo,Model Color,Model Color,MODEL_COLOR,70.882,Middle Stone,MIDDLE_STONE,#7F7C5D,127.0,124.0,93.0,"127,124,93",Acrylic paint,Active/Unknown,CC329-R00-Model-Color-NewIC.pdf,Imported from compiled central database; Hex/RGB filled during audit from Direct Vallejo Colors PDF paint-code match (Vallejo Colors PDF); matched Vallejo Model Middlestone.,,GW_AIR_BANEBLADE_BROWN,Air,Air,#8F7D69,"143,125,105",,,,,,,,,,,,,,,,,,,,,,,,,,,,,,,,,,,,,,,,,,,,,,,,,,,,,,20.02,,Computed nearest Games Workshop swatch by Euclidean RGB distance from registry R/G/B values.,,,,,,,,
VAL_MODEL_COLOR_MILITARY_YELLOW,,,,,,,Hobgrot Hide,,,,,,,High,vallejo|model color|military yellow,vallejo|military yellow,Loose: Company + Paint_Name,Vallejo_registry_26.0.9.csv,Vallejo,Model Color,Model Color,MODEL_COLOR,70.764,Military Yellow,MILITARY_YELLOW,#9C8855,156.0,136.0,85.0,"156,136,85",Acrylic paint,Active/Unknown,CC329-R00-Model-Color-NewIC.pdf,Imported from compiled central database; Hex/RGB filled during audit from Mech9 paint-code equivalence cross-reference (Existing registry completed row); matched Model Air Dark Yellow.,,GW_BASE_HOBGROT_HIDE,Base,Base,#9C8855,"156,136,85",,,,,,,,,,,,,,,,,,,,,,,,,,,,,,,,,,,,,,,,,,,,,,,,,,,,,,0.0,,Computed nearest Games Workshop swatch by Euclidean RGB distance from registry R/G/B values.,,,,,,,,
VAL_MODEL_COLOR_NEUTRAL_GREY,,,,,,,Warpfiend Grey,,,,,,,Medium-High,vallejo|model color|neutral grey,vallejo|neutral grey,Loose: Company + Paint_Name,Vallejo_registry_26.0.9.csv,Vallejo,Model Color,Model Color,MODEL_COLOR,70.992,Neutral Grey,NEUTRAL_GREY,#64767A,100.0,118.0,122.0,"100,118,122",Acrylic paint,Active/Unknown,CC329-R00-Model-Color-NewIC.pdf,Imported from compiled central database; Hex/RGB filled during audit from Direct RedGrimm Vallejo Model name match (redgrimm army-painter.html); matched Vallejo Model Neutral Grey.,,GW_LAYER_WARPFIEND_GREY,Layer,Layer,#6B6A74,"107,106,116",,,,,,,,,,,,,,,,,,,,,,,,,,,,,,,,,,,,,,,,,,,,,,,,,,,,,,15.13,,Computed nearest Games Workshop swatch by Euclidean RGB distance from registry R/G/B values.,,,,,,,,
VAL_MODEL_COLOR_OFF_WHITE,,,,,,,Lahmian Medium,,,,,,,High,vallejo|model color|off white,vallejo|off white,Loose: Company + Paint_Name,Vallejo_registry_26.0.9.csv,Vallejo,Model Color,Model Color,MODEL_COLOR,70.82,Off-White,OFF_WHITE,#EFEEE2,239.0,238.0,226.0,"239,238,226",Acrylic paint,Active/Unknown,CC329-R00-Model-Color-NewIC.pdf,Imported from compiled central database; Hex/RGB filled during audit from Direct RedGrimm Vallejo Model name match (redgrimm army-painter.html); matched Vallejo Model Offwhite.,,GW_TECHNICAL_LAHMIAN_MEDIUM,Technical,Technical,#F5EDE2,"245,237,226",,,,,,,,,,,,,,,,,,,,,,,,,,,,,,,,,,,,,,,,,,,,,,,,,,,,,,6.08,,Computed nearest Games Workshop swatch by Euclidean RGB distance from registry R/G/B values.,,,,,,,,
VAL_MODEL_COLOR_OLIVE_GREEN,,,,,,,Elysian Green,,,,,,,High,vallejo|model color|olive green,vallejo|olive green,Loose: Company + Paint_Name,Vallejo_registry_26.0.9.csv,Vallejo,Model Color,Model Color,MODEL_COLOR,70.967,Olive Green,OLIVE_GREEN,#6A8B3A,106.0,139.0,58.0,"106,139,58",Acrylic Paint,Active/Unknown,952249680-Warlord-Paint-Ranges-Conversion-Chart.pdf,Imported from compiled central database; Hex/RGB filled during audit from Direct RedGrimm Vallejo Model name match (redgrimm vallejo-model.html); matched Vallejo Model Olive Green.,,GW_AIR_ELYSIAN_GREEN,Air,Air,#6B8D37,"107,141,55",,,,,,,,,,,,,,,,,,,,,,,,,,,,,,,,,,,,,,,,,,,,,,,,,,,,,,3.74,,Computed nearest Games Workshop swatch by Euclidean RGB distance from registry R/G/B values.,,,,,,,,
VAL_MODEL_COLOR_OLIVE_GREY,,,,,,,Catachan Green,,,,,,,High,vallejo|model color|olive grey,vallejo|olive grey,Loose: Company + Paint_Name,Vallejo_registry_26.0.9.csv,Vallejo,Model Color,Model Color,MODEL_COLOR,70.888,Olive Grey,OLIVE_GREY,#455440,69.0,84.0,64.0,"69,84,64",Acrylic paint,Active/Unknown,CC329-R00-Model-Color-NewIC.pdf,Imported from compiled central database,,GW_LAYER_CATACHAN_GREEN,Layer,Layer,#455440,"69,84,64",,,,,,,,,,,,,,,,,,,,,,,,,,,,,,,,,,,,,,,,,,,,,,,,,,,,,,0.0,,Computed nearest Games Workshop swatch by Euclidean RGB distance from registry R/G/B values.,,,,,,,,
VAL_MODEL_COLOR_OXFORD_BLUE,,,,,,,Fenris Grey,,,,,,,High,vallejo|model color|oxford blue,vallejo|oxford blue,Loose: Company + Paint_Name,Vallejo_registry_26.0.9.csv,Vallejo,Model Color,Model Color,MODEL_COLOR,70.807,Oxford Blue,OXFORD_BLUE,#3A465F,58.0,70.0,95.0,"58,70,95",Acrylic paint,Active/Unknown,CC329-R00-Model-Color-NewIC.pdf,Imported from compiled central database; Hex/RGB filled during audit from Direct RedGrimm Vallejo Model name match (redgrimm vallejo-model.html); matched Vallejo Model Oxford Blue.,,GW_FOUNDATION_FENRIS_GREY,Foundation,Foundation,#2C4363,"44,67,99",,,,,,,,,,,,,,,,,,,,,,,,,,,,,,,,,,,,,,,,,,,,,,,,,,,,,,14.87,,Computed nearest Games Workshop swatch by Euclidean RGB distance from registry R/G/B values.,,,,,,,,
VAL_MODEL_COLOR_PALE_BLUE,,,,,,,Gauss Blaster Green,,,,,,,Medium-High,vallejo|model color|pale blue,vallejo|pale blue,Loose: Company + Paint_Name,Vallejo_registry_26.0.9.csv,Vallejo,Model Color,Model Color,MODEL_COLOR,70.906,Pale Blue,PALE_BLUE,#83B5B2,131.0,181.0,178.0,"131,181,178",Acrylic paint,Active/Unknown,CC329-R00-Model-Color-NewIC.pdf,Imported from compiled central database,,GW_LAYER_GAUSS_BLASTER_GREEN,Layer,Layer,#84C2A9,"132,194,169",,,,,,,,,,,,,,,,,,,,,,,,,,,,,,,,,,,,,,,,,,,,,,,,,,,,,,15.84,,Computed nearest Games Workshop swatch by Euclidean RGB distance from registry R/G/B values.,,,,,,,,
VAL_MODEL_COLOR_PALE_GREY_BLUE,,,,,,,Space Wolves Grey,,,,,,,High,vallejo|model color|pale grey blue,vallejo|pale grey blue,Loose: Company + Paint_Name,Vallejo_registry_26.0.9.csv,Vallejo,Model Color,Model Color,MODEL_COLOR,70.907,Pale Grey Blue,PALE_GREY_BLUE,#CEDEE7,206.0,222.0,231.0,"206,222,231",Acrylic Paint,Active/Unknown,952249680-Warlord-Paint-Ranges-Conversion-Chart.pdf,Imported from compiled central database,,GW_LAYER_SPACE_WOLVES_GREY,Layer,Layer,#CEDEE7,"206,222,231",,,,,,,,,,,,,,,,,,,,,,,,,,,,,,,,,,,,,,,,,,,,,,,,,,,,,,0.0,,Computed nearest Games Workshop swatch by Euclidean RGB distance from registry R/G/B values.,,,,,,,,
VAL_MODEL_COLOR_RED,,,,,,,Tuskigor Fur,,,,,,,High,vallejo|model color|red,vallejo|red,Loose: Company + Paint_Name,Vallejo_registry_26.0.9.csv,Vallejo,Model Color,Model Color,MODEL_COLOR,70.926,Red,RED,#91323A,145.0,50.0,58.0,"145,50,58",Acrylic Paint,Active/Unknown,952249680-Warlord-Paint-Ranges-Conversion-Chart.pdf,Imported from compiled central database; Hex/RGB filled during audit from Direct RedGrimm Vallejo Model name match (redgrimm army-painter.html); matched Vallejo Model Red.,,GW_LAYER_TUSKIGOR_FUR,Layer,Layer,#883636,"136,54,54",,,,,,,,,,,,,,,,,,,,,,,,,,,,,,,,,,,,,,,,,,,,,,,,,,,,,,10.63,,Computed nearest Games Workshop swatch by Euclidean RGB distance from registry R/G/B values.,,,,,,,,
VAL_MODEL_COLOR_ROYAL_PURPLE,,,,,,,Leviathan Purple,,,,,,,High,vallejo|model color|royal purple,vallejo|royal purple,Loose: Company + Paint_Name,Vallejo_registry_26.0.9.csv,Vallejo,Model Color,Model Color,MODEL_COLOR,70.81,Royal Purple,ROYAL_PURPLE,#4B2967,75.0,41.0,103.0,"75,41,103",Acrylic Paint,Active/Unknown,952249680-Warlord-Paint-Ranges-Conversion-Chart.pdf,Imported from compiled central database,,GW_CONTRAST_LEVIATHAN_PURPLE,Contrast,Contrast,#4A2A6A,"74,42,106",,,,,,,,,,,,,,,,,,,,,,,,,,,,,,,,,,,,,,,,,,,,,,,,,,,,,,3.32,,Computed nearest Games Workshop swatch by Euclidean RGB distance from registry R/G/B values.,,,,,,,,
VAL_MODEL_COLOR_SAND_YELLOW,,,,,,,Burnished Gold,,,,,,,Medium-High,vallejo|model color|sand yellow,vallejo|sand yellow,Loose: Company + Paint_Name,Vallejo_registry_26.0.9.csv,Vallejo,Model Color,Model Color,MODEL_COLOR,70.916,Sand Yellow,SAND_YELLOW,#D7BF75,215.0,191.0,117.0,"215,191,117",Acrylic paint,Active/Unknown,CC329-R00-Model-Color-NewIC.pdf,Imported from compiled central database,,GW_LAYER_BURNISHED_GOLD,Layer,Layer,#E0C068,"224,192,104",,,,,,,,,,,,,,,,,,,,,,,,,,,,,,,,,,,,,,,,,,,,,,,,,,,,,,15.84,,Computed nearest Games Workshop swatch by Euclidean RGB distance from registry R/G/B values.,,,,,,,,
VAL_MODEL_COLOR_SILVER,,,,,,,Fortress Grey,,,,,,,High,vallejo|model color|silver,vallejo|silver,Loose: Company + Paint_Name,Vallejo_registry_26.0.9.csv,Vallejo,Model Color,Model Color,MODEL_COLOR,70.997,Silver,SILVER,#B0B9B8,176.0,185.0,184.0,"176,185,184",Acrylic Paint,Active/Unknown,952249680-Warlord-Paint-Ranges-Conversion-Chart.pdf,Imported from compiled central database; Hex/RGB filled during audit from Direct RedGrimm Vallejo Model name match (Vallejo Colors PDF); matched Vallejo Model Silver.,,GW_LAYER_FORTRESS_GREY,Layer,Layer,#BCBDC0,"188,189,192",,,,,,,,,,,,,,,,,,,,,,,,,,,,,,,,,,,,,,,,,,,,,,,,,,,,,,14.97,,Computed nearest Games Workshop swatch by Euclidean RGB distance from registry R/G/B values.,,,,,,,,
VAL_MODEL_COLOR_SKY_GREY,,,,,,,Fortress Grey,,,,,,,Medium-High,vallejo|model color|sky grey,vallejo|sky grey,Loose: Company + Paint_Name,Vallejo_registry_26.0.9.csv,Vallejo,Model Color,Model Color,MODEL_COLOR,70.989,Sky Grey,SKY_GREY,#B3B6B2,179.0,182.0,178.0,"179,182,178",Acrylic paint,Active/Unknown,CC329-R00-Model-Color-NewIC.pdf,Imported from compiled central database; Hex/RGB filled during audit from Direct RedGrimm Vallejo Model name match (redgrimm army-painter.html); matched Vallejo Model Sky Grey.,,GW_LAYER_FORTRESS_GREY,Layer,Layer,#BCBDC0,"188,189,192",,,,,,,,,,,,,,,,,,,,,,,,,,,,,,,,,,,,,,,,,,,,,,,,,,,,,,18.06,,Computed nearest Games Workshop swatch by Euclidean RGB distance from registry R/G/B values.,,,,,,,,
VAL_MODEL_COLOR_TURQUOISE,,,,,,,Sotek Green,,,,,,,High,vallejo|model color|turquoise,vallejo|turquoise,Loose: Company + Paint_Name,Vallejo_registry_26.0.9.csv,Vallejo,Model Color,Model Color,MODEL_COLOR,70.966,Turquoise,TURQUOISE,#03676F,3.0,103.0,111.0,"3,103,111",Acrylic paint,Active/Unknown,CC329-R00-Model-Color-NewIC.pdf,Imported from compiled central database,,GW_LAYER_SOTEK_GREEN,Layer,Layer,#0B6974,"11,105,116",,,,,,,,,,,,,,,,,,,,,,,,,,,,,,,,,,,,,,,,,,,,,,,,,,,,,,9.64,,Computed nearest Games Workshop swatch by Euclidean RGB distance from registry R/G/B values.,,,,,,,,
VAL_MODEL_COLOR_US_DARK_GREEN,,,,,,,Leadbelcher,,,,,,,Medium-High,vallejo|model color|us dark green,vallejo|us dark green,Loose: Company + Paint_Name,Vallejo_registry_26.0.9.csv,Vallejo,Model Color,Model Color,MODEL_COLOR,70.893,US Dark Green,US_DARK_GREEN,#5B6955,91.0,105.0,85.0,"91,105,85",Acrylic paint,Active/Unknown,CC329-R00-Model-Color-NewIC.pdf,Imported from compiled central database; Hex/RGB filled during audit from Direct RedGrimm Vallejo Model name match (redgrimm vallejo-model.html); matched Vallejo Model US Dark Green.,,GW_AIR_LEADBELCHER,Air,Air,#5B5F61,"91,95,97",,,,,,,,,,,,,,,,,,,,,,,,,,,,,,,,,,,,,,,,,,,,,,,,,,,,,,15.62,,Computed nearest Games Workshop swatch by Euclidean RGB distance from registry R/G/B values.,,,,,,,,
VAL_MODEL_COLOR_US_FIELD_DRAB,,,,,,,Khemri Brown,,,,,,,High,vallejo|model color|us field drab,vallejo|us field drab,Loose: Company + Paint_Name,Vallejo_registry_26.0.9.csv,Vallejo,Model Color,Model Color,MODEL_COLOR,70.873,US Field Drab,US_FIELD_DRAB,#705D43,112.0,93.0,67.0,"112,93,67",Acrylic paint,Active/Unknown,CC329-R00-Model-Color-NewIC.pdf,Imported from compiled central database; Hex/RGB filled during audit from Direct RedGrimm Vallejo Model name match (redgrimm army-painter.html); matched Vallejo Model US Field Drab.,,GW_FOUNDATION_KHEMRI_BROWN,Foundation,Foundation,#73614D,"115,97,77",,,,,,,,,,,,,,,,,,,,,,,,,,,,,,,,,,,,,,,,,,,,,,,,,,,,,,11.18,,Computed nearest Games Workshop swatch by Euclidean RGB distance from registry R/G/B values.,,,,,,,,
VAL_MODEL_COLOR_VIOLET,,,,,,,Leviathan Purple,,,,,,,High,vallejo|model color|violet,vallejo|violet,Loose: Company + Paint_Name,Vallejo_registry_26.0.9.csv,Vallejo,Model Color,Model Color,MODEL_COLOR,70.96,Violet,VIOLET,#4B2F65,75.0,47.0,101.0,"75,47,101",Acrylic Paint,Active/Unknown,952249680-Warlord-Paint-Ranges-Conversion-Chart.pdf,Imported from compiled central database,,GW_CONTRAST_LEVIATHAN_PURPLE,Contrast,Contrast,#4A2A6A,"74,42,106",,,,,,,,,,,,,,,,,,,,,,,,,,,,,,,,,,,,,,,,,,,,,,,,,,,,,,7.14,,Computed nearest Games Workshop swatch by Euclidean RGB distance from registry R/G/B values.,,,,,,,,
VAL_MODEL_COLOR_WHITE,,,,,,,Corax White,,,,,,,High,vallejo|model color|white,vallejo|white,Loose: Company + Paint_Name,Vallejo_registry_26.0.9.csv,Vallejo,Model Color,Model Color,MODEL_COLOR,70.951,White,WHITE,#FFFFFF,255.0,255.0,255.0,"255,255,255",Acrylic Paint,Active/Unknown,952249680-Warlord-Paint-Ranges-Conversion-Chart.pdf,Imported from compiled central database,,GW_BASE_CORAX_WHITE,Base,Base,#FFFFFF,"255,255,255",,,,,,,,,,,,,,,,,,,,,,,,,,,,,,,,,,,,,,,,,,,,,,,,,,,,,,0.0,,Computed nearest Games Workshop swatch by Euclidean RGB distance from registry R/G/B values.,,,,,,,,
VAL_MODEL_COLOR_WHITE_GREY,,,,,,,Apothecary White,,,,,,,High,vallejo|model color|white grey,vallejo|white grey,Loose: Company + Paint_Name,Vallejo_registry_26.0.9.csv,Vallejo,Model Color,Model Color,MODEL_COLOR,70.993,White Grey,WHITE_GREY,#EEF1EC,238.0,241.0,236.0,"238,241,236",Acrylic paint,Active/Unknown,CC329-R00-Model-Color-NewIC.pdf,Imported from compiled central database; Hex/RGB filled during audit from Direct RedGrimm Vallejo Model name match (redgrimm vallejo-model.html); matched Vallejo Model White Grey.,,GW_CONTRAST_APOTHECARY_WHITE,Contrast,Contrast,#E8ECEC,"232,236,236",,,,,,,,,,,,,,,,,,,,,,,,,,,,,,,,,,,,,,,,,,,,,,,,,,,,,,7.81,,Computed nearest Games Workshop swatch by Euclidean RGB distance from registry R/G/B values.,,,,,,,,
VAL_MODEL_COLOR_YELLOW_OCHRE,,,,,,,Bubonic Brown,,,,,,,High,vallejo|model color|yellow ochre,vallejo|yellow ochre,Loose: Company + Paint_Name,Vallejo_registry_26.0.9.csv,Vallejo,Model Color,Model Color,MODEL_COLOR,70.913,Yellow Ochre,YELLOW_OCHRE,#C19448,193.0,148.0,72.0,"193,148,72",Acrylic Paint,Active/Unknown,952249680-Warlord-Paint-Ranges-Conversion-Chart.pdf,Imported from compiled central database; Hex/RGB filled during audit from Direct RedGrimm Vallejo Model name match (redgrimm army-painter.html); matched Vallejo Model Yellow Ochre.,,GW_LAYER_BUBONIC_BROWN,Layer,Layer,#B89142,"184,145,66",,,,,,,,,,,,,,,,,,,,,,,,,,,,,,,,,,,,,,,,,,,,,,,,,,,,,,11.22,,Computed nearest Games Workshop swatch by Euclidean RGB distance from registry R/G/B values.,,,,,,,,
VAL_MODEL_COLOR_YELLOW_OLIVE,,,,,,,Lupercal Green,,,,,,,Medium-High,vallejo|model color|yellow olive,vallejo|yellow olive,Loose: Company + Paint_Name,Vallejo_registry_26.0.9.csv,Vallejo,Model Color,Model Color,MODEL_COLOR,70.892,Yellow Olive,YELLOW_OLIVE,#063B2F,6.0,59.0,47.0,"6,59,47",Acrylic paint,Active/Unknown,CC329-R00-Model-Color-NewIC.pdf,Imported from compiled central database,,GW_BASE_LUPERCAL_GREEN,Base,Base,#002C2C,"0,44,44",,,,,,,,,,,,,,,,,,,,,,,,,,,,,,,,,,,,,,,,,,,,,,,,,,,,,,16.43,,Computed nearest Games Workshop swatch by Euclidean RGB distance from registry R/G/B values.,,,,,,,,
VAL_XPRESS_COLOR_CAMOUFLAGE_GREEN,,,,,,,Ogryn Camo,,,,,,,High,vallejo|xpress|camouflage green,vallejo|camouflage green,Loose: Company + Paint_Name,Vallejo_registry_26.0.9.csv,Vallejo,Xpress Color,Xpress Color,XPRESS_COLOR,72.467,Camouflage Green,CAMOUFLAGE_GREEN,#A5A542,165.0,165.0,66.0,"165,165,66",Contrast-style acrylic,Active/Unknown,CC266-Game_Color.pdf,Imported from compiled central database,,GW_LAYER_OGRYN_CAMO,Layer,Layer,#9DA94B,"157,169,75",,,,,,,,,,,,,,,,,,,,,,,,,,,,,,,,,,,,,,,,,,,,,,,,,,,,,,12.69,,Computed nearest Games Workshop swatch by Euclidean RGB distance from registry R/G/B values.,,,,,,,,
VAL_XPRESS_COLOR_DWARF_SKIN,,,,,,,Elf Flesh,,,,,,,High,vallejo|xpress|dwarf skin,vallejo|dwarf skin,Loose: Company + Paint_Name,Vallejo_registry_26.0.9.csv,Vallejo,Xpress Color,Xpress Color,XPRESS_COLOR,72.402,Dwarf Skin,DWARF_SKIN,#ECA67A,236.0,166.0,122.0,"236,166,122",Contrast-style acrylic,Active/Unknown,CC266-Game_Color.pdf | Direct Vallejo Ref 72.401-72.423 pasted user values,Imported from compiled central database; Hex/RGB filled during audit from Direct RedGrimm Vallejo Game name match (redgrimm army-painter.html); matched Vallejo Game Dwarf Skin. | Hex/RGB verified by direct Vallejo paint-code match.,,GW_LAYER_ELF_FLESH,Layer,Layer,#EDAE74,"237,174,116",,,,,,,,,,,,,,,,,,,,,,,,,,,,,,,,,,,,,,,,,,,,,,,,,,,,,,10.05,,Computed nearest Games Workshop swatch by Euclidean RGB distance from registry R/G/B values.,,,,,,,,
VAL_XPRESS_COLOR_MILITARY_YELLOW,,,,,,,Wyldwood,,,,,,,Medium-High,vallejo|xpress|military yellow,vallejo|military yellow,Loose: Company + Paint_Name,Vallejo_registry_26.0.9.csv,Vallejo,Xpress Color,Xpress Color,XPRESS_COLOR,72.453,Military Yellow,MILITARY_YELLOW,#5B381D,91.0,56.0,29.0,"91,56,29",Contrast-style acrylic,Active/Unknown,CC266-Game_Color.pdf; Catalogo_2026-R02.pdf page 68,Imported from compiled central database | Approx Hex/RGB fill: Vallejo 2026 catalog swatch sample (Medium-High).,,GW_CONTRAST_WYLDWOOD,Contrast,Contrast,#4B3427,"75,52,39",,,,,,,,,,,,,,,,,,,,,,,,,,,,,,,,,,,,,,,,,,,,,,,,,,,,,,19.29,,Computed nearest Games Workshop swatch by Euclidean RGB distance from registry R/G/B values.,,,,,,,,
