Status,Diagnosis,Recommended_Action,Reason_Detail,Missing_Registry_File,Missing_Paint_ID,Missing_Company,Missing_Brand,Missing_Product_Line,Missing_Paint_Name,Missing_Paint_Type,Missing_Status,Missing_Hex,Missing_RGB,Candidate_Paint_ID,Candidate_Company,Candidate_Brand,Candidate_Product_Line,Candidate_Paint_Name,Candidate_Paint_Type,Candidate_Hex,Candidate_RGB,Equivalent_Source_Company,Equivalent_Source_Product_Line,Equivalent_Source_Paint_Name,Equivalent_Target_Company,Equivalent_Target_Product_Line,Equivalent_Target_Paint_Name,Similarity_Percent,Confidence,Match_Type,Reference_Source,Reference_Notes
MANUAL_RESEARCH,No same-company or equivalency match found,Manual research required.,No matching same-company paint name and no equivalency source match found.,Army_Painter_registry_26.0.11_aligned.csv,AP_SPEEDPAINT_AZTEC_GOLD,Army Painter,Speedpaint,Speedpaint,Aztec Gold,Speedpaint Metallic,Active/Unknown,,,,,,,,,,,,,,,,,,,,,
MANUAL_RESEARCH,No same-company or equivalency match found,Manual research required.,No matching same-company paint name and no equivalency source match found.,Army_Painter_registry_26.0.11_aligned.csv,AP_SPEEDPAINT_BRAZEN_COPPER,Army Painter,Speedpaint,Speedpaint,Brazen Copper,Speedpaint Metallic,Active/Unknown,,,,,,,,,,,,,,,,,,,,,
MANUAL_RESEARCH,No same-company or equivalency match found,Manual research required.,No matching same-company paint name and no equivalency source match found.,Army_Painter_registry_26.0.11_aligned.csv,AP_SPEEDPAINT_BROADSWORD_SILVER,Army Painter,Speedpaint,Speedpaint,Broadsword Silver,Speedpaint Metallic,Active/Unknown,,,,,,,,,,,,,,,,,,,,,
EQUIVALENCY_TARGET_MISSING_COLOR,Equivalency target exists but lacks usable Hex/RGB,"Enrich the target paint first, then rerun this audit.",Equivalent paint exists in registry but does not have both Hex and RGB.,Army_Painter_registry_26.0.11_aligned.csv,AP_SPEEDPAINT_CARIBBEAN_OCEAN,Army Painter,Speedpaint,Speedpaint,Caribbean Ocean,Speedpaint,Active/Unknown,,,AP_FANATIC_TURQUOISE_SIREN,Army Painter,Warpaints Fanatic,Fanatic,Turquoise Siren,Acrylic,,,Army Painter,Speedpaint 2.0,Caribbean Ocean,Army Painter,Warpaints Fanatic,Turquoise Siren,95.9,Medium,Speedpaint Comparison,ArmyCrafter Speedpaint 2.0 comparison document,Parsed from uploaded Speedpaint comparison DOCX.
MANUAL_RESEARCH,No same-company or equivalency match found,Manual research required.,No matching same-company paint name and no equivalency source match found.,Army_Painter_registry_26.0.11_aligned.csv,AP_SPEEDPAINT_CARMINE_DRAGON,Army Painter,Speedpaint,Speedpaint,Carmine Dragon,Speedpaint,Active/Unknown,,,,,,,,,,,,,,,,,,,,,
MANUAL_RESEARCH,No same-company or equivalency match found,Manual research required.,No matching same-company paint name and no equivalency source match found.,Army_Painter_registry_26.0.11_aligned.csv,AP_SPEEDPAINT_ENCHANTED_STEEL,Army Painter,Speedpaint,Speedpaint,Enchanted Steel,Speedpaint Metallic,Active/Unknown,,,,,,,,,,,,,,,,,,,,,
UNSUPPORTED_EQUIVALENCY_COMPANY,Equivalency only points to unsupported company,Ignore for automatic enrichment unless this manufacturer is added later.,"Equivalency exists, but target company is not part of the current registry set.",Army_Painter_registry_26.0.11_aligned.csv,AP_SPEEDPAINT_FOREST_SPRITE,Army Painter,Speedpaint,Speedpaint,Forest Sprite,Speedpaint,Active/Unknown,,,,Scale75,,Inktensity,Inktense Lime (SC100),,,,Army Painter,Speedpaint 2.0,Forest Sprite,Scale75,Inktensity,Inktense Lime (SC100),96.4,Medium,Speedpaint Comparison,ArmyCrafter Speedpaint 2.0 comparison document,Parsed from uploaded Speedpaint comparison DOCX.
MANUAL_RESEARCH,No same-company or equivalency match found,Manual research required.,No matching same-company paint name and no equivalency source match found.,Army_Painter_registry_26.0.11_aligned.csv,AP_SPEEDPAINT_GLITTERING_LOOT,Army Painter,Speedpaint,Speedpaint,Glittering Loot,Speedpaint Metallic,Active/Unknown,,,,,,,,,,,,,,,,,,,,,
MANUAL_RESEARCH,No same-company or equivalency match found,Manual research required.,No matching same-company paint name and no equivalency source match found.,Army_Painter_registry_26.0.11_aligned.csv,AP_SPEEDPAINT_GOLDEN_ARMOUR,Army Painter,Speedpaint,Speedpaint,Golden Armour,Speedpaint Metallic,Active/Unknown,,,,,,,,,,,,,,,,,,,,,
MANUAL_RESEARCH,No same-company or equivalency match found,Manual research required.,No matching same-company paint name and no equivalency source match found.,Army_Painter_registry_26.0.11_aligned.csv,AP_SPEEDPAINT_HOARD_BRONZE,Army Painter,Speedpaint,Speedpaint,Hoard Bronze,Speedpaint Metallic,Active/Unknown,,,,,,,,,,,,,,,,,,,,,
MANUAL_RESEARCH,No same-company or equivalency match found,Manual research required.,No matching same-company paint name and no equivalency source match found.,Army_Painter_registry_26.0.11_aligned.csv,AP_SPEEDPAINT_HOPLITE_GOLD,Army Painter,Speedpaint,Speedpaint,Hoplite Gold,Speedpaint Metallic,Active/Unknown,,,,,,,,,,,,,,,,,,,,,
MANUAL_RESEARCH,No same-company or equivalency match found,Manual research required.,No matching same-company paint name and no equivalency source match found.,Army_Painter_registry_26.0.11_aligned.csv,AP_SPEEDPAINT_PASTEL_LAVENDER,Army Painter,Speedpaint,Speedpaint,Pastel Lavender,Speedpaint,Active/Unknown,,,,,,,,,,,,,,,,,,,,,
UNSUPPORTED_EQUIVALENCY_COMPANY,Equivalency only points to unsupported company,Ignore for automatic enrichment unless this manufacturer is added later.,"Equivalency exists, but target company is not part of the current registry set.",Army_Painter_registry_26.0.11_aligned.csv,AP_SPEEDPAINT_PLASMATIC_BOLT,Army Painter,Speedpaint,Speedpaint,Plasmatic Bolt,Speedpaint,Active/Unknown,,,,Scale75,,Scalecolor,Caribbean Blue (SC49),,,,Army Painter,Speedpaint 2.0,Plasmatic Bolt,Scale75,Scalecolor,Caribbean Blue (SC49),97.8,Medium,Speedpaint Comparison,ArmyCrafter Speedpaint 2.0 comparison document,Parsed from uploaded Speedpaint comparison DOCX.
MANUAL_RESEARCH,No same-company or equivalency match found,Manual research required.,No matching same-company paint name and no equivalency source match found.,Army_Painter_registry_26.0.11_aligned.csv,AP_SPEEDPAINT_POLISHED_SILVER,Army Painter,Speedpaint,Speedpaint,Polished Silver,Speedpaint Metallic,Active/Unknown,,,,,,,,,,,,,,,,,,,,,
EQUIVALENCY_TARGET_MISSING_COLOR,Equivalency target exists but lacks usable Hex/RGB,"Enrich the target paint first, then rerun this audit.",Equivalent paint exists in registry but does not have both Hex and RGB.,Army_Painter_registry_26.0.11_aligned.csv,AP_SPEEDPAINT_PURPLE_SWARM,Army Painter,Speedpaint,Speedpaint,Purple Swarm,Speedpaint,Active/Unknown,,,AP_FANATIC_DIABOLIC_PLUM,Army Painter,Warpaints Fanatic,Fanatic,Diabolic Plum,Acrylic,,,Army Painter,Speedpaint 2.0,Purple Swarm,Army Painter,Warpaints Fanatic,Diabolic Plum,96.4,Medium,Speedpaint Comparison,ArmyCrafter Speedpaint 2.0 comparison document,Parsed from uploaded Speedpaint comparison DOCX.
MANUAL_RESEARCH,No same-company or equivalency match found,Manual research required.,No matching same-company paint name and no equivalency source match found.,Army_Painter_registry_26.0.11_aligned.csv,AP_SPEEDPAINT_SPEEDPAINT_MEDIUM,Army Painter,Speedpaint,Speedpaint,Speedpaint Medium,Speedpaint,Active/Unknown,,,,,,,,,,,,,,,,,,,,,
MANUAL_RESEARCH,No same-company or equivalency match found,Manual research required.,No matching same-company paint name and no equivalency source match found.,Army_Painter_registry_26.0.11_aligned.csv,AP_SPEEDPAINT_TALOS_BRONZE,Army Painter,Speedpaint,Speedpaint,Talos Bronze,Speedpaint Metallic,Active/Unknown,,,,,,,,,,,,,,,,,,,,,
MANUAL_RESEARCH,No same-company or equivalency match found,Manual research required.,No matching same-company paint name and no equivalency source match found.,Army_Painter_registry_26.0.11_aligned.csv,AP_AIR_AIRBRUSH_CLEANER,Army Painter,Warpaints Air,Air,Airbrush Cleaner,Auxiliary,Active/Unknown,,,,,,,,,,,,,,,,,,,,,
MANUAL_RESEARCH,No same-company or equivalency match found,Manual research required.,No matching same-company paint name and no equivalency source match found.,Army_Painter_registry_26.0.11_aligned.csv,AP_AIR_AIRBRUSH_MEDIUM,Army Painter,Warpaints Air,Air,Airbrush Medium,Auxiliary,Active/Unknown,,,,,,,,,,,,,,,,,,,,,
MANUAL_RESEARCH,No same-company or equivalency match found,Manual research required.,No matching same-company paint name and no equivalency source match found.,Army_Painter_registry_26.0.11_aligned.csv,AP_AIR_ARCHANGEL_RED,Army Painter,Warpaints Air,Air,Archangel Red,Air,Active/Unknown,,,,,,,,,,,,,,,,,,,,,
MANUAL_RESEARCH,No same-company or equivalency match found,Manual research required.,No matching same-company paint name and no equivalency source match found.,Army_Painter_registry_26.0.11_aligned.csv,AP_AIR_AZURE_MAGIC,Army Painter,Warpaints Air,Air,Azure Magic,Air Metallic/Effect,Active/Unknown,,,,,,,,,,,,,,,,,,,,,
MANUAL_RESEARCH,No same-company or equivalency match found,Manual research required.,No matching same-company paint name and no equivalency source match found.,Army_Painter_registry_26.0.11_aligned.csv,AP_AIR_BARREN_YELLOW,Army Painter,Warpaints Air,Air,Barren Yellow,Air,Active/Unknown,,,,,,,,,,,,,,,,,,,,,
MANUAL_RESEARCH,No same-company or equivalency match found,Manual research required.,No matching same-company paint name and no equivalency source match found.,Army_Painter_registry_26.0.11_aligned.csv,AP_AIR_BLUE_FLUX,Army Painter,Warpaints Air,Air,Blue Flux,Air,Active/Unknown,,,,,,,,,,,,,,,,,,,,,
MANUAL_RESEARCH,No same-company or equivalency match found,Manual research required.,No matching same-company paint name and no equivalency source match found.,Army_Painter_registry_26.0.11_aligned.csv,AP_AIR_BOGEY_GREEN,Army Painter,Warpaints Air,Air,Bogey Green,Air,Active/Unknown,,,,,,,,,,,,,,,,,,,,,
MANUAL_RESEARCH,No same-company or equivalency match found,Manual research required.,No matching same-company paint name and no equivalency source match found.,Army_Painter_registry_26.0.11_aligned.csv,AP_AIR_BRETHIL_BLUSH,Army Painter,Warpaints Air,Air,Brethil Blush,Air,Active/Unknown,,,,,,,,,,,,,,,,,,,,,
SAME_COMPANY_MATCH_MISSING_COLOR,Same-company paint name exists but lacks usable Hex/RGB,Manual review or enrich one of the matching same-company rows first.,"Same-company paint name exists, but no matching row has both Hex and RGB.",Army_Painter_registry_26.0.11_aligned.csv,AP_AIR_BRIGHT_GOLD,Army Painter,Warpaints Air,Air,Bright Gold,Air Metallic/Effect,Active/Unknown,,,AP_FANATIC_BRIGHT_GOLD,Army Painter,Warpaints Fanatic,Fanatic,Bright Gold,Metallic,,,,,,,,,,,,,
MANUAL_RESEARCH,No same-company or equivalency match found,Manual research required.,No matching same-company paint name and no equivalency source match found.,Army_Painter_registry_26.0.11_aligned.csv,AP_AIR_BROODMOTHER_PURPLE,Army Painter,Warpaints Air,Air,Broodmother Purple,Air,Active/Unknown,,,,,,,,,,,,,,,,,,,,,
MANUAL_RESEARCH,No same-company or equivalency match found,Manual research required.,No matching same-company paint name and no equivalency source match found.,Army_Painter_registry_26.0.11_aligned.csv,AP_AIR_BULLWHACK_BROWN,Army Painter,Warpaints Air,Air,Bullwhack Brown,Air,Active/Unknown,,,,,,,,,,,,,,,,,,,,,
MANUAL_RESEARCH,No same-company or equivalency match found,Manual research required.,No matching same-company paint name and no equivalency source match found.,Army_Painter_registry_26.0.11_aligned.csv,AP_AIR_CADRE_GREY,Army Painter,Warpaints Air,Air,Cadre Grey,Air,Active/Unknown,,,,,,,,,,,,,,,,,,,,,
MANUAL_RESEARCH,No same-company or equivalency match found,Manual research required.,No matching same-company paint name and no equivalency source match found.,Army_Painter_registry_26.0.11_aligned.csv,AP_AIR_CANOPY_GREEN,Army Painter,Warpaints Air,Air,Canopy Green,Air,Active/Unknown,,,,,,,,,,,,,,,,,,,,,
MANUAL_RESEARCH,No same-company or equivalency match found,Manual research required.,No matching same-company paint name and no equivalency source match found.,Army_Painter_registry_26.0.11_aligned.csv,AP_AIR_CHARRED_BONE,Army Painter,Warpaints Air,Air,Charred Bone,Air,Active/Unknown,,,,,,,,,,,,,,,,,,,,,
MANUAL_RESEARCH,No same-company or equivalency match found,Manual research required.,No matching same-company paint name and no equivalency source match found.,Army_Painter_registry_26.0.11_aligned.csv,AP_AIR_CHIMERA_RED,Army Painter,Warpaints Air,Air,Chimera Red,Air,Active/Unknown,,,,,,,,,,,,,,,,,,,,,
MANUAL_RESEARCH,No same-company or equivalency match found,Manual research required.,No matching same-company paint name and no equivalency source match found.,Army_Painter_registry_26.0.11_aligned.csv,AP_AIR_CONSUL_BLUE,Army Painter,Warpaints Air,Air,Consul Blue,Air,Active/Unknown,,,,,,,,,,,,,,,,,,,,,
MANUAL_RESEARCH,No same-company or equivalency match found,Manual research required.,No matching same-company paint name and no equivalency source match found.,Army_Painter_registry_26.0.11_aligned.csv,AP_AIR_COSMIC_DUST,Army Painter,Warpaints Air,Air,Cosmic Dust,Air Metallic/Effect,Active/Unknown,,,,,,,,,,,,,,,,,,,,,
MANUAL_RESEARCH,No same-company or equivalency match found,Manual research required.,No matching same-company paint name and no equivalency source match found.,Army_Painter_registry_26.0.11_aligned.csv,AP_AIR_COVEN_PURPLE,Army Painter,Warpaints Air,Air,Coven Purple,Air,Active/Unknown,,,,,,,,,,,,,,,,,,,,,
MANUAL_RESEARCH,No same-company or equivalency match found,Manual research required.,No matching same-company paint name and no equivalency source match found.,Army_Painter_registry_26.0.11_aligned.csv,AP_AIR_CROW_HUE,Army Painter,Warpaints Air,Air,Crow Hue,Air,Active/Unknown,,,,,,,,,,,,,,,,,,,,,
MANUAL_RESEARCH,No same-company or equivalency match found,Manual research required.,No matching same-company paint name and no equivalency source match found.,Army_Painter_registry_26.0.11_aligned.csv,AP_AIR_CYPRESS_BROWN,Army Painter,Warpaints Air,Air,Cypress Brown,Air,Active/Unknown,,,,,,,,,,,,,,,,,,,,,
MANUAL_RESEARCH,No same-company or equivalency match found,Manual research required.,No matching same-company paint name and no equivalency source match found.,Army_Painter_registry_26.0.11_aligned.csv,AP_AIR_DRAB_GREEN,Army Painter,Warpaints Air,Air,Drab Green,Air,Active/Unknown,,,,,,,,,,,,,,,,,,,,,
MANUAL_RESEARCH,No same-company or equivalency match found,Manual research required.,No matching same-company paint name and no equivalency source match found.,Army_Painter_registry_26.0.11_aligned.csv,AP_AIR_ELVEN_ARMOUR,Army Painter,Warpaints Air,Air,Elven Armour,Air Metallic/Effect,Active/Unknown,,,,,,,,,,,,,,,,,,,,,
MANUAL_RESEARCH,No same-company or equivalency match found,Manual research required.,No matching same-company paint name and no equivalency source match found.,Army_Painter_registry_26.0.11_aligned.csv,AP_AIR_ENCARMINE_RED,Army Painter,Warpaints Air,Air,Encarmine Red,Air,Active/Unknown,,,,,,,,,,,,,,,,,,,,,
SAME_COMPANY_MATCH_MISSING_COLOR,Same-company paint name exists but lacks usable Hex/RGB,Manual review or enrich one of the matching same-company rows first.,"Same-company paint name exists, but no matching row has both Hex and RGB.",Army_Painter_registry_26.0.11_aligned.csv,AP_AIR_EVIL_CHROME,Army Painter,Warpaints Air,Air,Evil Chrome,Air,Active/Unknown,,,AP_FANATIC_EVIL_CHROME,Army Painter,Warpaints Fanatic,Fanatic,Evil Chrome,Metallic,,,,,,,,,,,,,
MANUAL_RESEARCH,No same-company or equivalency match found,Manual research required.,No matching same-company paint name and no equivalency source match found.,Army_Painter_registry_26.0.11_aligned.csv,AP_AIR_EXILE_GREEN,Army Painter,Warpaints Air,Air,Exile Green,Air,Active/Unknown,,,,,,,,,,,,,,,,,,,,,
MANUAL_RESEARCH,No same-company or equivalency match found,Manual research required.,No matching same-company paint name and no equivalency source match found.,Army_Painter_registry_26.0.11_aligned.csv,AP_AIR_FAIRY_DUST,Army Painter,Warpaints Air,Air,Fairy Dust,Air Metallic/Effect,Active/Unknown,,,,,,,,,,,,,,,,,,,,,
MANUAL_RESEARCH,No same-company or equivalency match found,Manual research required.,No matching same-company paint name and no equivalency source match found.,Army_Painter_registry_26.0.11_aligned.csv,AP_AIR_FAIRY_PINK,Army Painter,Warpaints Air,Air,Fairy Pink,Air,Active/Unknown,,,,,,,,,,,,,,,,,,,,,
MANUAL_RESEARCH,No same-company or equivalency match found,Manual research required.,No matching same-company paint name and no equivalency source match found.,Army_Painter_registry_26.0.11_aligned.csv,AP_AIR_FERAL_GREEN,Army Painter,Warpaints Air,Air,Feral Green,Air,Active/Unknown,,,,,,,,,,,,,,,,,,,,,
MANUAL_RESEARCH,No same-company or equivalency match found,Manual research required.,No matching same-company paint name and no equivalency source match found.,Army_Painter_registry_26.0.11_aligned.csv,AP_AIR_FEY_PINK,Army Painter,Warpaints Air,Air,Fey Pink,Air,Active/Unknown,,,,,,,,,,,,,,,,,,,,,
MANUAL_RESEARCH,No same-company or equivalency match found,Manual research required.,No matching same-company paint name and no equivalency source match found.,Army_Painter_registry_26.0.11_aligned.csv,AP_AIR_FEYWILD_GLOW,Army Painter,Warpaints Air,Air,Feywild Glow,Air,Active/Unknown,,,,,,,,,,,,,,,,,,,,,
MANUAL_RESEARCH,No same-company or equivalency match found,Manual research required.,No matching same-company paint name and no equivalency source match found.,Army_Painter_registry_26.0.11_aligned.csv,AP_AIR_GAUSS_GREEN,Army Painter,Warpaints Air,Air,Gauss Green,Air,Active/Unknown,,,,,,,,,,,,,,,,,,,,,
SAME_COMPANY_MATCH_MISSING_COLOR,Same-company paint name exists but lacks usable Hex/RGB,Manual review or enrich one of the matching same-company rows first.,"Same-company paint name exists, but no matching row has both Hex and RGB.",Army_Painter_registry_26.0.11_aligned.csv,AP_AIR_GEMSTONE_RED,Army Painter,Warpaints Air,Air,Gemstone Red,Air Metallic/Effect,Active/Unknown,,,AP_FANATIC_GEMSTONE_RED,Army Painter,Warpaints Fanatic,Fanatic,Gemstone Red,Metallic,,,,,,,,,,,,,
SAME_COMPANY_MATCH_MISSING_COLOR,Same-company paint name exists but lacks usable Hex/RGB,Manual review or enrich one of the matching same-company rows first.,"Same-company paint name exists, but no matching row has both Hex and RGB.",Army_Painter_registry_26.0.11_aligned.csv,AP_AIR_GLITTERING_GREEN,Army Painter,Warpaints Air,Air,Glittering Green,Air Metallic/Effect,Active/Unknown,,,AP_FANATIC_GLITTERING_GREEN,Army Painter,Warpaints Fanatic,Fanatic,Glittering Green,Metallic,,,,,,,,,,,,,
SAME_COMPANY_MATCH_MISSING_COLOR,Same-company paint name exists but lacks usable Hex/RGB,Manual review or enrich one of the matching same-company rows first.,"Same-company paint name exists, but no matching row has both Hex and RGB.",Army_Painter_registry_26.0.11_aligned.csv,AP_AIR_GLOSS_VARNISH,Army Painter,Warpaints Air,Air,Gloss Varnish,Auxiliary,Active/Unknown,,,AP_FANATIC_GLOSS_VARNISH,Army Painter,Warpaints Fanatic,Fanatic,Gloss Varnish,Auxiliary,,,,,,,,,,,,,
MANUAL_RESEARCH,No same-company or equivalency match found,Manual research required.,No matching same-company paint name and no equivalency source match found.,Army_Painter_registry_26.0.11_aligned.csv,AP_AIR_GNOME_CHEEKS,Army Painter,Warpaints Air,Air,Gnome Cheeks,Air,Active/Unknown,,,,,,,,,,,,,,,,,,,,,
SAME_COMPANY_MATCH_MISSING_COLOR,Same-company paint name exists but lacks usable Hex/RGB,Manual review or enrich one of the matching same-company rows first.,"Same-company paint name exists, but no matching row has both Hex and RGB.",Army_Painter_registry_26.0.11_aligned.csv,AP_AIR_GREEDY_GOLD,Army Painter,Warpaints Air,Air,Greedy Gold,Air Metallic/Effect,Active/Unknown,,,AP_FANATIC_GREEDY_GOLD,Army Painter,Warpaints Fanatic,Fanatic,Greedy Gold,Metallic,,,,,,,,,,,,,
MANUAL_RESEARCH,No same-company or equivalency match found,Manual research required.,No matching same-company paint name and no equivalency source match found.,Army_Painter_registry_26.0.11_aligned.csv,AP_AIR_GREMLIN_GREEN,Army Painter,Warpaints Air,Air,Gremlin Green,Air,Active/Unknown,,,,,,,,,,,,,,,,,,,,,
MANUAL_RESEARCH,No same-company or equivalency match found,Manual research required.,No matching same-company paint name and no equivalency source match found.,Army_Painter_registry_26.0.11_aligned.csv,AP_AIR_HAZARDOUS_SMOG,Army Painter,Warpaints Air,Air,Hazardous Smog,Air,Active/Unknown,,,,,,,,,,,,,,,,,,,,,
MANUAL_RESEARCH,No same-company or equivalency match found,Manual research required.,No matching same-company paint name and no equivalency source match found.,Army_Painter_registry_26.0.11_aligned.csv,AP_AIR_HOBGOBLIN_HUE,Army Painter,Warpaints Air,Air,Hobgoblin Hue,Air,Active/Unknown,,,,,,,,,,,,,,,,,,,,,
MANUAL_RESEARCH,No same-company or equivalency match found,Manual research required.,No matching same-company paint name and no equivalency source match found.,Army_Painter_registry_26.0.11_aligned.csv,AP_AIR_HOT_PINK,Army Painter,Warpaints Air,Air,Hot Pink,Air,Active/Unknown,,,,,,,,,,,,,,,,,,,,,
MANUAL_RESEARCH,No same-company or equivalency match found,Manual research required.,No matching same-company paint name and no equivalency source match found.,Army_Painter_registry_26.0.11_aligned.csv,AP_AIR_HUSK_BROWN,Army Painter,Warpaints Air,Air,Husk Brown,Air,Active/Unknown,,,,,,,,,,,,,,,,,,,,,
MANUAL_RESEARCH,No same-company or equivalency match found,Manual research required.,No matching same-company paint name and no equivalency source match found.,Army_Painter_registry_26.0.11_aligned.csv,AP_AIR_IMP_YELLOW,Army Painter,Warpaints Air,Air,Imp Yellow,Air,Active/Unknown,,,,,,,,,,,,,,,,,,,,,
MANUAL_RESEARCH,No same-company or equivalency match found,Manual research required.,No matching same-company paint name and no equivalency source match found.,Army_Painter_registry_26.0.11_aligned.csv,AP_AIR_INCURSION_ORANGE,Army Painter,Warpaints Air,Air,Incursion Orange,Air,Active/Unknown,,,,,,,,,,,,,,,,,,,,,
MANUAL_RESEARCH,No same-company or equivalency match found,Manual research required.,No matching same-company paint name and no equivalency source match found.,Army_Painter_registry_26.0.11_aligned.csv,AP_AIR_IONIC_BLUE,Army Painter,Warpaints Air,Air,Ionic Blue,Air,Active/Unknown,,,,,,,,,,,,,,,,,,,,,
MANUAL_RESEARCH,No same-company or equivalency match found,Manual research required.,No matching same-company paint name and no equivalency source match found.,Army_Painter_registry_26.0.11_aligned.csv,AP_AIR_IRON_WOLF,Army Painter,Warpaints Air,Air,Iron Wolf,Air Metallic/Effect,Active/Unknown,,,,,,,,,,,,,,,,,,,,,
MANUAL_RESEARCH,No same-company or equivalency match found,Manual research required.,No matching same-company paint name and no equivalency source match found.,Army_Painter_registry_26.0.11_aligned.csv,AP_AIR_LEVIATHAN_LIGHT,Army Painter,Warpaints Air,Air,Leviathan Light,Air,Active/Unknown,,,,,,,,,,,,,,,,,,,,,
MANUAL_RESEARCH,No same-company or equivalency match found,Manual research required.,No matching same-company paint name and no equivalency source match found.,Army_Painter_registry_26.0.11_aligned.csv,AP_AIR_MAGNOLIA_BROWN,Army Painter,Warpaints Air,Air,Magnolia Brown,Air,Active/Unknown,,,,,,,,,,,,,,,,,,,,,
MANUAL_RESEARCH,No same-company or equivalency match found,Manual research required.,No matching same-company paint name and no equivalency source match found.,Army_Painter_registry_26.0.11_aligned.csv,AP_AIR_MAJESTIC_FORTRESS,Army Painter,Warpaints Air,Air,Majestic Fortress,Air,Active/Unknown,,,,,,,,,,,,,,,,,,,,,
MANUAL_RESEARCH,No same-company or equivalency match found,Manual research required.,No matching same-company paint name and no equivalency source match found.,Army_Painter_registry_26.0.11_aligned.csv,AP_AIR_MATT_BLACK_PRIMER,Army Painter,Warpaints Air,Air,Matt Black Primer,Primer,Active/Unknown,,,,,,,,,,,,,,,,,,,,,
MANUAL_RESEARCH,No same-company or equivalency match found,Manual research required.,No matching same-company paint name and no equivalency source match found.,Army_Painter_registry_26.0.11_aligned.csv,AP_AIR_MATT_GREY_PRIMER,Army Painter,Warpaints Air,Air,Matt Grey Primer,Primer,Active/Unknown,,,,,,,,,,,,,,,,,,,,,
SAME_COMPANY_MATCH_MISSING_COLOR,Same-company paint name exists but lacks usable Hex/RGB,Manual review or enrich one of the matching same-company rows first.,"Same-company paint name exists, but no matching row has both Hex and RGB.",Army_Painter_registry_26.0.11_aligned.csv,AP_AIR_MATT_VARNISH,Army Painter,Warpaints Air,Air,Matt Varnish,Auxiliary,Active/Unknown,,,AP_FANATIC_MATT_VARNISH,Army Painter,Warpaints Fanatic,Fanatic,Matt Varnish,Auxiliary,,,,,,,,,,,,,
MANUAL_RESEARCH,No same-company or equivalency match found,Manual research required.,No matching same-company paint name and no equivalency source match found.,Army_Painter_registry_26.0.11_aligned.csv,AP_AIR_MATT_WHITE_PRIMER,Army Painter,Warpaints Air,Air,Matt White Primer,Primer,Active/Unknown,,,,,,,,,,,,,,,,,,,,,
MANUAL_RESEARCH,No same-company or equivalency match found,Manual research required.,No matching same-company paint name and no equivalency source match found.,Army_Painter_registry_26.0.11_aligned.csv,AP_AIR_METEOR_ROCK,Army Painter,Warpaints Air,Air,Meteor Rock,Air,Active/Unknown,,,,,,,,,,,,,,,,,,,,,
MANUAL_RESEARCH,No same-company or equivalency match found,Manual research required.,No matching same-company paint name and no equivalency source match found.,Army_Painter_registry_26.0.11_aligned.csv,AP_AIR_MILITIA_GREEN,Army Painter,Warpaints Air,Air,Militia Green,Air,Active/Unknown,,,,,,,,,,,,,,,,,,,,,
MANUAL_RESEARCH,No same-company or equivalency match found,Manual research required.,No matching same-company paint name and no equivalency source match found.,Army_Painter_registry_26.0.11_aligned.csv,AP_AIR_MOLTEN_ORANGE,Army Painter,Warpaints Air,Air,Molten Orange,Air,Active/Unknown,,,,,,,,,,,,,,,,,,,,,
MANUAL_RESEARCH,No same-company or equivalency match found,Manual research required.,No matching same-company paint name and no equivalency source match found.,Army_Painter_registry_26.0.11_aligned.csv,AP_AIR_NEON_YELLOW,Army Painter,Warpaints Air,Air,Neon Yellow,Air,Active/Unknown,,,,,,,,,,,,,,,,,,,,,
MANUAL_RESEARCH,No same-company or equivalency match found,Manual research required.,No matching same-company paint name and no equivalency source match found.,Army_Painter_registry_26.0.11_aligned.csv,AP_AIR_NIGHT_SCALES,Army Painter,Warpaints Air,Air,Night Scales,Air,Active/Unknown,,,,,,,,,,,,,,,,,,,,,
MANUAL_RESEARCH,No same-company or equivalency match found,Manual research required.,No matching same-company paint name and no equivalency source match found.,Army_Painter_registry_26.0.11_aligned.csv,AP_AIR_NOMAD_FLESH,Army Painter,Warpaints Air,Air,Nomad Flesh,Air,Active/Unknown,,,,,,,,,,,,,,,,,,,,,
MANUAL_RESEARCH,No same-company or equivalency match found,Manual research required.,No matching same-company paint name and no equivalency source match found.,Army_Painter_registry_26.0.11_aligned.csv,AP_AIR_OCEAN_DEPTHS,Army Painter,Warpaints Air,Air,Ocean Depths,Air,Active/Unknown,,,,,,,,,,,,,,,,,,,,,
MANUAL_RESEARCH,No same-company or equivalency match found,Manual research required.,No matching same-company paint name and no equivalency source match found.,Army_Painter_registry_26.0.11_aligned.csv,AP_AIR_OMEGA_BLUE,Army Painter,Warpaints Air,Air,Omega Blue,Air,Active/Unknown,,,,,,,,,,,,,,,,,,,,,
MANUAL_RESEARCH,No same-company or equivalency match found,Manual research required.,No matching same-company paint name and no equivalency source match found.,Army_Painter_registry_26.0.11_aligned.csv,AP_AIR_ORANGE_MAGMA,Army Painter,Warpaints Air,Air,Orange Magma,Air,Active/Unknown,,,,,,,,,,,,,,,,,,,,,
MANUAL_RESEARCH,No same-company or equivalency match found,Manual research required.,No matching same-company paint name and no equivalency source match found.,Army_Painter_registry_26.0.11_aligned.csv,AP_AIR_PESTILENT_FLESH,Army Painter,Warpaints Air,Air,Pestilent Flesh,Air,Active/Unknown,,,,,,,,,,,,,,,,,,,,,
MANUAL_RESEARCH,No same-company or equivalency match found,Manual research required.,No matching same-company paint name and no equivalency source match found.,Army_Painter_registry_26.0.11_aligned.csv,AP_AIR_PHANTASMAL_BLUE,Army Painter,Warpaints Air,Air,Phantasmal Blue,Air,Active/Unknown,,,,,,,,,,,,,,,,,,,,,
SAME_COMPANY_MATCH_MISSING_COLOR,Same-company paint name exists but lacks usable Hex/RGB,Manual review or enrich one of the matching same-company rows first.,"Same-company paint name exists, but no matching row has both Hex and RGB.",Army_Painter_registry_26.0.11_aligned.csv,AP_AIR_PLATE_MAIL_METAL,Army Painter,Warpaints Air,Air,Plate Mail Metal,Air Metallic/Effect,Active/Unknown,,,AP_FANATIC_PLATE_MAIL_METAL,Army Painter,Warpaints Fanatic,Fanatic,Plate Mail Metal,Metallic,,,,,,,,,,,,,
MANUAL_RESEARCH,No same-company or equivalency match found,Manual research required.,No matching same-company paint name and no equivalency source match found.,Army_Painter_registry_26.0.11_aligned.csv,AP_AIR_POTION_GREEN,Army Painter,Warpaints Air,Air,Potion Green,Air,Active/Unknown,,,,,,,,,,,,,,,,,,,,,
MANUAL_RESEARCH,No same-company or equivalency match found,Manual research required.,No matching same-company paint name and no equivalency source match found.,Army_Painter_registry_26.0.11_aligned.csv,AP_AIR_PSYCHIC_SHOCK,Army Painter,Warpaints Air,Air,Psychic Shock,Air,Active/Unknown,,,,,,,,,,,,,,,,,,,,,
MANUAL_RESEARCH,No same-company or equivalency match found,Manual research required.,No matching same-company paint name and no equivalency source match found.,Army_Painter_registry_26.0.11_aligned.csv,AP_AIR_RAVEN_BLACK,Army Painter,Warpaints Air,Air,Raven Black,Air,Active/Unknown,,,,,,,,,,,,,,,,,,,,,
MANUAL_RESEARCH,No same-company or equivalency match found,Manual research required.,No matching same-company paint name and no equivalency source match found.,Army_Painter_registry_26.0.11_aligned.csv,AP_AIR_RAWHIDE_BROWN,Army Painter,Warpaints Air,Air,Rawhide Brown,Air,Active/Unknown,,,,,,,,,,,,,,,,,,,,,
MANUAL_RESEARCH,No same-company or equivalency match found,Manual research required.,No matching same-company paint name and no equivalency source match found.,Army_Painter_registry_26.0.11_aligned.csv,AP_AIR_REBEL_RED,Army Painter,Warpaints Air,Air,Rebel Red,Air,Active/Unknown,,,,,,,,,,,,,,,,,,,,,
MANUAL_RESEARCH,No same-company or equivalency match found,Manual research required.,No matching same-company paint name and no equivalency source match found.,Army_Painter_registry_26.0.11_aligned.csv,AP_AIR_REGIMENT_GREY,Army Painter,Warpaints Air,Air,Regiment Grey,Air,Active/Unknown,,,,,,,,,,,,,,,,,,,,,
SAME_COMPANY_MATCH_MISSING_COLOR,Same-company paint name exists but lacks usable Hex/RGB,Manual review or enrich one of the matching same-company rows first.,"Same-company paint name exists, but no matching row has both Hex and RGB.",Army_Painter_registry_26.0.11_aligned.csv,AP_AIR_ROUGH_IRON,Army Painter,Warpaints Air,Air,Rough Iron,Air Metallic/Effect,Active/Unknown,,,AP_FANATIC_ROUGH_IRON,Army Painter,Warpaints Fanatic,Fanatic,Rough Iron,Metallic,,,,,,,,,,,,,
MANUAL_RESEARCH,No same-company or equivalency match found,Manual research required.,No matching same-company paint name and no equivalency source match found.,Army_Painter_registry_26.0.11_aligned.csv,AP_AIR_RUINOUS_SPELL,Army Painter,Warpaints Air,Air,Ruinous Spell,Air,Active/Unknown,,,,,,,,,,,,,,,,,,,,,
MANUAL_RESEARCH,No same-company or equivalency match found,Manual research required.,No matching same-company paint name and no equivalency source match found.,Army_Painter_registry_26.0.11_aligned.csv,AP_AIR_SAFETY_ORANGE,Army Painter,Warpaints Air,Air,Safety Orange,Air,Active/Unknown,,,,,,,,,,,,,,,,,,,,,
MANUAL_RESEARCH,No same-company or equivalency match found,Manual research required.,No matching same-company paint name and no equivalency source match found.,Army_Painter_registry_26.0.11_aligned.csv,AP_AIR_SAPPHIRE_GEM,Army Painter,Warpaints Air,Air,Sapphire Gem,Air,Active/Unknown,,,,,,,,,,,,,,,,,,,,,
MANUAL_RESEARCH,No same-company or equivalency match found,Manual research required.,No matching same-company paint name and no equivalency source match found.,Army_Painter_registry_26.0.11_aligned.csv,AP_AIR_SATIN_VARNISH,Army Painter,Warpaints Air,Air,Satin Varnish,Auxiliary,Active/Unknown,,,,,,,,,,,,,,,,,,,,,
MANUAL_RESEARCH,No same-company or equivalency match found,Manual research required.,No matching same-company paint name and no equivalency source match found.,Army_Painter_registry_26.0.11_aligned.csv,AP_AIR_SAVAGE_GREEN,Army Painter,Warpaints Air,Air,Savage Green,Air,Active/Unknown,,,,,,,,,,,,,,,,,,,,,
MANUAL_RESEARCH,No same-company or equivalency match found,Manual research required.,No matching same-company paint name and no equivalency source match found.,Army_Painter_registry_26.0.11_aligned.csv,AP_AIR_SHARK_WHITE,Army Painter,Warpaints Air,Air,Shark White,Air,Active/Unknown,,,,,,,,,,,,,,,,,,,,,
SAME_COMPANY_MATCH_MISSING_COLOR,Same-company paint name exists but lacks usable Hex/RGB,Manual review or enrich one of the matching same-company rows first.,"Same-company paint name exists, but no matching row has both Hex and RGB.",Army_Painter_registry_26.0.11_aligned.csv,AP_AIR_SHINING_SILVER,Army Painter,Warpaints Air,Air,Shining Silver,Air Metallic/Effect,Active/Unknown,,,AP_FANATIC_SHINING_SILVER,Army Painter,Warpaints Fanatic,Fanatic,Shining Silver,Metallic,,,,,,,,,,,,,
MANUAL_RESEARCH,No same-company or equivalency match found,Manual research required.,No matching same-company paint name and no equivalency source match found.,Army_Painter_registry_26.0.11_aligned.csv,AP_AIR_STORM_WOLF,Army Painter,Warpaints Air,Air,Storm Wolf,Air,Active/Unknown,,,,,,,,,,,,,,,,,,,,,
SAME_COMPANY_MATCH_MISSING_COLOR,Same-company paint name exists but lacks usable Hex/RGB,Manual review or enrich one of the matching same-company rows first.,"Same-company paint name exists, but no matching row has both Hex and RGB.",Army_Painter_registry_26.0.11_aligned.csv,AP_AIR_TAINTED_GOLD,Army Painter,Warpaints Air,Air,Tainted Gold,Air Metallic/Effect,Active/Unknown,,,AP_FANATIC_TAINTED_GOLD,Army Painter,Warpaints Fanatic,Fanatic,Tainted Gold,Metallic,,,,,,,,,,,,,
MANUAL_RESEARCH,No same-company or equivalency match found,Manual research required.,No matching same-company paint name and no equivalency source match found.,Army_Painter_registry_26.0.11_aligned.csv,AP_AIR_TALISMAN_PURPLE,Army Painter,Warpaints Air,Air,Talisman Purple,Air,Active/Unknown,,,,,,,,,,,,,,,,,,,,,
MANUAL_RESEARCH,No same-company or equivalency match found,Manual research required.,No matching same-company paint name and no equivalency source match found.,Army_Painter_registry_26.0.11_aligned.csv,AP_AIR_THUNDER_STORM,Army Painter,Warpaints Air,Air,Thunder Storm,Air,Active/Unknown,,,,,,,,,,,,,,,,,,,,,
MANUAL_RESEARCH,No same-company or equivalency match found,Manual research required.,No matching same-company paint name and no equivalency source match found.,Army_Painter_registry_26.0.11_aligned.csv,AP_AIR_TRAITOR_RED,Army Painter,Warpaints Air,Air,Traitor Red,Air,Active/Unknown,,,,,,,,,,,,,,,,,,,,,
SAME_COMPANY_MATCH_MISSING_COLOR,Same-company paint name exists but lacks usable Hex/RGB,Manual review or enrich one of the matching same-company rows first.,"Same-company paint name exists, but no matching row has both Hex and RGB.",Army_Painter_registry_26.0.11_aligned.csv,AP_AIR_TRUE_COPPER,Army Painter,Warpaints Air,Air,True Copper,Air Metallic/Effect,Active/Unknown,,,AP_FANATIC_TRUE_COPPER,Army Painter,Warpaints Fanatic,Fanatic,True Copper,Metallic,,,,,,,,,,,,,
MANUAL_RESEARCH,No same-company or equivalency match found,Manual research required.,No matching same-company paint name and no equivalency source match found.,Army_Painter_registry_26.0.11_aligned.csv,AP_AIR_TWILIGHT_SKY,Army Painter,Warpaints Air,Air,Twilight Sky,Air,Active/Unknown,,,,,,,,,,,,,,,,,,,,,
MANUAL_RESEARCH,No same-company or equivalency match found,Manual research required.,No matching same-company paint name and no equivalency source match found.,Army_Painter_registry_26.0.11_aligned.csv,AP_AIR_UNDERGROWTH_GREEN,Army Painter,Warpaints Air,Air,Undergrowth Green,Air,Active/Unknown,,,,,,,,,,,,,,,,,,,,,
MANUAL_RESEARCH,No same-company or equivalency match found,Manual research required.,No matching same-company paint name and no equivalency source match found.,Army_Painter_registry_26.0.11_aligned.csv,AP_AIR_UNFORGIVEN_GREEN,Army Painter,Warpaints Air,Air,Unforgiven Green,Air,Active/Unknown,,,,,,,,,,,,,,,,,,,,,
MANUAL_RESEARCH,No same-company or equivalency match found,Manual research required.,No matching same-company paint name and no equivalency source match found.,Army_Painter_registry_26.0.11_aligned.csv,AP_AIR_VIOLET_VOLT,Army Painter,Warpaints Air,Air,Violet Volt,Air,Active/Unknown,,,,,,,,,,,,,,,,,,,,,
MANUAL_RESEARCH,No same-company or equivalency match found,Manual research required.,No matching same-company paint name and no equivalency source match found.,Army_Painter_registry_26.0.11_aligned.csv,AP_AIR_VIPER_BROWN,Army Painter,Warpaints Air,Air,Viper Brown,Air,Active/Unknown,,,,,,,,,,,,,,,,,,,,,
SAME_COMPANY_MATCH_MISSING_COLOR,Same-company paint name exists but lacks usable Hex/RGB,Manual review or enrich one of the matching same-company rows first.,"Same-company paint name exists, but no matching row has both Hex and RGB.",Army_Painter_registry_26.0.11_aligned.csv,AP_AIR_WEAPON_BRONZE,Army Painter,Warpaints Air,Air,Weapon Bronze,Air Metallic/Effect,Active/Unknown,,,AP_FANATIC_WEAPON_BRONZE,Army Painter,Warpaints Fanatic,Fanatic,Weapon Bronze,Metallic,,,,,,,,,,,,,
MANUAL_RESEARCH,No same-company or equivalency match found,Manual research required.,No matching same-company paint name and no equivalency source match found.,Army_Painter_registry_26.0.11_aligned.csv,AP_AIR_WILDLING_FLESH,Army Painter,Warpaints Air,Air,Wildling Flesh,Air,Active/Unknown,,,,,,,,,,,,,,,,,,,,,
MANUAL_RESEARCH,No same-company or equivalency match found,Manual research required.,No matching same-company paint name and no equivalency source match found.,Army_Painter_registry_26.0.11_aligned.csv,AP_AIR_WITCHBANE_PLUM,Army Painter,Warpaints Air,Air,Witchbane Plum,Air,Active/Unknown,,,,,,,,,,,,,,,,,,,,,
MANUAL_RESEARCH,No same-company or equivalency match found,Manual research required.,No matching same-company paint name and no equivalency source match found.,Army_Painter_registry_26.0.11_aligned.csv,AP_AIR_WYRMLING_RED,Army Painter,Warpaints Air,Air,Wyrmling Red,Air,Active/Unknown,,,,,,,,,,,,,,,,,,,,,
MANUAL_RESEARCH,No same-company or equivalency match found,Manual research required.,No matching same-company paint name and no equivalency source match found.,Army_Painter_registry_26.0.11_aligned.csv,AP_AIR_YELLOW_DUNE,Army Painter,Warpaints Air,Air,Yellow Dune,Air,Active/Unknown,,,,,,,,,,,,,,,,,,,,,
MANUAL_RESEARCH,No same-company or equivalency match found,Manual research required.,No matching same-company paint name and no equivalency source match found.,Army_Painter_registry_26.0.11_aligned.csv,AP_AIR_YETI_WHITE,Army Painter,Warpaints Air,Air,Yeti White,Air,Active/Unknown,,,,,,,,,,,,,,,,,,,,,
MANUAL_RESEARCH,No same-company or equivalency match found,Manual research required.,No matching same-company paint name and no equivalency source match found.,Army_Painter_registry_26.0.11_aligned.csv,AP_AIR_ZEPHYR_PINK,Army Painter,Warpaints Air,Air,Zephyr Pink,Air,Active/Unknown,,,,,,,,,,,,,,,,,,,,,
MANUAL_RESEARCH,No same-company or equivalency match found,Manual research required.,No matching same-company paint name and no equivalency source match found.,Army_Painter_registry_26.0.11_aligned.csv,AP_AIR_ZOMBIE_FLESH,Army Painter,Warpaints Air,Air,Zombie Flesh,Air,Active/Unknown,,,,,,,,,,,,,,,,,,,,,
MANUAL_RESEARCH,No same-company or equivalency match found,Manual research required.,No matching same-company paint name and no equivalency source match found.,Army_Painter_registry_26.0.11_aligned.csv,AP_FANATIC_ABYSSAL_BLUE,Army Painter,Warpaints Fanatic,Fanatic,Abyssal Blue,Acrylic,Active/Unknown,,,,,,,,,,,,,,,,,,,,,
MANUAL_RESEARCH,No same-company or equivalency match found,Manual research required.,No matching same-company paint name and no equivalency source match found.,Army_Painter_registry_26.0.11_aligned.csv,AP_FANATIC_AEGIS_AQUA,Army Painter,Warpaints Fanatic,Fanatic,Aegis Aqua,Acrylic,Active/Unknown,,,,,,,,,,,,,,,,,,,,,
MANUAL_RESEARCH,No same-company or equivalency match found,Manual research required.,No matching same-company paint name and no equivalency source match found.,Army_Painter_registry_26.0.11_aligned.csv,AP_FANATIC_AFTERGLOW,Army Painter,Warpaints Fanatic,Fanatic,Afterglow,Acrylic,Active/Unknown,,,,,,,,,,,,,,,,,,,,,
MANUAL_RESEARCH,No same-company or equivalency match found,Manual research required.,No matching same-company paint name and no equivalency source match found.,Army_Painter_registry_26.0.11_aligned.csv,AP_FANATIC_AGATE_SKIN,Army Painter,Warpaints Fanatic,Fanatic,Agate Skin,Acrylic,Active/Unknown,,,,,,,,,,,,,,,,,,,,,
MANUAL_RESEARCH,No same-company or equivalency match found,Manual research required.,No matching same-company paint name and no equivalency source match found.,Army_Painter_registry_26.0.11_aligned.csv,AP_FANATIC_ALPHA_BLUE,Army Painter,Warpaints Fanatic,Fanatic,Alpha Blue,Acrylic,Active/Unknown,,,,,,,,,,,,,,,,,,,,,
MANUAL_RESEARCH,No same-company or equivalency match found,Manual research required.,No matching same-company paint name and no equivalency source match found.,Army_Painter_registry_26.0.11_aligned.csv,AP_FANATIC_AMBER_SKIN,Army Painter,Warpaints Fanatic,Fanatic,Amber Skin,Acrylic,Active/Unknown,,,,,,,,,,,,,,,,,,,,,
MANUAL_RESEARCH,No same-company or equivalency match found,Manual research required.,No matching same-company paint name and no equivalency source match found.,Army_Painter_registry_26.0.11_aligned.csv,AP_FANATIC_AMULET_AQUA,Army Painter,Warpaints Fanatic,Fanatic,Amulet Aqua,Acrylic,Active/Unknown,,,,,,,,,,,,,,,,,,,,,
MANUAL_RESEARCH,No same-company or equivalency match found,Manual research required.,No matching same-company paint name and no equivalency source match found.,Army_Painter_registry_26.0.11_aligned.csv,AP_FANATIC_ANCIENT_STONE,Army Painter,Warpaints Fanatic,Fanatic,Ancient Stone,Acrylic,Active/Unknown,,,,,,,,,,,,,,,,,,,,,
MANUAL_RESEARCH,No same-company or equivalency match found,Manual research required.,No matching same-company paint name and no equivalency source match found.,Army_Painter_registry_26.0.11_aligned.csv,AP_FANATIC_ANGELIC_RED,Army Painter,Warpaints Fanatic,Fanatic,Angelic Red,Acrylic,Active/Unknown,,,,,,,,,,,,,,,,,,,,,
MANUAL_RESEARCH,No same-company or equivalency match found,Manual research required.,No matching same-company paint name and no equivalency source match found.,Army_Painter_registry_26.0.11_aligned.csv,AP_FANATIC_AQUA_ALCHEMY,Army Painter,Warpaints Fanatic,Fanatic,Aqua Alchemy,Acrylic,Active/Unknown,,,,,,,,,,,,,,,,,,,,,
MANUAL_RESEARCH,No same-company or equivalency match found,Manual research required.,No matching same-company paint name and no equivalency source match found.,Army_Painter_registry_26.0.11_aligned.csv,AP_FANATIC_AQUAMARINE,Army Painter,Warpaints Fanatic,Fanatic,Aquamarine,Acrylic,Active/Unknown,,,,,,,,,,,,,,,,,,,,,
MANUAL_RESEARCH,No same-company or equivalency match found,Manual research required.,No matching same-company paint name and no equivalency source match found.,Army_Painter_registry_26.0.11_aligned.csv,AP_FANATIC_ARCTIC_GEM,Army Painter,Warpaints Fanatic,Fanatic,Arctic Gem,Acrylic,Active/Unknown,,,,,,,,,,,,,,,,,,,,,
MANUAL_RESEARCH,No same-company or equivalency match found,Manual research required.,No matching same-company paint name and no equivalency source match found.,Army_Painter_registry_26.0.11_aligned.csv,AP_FANATIC_AUGUR_BLUE,Army Painter,Warpaints Fanatic,Fanatic,Augur Blue,Acrylic,Active/Unknown,,,,,,,,,,,,,,,,,,,,,
MANUAL_RESEARCH,No same-company or equivalency match found,Manual research required.,No matching same-company paint name and no equivalency source match found.,Army_Painter_registry_26.0.11_aligned.csv,AP_FANATIC_AUTUMN_SAGE,Army Painter,Warpaints Fanatic,Fanatic,Autumn Sage,Acrylic,Active/Unknown,,,,,,,,,,,,,,,,,,,,,
MANUAL_RESEARCH,No same-company or equivalency match found,Manual research required.,No matching same-company paint name and no equivalency source match found.,Army_Painter_registry_26.0.11_aligned.csv,AP_FANATIC_BARON_BLUE,Army Painter,Warpaints Fanatic,Fanatic,Baron Blue,Acrylic,Active/Unknown,,,,,,,,,,,,,,,,,,,,,
MANUAL_RESEARCH,No same-company or equivalency match found,Manual research required.,No matching same-company paint name and no equivalency source match found.,Army_Painter_registry_26.0.11_aligned.csv,AP_FANATIC_BARREN_DUNE,Army Painter,Warpaints Fanatic,Fanatic,Barren Dune,Acrylic,Active/Unknown,,,,,,,,,,,,,,,,,,,,,
MANUAL_RESEARCH,No same-company or equivalency match found,Manual research required.,No matching same-company paint name and no equivalency source match found.,Army_Painter_registry_26.0.11_aligned.csv,AP_FANATIC_BASILISK_RED,Army Painter,Warpaints Fanatic,Fanatic,Basilisk Red,Acrylic,Active/Unknown,,,,,,,,,,,,,,,,,,,,,
MANUAL_RESEARCH,No same-company or equivalency match found,Manual research required.,No matching same-company paint name and no equivalency source match found.,Army_Painter_registry_26.0.11_aligned.csv,AP_FANATIC_BLOOD_CHALICE,Army Painter,Warpaints Fanatic,Fanatic,Blood Chalice,Effect,Active/Unknown,,,,,,,,,,,,,,,,,,,,,
MANUAL_RESEARCH,No same-company or equivalency match found,Manual research required.,No matching same-company paint name and no equivalency source match found.,Army_Painter_registry_26.0.11_aligned.csv,AP_FANATIC_BLUE_TONE,Army Painter,Warpaints Fanatic,Fanatic,Blue Tone,Wash/Shade,Active/Unknown,,,,,,,,,,,,,,,,,,,,,
MANUAL_RESEARCH,No same-company or equivalency match found,Manual research required.,No matching same-company paint name and no equivalency source match found.,Army_Painter_registry_26.0.11_aligned.csv,AP_FANATIC_BONY_SPIKES,Army Painter,Warpaints Fanatic,Fanatic,Bony Spikes,Acrylic,Active/Unknown,,,,,,,,,,,,,,,,,,,,,
MANUAL_RESEARCH,No same-company or equivalency match found,Manual research required.,No matching same-company paint name and no equivalency source match found.,Army_Painter_registry_26.0.11_aligned.csv,AP_FANATIC_BOOTSTRAP_BROWN,Army Painter,Warpaints Fanatic,Fanatic,Bootstrap Brown,Acrylic,Active/Unknown,,,,,,,,,,,,,,,,,,,,,
MANUAL_RESEARCH,No same-company or equivalency match found,Manual research required.,No matching same-company paint name and no equivalency source match found.,Army_Painter_registry_26.0.11_aligned.csv,AP_FANATIC_BRIGADE_GREY,Army Painter,Warpaints Fanatic,Fanatic,Brigade Grey,Acrylic,Active/Unknown,,,,,,,,,,,,,,,,,,,,,
MANUAL_RESEARCH,No same-company or equivalency match found,Manual research required.,No matching same-company paint name and no equivalency source match found.,Army_Painter_registry_26.0.11_aligned.csv,AP_FANATIC_BRIGANDINE_BROWN,Army Painter,Warpaints Fanatic,Fanatic,Brigandine Brown,Acrylic,Active/Unknown,,,,,,,,,,,,,,,,,,,,,
SAME_COMPANY_MATCH_MISSING_COLOR,Same-company paint name exists but lacks usable Hex/RGB,Manual review or enrich one of the matching same-company rows first.,"Same-company paint name exists, but no matching row has both Hex and RGB.",Army_Painter_registry_26.0.11_aligned.csv,AP_FANATIC_BRIGHT_GOLD,Army Painter,Warpaints Fanatic,Fanatic,Bright Gold,Metallic,Active/Unknown,,,AP_AIR_BRIGHT_GOLD,Army Painter,Warpaints Air,Air,Bright Gold,Air Metallic/Effect,,,,,,,,,,,,,
MANUAL_RESEARCH,No same-company or equivalency match found,Manual research required.,No matching same-company paint name and no equivalency source match found.,Army_Painter_registry_26.0.11_aligned.csv,AP_FANATIC_BRIGHT_SAPPHIRE,Army Painter,Warpaints Fanatic,Fanatic,Bright Sapphire,Acrylic,Active/Unknown,,,,,,,,,,,,,,,,,,,,,
MANUAL_RESEARCH,No same-company or equivalency match found,Manual research required.,No matching same-company paint name and no equivalency source match found.,Army_Painter_registry_26.0.11_aligned.csv,AP_FANATIC_BRUSH_ON_PRIMER,Army Painter,Warpaints Fanatic,Fanatic,Brush-On Primer,Auxiliary,Active/Unknown,,,,,,,,,,,,,,,,,,,,,
MANUAL_RESEARCH,No same-company or equivalency match found,Manual research required.,No matching same-company paint name and no equivalency source match found.,Army_Painter_registry_26.0.11_aligned.csv,AP_FANATIC_BUFFED_HIDE,Army Painter,Warpaints Fanatic,Fanatic,Buffed Hide,Acrylic,Active/Unknown,,,,,,,,,,,,,,,,,,,,,
MANUAL_RESEARCH,No same-company or equivalency match found,Manual research required.,No matching same-company paint name and no equivalency source match found.,Army_Painter_registry_26.0.11_aligned.csv,AP_FANATIC_BURNING_ORE,Army Painter,Warpaints Fanatic,Fanatic,Burning Ore,Acrylic,Active/Unknown,,,,,,,,,,,,,,,,,,,,,
MANUAL_RESEARCH,No same-company or equivalency match found,Manual research required.,No matching same-company paint name and no equivalency source match found.,Army_Painter_registry_26.0.11_aligned.csv,AP_FANATIC_BURNT_TURF,Army Painter,Warpaints Fanatic,Fanatic,Burnt Turf,Acrylic,Active/Unknown,,,,,,,,,,,,,,,,,,,,,
MANUAL_RESEARCH,No same-company or equivalency match found,Manual research required.,No matching same-company paint name and no equivalency source match found.,Army_Painter_registry_26.0.11_aligned.csv,AP_FANATIC_CARNELIAN_SKIN,Army Painter,Warpaints Fanatic,Fanatic,Carnelian Skin,Acrylic,Active/Unknown,,,,,,,,,,,,,,,,,,,,,
MANUAL_RESEARCH,No same-company or equivalency match found,Manual research required.,No matching same-company paint name and no equivalency source match found.,Army_Painter_registry_26.0.11_aligned.csv,AP_FANATIC_COBALT_METAL,Army Painter,Warpaints Fanatic,Fanatic,Cobalt Metal,Metallic,Active/Unknown,,,,,,,,,,,,,,,,,,,,,
MANUAL_RESEARCH,No same-company or equivalency match found,Manual research required.,No matching same-company paint name and no equivalency source match found.,Army_Painter_registry_26.0.11_aligned.csv,AP_FANATIC_COMMAND_KHAKI,Army Painter,Warpaints Fanatic,Fanatic,Command Khaki,Acrylic,Active/Unknown,,,,,,,,,,,,,,,,,,,,,
MANUAL_RESEARCH,No same-company or equivalency match found,Manual research required.,No matching same-company paint name and no equivalency source match found.,Army_Painter_registry_26.0.11_aligned.csv,AP_FANATIC_COMPANY_GREY,Army Painter,Warpaints Fanatic,Fanatic,Company Grey,Acrylic,Active/Unknown,,,,,,,,,,,,,,,,,,,,,
MANUAL_RESEARCH,No same-company or equivalency match found,Manual research required.,No matching same-company paint name and no equivalency source match found.,Army_Painter_registry_26.0.11_aligned.csv,AP_FANATIC_CULTIST_PURPLE,Army Painter,Warpaints Fanatic,Fanatic,Cultist Purple,Acrylic,Active/Unknown,,,,,,,,,,,,,,,,,,,,,
MANUAL_RESEARCH,No same-company or equivalency match found,Manual research required.,No matching same-company paint name and no equivalency source match found.,Army_Painter_registry_26.0.11_aligned.csv,AP_FANATIC_DARK_BLUE_TONE,Army Painter,Warpaints Fanatic,Fanatic,Dark Blue Tone,Wash/Shade,Active/Unknown,,,,,,,,,,,,,,,,,,,,,
MANUAL_RESEARCH,No same-company or equivalency match found,Manual research required.,No matching same-company paint name and no equivalency source match found.,Army_Painter_registry_26.0.11_aligned.csv,AP_FANATIC_DARK_EMERALD,Army Painter,Warpaints Fanatic,Fanatic,Dark Emerald,Metallic,Active/Unknown,,,,,,,,,,,,,,,,,,,,,
MANUAL_RESEARCH,No same-company or equivalency match found,Manual research required.,No matching same-company paint name and no equivalency source match found.,Army_Painter_registry_26.0.11_aligned.csv,AP_FANATIC_DARK_RED_TONE,Army Painter,Warpaints Fanatic,Fanatic,Dark Red Tone,Wash/Shade,Active/Unknown,,,,,,,,,,,,,,,,,,,,,
MANUAL_RESEARCH,No same-company or equivalency match found,Manual research required.,No matching same-company paint name and no equivalency source match found.,Army_Painter_registry_26.0.11_aligned.csv,AP_FANATIC_DARK_RUST,Army Painter,Warpaints Fanatic,Fanatic,Dark Rust,Effect,Active/Unknown,,,,,,,,,,,,,,,,,,,,,
MANUAL_RESEARCH,No same-company or equivalency match found,Manual research required.,No matching same-company paint name and no equivalency source match found.,Army_Painter_registry_26.0.11_aligned.csv,AP_FANATIC_DARK_SKIN_SHADE,Army Painter,Warpaints Fanatic,Fanatic,Dark Skin Shade,Wash/Shade,Active/Unknown,,,,,,,,,,,,,,,,,,,,,
MANUAL_RESEARCH,No same-company or equivalency match found,Manual research required.,No matching same-company paint name and no equivalency source match found.,Army_Painter_registry_26.0.11_aligned.csv,AP_FANATIC_DARK_TONE,Army Painter,Warpaints Fanatic,Fanatic,Dark Tone,Wash/Shade,Active/Unknown,,,,,,,,,,,,,,,,,,,,,
MANUAL_RESEARCH,No same-company or equivalency match found,Manual research required.,No matching same-company paint name and no equivalency source match found.,Army_Painter_registry_26.0.11_aligned.csv,AP_FANATIC_DATA_SYSTEM_GLOW,Army Painter,Warpaints Fanatic,Fanatic,Data System Glow,Effect,Active/Unknown,,,,,,,,,,,,,,,,,,,,,
MANUAL_RESEARCH,No same-company or equivalency match found,Manual research required.,No matching same-company paint name and no equivalency source match found.,Army_Painter_registry_26.0.11_aligned.csv,AP_FANATIC_DEATH_METAL,Army Painter,Warpaints Fanatic,Fanatic,Death Metal,Metallic,Active/Unknown,,,,,,,,,,,,,,,,,,,,,
MANUAL_RESEARCH,No same-company or equivalency match found,Manual research required.,No matching same-company paint name and no equivalency source match found.,Army_Painter_registry_26.0.11_aligned.csv,AP_FANATIC_DEEP_AZURE,Army Painter,Warpaints Fanatic,Fanatic,Deep Azure,Acrylic,Active/Unknown,,,,,,,,,,,,,,,,,,,,,
MANUAL_RESEARCH,No same-company or equivalency match found,Manual research required.,No matching same-company paint name and no equivalency source match found.,Army_Painter_registry_26.0.11_aligned.csv,AP_FANATIC_DEEP_GREY,Army Painter,Warpaints Fanatic,Fanatic,Deep Grey,Acrylic,Active/Unknown,,,,,,,,,,,,,,,,,,,,,
MANUAL_RESEARCH,No same-company or equivalency match found,Manual research required.,No matching same-company paint name and no equivalency source match found.,Army_Painter_registry_26.0.11_aligned.csv,AP_FANATIC_DEEP_OCEAN_BLUE,Army Painter,Warpaints Fanatic,Fanatic,Deep Ocean Blue,Acrylic,Active/Unknown,,,,,,,,,,,,,,,,,,,,,
MANUAL_RESEARCH,No same-company or equivalency match found,Manual research required.,No matching same-company paint name and no equivalency source match found.,Army_Painter_registry_26.0.11_aligned.csv,AP_FANATIC_DEMIGOD_FLAMES,Army Painter,Warpaints Fanatic,Fanatic,Demigod Flames,Acrylic,Active/Unknown,,,,,,,,,,,,,,,,,,,,,
MANUAL_RESEARCH,No same-company or equivalency match found,Manual research required.,No matching same-company paint name and no equivalency source match found.,Army_Painter_registry_26.0.11_aligned.csv,AP_FANATIC_DIABOLIC_PLUM,Army Painter,Warpaints Fanatic,Fanatic,Diabolic Plum,Acrylic,Active/Unknown,,,,,,,,,,,,,,,,,,,,,
MANUAL_RESEARCH,No same-company or equivalency match found,Manual research required.,No matching same-company paint name and no equivalency source match found.,Army_Painter_registry_26.0.11_aligned.csv,AP_FANATIC_DISGUSTING_SLIME,Army Painter,Warpaints Fanatic,Fanatic,Disgusting Slime,Effect,Active/Unknown,,,,,,,,,,,,,,,,,,,,,
MANUAL_RESEARCH,No same-company or equivalency match found,Manual research required.,No matching same-company paint name and no equivalency source match found.,Army_Painter_registry_26.0.11_aligned.csv,AP_FANATIC_DIVINER_LIGHT,Army Painter,Warpaints Fanatic,Fanatic,Diviner Light,Acrylic,Active/Unknown,,,,,,,,,,,,,,,,,,,,,
MANUAL_RESEARCH,No same-company or equivalency match found,Manual research required.,No matching same-company paint name and no equivalency source match found.,Army_Painter_registry_26.0.11_aligned.csv,AP_FANATIC_DOOMFIRE_DRAB,Army Painter,Warpaints Fanatic,Fanatic,Doomfire Drab,Acrylic,Active/Unknown,,,,,,,,,,,,,,,,,,,,,
MANUAL_RESEARCH,No same-company or equivalency match found,Manual research required.,No matching same-company paint name and no equivalency source match found.,Army_Painter_registry_26.0.11_aligned.csv,AP_FANATIC_DORADO_SKIN,Army Painter,Warpaints Fanatic,Fanatic,Dorado Skin,Acrylic,Active/Unknown,,,,,,,,,,,,,,,,,,,,,
MANUAL_RESEARCH,No same-company or equivalency match found,Manual research required.,No matching same-company paint name and no equivalency source match found.,Army_Painter_registry_26.0.11_aligned.csv,AP_FANATIC_DRY_BLOOD,Army Painter,Warpaints Fanatic,Fanatic,Dry Blood,Effect,Active/Unknown,,,,,,,,,,,,,,,,,,,,,
MANUAL_RESEARCH,No same-company or equivalency match found,Manual research required.,No matching same-company paint name and no equivalency source match found.,Army_Painter_registry_26.0.11_aligned.csv,AP_FANATIC_DRYAD_BROWN,Army Painter,Warpaints Fanatic,Fanatic,Dryad Brown,Acrylic,Active/Unknown,,,,,,,,,,,,,,,,,,,,,
MANUAL_RESEARCH,No same-company or equivalency match found,Manual research required.,No matching same-company paint name and no equivalency source match found.,Army_Painter_registry_26.0.11_aligned.csv,AP_FANATIC_DUSTY_SKULL,Army Painter,Warpaints Fanatic,Fanatic,Dusty Skull,Acrylic,Active/Unknown,,,,,,,,,,,,,,,,,,,,,
MANUAL_RESEARCH,No same-company or equivalency match found,Manual research required.,No matching same-company paint name and no equivalency source match found.,Army_Painter_registry_26.0.11_aligned.csv,AP_FANATIC_ELDER_FLOWER,Army Painter,Warpaints Fanatic,Fanatic,Elder Flower,Acrylic,Active/Unknown,,,,,,,,,,,,,,,,,,,,,
MANUAL_RESEARCH,No same-company or equivalency match found,Manual research required.,No matching same-company paint name and no equivalency source match found.,Army_Painter_registry_26.0.11_aligned.csv,AP_FANATIC_ELECTRIC_LIME,Army Painter,Warpaints Fanatic,Fanatic,Electric Lime,Acrylic,Active/Unknown,,,,,,,,,,,,,,,,,,,,,
MANUAL_RESEARCH,No same-company or equivalency match found,Manual research required.,No matching same-company paint name and no equivalency source match found.,Army_Painter_registry_26.0.11_aligned.csv,AP_FANATIC_EMERALD_FOREST,Army Painter,Warpaints Fanatic,Fanatic,Emerald Forest,Metallic,Active/Unknown,,,,,,,,,,,,,,,,,,,,,
MANUAL_RESEARCH,No same-company or equivalency match found,Manual research required.,No matching same-company paint name and no equivalency source match found.,Army_Painter_registry_26.0.11_aligned.csv,AP_FANATIC_ENCHANTED_PINK,Army Painter,Warpaints Fanatic,Fanatic,Enchanted Pink,Acrylic,Active/Unknown,,,,,,,,,,,,,,,,,,,,,
MANUAL_RESEARCH,No same-company or equivalency match found,Manual research required.,No matching same-company paint name and no equivalency source match found.,Army_Painter_registry_26.0.11_aligned.csv,AP_FANATIC_ETERNAL_HUNT,Army Painter,Warpaints Fanatic,Fanatic,Eternal Hunt,Acrylic,Active/Unknown,,,,,,,,,,,,,,,,,,,,,
MANUAL_RESEARCH,No same-company or equivalency match found,Manual research required.,No matching same-company paint name and no equivalency source match found.,Army_Painter_registry_26.0.11_aligned.csv,AP_FANATIC_EVERGREEN_FOG,Army Painter,Warpaints Fanatic,Fanatic,Evergreen Fog,Acrylic,Active/Unknown,,,,,,,,,,,,,,,,,,,,,
SAME_COMPANY_MATCH_MISSING_COLOR,Same-company paint name exists but lacks usable Hex/RGB,Manual review or enrich one of the matching same-company rows first.,"Same-company paint name exists, but no matching row has both Hex and RGB.",Army_Painter_registry_26.0.11_aligned.csv,AP_FANATIC_EVIL_CHROME,Army Painter,Warpaints Fanatic,Fanatic,Evil Chrome,Metallic,Active/Unknown,,,AP_AIR_EVIL_CHROME,Army Painter,Warpaints Air,Air,Evil Chrome,Air,,,,,,,,,,,,,
MANUAL_RESEARCH,No same-company or equivalency match found,Manual research required.,No matching same-company paint name and no equivalency source match found.,Army_Painter_registry_26.0.11_aligned.csv,AP_FANATIC_FEROCIOUS_GREEN,Army Painter,Warpaints Fanatic,Fanatic,Ferocious Green,Acrylic,Active/Unknown,,,,,,,,,,,,,,,,,,,,,
MANUAL_RESEARCH,No same-company or equivalency match found,Manual research required.,No matching same-company paint name and no equivalency source match found.,Army_Painter_registry_26.0.11_aligned.csv,AP_FANATIC_FIENDISH_YELLOW,Army Painter,Warpaints Fanatic,Fanatic,Fiendish Yellow,Acrylic,Active/Unknown,,,,,,,,,,,,,,,,,,,,,
MANUAL_RESEARCH,No same-company or equivalency match found,Manual research required.,No matching same-company paint name and no equivalency source match found.,Army_Painter_registry_26.0.11_aligned.csv,AP_FANATIC_FIGGY_PINK,Army Painter,Warpaints Fanatic,Fanatic,Figgy Pink,Acrylic,Active/Unknown,,,,,,,,,,,,,,,,,,,,,
MANUAL_RESEARCH,No same-company or equivalency match found,Manual research required.,No matching same-company paint name and no equivalency source match found.,Army_Painter_registry_26.0.11_aligned.csv,AP_FANATIC_FLICKERING_FLAME,Army Painter,Warpaints Fanatic,Fanatic,Flickering Flame,Acrylic,Active/Unknown,,,,,,,,,,,,,,,,,,,,,
MANUAL_RESEARCH,No same-company or equivalency match found,Manual research required.,No matching same-company paint name and no equivalency source match found.,Army_Painter_registry_26.0.11_aligned.csv,AP_FANATIC_FORBIDDEN_FRUIT,Army Painter,Warpaints Fanatic,Fanatic,Forbidden Fruit,Acrylic,Active/Unknown,,,,,,,,,,,,,,,,,,,,,
MANUAL_RESEARCH,No same-company or equivalency match found,Manual research required.,No matching same-company paint name and no equivalency source match found.,Army_Painter_registry_26.0.11_aligned.csv,AP_FANATIC_FOREST_FAUN,Army Painter,Warpaints Fanatic,Fanatic,Forest Faun,Acrylic,Active/Unknown,,,,,,,,,,,,,,,,,,,,,
MANUAL_RESEARCH,No same-company or equivalency match found,Manual research required.,No matching same-company paint name and no equivalency source match found.,Army_Painter_registry_26.0.11_aligned.csv,AP_FANATIC_FRESH_RUST,Army Painter,Warpaints Fanatic,Fanatic,Fresh Rust,Effect,Active/Unknown,,,,,,,,,,,,,,,,,,,,,
MANUAL_RESEARCH,No same-company or equivalency match found,Manual research required.,No matching same-company paint name and no equivalency source match found.,Army_Painter_registry_26.0.11_aligned.csv,AP_FANATIC_FROST_BLUE,Army Painter,Warpaints Fanatic,Fanatic,Frost Blue,Acrylic,Active/Unknown,,,,,,,,,,,,,,,,,,,,,
MANUAL_RESEARCH,No same-company or equivalency match found,Manual research required.,No matching same-company paint name and no equivalency source match found.,Army_Painter_registry_26.0.11_aligned.csv,AP_FANATIC_GARGOYLE_GREY,Army Painter,Warpaints Fanatic,Fanatic,Gargoyle Grey,Acrylic,Active/Unknown,,,,,,,,,,,,,,,,,,,,,
SAME_COMPANY_MATCH_MISSING_COLOR,Same-company paint name exists but lacks usable Hex/RGB,Manual review or enrich one of the matching same-company rows first.,"Same-company paint name exists, but no matching row has both Hex and RGB.",Army_Painter_registry_26.0.11_aligned.csv,AP_FANATIC_GEMSTONE_RED,Army Painter,Warpaints Fanatic,Fanatic,Gemstone Red,Metallic,Active/Unknown,,,AP_AIR_GEMSTONE_RED,Army Painter,Warpaints Air,Air,Gemstone Red,Air Metallic/Effect,,,,,,,,,,,,,
SAME_COMPANY_MATCH_MISSING_COLOR,Same-company paint name exists but lacks usable Hex/RGB,Manual review or enrich one of the matching same-company rows first.,"Same-company paint name exists, but no matching row has both Hex and RGB.",Army_Painter_registry_26.0.11_aligned.csv,AP_FANATIC_GLITTERING_GREEN,Army Painter,Warpaints Fanatic,Fanatic,Glittering Green,Metallic,Active/Unknown,,,AP_AIR_GLITTERING_GREEN,Army Painter,Warpaints Air,Air,Glittering Green,Air Metallic/Effect,,,,,,,,,,,,,
SAME_COMPANY_MATCH_MISSING_COLOR,Same-company paint name exists but lacks usable Hex/RGB,Manual review or enrich one of the matching same-company rows first.,"Same-company paint name exists, but no matching row has both Hex and RGB.",Army_Painter_registry_26.0.11_aligned.csv,AP_FANATIC_GLOSS_VARNISH,Army Painter,Warpaints Fanatic,Fanatic,Gloss Varnish,Auxiliary,Active/Unknown,,,AP_AIR_GLOSS_VARNISH,Army Painter,Warpaints Air,Air,Gloss Varnish,Auxiliary,,,,,,,,,,,,,
MANUAL_RESEARCH,No same-company or equivalency match found,Manual research required.,No matching same-company paint name and no equivalency source match found.,Army_Painter_registry_26.0.11_aligned.csv,AP_FANATIC_GLOWING_INFERNO,Army Painter,Warpaints Fanatic,Fanatic,Glowing Inferno,Effect,Active/Unknown,,,,,,,,,,,,,,,,,,,,,
MANUAL_RESEARCH,No same-company or equivalency match found,Manual research required.,No matching same-company paint name and no equivalency source match found.,Army_Painter_registry_26.0.11_aligned.csv,AP_FANATIC_GOTHIC_BLUE,Army Painter,Warpaints Fanatic,Fanatic,Gothic Blue,Acrylic,Active/Unknown,,,,,,,,,,,,,,,,,,,,,
MANUAL_RESEARCH,No same-company or equivalency match found,Manual research required.,No matching same-company paint name and no equivalency source match found.,Army_Painter_registry_26.0.11_aligned.csv,AP_FANATIC_GREAT_HALL_GREY,Army Painter,Warpaints Fanatic,Fanatic,Great Hall Grey,Acrylic,Active/Unknown,,,,,,,,,,,,,,,,,,,,,
SAME_COMPANY_MATCH_MISSING_COLOR,Same-company paint name exists but lacks usable Hex/RGB,Manual review or enrich one of the matching same-company rows first.,"Same-company paint name exists, but no matching row has both Hex and RGB.",Army_Painter_registry_26.0.11_aligned.csv,AP_FANATIC_GREEDY_GOLD,Army Painter,Warpaints Fanatic,Fanatic,Greedy Gold,Metallic,Active/Unknown,,,AP_AIR_GREEDY_GOLD,Army Painter,Warpaints Air,Air,Greedy Gold,Air Metallic/Effect,,,,,,,,,,,,,
MANUAL_RESEARCH,No same-company or equivalency match found,Manual research required.,No matching same-company paint name and no equivalency source match found.,Army_Painter_registry_26.0.11_aligned.csv,AP_FANATIC_GREEN_TONE,Army Painter,Warpaints Fanatic,Fanatic,Green Tone,Wash/Shade,Active/Unknown,,,,,,,,,,,,,,,,,,,,,
MANUAL_RESEARCH,No same-company or equivalency match found,Manual research required.,No matching same-company paint name and no equivalency source match found.,Army_Painter_registry_26.0.11_aligned.csv,AP_FANATIC_GREY_CASTLE,Army Painter,Warpaints Fanatic,Fanatic,Grey Castle,Acrylic,Active/Unknown,,,,,,,,,,,,,,,,,,,,,
MANUAL_RESEARCH,No same-company or equivalency match found,Manual research required.,No matching same-company paint name and no equivalency source match found.,Army_Painter_registry_26.0.11_aligned.csv,AP_FANATIC_GROTESQUE_GREEN,Army Painter,Warpaints Fanatic,Fanatic,Grotesque Green,Acrylic,Active/Unknown,,,,,,,,,,,,,,,,,,,,,
MANUAL_RESEARCH,No same-company or equivalency match found,Manual research required.,No matching same-company paint name and no equivalency source match found.,Army_Painter_registry_26.0.11_aligned.csv,AP_FANATIC_GUARDIAN_GREEN,Army Painter,Warpaints Fanatic,Fanatic,Guardian Green,Acrylic,Active/Unknown,,,,,,,,,,,,,,,,,,,,,
MANUAL_RESEARCH,No same-company or equivalency match found,Manual research required.,No matching same-company paint name and no equivalency source match found.,Army_Painter_registry_26.0.11_aligned.csv,AP_FANATIC_HEXED_VIOLET,Army Painter,Warpaints Fanatic,Fanatic,Hexed Violet,Acrylic,Active/Unknown,,,,,,,,,,,,,,,,,,,,,
MANUAL_RESEARCH,No same-company or equivalency match found,Manual research required.,No matching same-company paint name and no equivalency source match found.,Army_Painter_registry_26.0.11_aligned.csv,AP_FANATIC_ICE_YELLOW,Army Painter,Warpaints Fanatic,Fanatic,Ice Yellow,Acrylic,Active/Unknown,,,,,,,,,,,,,,,,,,,,,
MANUAL_RESEARCH,No same-company or equivalency match found,Manual research required.,No matching same-company paint name and no equivalency source match found.,Army_Painter_registry_26.0.11_aligned.csv,AP_FANATIC_IMPERIAL_NAVY,Army Painter,Warpaints Fanatic,Fanatic,Imperial Navy,Acrylic,Active/Unknown,,,,,,,,,,,,,,,,,,,,,
MANUAL_RESEARCH,No same-company or equivalency match found,Manual research required.,No matching same-company paint name and no equivalency source match found.,Army_Painter_registry_26.0.11_aligned.csv,AP_FANATIC_IMPISH_ROUGE,Army Painter,Warpaints Fanatic,Fanatic,Impish Rouge,Acrylic,Active/Unknown,,,,,,,,,,,,,,,,,,,,,
MANUAL_RESEARCH,No same-company or equivalency match found,Manual research required.,No matching same-company paint name and no equivalency source match found.,Army_Painter_registry_26.0.11_aligned.csv,AP_FANATIC_INNER_LIGHT,Army Painter,Warpaints Fanatic,Fanatic,Inner Light,Acrylic,Active/Unknown,,,,,,,,,,,,,,,,,,,,,
MANUAL_RESEARCH,No same-company or equivalency match found,Manual research required.,No matching same-company paint name and no equivalency source match found.,Army_Painter_registry_26.0.11_aligned.csv,AP_FANATIC_JASPER_SKIN,Army Painter,Warpaints Fanatic,Fanatic,Jasper Skin,Acrylic,Active/Unknown,,,,,,,,,,,,,,,,,,,,,
MANUAL_RESEARCH,No same-company or equivalency match found,Manual research required.,No matching same-company paint name and no equivalency source match found.,Army_Painter_registry_26.0.11_aligned.csv,AP_FANATIC_KRAKEN_LAVENDER,Army Painter,Warpaints Fanatic,Fanatic,Kraken Lavender,Acrylic,Active/Unknown,,,,,,,,,,,,,,,,,,,,,
MANUAL_RESEARCH,No same-company or equivalency match found,Manual research required.,No matching same-company paint name and no equivalency source match found.,Army_Painter_registry_26.0.11_aligned.csv,AP_FANATIC_LEAFY_GREEN,Army Painter,Warpaints Fanatic,Fanatic,Leafy Green,Acrylic,Active/Unknown,,,,,,,,,,,,,,,,,,,,,
MANUAL_RESEARCH,No same-company or equivalency match found,Manual research required.,No matching same-company paint name and no equivalency source match found.,Army_Painter_registry_26.0.11_aligned.csv,AP_FANATIC_LEGENDARY_RED,Army Painter,Warpaints Fanatic,Fanatic,Legendary Red,Acrylic,Active/Unknown,,,,,,,,,,,,,,,,,,,,,
MANUAL_RESEARCH,No same-company or equivalency match found,Manual research required.,No matching same-company paint name and no equivalency source match found.,Army_Painter_registry_26.0.11_aligned.csv,AP_FANATIC_LENS_FLARE_GLOW,Army Painter,Warpaints Fanatic,Fanatic,Lens Flare Glow,Effect,Active/Unknown,,,,,,,,,,,,,,,,,,,,,
MANUAL_RESEARCH,No same-company or equivalency match found,Manual research required.,No matching same-company paint name and no equivalency source match found.,Army_Painter_registry_26.0.11_aligned.csv,AP_FANATIC_LEOPARD_STONE_SKIN,Army Painter,Warpaints Fanatic,Fanatic,Leopard Stone Skin,Acrylic,Active/Unknown,,,,,,,,,,,,,,,,,,,,,
MANUAL_RESEARCH,No same-company or equivalency match found,Manual research required.,No matching same-company paint name and no equivalency source match found.,Army_Painter_registry_26.0.11_aligned.csv,AP_FANATIC_LIGHT_TONE,Army Painter,Warpaints Fanatic,Fanatic,Light Tone,Wash/Shade,Active/Unknown,,,,,,,,,,,,,,,,,,,,,
MANUAL_RESEARCH,No same-company or equivalency match found,Manual research required.,No matching same-company paint name and no equivalency source match found.,Army_Painter_registry_26.0.11_aligned.csv,AP_FANATIC_MAGECAST_MAGENTA,Army Painter,Warpaints Fanatic,Fanatic,Magecast Magenta,Acrylic,Active/Unknown,,,,,,,,,,,,,,,,,,,,,
MANUAL_RESEARCH,No same-company or equivalency match found,Manual research required.,No matching same-company paint name and no equivalency source match found.,Army_Painter_registry_26.0.11_aligned.csv,AP_FANATIC_MAGENTA_TONE,Army Painter,Warpaints Fanatic,Fanatic,Magenta Tone,Wash/Shade,Active/Unknown,,,,,,,,,,,,,,,,,,,,,
MANUAL_RESEARCH,No same-company or equivalency match found,Manual research required.,No matching same-company paint name and no equivalency source match found.,Army_Painter_registry_26.0.11_aligned.csv,AP_FANATIC_MARINE_MIST,Army Painter,Warpaints Fanatic,Fanatic,Marine Mist,Acrylic,Active/Unknown,,,,,,,,,,,,,,,,,,,,,
SAME_COMPANY_MATCH_MISSING_COLOR,Same-company paint name exists but lacks usable Hex/RGB,Manual review or enrich one of the matching same-company rows first.,"Same-company paint name exists, but no matching row has both Hex and RGB.",Army_Painter_registry_26.0.11_aligned.csv,AP_FANATIC_MATT_VARNISH,Army Painter,Warpaints Fanatic,Fanatic,Matt Varnish,Auxiliary,Active/Unknown,,,AP_AIR_MATT_VARNISH,Army Painter,Warpaints Air,Air,Matt Varnish,Auxiliary,,,,,,,,,,,,,
MANUAL_RESEARCH,No same-company or equivalency match found,Manual research required.,No matching same-company paint name and no equivalency source match found.,Army_Painter_registry_26.0.11_aligned.csv,AP_FANATIC_MEDIEVAL_FOREST,Army Painter,Warpaints Fanatic,Fanatic,Medieval Forest,Acrylic,Active/Unknown,,,,,,,,,,,,,,,,,,,,,
MANUAL_RESEARCH,No same-company or equivalency match found,Manual research required.,No matching same-company paint name and no equivalency source match found.,Army_Painter_registry_26.0.11_aligned.csv,AP_FANATIC_MILITARY_SHADE,Army Painter,Warpaints Fanatic,Fanatic,Military Shade,Wash/Shade,Active/Unknown,,,,,,,,,,,,,,,,,,,,,
MANUAL_RESEARCH,No same-company or equivalency match found,Manual research required.,No matching same-company paint name and no equivalency source match found.,Army_Painter_registry_26.0.11_aligned.csv,AP_FANATIC_MITHRIL,Army Painter,Warpaints Fanatic,Fanatic,Mithril,Metallic,Active/Unknown,,,,,,,,,,,,,,,,,,,,,
MANUAL_RESEARCH,No same-company or equivalency match found,Manual research required.,No matching same-company paint name and no equivalency source match found.,Army_Painter_registry_26.0.11_aligned.csv,AP_FANATIC_MOCCA_SKIN,Army Painter,Warpaints Fanatic,Fanatic,Mocca Skin,Acrylic,Active/Unknown,,,,,,,,,,,,,,,,,,,,,
MANUAL_RESEARCH,No same-company or equivalency match found,Manual research required.,No matching same-company paint name and no equivalency source match found.,Army_Painter_registry_26.0.11_aligned.csv,AP_FANATIC_MOLDY_WINE,Army Painter,Warpaints Fanatic,Fanatic,Moldy Wine,Acrylic,Active/Unknown,,,,,,,,,,,,,,,,,,,,,
MANUAL_RESEARCH,No same-company or equivalency match found,Manual research required.,No matching same-company paint name and no equivalency source match found.,Army_Painter_registry_26.0.11_aligned.csv,AP_FANATIC_MOLTEN_LAVA,Army Painter,Warpaints Fanatic,Fanatic,Molten Lava,Acrylic,Active/Unknown,,,,,,,,,,,,,,,,,,,,,
MANUAL_RESEARCH,No same-company or equivalency match found,Manual research required.,No matching same-company paint name and no equivalency source match found.,Army_Painter_registry_26.0.11_aligned.csv,AP_FANATIC_MOONSTONE_SKIN,Army Painter,Warpaints Fanatic,Fanatic,Moonstone Skin,Acrylic,Active/Unknown,,,,,,,,,,,,,,,,,,,,,
MANUAL_RESEARCH,No same-company or equivalency match found,Manual research required.,No matching same-company paint name and no equivalency source match found.,Army_Painter_registry_26.0.11_aligned.csv,AP_FANATIC_MOSSY_GREEN,Army Painter,Warpaints Fanatic,Fanatic,Mossy Green,Acrylic,Active/Unknown,,,,,,,,,,,,,,,,,,,,,
MANUAL_RESEARCH,No same-company or equivalency match found,Manual research required.,No matching same-company paint name and no equivalency source match found.,Army_Painter_registry_26.0.11_aligned.csv,AP_FANATIC_MULLED_BERRY,Army Painter,Warpaints Fanatic,Fanatic,Mulled Berry,Acrylic,Active/Unknown,,,,,,,,,,,,,,,,,,,,,
MANUAL_RESEARCH,No same-company or equivalency match found,Manual research required.,No matching same-company paint name and no equivalency source match found.,Army_Painter_registry_26.0.11_aligned.csv,AP_FANATIC_NEPTUNE_GLOW,Army Painter,Warpaints Fanatic,Fanatic,Neptune Glow,Effect,Active/Unknown,,,,,,,,,,,,,,,,,,,,,
MANUAL_RESEARCH,No same-company or equivalency match found,Manual research required.,No matching same-company paint name and no equivalency source match found.,Army_Painter_registry_26.0.11_aligned.csv,AP_FANATIC_NIGHT_SKY,Army Painter,Warpaints Fanatic,Fanatic,Night Sky,Acrylic,Active/Unknown,,,,,,,,,,,,,,,,,,,,,
MANUAL_RESEARCH,No same-company or equivalency match found,Manual research required.,No matching same-company paint name and no equivalency source match found.,Army_Painter_registry_26.0.11_aligned.csv,AP_FANATIC_OBSIDIAN_SKIN,Army Painter,Warpaints Fanatic,Fanatic,Obsidian Skin,Acrylic,Active/Unknown,,,,,,,,,,,,,,,,,,,,,
MANUAL_RESEARCH,No same-company or equivalency match found,Manual research required.,No matching same-company paint name and no equivalency source match found.,Army_Painter_registry_26.0.11_aligned.csv,AP_FANATIC_OIL_STAINS,Army Painter,Warpaints Fanatic,Fanatic,Oil Stains,Effect,Active/Unknown,,,,,,,,,,,,,,,,,,,,,
MANUAL_RESEARCH,No same-company or equivalency match found,Manual research required.,No matching same-company paint name and no equivalency source match found.,Army_Painter_registry_26.0.11_aligned.csv,AP_FANATIC_OLIVE_DRAB,Army Painter,Warpaints Fanatic,Fanatic,Olive Drab,Acrylic,Active/Unknown,,,,,,,,,,,,,,,,,,,,,
MANUAL_RESEARCH,No same-company or equivalency match found,Manual research required.,No matching same-company paint name and no equivalency source match found.,Army_Painter_registry_26.0.11_aligned.csv,AP_FANATIC_ONYX_SKIN,Army Painter,Warpaints Fanatic,Fanatic,Onyx Skin,Acrylic,Active/Unknown,,,,,,,,,,,,,,,,,,,,,
MANUAL_RESEARCH,No same-company or equivalency match found,Manual research required.,No matching same-company paint name and no equivalency source match found.,Army_Painter_registry_26.0.11_aligned.csv,AP_FANATIC_OOZING_VOMIT,Army Painter,Warpaints Fanatic,Fanatic,Oozing Vomit,Effect,Active/Unknown,,,,,,,,,,,,,,,,,,,,,
MANUAL_RESEARCH,No same-company or equivalency match found,Manual research required.,No matching same-company paint name and no equivalency source match found.,Army_Painter_registry_26.0.11_aligned.csv,AP_FANATIC_OPAL_SKIN,Army Painter,Warpaints Fanatic,Fanatic,Opal Skin,Acrylic,Active/Unknown,,,,,,,,,,,,,,,,,,,,,
MANUAL_RESEARCH,No same-company or equivalency match found,Manual research required.,No matching same-company paint name and no equivalency source match found.,Army_Painter_registry_26.0.11_aligned.csv,AP_FANATIC_ORANGE_TONE,Army Painter,Warpaints Fanatic,Fanatic,Orange Tone,Wash/Shade,Active/Unknown,,,,,,,,,,,,,,,,,,,,,
MANUAL_RESEARCH,No same-company or equivalency match found,Manual research required.,No matching same-company paint name and no equivalency source match found.,Army_Painter_registry_26.0.11_aligned.csv,AP_FANATIC_PALE_SAND,Army Painter,Warpaints Fanatic,Fanatic,Pale Sand,Acrylic,Active/Unknown,,,,,,,,,,,,,,,,,,,,,
MANUAL_RESEARCH,No same-company or equivalency match found,Manual research required.,No matching same-company paint name and no equivalency source match found.,Army_Painter_registry_26.0.11_aligned.csv,AP_FANATIC_PARATROOPER_TAN,Army Painter,Warpaints Fanatic,Fanatic,Paratrooper Tan,Acrylic,Active/Unknown,,,,,,,,,,,,,,,,,,,,,
MANUAL_RESEARCH,No same-company or equivalency match found,Manual research required.,No matching same-company paint name and no equivalency source match found.,Army_Painter_registry_26.0.11_aligned.csv,AP_FANATIC_PATAGON_PINE,Army Painter,Warpaints Fanatic,Fanatic,Patagon Pine,Acrylic,Active/Unknown,,,,,,,,,,,,,,,,,,,,,
MANUAL_RESEARCH,No same-company or equivalency match found,Manual research required.,No matching same-company paint name and no equivalency source match found.,Army_Painter_registry_26.0.11_aligned.csv,AP_FANATIC_PEARL_SKIN,Army Painter,Warpaints Fanatic,Fanatic,Pearl Skin,Acrylic,Active/Unknown,,,,,,,,,,,,,,,,,,,,,
MANUAL_RESEARCH,No same-company or equivalency match found,Manual research required.,No matching same-company paint name and no equivalency source match found.,Army_Painter_registry_26.0.11_aligned.csv,AP_FANATIC_PHALANX_BLUE,Army Painter,Warpaints Fanatic,Fanatic,Phalanx Blue,Acrylic,Active/Unknown,,,,,,,,,,,,,,,,,,,,,
MANUAL_RESEARCH,No same-company or equivalency match found,Manual research required.,No matching same-company paint name and no equivalency source match found.,Army_Painter_registry_26.0.11_aligned.csv,AP_FANATIC_PHARAOH_GUARD,Army Painter,Warpaints Fanatic,Fanatic,Pharaoh Guard,Acrylic,Active/Unknown,,,,,,,,,,,,,,,,,,,,,
MANUAL_RESEARCH,No same-company or equivalency match found,Manual research required.,No matching same-company paint name and no equivalency source match found.,Army_Painter_registry_26.0.11_aligned.csv,AP_FANATIC_PINK_POTION,Army Painter,Warpaints Fanatic,Fanatic,Pink Potion,Acrylic,Active/Unknown,,,,,,,,,,,,,,,,,,,,,
MANUAL_RESEARCH,No same-company or equivalency match found,Manual research required.,No matching same-company paint name and no equivalency source match found.,Army_Painter_registry_26.0.11_aligned.csv,AP_FANATIC_PLASMA_COIL_GLOW,Army Painter,Warpaints Fanatic,Fanatic,Plasma Coil Glow,Effect,Active/Unknown,,,,,,,,,,,,,,,,,,,,,
SAME_COMPANY_MATCH_MISSING_COLOR,Same-company paint name exists but lacks usable Hex/RGB,Manual review or enrich one of the matching same-company rows first.,"Same-company paint name exists, but no matching row has both Hex and RGB.",Army_Painter_registry_26.0.11_aligned.csv,AP_FANATIC_PLATE_MAIL_METAL,Army Painter,Warpaints Fanatic,Fanatic,Plate Mail Metal,Metallic,Active/Unknown,,,AP_AIR_PLATE_MAIL_METAL,Army Painter,Warpaints Air,Air,Plate Mail Metal,Air Metallic/Effect,,,,,,,,,,,,,
MANUAL_RESEARCH,No same-company or equivalency match found,Manual research required.,No matching same-company paint name and no equivalency source match found.,Army_Painter_registry_26.0.11_aligned.csv,AP_FANATIC_POWER_NODE_GLOW,Army Painter,Warpaints Fanatic,Fanatic,Power Node Glow,Effect,Active/Unknown,,,,,,,,,,,,,,,,,,,,,
MANUAL_RESEARCH,No same-company or equivalency match found,Manual research required.,No matching same-company paint name and no equivalency source match found.,Army_Painter_registry_26.0.11_aligned.csv,AP_FANATIC_PRAIRIE_OCHRE,Army Painter,Warpaints Fanatic,Fanatic,Prairie Ochre,Acrylic,Active/Unknown,,,,,,,,,,,,,,,,,,,,,
MANUAL_RESEARCH,No same-company or equivalency match found,Manual research required.,No matching same-company paint name and no equivalency source match found.,Army_Painter_registry_26.0.11_aligned.csv,AP_FANATIC_PURPLE_TONE,Army Painter,Warpaints Fanatic,Fanatic,Purple Tone,Wash/Shade,Active/Unknown,,,,,,,,,,,,,,,,,,,,,
MANUAL_RESEARCH,No same-company or equivalency match found,Manual research required.,No matching same-company paint name and no equivalency source match found.,Army_Painter_registry_26.0.11_aligned.csv,AP_FANATIC_QUARTZ_SKIN,Army Painter,Warpaints Fanatic,Fanatic,Quartz Skin,Acrylic,Active/Unknown,,,,,,,,,,,,,,,,,,,,,
MANUAL_RESEARCH,No same-company or equivalency match found,Manual research required.,No matching same-company paint name and no equivalency source match found.,Army_Painter_registry_26.0.11_aligned.csv,AP_FANATIC_RADIATION_GLOW,Army Painter,Warpaints Fanatic,Fanatic,Radiation Glow,Effect,Active/Unknown,,,,,,,,,,,,,,,,,,,,,
MANUAL_RESEARCH,No same-company or equivalency match found,Manual research required.,No matching same-company paint name and no equivalency source match found.,Army_Painter_registry_26.0.11_aligned.csv,AP_FANATIC_RAGING_ROSE,Army Painter,Warpaints Fanatic,Fanatic,Raging Rose,Acrylic,Active/Unknown,,,,,,,,,,,,,,,,,,,,,
MANUAL_RESEARCH,No same-company or equivalency match found,Manual research required.,No matching same-company paint name and no equivalency source match found.,Army_Painter_registry_26.0.11_aligned.csv,AP_FANATIC_RAGING_ROUGE,Army Painter,Warpaints Fanatic,Fanatic,Raging Rouge,Acrylic,Active/Unknown,,,,,,,,,,,,,,,,,,,,,
MANUAL_RESEARCH,No same-company or equivalency match found,Manual research required.,No matching same-company paint name and no equivalency source match found.,Army_Painter_registry_26.0.11_aligned.csv,AP_FANATIC_RAINFOREST,Army Painter,Warpaints Fanatic,Fanatic,Rainforest,Acrylic,Active/Unknown,,,,,,,,,,,,,,,,,,,,,
MANUAL_RESEARCH,No same-company or equivalency match found,Manual research required.,No matching same-company paint name and no equivalency source match found.,Army_Painter_registry_26.0.11_aligned.csv,AP_FANATIC_RED_COPPER,Army Painter,Warpaints Fanatic,Fanatic,Red Copper,Metallic,Active/Unknown,,,,,,,,,,,,,,,,,,,,,
MANUAL_RESEARCH,No same-company or equivalency match found,Manual research required.,No matching same-company paint name and no equivalency source match found.,Army_Painter_registry_26.0.11_aligned.csv,AP_FANATIC_RED_TONE,Army Painter,Warpaints Fanatic,Fanatic,Red Tone,Wash/Shade,Active/Unknown,,,,,,,,,,,,,,,,,,,,,
MANUAL_RESEARCH,No same-company or equivalency match found,Manual research required.,No matching same-company paint name and no equivalency source match found.,Army_Painter_registry_26.0.11_aligned.csv,AP_FANATIC_RESPLENDENT_RED,Army Painter,Warpaints Fanatic,Fanatic,Resplendent Red,Acrylic,Active/Unknown,,,,,,,,,,,,,,,,,,,,,
SAME_COMPANY_MATCH_MISSING_COLOR,Same-company paint name exists but lacks usable Hex/RGB,Manual review or enrich one of the matching same-company rows first.,"Same-company paint name exists, but no matching row has both Hex and RGB.",Army_Painter_registry_26.0.11_aligned.csv,AP_FANATIC_ROUGH_IRON,Army Painter,Warpaints Fanatic,Fanatic,Rough Iron,Metallic,Active/Unknown,,,AP_AIR_ROUGH_IRON,Army Painter,Warpaints Air,Air,Rough Iron,Air Metallic/Effect,,,,,,,,,,,,,
MANUAL_RESEARCH,No same-company or equivalency match found,Manual research required.,No matching same-company paint name and no equivalency source match found.,Army_Painter_registry_26.0.11_aligned.csv,AP_FANATIC_RUBY_SKIN,Army Painter,Warpaints Fanatic,Fanatic,Ruby Skin,Acrylic,Active/Unknown,,,,,,,,,,,,,,,,,,,,,
MANUAL_RESEARCH,No same-company or equivalency match found,Manual research required.,No matching same-company paint name and no equivalency source match found.,Army_Painter_registry_26.0.11_aligned.csv,AP_FANATIC_RUDDY_UMBER,Army Painter,Warpaints Fanatic,Fanatic,Ruddy Umber,Acrylic,Active/Unknown,,,,,,,,,,,,,,,,,,,,,
MANUAL_RESEARCH,No same-company or equivalency match found,Manual research required.,No matching same-company paint name and no equivalency source match found.,Army_Painter_registry_26.0.11_aligned.csv,AP_FANATIC_RUNIC_COBALT,Army Painter,Warpaints Fanatic,Fanatic,Runic Cobalt,Acrylic,Active/Unknown,,,,,,,,,,,,,,,,,,,,,
MANUAL_RESEARCH,No same-company or equivalency match found,Manual research required.,No matching same-company paint name and no equivalency source match found.,Army_Painter_registry_26.0.11_aligned.csv,AP_FANATIC_RUST_TONE,Army Painter,Warpaints Fanatic,Fanatic,Rust Tone,Effect,Active/Unknown,,,,,,,,,,,,,,,,,,,,,
MANUAL_RESEARCH,No same-company or equivalency match found,Manual research required.,No matching same-company paint name and no equivalency source match found.,Army_Painter_registry_26.0.11_aligned.csv,AP_FANATIC_SACRED_SCARLET,Army Painter,Warpaints Fanatic,Fanatic,Sacred Scarlet,Acrylic,Active/Unknown,,,,,,,,,,,,,,,,,,,,,
MANUAL_RESEARCH,No same-company or equivalency match found,Manual research required.,No matching same-company paint name and no equivalency source match found.,Army_Painter_registry_26.0.11_aligned.csv,AP_FANATIC_SCARAB_GREEN,Army Painter,Warpaints Fanatic,Fanatic,Scarab Green,Acrylic,Active/Unknown,,,,,,,,,,,,,,,,,,,,,
MANUAL_RESEARCH,No same-company or equivalency match found,Manual research required.,No matching same-company paint name and no equivalency source match found.,Army_Painter_registry_26.0.11_aligned.csv,AP_FANATIC_SEPIA_TONE,Army Painter,Warpaints Fanatic,Fanatic,Sepia Tone,Wash/Shade,Active/Unknown,,,,,,,,,,,,,,,,,,,,,
MANUAL_RESEARCH,No same-company or equivalency match found,Manual research required.,No matching same-company paint name and no equivalency source match found.,Army_Painter_registry_26.0.11_aligned.csv,AP_FANATIC_SHIELDWALL_BLUE,Army Painter,Warpaints Fanatic,Fanatic,Shieldwall Blue,Acrylic,Active/Unknown,,,,,,,,,,,,,,,,,,,,,
SAME_COMPANY_MATCH_MISSING_COLOR,Same-company paint name exists but lacks usable Hex/RGB,Manual review or enrich one of the matching same-company rows first.,"Same-company paint name exists, but no matching row has both Hex and RGB.",Army_Painter_registry_26.0.11_aligned.csv,AP_FANATIC_SHINING_SILVER,Army Painter,Warpaints Fanatic,Fanatic,Shining Silver,Metallic,Active/Unknown,,,AP_AIR_SHINING_SILVER,Army Painter,Warpaints Air,Air,Shining Silver,Air Metallic/Effect,,,,,,,,,,,,,
MANUAL_RESEARCH,No same-company or equivalency match found,Manual research required.,No matching same-company paint name and no equivalency source match found.,Army_Painter_registry_26.0.11_aligned.csv,AP_FANATIC_SOFT_TONE,Army Painter,Warpaints Fanatic,Fanatic,Soft Tone,Wash/Shade,Active/Unknown,,,,,,,,,,,,,,,,,,,,,
MANUAL_RESEARCH,No same-company or equivalency match found,Manual research required.,No matching same-company paint name and no equivalency source match found.,Army_Painter_registry_26.0.11_aligned.csv,AP_FANATIC_SPACE_DUST,Army Painter,Warpaints Fanatic,Fanatic,Space Dust,Acrylic,Active/Unknown,,,,,,,,,,,,,,,,,,,,,
MANUAL_RESEARCH,No same-company or equivalency match found,Manual research required.,No matching same-company paint name and no equivalency source match found.,Army_Painter_registry_26.0.11_aligned.csv,AP_FANATIC_SPELLBOUND_FUCHSIA,Army Painter,Warpaints Fanatic,Fanatic,Spellbound Fuchsia,Acrylic,Active/Unknown,,,,,,,,,,,,,,,,,,,,,
MANUAL_RESEARCH,No same-company or equivalency match found,Manual research required.,No matching same-company paint name and no equivalency source match found.,Army_Painter_registry_26.0.11_aligned.csv,AP_FANATIC_STRATOS_BLUE,Army Painter,Warpaints Fanatic,Fanatic,Stratos Blue,Acrylic,Active/Unknown,,,,,,,,,,,,,,,,,,,,,
MANUAL_RESEARCH,No same-company or equivalency match found,Manual research required.,No matching same-company paint name and no equivalency source match found.,Army_Painter_registry_26.0.11_aligned.csv,AP_FANATIC_STRONG_SKIN_SHADE,Army Painter,Warpaints Fanatic,Fanatic,Strong Skin Shade,Wash/Shade,Active/Unknown,,,,,,,,,,,,,,,,,,,,,
MANUAL_RESEARCH,No same-company or equivalency match found,Manual research required.,No matching same-company paint name and no equivalency source match found.,Army_Painter_registry_26.0.11_aligned.csv,AP_FANATIC_STRONG_TONE,Army Painter,Warpaints Fanatic,Fanatic,Strong Tone,Wash/Shade,Active/Unknown,,,,,,,,,,,,,,,,,,,,,
SAME_COMPANY_MATCH_MISSING_COLOR,Same-company paint name exists but lacks usable Hex/RGB,Manual review or enrich one of the matching same-company rows first.,"Same-company paint name exists, but no matching row has both Hex and RGB.",Army_Painter_registry_26.0.11_aligned.csv,AP_FANATIC_TAINTED_GOLD,Army Painter,Warpaints Fanatic,Fanatic,Tainted Gold,Metallic,Active/Unknown,,,AP_AIR_TAINTED_GOLD,Army Painter,Warpaints Air,Air,Tainted Gold,Air Metallic/Effect,,,,,,,,,,,,,
MANUAL_RESEARCH,No same-company or equivalency match found,Manual research required.,No matching same-company paint name and no equivalency source match found.,Army_Painter_registry_26.0.11_aligned.csv,AP_FANATIC_TALISMAN_TEAL,Army Painter,Warpaints Fanatic,Fanatic,Talisman Teal,Acrylic,Active/Unknown,,,,,,,,,,,,,,,,,,,,,
MANUAL_RESEARCH,No same-company or equivalency match found,Manual research required.,No matching same-company paint name and no equivalency source match found.,Army_Painter_registry_26.0.11_aligned.csv,AP_FANATIC_TEMPLE_GATE_TEAL,Army Painter,Warpaints Fanatic,Fanatic,Temple Gate Teal,Acrylic,Active/Unknown,,,,,,,,,,,,,,,,,,,,,
MANUAL_RESEARCH,No same-company or equivalency match found,Manual research required.,No matching same-company paint name and no equivalency source match found.,Army_Painter_registry_26.0.11_aligned.csv,AP_FANATIC_TERRESTRIAL_TITAN,Army Painter,Warpaints Fanatic,Fanatic,Terrestrial Titan,Acrylic,Active/Unknown,,,,,,,,,,,,,,,,,,,,,
MANUAL_RESEARCH,No same-company or equivalency match found,Manual research required.,No matching same-company paint name and no equivalency source match found.,Army_Painter_registry_26.0.11_aligned.csv,AP_FANATIC_THUNDEROUS_BLUE,Army Painter,Warpaints Fanatic,Fanatic,Thunderous Blue,Acrylic,Active/Unknown,,,,,,,,,,,,,,,,,,,,,
MANUAL_RESEARCH,No same-company or equivalency match found,Manual research required.,No matching same-company paint name and no equivalency source match found.,Army_Painter_registry_26.0.11_aligned.csv,AP_FANATIC_TIDAL_BLUE,Army Painter,Warpaints Fanatic,Fanatic,Tidal Blue,Acrylic,Active/Unknown,,,,,,,,,,,,,,,,,,,,,
MANUAL_RESEARCH,No same-company or equivalency match found,Manual research required.,No matching same-company paint name and no equivalency source match found.,Army_Painter_registry_26.0.11_aligned.csv,AP_FANATIC_TIGER_S_EYE_SKIN,Army Painter,Warpaints Fanatic,Fanatic,Tiger'S Eye Skin,Acrylic,Active/Unknown,,,,,,,,,,,,,,,,,,,,,
MANUAL_RESEARCH,No same-company or equivalency match found,Manual research required.,No matching same-company paint name and no equivalency source match found.,Army_Painter_registry_26.0.11_aligned.csv,AP_FANATIC_TOMB_KING_TAN,Army Painter,Warpaints Fanatic,Fanatic,Tomb King Tan,Acrylic,Active/Unknown,,,,,,,,,,,,,,,,,,,,,
MANUAL_RESEARCH,No same-company or equivalency match found,Manual research required.,No matching same-company paint name and no equivalency source match found.,Army_Painter_registry_26.0.11_aligned.csv,AP_FANATIC_TOPAZ_SKIN,Army Painter,Warpaints Fanatic,Fanatic,Topaz Skin,Acrylic,Active/Unknown,,,,,,,,,,,,,,,,,,,,,
MANUAL_RESEARCH,No same-company or equivalency match found,Manual research required.,No matching same-company paint name and no equivalency source match found.,Army_Painter_registry_26.0.11_aligned.csv,AP_FANATIC_TOURMALINE_SKIN,Army Painter,Warpaints Fanatic,Fanatic,Tourmaline Skin,Acrylic,Active/Unknown,,,,,,,,,,,,,,,,,,,,,
MANUAL_RESEARCH,No same-company or equivalency match found,Manual research required.,No matching same-company paint name and no equivalency source match found.,Army_Painter_registry_26.0.11_aligned.csv,AP_FANATIC_TREE_ANCIENT,Army Painter,Warpaints Fanatic,Fanatic,Tree Ancient,Acrylic,Active/Unknown,,,,,,,,,,,,,,,,,,,,,
MANUAL_RESEARCH,No same-company or equivalency match found,Manual research required.,No matching same-company paint name and no equivalency source match found.,Army_Painter_registry_26.0.11_aligned.csv,AP_FANATIC_TRIUMPHANT_NAVY,Army Painter,Warpaints Fanatic,Fanatic,Triumphant Navy,Acrylic,Active/Unknown,,,,,,,,,,,,,,,,,,,,,
MANUAL_RESEARCH,No same-company or equivalency match found,Manual research required.,No matching same-company paint name and no equivalency source match found.,Army_Painter_registry_26.0.11_aligned.csv,AP_FANATIC_TRUE_BLOOD,Army Painter,Warpaints Fanatic,Fanatic,True Blood,Effect,Active/Unknown,,,,,,,,,,,,,,,,,,,,,
MANUAL_RESEARCH,No same-company or equivalency match found,Manual research required.,No matching same-company paint name and no equivalency source match found.,Army_Painter_registry_26.0.11_aligned.csv,AP_FANATIC_TRUE_BRASS,Army Painter,Warpaints Fanatic,Fanatic,True Brass,Metallic,Active/Unknown,,,,,,,,,,,,,,,,,,,,,
SAME_COMPANY_MATCH_MISSING_COLOR,Same-company paint name exists but lacks usable Hex/RGB,Manual review or enrich one of the matching same-company rows first.,"Same-company paint name exists, but no matching row has both Hex and RGB.",Army_Painter_registry_26.0.11_aligned.csv,AP_FANATIC_TRUE_COPPER,Army Painter,Warpaints Fanatic,Fanatic,True Copper,Metallic,Active/Unknown,,,AP_AIR_TRUE_COPPER,Army Painter,Warpaints Air,Air,True Copper,Air Metallic/Effect,,,,,,,,,,,,,
MANUAL_RESEARCH,No same-company or equivalency match found,Manual research required.,No matching same-company paint name and no equivalency source match found.,Army_Painter_registry_26.0.11_aligned.csv,AP_FANATIC_TUNDRA_TAUPE,Army Painter,Warpaints Fanatic,Fanatic,Tundra Taupe,Acrylic,Active/Unknown,,,,,,,,,,,,,,,,,,,,,
MANUAL_RESEARCH,No same-company or equivalency match found,Manual research required.,No matching same-company paint name and no equivalency source match found.,Army_Painter_registry_26.0.11_aligned.csv,AP_FANATIC_TURQUOISE_SIREN,Army Painter,Warpaints Fanatic,Fanatic,Turquoise Siren,Acrylic,Active/Unknown,,,,,,,,,,,,,,,,,,,,,
MANUAL_RESEARCH,No same-company or equivalency match found,Manual research required.,No matching same-company paint name and no equivalency source match found.,Army_Painter_registry_26.0.11_aligned.csv,AP_FANATIC_URBAN_BUFF,Army Painter,Warpaints Fanatic,Fanatic,Urban Buff,Acrylic,Active/Unknown,,,,,,,,,,,,,,,,,,,,,
MANUAL_RESEARCH,No same-company or equivalency match found,Manual research required.,No matching same-company paint name and no equivalency source match found.,Army_Painter_registry_26.0.11_aligned.csv,AP_FANATIC_VIOLENT_VERMILLION,Army Painter,Warpaints Fanatic,Fanatic,Violent Vermillion,Acrylic,Active/Unknown,,,,,,,,,,,,,,,,,,,,,
MANUAL_RESEARCH,No same-company or equivalency match found,Manual research required.,No matching same-company paint name and no equivalency source match found.,Army_Painter_registry_26.0.11_aligned.csv,AP_FANATIC_VIOLET_COVEN,Army Painter,Warpaints Fanatic,Fanatic,Violet Coven,Acrylic,Active/Unknown,,,,,,,,,,,,,,,,,,,,,
MANUAL_RESEARCH,No same-company or equivalency match found,Manual research required.,No matching same-company paint name and no equivalency source match found.,Army_Painter_registry_26.0.11_aligned.csv,AP_FANATIC_VIVID_VOLT,Army Painter,Warpaints Fanatic,Fanatic,Vivid Volt,Acrylic,Active/Unknown,,,,,,,,,,,,,,,,,,,,,
MANUAL_RESEARCH,No same-company or equivalency match found,Manual research required.,No matching same-company paint name and no equivalency source match found.,Army_Painter_registry_26.0.11_aligned.csv,AP_FANATIC_WARLOCK_MAGENTA,Army Painter,Warpaints Fanatic,Fanatic,Warlock Magenta,Acrylic,Active/Unknown,,,,,,,,,,,,,,,,,,,,,
MANUAL_RESEARCH,No same-company or equivalency match found,Manual research required.,No matching same-company paint name and no equivalency source match found.,Army_Painter_registry_26.0.11_aligned.csv,AP_FANATIC_WARPAINTS_RETARDER,Army Painter,Warpaints Fanatic,Fanatic,Warpaints Retarder,Auxiliary,Active/Unknown,,,,,,,,,,,,,,,,,,,,,
MANUAL_RESEARCH,No same-company or equivalency match found,Manual research required.,No matching same-company paint name and no equivalency source match found.,Army_Painter_registry_26.0.11_aligned.csv,AP_FANATIC_WARPAINTS_STABILIZER,Army Painter,Warpaints Fanatic,Fanatic,Warpaints Stabilizer,Auxiliary,Active/Unknown,,,,,,,,,,,,,,,,,,,,,
MANUAL_RESEARCH,No same-company or equivalency match found,Manual research required.,No matching same-company paint name and no equivalency source match found.,Army_Painter_registry_26.0.11_aligned.csv,AP_FANATIC_WARPED_YELLOW,Army Painter,Warpaints Fanatic,Fanatic,Warped Yellow,Acrylic,Active/Unknown,,,,,,,,,,,,,,,,,,,,,
MANUAL_RESEARCH,No same-company or equivalency match found,Manual research required.,No matching same-company paint name and no equivalency source match found.,Army_Painter_registry_26.0.11_aligned.csv,AP_FANATIC_WASH_MEDIUM,Army Painter,Warpaints Fanatic,Fanatic,Wash Medium,Wash/Shade,Active/Unknown,,,,,,,,,,,,,,,,,,,,,
MANUAL_RESEARCH,No same-company or equivalency match found,Manual research required.,No matching same-company paint name and no equivalency source match found.,Army_Painter_registry_26.0.11_aligned.csv,AP_FANATIC_WASTELAND_CLAY,Army Painter,Warpaints Fanatic,Fanatic,Wasteland Clay,Acrylic,Active/Unknown,,,,,,,,,,,,,,,,,,,,,
SAME_COMPANY_MATCH_MISSING_COLOR,Same-company paint name exists but lacks usable Hex/RGB,Manual review or enrich one of the matching same-company rows first.,"Same-company paint name exists, but no matching row has both Hex and RGB.",Army_Painter_registry_26.0.11_aligned.csv,AP_FANATIC_WEAPON_BRONZE,Army Painter,Warpaints Fanatic,Fanatic,Weapon Bronze,Metallic,Active/Unknown,,,AP_AIR_WEAPON_BRONZE,Army Painter,Warpaints Air,Air,Weapon Bronze,Air Metallic/Effect,,,,,,,,,,,,,
MANUAL_RESEARCH,No same-company or equivalency match found,Manual research required.,No matching same-company paint name and no equivalency source match found.,Army_Painter_registry_26.0.11_aligned.csv,AP_FANATIC_WEIRD_ELIXIR,Army Painter,Warpaints Fanatic,Fanatic,Weird Elixir,Acrylic,Active/Unknown,,,,,,,,,,,,,,,,,,,,,
MANUAL_RESEARCH,No same-company or equivalency match found,Manual research required.,No matching same-company paint name and no equivalency source match found.,Army_Painter_registry_26.0.11_aligned.csv,AP_FANATIC_WICKED_PINK,Army Painter,Warpaints Fanatic,Fanatic,Wicked Pink,Acrylic,Active/Unknown,,,,,,,,,,,,,,,,,,,,,
MANUAL_RESEARCH,No same-company or equivalency match found,Manual research required.,No matching same-company paint name and no equivalency source match found.,Army_Painter_registry_26.0.11_aligned.csv,AP_FANATIC_WILD_GREEN,Army Painter,Warpaints Fanatic,Fanatic,Wild Green,Acrylic,Active/Unknown,,,,,,,,,,,,,,,,,,,,,
MANUAL_RESEARCH,No same-company or equivalency match found,Manual research required.,No matching same-company paint name and no equivalency source match found.,Army_Painter_registry_26.0.11_aligned.csv,AP_FANATIC_WILTED_ROSE,Army Painter,Warpaints Fanatic,Fanatic,Wilted Rose,Acrylic,Active/Unknown,,,,,,,,,,,,,,,,,,,,,
MANUAL_RESEARCH,No same-company or equivalency match found,Manual research required.,No matching same-company paint name and no equivalency source match found.,Army_Painter_registry_26.0.11_aligned.csv,AP_FANATIC_WOODLAND_CAMO,Army Painter,Warpaints Fanatic,Fanatic,Woodland Camo,Acrylic,Active/Unknown,,,,,,,,,,,,,,,,,,,,,
MANUAL_RESEARCH,No same-company or equivalency match found,Manual research required.,No matching same-company paint name and no equivalency source match found.,Army_Painter_registry_26.0.11_aligned.csv,AP_FANATIC_WORN_STONE,Army Painter,Warpaints Fanatic,Fanatic,Worn Stone,Acrylic,Active/Unknown,,,,,,,,,,,,,,,,,,,,,
MANUAL_RESEARCH,No same-company or equivalency match found,Manual research required.,No matching same-company paint name and no equivalency source match found.,Army_Painter_registry_26.0.11_aligned.csv,AP_FANATIC_WYVERN_FURY,Army Painter,Warpaints Fanatic,Fanatic,Wyvern Fury,Acrylic,Active/Unknown,,,,,,,,,,,,,,,,,,,,,
MANUAL_RESEARCH,No same-company or equivalency match found,Manual research required.,No matching same-company paint name and no equivalency source match found.,GW_registry_26.0.11.csv,GW_TECHNICAL_CONTRAST_MEDIUM,Games Workshop,Citadel,Technical,Contrast Medium,Technical,Active,,,,,,,,,,,,,,,,,,,,,
MANUAL_RESEARCH,No same-company or equivalency match found,Manual research required.,No matching same-company paint name and no equivalency source match found.,GW_registry_26.0.11.csv,GW_TECHNICAL_STORMSHIELD,Games Workshop,Citadel,Technical,Stormshield,Technical,Active,,,,,,,,,,,,,,,,,,,,,
MANUAL_RESEARCH,No same-company or equivalency match found,Manual research required.,No matching same-company paint name and no equivalency source match found.,GW_registry_26.0.11.csv,GW_AIR_AIR_CASTE_THINNER,Games Workshop,Citadel,Air,Air Caste Thinner,Air,Active,,,,,,,,,,,,,,,,,,,,,
MANUAL_RESEARCH,No same-company or equivalency match found,Manual research required.,No matching same-company paint name and no equivalency source match found.,GW_registry_26.0.11.csv,GW_SPRAY_MUNITORUM_VARNISH,Games Workshop,Citadel,Spray,Munitorum Varnish,Spray,Active,,,,,,,,,,,,,,,,,,,,,
SAME_COMPANY_MATCH_MISSING_COLOR,Same-company paint name exists but lacks usable Hex/RGB,Manual review or enrich one of the matching same-company rows first.,"Same-company paint name exists, but no matching row has both Hex and RGB.",Vallejo_registry_26.0.9.csv,VAL_GAME_COLOR_AUXILIARY_AIRBRUSH_THINNER,Vallejo,Game Color Auxiliary,Game Color Auxiliary,Airbrush Thinner,Auxiliary,Active/Unknown,,,VAL_MODEL_AIR_AIRBRUSH_THINNER,Vallejo,Model Air,Model Air,Airbrush Thinner,Acrylic airbrush paint,,,,,,,,,,,,,
SAME_COMPANY_MATCH_MISSING_COLOR,Same-company paint name exists but lacks usable Hex/RGB,Manual review or enrich one of the matching same-company rows first.,"Same-company paint name exists, but no matching row has both Hex and RGB.",Vallejo_registry_26.0.9.csv,VAL_GAME_COLOR_AUXILIARY_GLAZE_MEDIUM,Vallejo,Game Color Auxiliary,Game Color Auxiliary,Glaze Medium,Auxiliary,Active/Unknown,,,VAL_MODEL_COLOR_GLAZE_MEDIUM,Vallejo,Model Color,Model Color,Glaze Medium,Acrylic paint,,,,,,,,,,,,,
SAME_COMPANY_MATCH_MISSING_COLOR,Same-company paint name exists but lacks usable Hex/RGB,Manual review or enrich one of the matching same-company rows first.,"Same-company paint name exists, but no matching row has both Hex and RGB.",Vallejo_registry_26.0.9.csv,VAL_GAME_COLOR_METALLIC_METAL_MEDIUM,Vallejo,Game Color Metallic,Game Color Metallic,Metal Medium,Metallic,Active/Unknown,,,VAL_MODEL_COLOR_METAL_MEDIUM,Vallejo,Model Color,Model Color,Metal Medium,Acrylic paint,,,,,,,,,,,,,
MANUAL_RESEARCH,No same-company or equivalency match found,Manual research required.,No matching same-company paint name and no equivalency source match found.,Vallejo_registry_26.0.9.csv,VAL_GAME_COLOR_SPECIAL_FX_GLOSS_POLY_VARNISH,Vallejo,Game Color Special FX,Game Color Special FX,Gloss Poly. Varnish,Effect,Active/Unknown,,,,,,,,,,,,,,,,,,,,,
MANUAL_RESEARCH,No same-company or equivalency match found,Manual research required.,No matching same-company paint name and no equivalency source match found.,Vallejo_registry_26.0.9.csv,VAL_GAME_COLOR_SPECIAL_FX_MATT_POLY_VARNISH,Vallejo,Game Color Special FX,Game Color Special FX,Matt Poly. Varnish,Effect,Active/Unknown,,,,,,,,,,,,,,,,,,,,,
MANUAL_RESEARCH,No same-company or equivalency match found,Manual research required.,No matching same-company paint name and no equivalency source match found.,Vallejo_registry_26.0.9.csv,VAL_GAME_COLOR_SPECIAL_FX_SATIN_POLY_VARNISH,Vallejo,Game Color Special FX,Game Color Special FX,Satin Poly. Varnish,Effect,Active/Unknown,,,,,,,,,,,,,,,,,,,,,
MANUAL_RESEARCH,No same-company or equivalency match found,Manual research required.,No matching same-company paint name and no equivalency source match found.,Vallejo_registry_26.0.9.csv,VAL_GAME_COLOR_SPECIAL_FX_ULTRA_MATT_POL_VARN,Vallejo,Game Color Special FX,Game Color Special FX,Ultra Matt Pol. Varn.,Effect,Active/Unknown,,,,,,,,,,,,,,,,,,,,,
MANUAL_RESEARCH,No same-company or equivalency match found,Manual research required.,No matching same-company paint name and no equivalency source match found.,Vallejo_registry_26.0.9.csv,VAL_MODEL_AIR_AIRBRUSH,Vallejo,Model Air,Model Air,Airbrush,Acrylic airbrush paint,Active/Unknown,,,,,,,,,,,,,,,,,,,,,
SAME_COMPANY_MATCH_MISSING_COLOR,Same-company paint name exists but lacks usable Hex/RGB,Manual review or enrich one of the matching same-company rows first.,"Same-company paint name exists, but no matching row has both Hex and RGB.",Vallejo_registry_26.0.9.csv,VAL_MODEL_AIR_AIRBRUSH_THINNER,Vallejo,Model Air,Model Air,Airbrush Thinner,Acrylic airbrush paint,Active/Unknown,,,VAL_GAME_COLOR_AUXILIARY_AIRBRUSH_THINNER,Vallejo,Game Color Auxiliary,Game Color Auxiliary,Airbrush Thinner,Auxiliary,,,,,,,,,,,,,
MANUAL_RESEARCH,No same-company or equivalency match found,Manual research required.,No matching same-company paint name and no equivalency source match found.,Vallejo_registry_26.0.9.csv,VAL_MODEL_COLOR_BLACK_GLAZE,Vallejo,Model Color,Model Color,Black Glaze,Acrylic Paint,Active/Unknown,,,,,,,,,,,,,,,,,,,,,
MANUAL_RESEARCH,No same-company or equivalency match found,Manual research required.,No matching same-company paint name and no equivalency source match found.,Vallejo_registry_26.0.9.csv,VAL_MODEL_COLOR_BROWN_GLAZE,Vallejo,Model Color,Model Color,Brown Glaze,Acrylic Paint,Active/Unknown,,,,,,,,,,,,,,,,,,,,,
MANUAL_RESEARCH,No same-company or equivalency match found,Manual research required.,No matching same-company paint name and no equivalency source match found.,Vallejo_registry_26.0.9.csv,VAL_MODEL_COLOR_DRYING_RETARDER,Vallejo,Model Color,Model Color,Drying Retarder,Acrylic Paint,Active/Unknown,,,,,,,,,,,,,,,,,,,,,
SAME_COMPANY_MATCH_MISSING_COLOR,Same-company paint name exists but lacks usable Hex/RGB,Manual review or enrich one of the matching same-company rows first.,"Same-company paint name exists, but no matching row has both Hex and RGB.",Vallejo_registry_26.0.9.csv,VAL_MODEL_COLOR_GLAZE_MEDIUM,Vallejo,Model Color,Model Color,Glaze Medium,Acrylic paint,Active/Unknown,,,VAL_GAME_COLOR_AUXILIARY_GLAZE_MEDIUM,Vallejo,Game Color Auxiliary,Game Color Auxiliary,Glaze Medium,Auxiliary,,,,,,,,,,,,,
MANUAL_RESEARCH,No same-company or equivalency match found,Manual research required.,No matching same-company paint name and no equivalency source match found.,Vallejo_registry_26.0.9.csv,VAL_MODEL_COLOR_GLOSS_MEDIUM,Vallejo,Model Color,Model Color,Gloss Medium,Acrylic paint,Active/Unknown,,,,,,,,,,,,,,,,,,,,,
MANUAL_RESEARCH,No same-company or equivalency match found,Manual research required.,No matching same-company paint name and no equivalency source match found.,Vallejo_registry_26.0.9.csv,VAL_MODEL_COLOR_GLOSS_VARNISH,Vallejo,Model Color,Model Color,Gloss Varnish,Acrylic paint,Active/Unknown,,,,,,,,,,,,,,,,,,,,,
MANUAL_RESEARCH,No same-company or equivalency match found,Manual research required.,No matching same-company paint name and no equivalency source match found.,Vallejo_registry_26.0.9.csv,VAL_MODEL_COLOR_GLOSSY_VARNISH,Vallejo,Model Color,Model Color,Glossy Varnish,Acrylic Paint,Active/Unknown,,,,,,,,,,,,,,,,,,,,,
MANUAL_RESEARCH,No same-company or equivalency match found,Manual research required.,No matching same-company paint name and no equivalency source match found.,Vallejo_registry_26.0.9.csv,VAL_MODEL_COLOR_LIQUID_MASK,Vallejo,Model Color,Model Color,Liquid Mask,Acrylic paint,Active/Unknown,,,,,,,,,,,,,,,,,,,,,
MANUAL_RESEARCH,No same-company or equivalency match found,Manual research required.,No matching same-company paint name and no equivalency source match found.,Vallejo_registry_26.0.9.csv,VAL_MODEL_COLOR_MATT_BASE,Vallejo,Model Color,Model Color,Matt Base,Acrylic paint,Active/Unknown,,,,,,,,,,,,,,,,,,,,,
MANUAL_RESEARCH,No same-company or equivalency match found,Manual research required.,No matching same-company paint name and no equivalency source match found.,Vallejo_registry_26.0.9.csv,VAL_MODEL_COLOR_MATT_VARNISH,Vallejo,Model Color,Model Color,Matt Varnish,Acrylic paint,Active/Unknown,,,,,,,,,,,,,,,,,,,,,
MANUAL_RESEARCH,No same-company or equivalency match found,Manual research required.,No matching same-company paint name and no equivalency source match found.,Vallejo_registry_26.0.9.csv,VAL_MODEL_COLOR_MATTE_VARNISH,Vallejo,Model Color,Model Color,Matte Varnish,Acrylic Paint,Active/Unknown,,,,,,,,,,,,,,,,,,,,,
MANUAL_RESEARCH,No same-company or equivalency match found,Manual research required.,No matching same-company paint name and no equivalency source match found.,Vallejo_registry_26.0.9.csv,VAL_MODEL_COLOR_MEDIUM_GREY_BLUE,Vallejo,Model Color,Model Color,Medium Grey Blue,Acrylic paint,Active/Unknown,,,,,,,,,,,,,,,,,,,,,
SAME_COMPANY_MATCH_MISSING_COLOR,Same-company paint name exists but lacks usable Hex/RGB,Manual review or enrich one of the matching same-company rows first.,"Same-company paint name exists, but no matching row has both Hex and RGB.",Vallejo_registry_26.0.9.csv,VAL_MODEL_COLOR_METAL_MEDIUM,Vallejo,Model Color,Model Color,Metal Medium,Acrylic paint,Active/Unknown,,,VAL_GAME_COLOR_METALLIC_METAL_MEDIUM,Vallejo,Game Color Metallic,Game Color Metallic,Metal Medium,Metallic,,,,,,,,,,,,,
MANUAL_RESEARCH,No same-company or equivalency match found,Manual research required.,No matching same-company paint name and no equivalency source match found.,Vallejo_registry_26.0.9.csv,VAL_MODEL_COLOR_PLASTIC_PUTTY,Vallejo,Model Color,Model Color,Plastic Putty,Acrylic paint,Active/Unknown,,,,,,,,,,,,,,,,,,,,,
MANUAL_RESEARCH,No same-company or equivalency match found,Manual research required.,No matching same-company paint name and no equivalency source match found.,Vallejo_registry_26.0.9.csv,VAL_MODEL_COLOR_RETARDER_MEDIUM,Vallejo,Model Color,Model Color,Retarder Medium,Acrylic paint,Active/Unknown,,,,,,,,,,,,,,,,,,,,,
MANUAL_RESEARCH,No same-company or equivalency match found,Manual research required.,No matching same-company paint name and no equivalency source match found.,Vallejo_registry_26.0.9.csv,VAL_MODEL_COLOR_SATIN_VARNISH,Vallejo,Model Color,Model Color,Satin Varnish,Acrylic paint,Active/Unknown,,,,,,,,,,,,,,,,,,,,,
MANUAL_RESEARCH,No same-company or equivalency match found,Manual research required.,No matching same-company paint name and no equivalency source match found.,Vallejo_registry_26.0.9.csv,VAL_MODEL_COLOR_TAN_GLAZE,Vallejo,Model Color,Model Color,Tan Glaze,Acrylic Paint,Active/Unknown,,,,,,,,,,,,,,,,,,,,,
MANUAL_RESEARCH,No same-company or equivalency match found,Manual research required.,No matching same-company paint name and no equivalency source match found.,Vallejo_registry_26.0.9.csv,VAL_MODEL_COLOR_THINNER_MEDIUM,Vallejo,Model Color,Model Color,Thinner Medium,Acrylic paint,Active/Unknown,,,,,,,,,,,,,,,,,,,,,
MANUAL_RESEARCH,No same-company or equivalency match found,Manual research required.,No matching same-company paint name and no equivalency source match found.,Vallejo_registry_26.0.9.csv,VAL_MODEL_COLOR_TRANSPARENT_YELLOW,Vallejo,Model Color,Model Color,Transparent Yellow,Acrylic Paint,Active/Unknown,,,,,,,,,,,,,,,,,,,,,
MANUAL_RESEARCH,No same-company or equivalency match found,Manual research required.,No matching same-company paint name and no equivalency source match found.,Vallejo_registry_26.0.9.csv,VAL_MODEL_COLOR_WHITE_GLAZE,Vallejo,Model Color,Model Color,White Glaze,Acrylic Paint,Active/Unknown,,,,,,,,,,,,,,,,,,,,,
MANUAL_RESEARCH,No same-company or equivalency match found,Manual research required.,No matching same-company paint name and no equivalency source match found.,Vallejo_registry_26.0.9.csv,VAL_MODEL_COLOR_RELATED_CHIPPING_MEDIUM,Vallejo,Model Color Related,Model Color Related,Chipping Medium,Auxiliary,Active/Unknown,,,,,,,,,,,,,,,,,,,,,
MANUAL_RESEARCH,No same-company or equivalency match found,Manual research required.,No matching same-company paint name and no equivalency source match found.,Vallejo_registry_26.0.9.csv,VAL_MODEL_COLOR_RELATED_DECAL_FIX,Vallejo,Model Color Related,Model Color Related,Decal Fix,Auxiliary,Active/Unknown,,,,,,,,,,,,,,,,,,,,,
MANUAL_RESEARCH,No same-company or equivalency match found,Manual research required.,No matching same-company paint name and no equivalency source match found.,Vallejo_registry_26.0.9.csv,VAL_MODEL_COLOR_RELATED_DECAL_SOFTENER,Vallejo,Model Color Related,Model Color Related,Decal Softener,Auxiliary,Active/Unknown,,,,,,,,,,,,,,,,,,,,,
MANUAL_RESEARCH,No same-company or equivalency match found,Manual research required.,No matching same-company paint name and no equivalency source match found.,Vallejo_registry_26.0.9.csv,VAL_XPRESS_COLOR_XPRESS_MEDIUM,Vallejo,Xpress Color,Xpress Color,Xpress Medium,Contrast-style acrylic,Active/Unknown,,,,,,,,,,,,,,,,,,,,,
