Cluster_Key,Company,Paint_Name,Cluster_Status,Cluster_Size,Rows_With_Color,Rows_Missing_Color,Product_Lines,Paint_Types,Paint_IDs,Missing_Paint_IDs,Example_Hex,Example_RGB,Example_Source_Paint_ID,Recommended_Action
ak interactive|afro shadow,AK Interactive,Afro Shadow,COMPLETE,1,1,0,3rd Gen,Acrylic/Metallic comparison color,AK_3GEN_AFRO_SHADOW,,#4B0082,75:0:130,AK_3GEN_AFRO_SHADOW,No action needed.
ak interactive|alga green,AK Interactive,Alga Green,COMPLETE,1,1,0,3rd Gen,Acrylic/Metallic comparison color,AK_3GEN_ALGA_GREEN,,#565F22,86:95:34,AK_3GEN_ALGA_GREEN,No action needed.
ak interactive|aluminium,AK Interactive,Aluminium,COMPLETE,1,1,0,3rd Gen,Acrylic/Metallic comparison color,AK_3GEN_ALUMINIUM,,#AEAEAE,174:174:174,AK_3GEN_ALUMINIUM,No action needed.
ak interactive|amaranth red,AK Interactive,Amaranth Red,COMPLETE,1,1,0,3rd Gen,Acrylic/Metallic comparison color,AK_3GEN_AMARANTH_RED,,#D04F28,208:79:40,AK_3GEN_AMARANTH_RED,No action needed.
ak interactive|amethyst blue,AK Interactive,Amethyst Blue,COMPLETE,1,1,0,3rd Gen,Acrylic/Metallic comparison color,AK_3GEN_AMETHYST_BLUE,,#322B47,50:43:71,AK_3GEN_AMETHYST_BLUE,No action needed.
ak interactive|anodized violet,AK Interactive,Anodized Violet,COMPLETE,1,1,0,3rd Gen,Acrylic/Metallic comparison color,AK_3GEN_ANODIZED_VIOLET,,#9A8494,154:132:148,AK_3GEN_ANODIZED_VIOLET,No action needed.
ak interactive|anthracite grey,AK Interactive,Anthracite Grey,COMPLETE,1,1,0,3rd Gen,Acrylic/Metallic comparison color,AK_3GEN_ANTHRACITE_GREY,,#1D2A2C,29:42:44,AK_3GEN_ANTHRACITE_GREY,No action needed.
ak interactive|aquatic turquoise,AK Interactive,Aquatic Turquoise,COMPLETE,1,1,0,3rd Gen,Acrylic/Metallic comparison color,AK_3GEN_AQUATIC_TURQUOISE,,#006558,0:101:88,AK_3GEN_AQUATIC_TURQUOISE,No action needed.
ak interactive|ash grey,AK Interactive,Ash Grey,COMPLETE,1,1,0,3rd Gen,Acrylic/Metallic comparison color,AK_3GEN_ASH_GREY,,#42433A,66:67:58,AK_3GEN_ASH_GREY,No action needed.
ak interactive|astral beryllium,AK Interactive,Astral Beryllium,COMPLETE,1,1,0,3rd Gen,Acrylic/Metallic comparison color,AK_3GEN_ASTRAL_BERYLLIUM,,#7D9F8F,125:159:143,AK_3GEN_ASTRAL_BERYLLIUM,No action needed.
ak interactive|basalt grey,AK Interactive,Basalt Grey,COMPLETE,1,1,0,3rd Gen,Acrylic/Metallic comparison color,AK_3GEN_BASALT_GREY,,#5E625E,94:98:94,AK_3GEN_BASALT_GREY,No action needed.
ak interactive|basic skin tone,AK Interactive,Basic Skin Tone,COMPLETE,1,1,0,3rd Gen,Acrylic/Metallic comparison color,AK_3GEN_BASIC_SKIN_TONE,,#F8B57C,248:181:124,AK_3GEN_BASIC_SKIN_TONE,No action needed.
ak interactive|beast brown,AK Interactive,Beast Brown,COMPLETE,1,1,0,3rd Gen,Acrylic/Metallic comparison color,AK_3GEN_BEAST_BROWN,,#8B4513,139:69:19,AK_3GEN_BEAST_BROWN,No action needed.
ak interactive|beige,AK Interactive,Beige,COMPLETE,1,1,0,3rd Gen,Acrylic/Metallic comparison color,AK_3GEN_BEIGE,,#E1B949,225:185:73,AK_3GEN_BEIGE,No action needed.
ak interactive|beige red,AK Interactive,Beige Red,COMPLETE,1,1,0,3rd Gen,Acrylic/Metallic comparison color,AK_3GEN_BEIGE_RED,,#DE935A,222:147:90,AK_3GEN_BEIGE_RED,No action needed.
ak interactive|black,AK Interactive,Black,COMPLETE,1,1,0,3rd Gen,Acrylic/Metallic comparison color,AK_3GEN_BLACK,,#12120C,18:18:12,AK_3GEN_BLACK,No action needed.
ak interactive|black green,AK Interactive,Black Green,COMPLETE,1,1,0,3rd Gen,Acrylic/Metallic comparison color,AK_3GEN_BLACK_GREEN,,#182116,24:33:22,AK_3GEN_BLACK_GREEN,No action needed.
ak interactive|black purple,AK Interactive,Black Purple,COMPLETE,1,1,0,3rd Gen,Acrylic/Metallic comparison color,AK_3GEN_BLACK_PURPLE,,#0F0616,15:6:22,AK_3GEN_BLACK_PURPLE,No action needed.
ak interactive|black red,AK Interactive,Black Red,COMPLETE,1,1,0,3rd Gen,Acrylic/Metallic comparison color,AK_3GEN_BLACK_RED,,#43281F,67:40:31,AK_3GEN_BLACK_RED,No action needed.
ak interactive|blood red,AK Interactive,Blood Red,COMPLETE,1,1,0,3rd Gen,Acrylic/Metallic comparison color,AK_3GEN_BLOOD_RED,,#C6241B,198:36:27,AK_3GEN_BLOOD_RED,No action needed.
ak interactive|blue green,AK Interactive,Blue Green,COMPLETE,2,2,0,3rd Gen,Acrylic Paint | Acrylic/Metallic comparison color,AK_3GEN_BLUE_GREEN,,#388678,56:134:120,AK_3GEN_BLUE_GREEN,No action needed.
ak interactive|blue grey,AK Interactive,Blue Grey,COMPLETE,1,1,0,3rd Gen,Acrylic/Metallic comparison color,AK_3GEN_BLUE_GREY,,#C7D0CD,199:208:205,AK_3GEN_BLUE_GREY,No action needed.
ak interactive|blue violet,AK Interactive,Blue Violet,COMPLETE,1,1,0,3rd Gen,Acrylic/Metallic comparison color,AK_3GEN_BLUE_VIOLET,,#8A6FA5,138:111:165,AK_3GEN_BLUE_VIOLET,No action needed.
ak interactive|bordeaux red,AK Interactive,Bordeaux Red,COMPLETE,1,1,0,3rd Gen,Acrylic/Metallic comparison color,AK_3GEN_BORDEAUX_RED,,#A23B30,162:59:48,AK_3GEN_BORDEAUX_RED,No action needed.
ak interactive|brass,AK Interactive,Brass,COMPLETE,1,1,0,3rd Gen,Acrylic/Metallic comparison color,AK_3GEN_BRASS,,#9F5E15,159:94:21,AK_3GEN_BRASS,No action needed.
ak interactive|brick red,AK Interactive,Brick Red,COMPLETE,1,1,0,3rd Gen,Acrylic/Metallic comparison color,AK_3GEN_BRICK_RED,,#9F4529,159:69:41,AK_3GEN_BRICK_RED,No action needed.
ak interactive|british khaki,AK Interactive,British Khaki,COMPLETE,1,1,0,3rd Gen,Acrylic/Metallic comparison color,AK_3GEN_BRITISH_KHAKI,,#674D21,103:77:33,AK_3GEN_BRITISH_KHAKI,No action needed.
ak interactive|bronze,AK Interactive,Bronze,COMPLETE,1,1,0,3rd Gen,Acrylic/Metallic comparison color,AK_3GEN_BRONZE,,#7D5413,125:84:19,AK_3GEN_BRONZE,No action needed.
ak interactive|brown rose,AK Interactive,Brown Rose,COMPLETE,1,1,0,3rd Gen,Acrylic/Metallic comparison color,AK_3GEN_BROWN_ROSE,,#D98463,217:132:99,AK_3GEN_BROWN_ROSE,No action needed.
ak interactive|brownish green,AK Interactive,Brownish Green,COMPLETE,1,1,0,3rd Gen,Acrylic/Metallic comparison color,AK_3GEN_BROWNISH_GREEN,,#574715,87:71:21,AK_3GEN_BROWNISH_GREEN,No action needed.
ak interactive|buff,AK Interactive,Buff,COMPLETE,1,1,0,3rd Gen,Acrylic/Metallic comparison color,AK_3GEN_BUFF,,#D2AD5D,210:173:93,AK_3GEN_BUFF,No action needed.
ak interactive|burnt red,AK Interactive,Burnt Red,COMPLETE,1,1,0,3rd Gen,Acrylic/Metallic comparison color,AK_3GEN_BURNT_RED,,#523125,82:49:37,AK_3GEN_BURNT_RED,No action needed.
ak interactive|burnt tin,AK Interactive,Burnt Tin,COMPLETE,1,1,0,3rd Gen,Acrylic/Metallic comparison color,AK_3GEN_BURNT_TIN,,#311B12,49:27:18,AK_3GEN_BURNT_TIN,No action needed.
ak interactive|burnt umber,AK Interactive,Burnt Umber,COMPLETE,1,1,0,3rd Gen,Acrylic/Metallic comparison color,AK_3GEN_BURNT_UMBER,,#2B2012,43:32:18,AK_3GEN_BURNT_UMBER,No action needed.
ak interactive|cadmium red,AK Interactive,Cadmium Red,COMPLETE,1,1,0,3rd Gen,Acrylic/Metallic comparison color,AK_3GEN_CADMIUM_RED,,#E8592F,232:89:47,AK_3GEN_CADMIUM_RED,No action needed.
ak interactive|camouflage green,AK Interactive,Camouflage Green,COMPLETE,1,1,0,3rd Gen,Acrylic/Metallic comparison color,AK_3GEN_CAMOUFLAGE_GREEN,,#4E411D,78:65:29,AK_3GEN_CAMOUFLAGE_GREEN,No action needed.
ak interactive|carmine,AK Interactive,Carmine,COMPLETE,1,1,0,3rd Gen,Acrylic/Metallic comparison color,AK_3GEN_CARMINE,,#B83F23,184:63:35,AK_3GEN_CARMINE,No action needed.
ak interactive|chocolate chipping,AK Interactive,Chocolate (Chipping),COMPLETE,1,1,0,3rd Gen,Acrylic/Metallic comparison color,AK_3GEN_CHOCOLATE_CHIPPING,,#3E2319,62:35:25,AK_3GEN_CHOCOLATE_CHIPPING,No action needed.
ak interactive|cobalt blue,AK Interactive,Cobalt Blue,COMPLETE,1,1,0,3rd Gen,Acrylic/Metallic comparison color,AK_3GEN_COBALT_BLUE,,#0D2335,13:35:53,AK_3GEN_COBALT_BLUE,No action needed.
ak interactive|cold green,AK Interactive,Cold Green,COMPLETE,1,1,0,3rd Gen,Acrylic/Metallic comparison color,AK_3GEN_COLD_GREEN,,#008080,0:128:128,AK_3GEN_COLD_GREEN,No action needed.
ak interactive|command green,AK Interactive,Command Green,COMPLETE,1,1,0,3rd Gen,Acrylic/Metallic comparison color,AK_3GEN_COMMAND_GREEN,,#302E18,48:46:24,AK_3GEN_COMMAND_GREEN,No action needed.
ak interactive|copper,AK Interactive,Copper,COMPLETE,1,1,0,3rd Gen,Acrylic/Metallic comparison color,AK_3GEN_COPPER,,#BB5715,187:87:21,AK_3GEN_COPPER,No action needed.
ak interactive|cork,AK Interactive,Cork,COMPLETE,1,1,0,3rd Gen,Acrylic/Metallic comparison color,AK_3GEN_CORK,,#A27649,162:118:73,AK_3GEN_CORK,No action needed.
ak interactive|dark aluminium,AK Interactive,Dark Aluminium,COMPLETE,1,1,0,3rd Gen,Acrylic/Metallic comparison color,AK_3GEN_DARK_ALUMINIUM,,#787777,120:119:119,AK_3GEN_DARK_ALUMINIUM,No action needed.
ak interactive|dark blue,AK Interactive,Dark Blue,COMPLETE,1,1,0,3rd Gen,Acrylic/Metallic comparison color,AK_3GEN_DARK_BLUE,,#1E2E4B,30:46:75,AK_3GEN_DARK_BLUE,No action needed.
ak interactive|dark blue grey,AK Interactive,Dark Blue Grey,COMPLETE,1,1,0,3rd Gen,Acrylic/Metallic comparison color,AK_3GEN_DARK_BLUE_GREY,,#4D5E54,77:94:84,AK_3GEN_DARK_BLUE_GREY,No action needed.
ak interactive|dark brown,AK Interactive,Dark Brown,COMPLETE,1,1,0,3rd Gen,Acrylic/Metallic comparison color,AK_3GEN_DARK_BROWN,,#543A17,84:58:23,AK_3GEN_DARK_BROWN,No action needed.
ak interactive|dark flesh,AK Interactive,Dark Flesh,COMPLETE,1,1,0,3rd Gen,Acrylic/Metallic comparison color,AK_3GEN_DARK_FLESH,,#EDA538,237:165:56,AK_3GEN_DARK_FLESH,No action needed.
ak interactive|dark green,AK Interactive,Dark Green,COMPLETE,1,1,0,3rd Gen,Acrylic/Metallic comparison color,AK_3GEN_DARK_GREEN,,#23461E,35:70:30,AK_3GEN_DARK_GREEN,No action needed.
ak interactive|dark green grey,AK Interactive,Dark Green Grey,COMPLETE,1,1,0,3rd Gen,Acrylic/Metallic comparison color,AK_3GEN_DARK_GREEN_GREY,,#3C4F3D,60:79:61,AK_3GEN_DARK_GREEN_GREY,No action needed.
ak interactive|dark grey,AK Interactive,Dark Grey,COMPLETE,1,1,0,3rd Gen,Acrylic/Metallic comparison color,AK_3GEN_DARK_GREY,,#4B4A44,75:74:68,AK_3GEN_DARK_GREY,No action needed.
ak interactive|dark prussian blue,AK Interactive,Dark Prussian Blue,COMPLETE,1,1,0,3rd Gen,Acrylic/Metallic comparison color,AK_3GEN_DARK_PRUSSIAN_BLUE,,#0C0E1A,12:14:26,AK_3GEN_DARK_PRUSSIAN_BLUE,No action needed.
ak interactive|dark rust,AK Interactive,Dark Rust,COMPLETE,1,1,0,3rd Gen,Acrylic/Metallic comparison color,AK_3GEN_DARK_RUST,,#532711,83:39:17,AK_3GEN_DARK_RUST,No action needed.
ak interactive|dark sand,AK Interactive,Dark Sand,COMPLETE,1,1,0,3rd Gen,Acrylic/Metallic comparison color,AK_3GEN_DARK_SAND,,#E5BD58,229:189:88,AK_3GEN_DARK_SAND,No action needed.
ak interactive|dark sea blue,AK Interactive,Dark Sea Blue,COMPLETE,1,1,0,3rd Gen,Acrylic/Metallic comparison color,AK_3GEN_DARK_SEA_BLUE,,#0D1915,13:25:21,AK_3GEN_DARK_SEA_BLUE,No action needed.
ak interactive|dark sea blue blue grey,AK Interactive,Dark Sea Blue BLUE GREY,COMPLETE,1,1,0,3rd Gen,Acrylic/Metallic comparison color,AK_3GEN_DARK_SEA_BLUE_BLUE_GREY,,#022F8E,2:47:142,AK_3GEN_DARK_SEA_BLUE_BLUE_GREY,No action needed.
ak interactive|dark sea grey,AK Interactive,Dark Sea Grey,COMPLETE,1,1,0,3rd Gen,Acrylic/Metallic comparison color,AK_3GEN_DARK_SEA_GREY,,#7B7973,123:121:115,AK_3GEN_DARK_SEA_GREY,No action needed.
ak interactive|dead red,AK Interactive,Dead Red,COMPLETE,1,1,0,3rd Gen,Acrylic/Metallic comparison color,AK_3GEN_DEAD_RED,,#E94B4C,233:75:76,AK_3GEN_DEAD_RED,No action needed.
ak interactive|deck tan,AK Interactive,Deck Tan,COMPLETE,1,1,0,3rd Gen,Acrylic/Metallic comparison color,AK_3GEN_DECK_TAN,,#D0C5B0,208:197:176,AK_3GEN_DECK_TAN,No action needed.
ak interactive|decomposed flesh,AK Interactive,Decomposed Flesh,COMPLETE,1,1,0,3rd Gen,Acrylic/Metallic comparison color,AK_3GEN_DECOMPOSED_FLESH,,#BAA361,186:163:97,AK_3GEN_DECOMPOSED_FLESH,No action needed.
ak interactive|deep blue,AK Interactive,Deep Blue,COMPLETE,1,1,0,3rd Gen,Acrylic/Metallic comparison color,AK_3GEN_DEEP_BLUE,,#1D4167,29:65:103,AK_3GEN_DEEP_BLUE,No action needed.
ak interactive|deep brown,AK Interactive,Deep Brown,COMPLETE,1,1,0,3rd Gen,Acrylic/Metallic comparison color,AK_3GEN_DEEP_BROWN,,#874C2B,135:76:43,AK_3GEN_DEEP_BROWN,No action needed.
ak interactive|deep green,AK Interactive,Deep Green,COMPLETE,1,1,0,3rd Gen,Acrylic/Metallic comparison color,AK_3GEN_DEEP_GREEN,,#1D632D,29:99:45,AK_3GEN_DEEP_GREEN,No action needed.
ak interactive|deep purple mc light pink,AK Interactive,Deep Purple MC Light Pink,COMPLETE,1,1,0,3rd Gen,Acrylic/Metallic comparison color,AK_3GEN_DEEP_PURPLE_MC_LIGHT_PINK,,#7C4B69,124:75:105,AK_3GEN_DEEP_PURPLE_MC_LIGHT_PINK,No action needed.
ak interactive|deep red,AK Interactive,Deep Red,COMPLETE,1,1,0,3rd Gen,Acrylic/Metallic comparison color,AK_3GEN_DEEP_RED,,#DC211B,220:33:27,AK_3GEN_DEEP_RED,No action needed.
ak interactive|deep sky blue,AK Interactive,Deep Sky Blue,COMPLETE,1,1,0,3rd Gen,Acrylic/Metallic comparison color,AK_3GEN_DEEP_SKY_BLUE,,#69B5C7,105:181:199,AK_3GEN_DEEP_SKY_BLUE,No action needed.
ak interactive|deep violet,AK Interactive,Deep Violet,COMPLETE,1,1,0,3rd Gen,Acrylic/Metallic comparison color,AK_3GEN_DEEP_VIOLET,,#75556E,117:85:110,AK_3GEN_DEEP_VIOLET,No action needed.
ak interactive|deep yellow,AK Interactive,Deep Yellow,COMPLETE,1,1,0,3rd Gen,Acrylic/Metallic comparison color,AK_3GEN_DEEP_YELLOW,,#FDC607,253:198:7,AK_3GEN_DEEP_YELLOW,No action needed.
ak interactive|dirty red,AK Interactive,Dirty Red,COMPLETE,1,1,0,3rd Gen,Acrylic/Metallic comparison color,AK_3GEN_DIRTY_RED,,#7F1B10,127:27:16,AK_3GEN_DIRTY_RED,No action needed.
ak interactive|dirty yellow,AK Interactive,Dirty Yellow,COMPLETE,1,1,0,3rd Gen,Acrylic/Metallic comparison color,AK_3GEN_DIRTY_YELLOW,,#EEA81B,238:168:27,AK_3GEN_DIRTY_YELLOW,No action needed.
ak interactive|dragon blood,AK Interactive,Dragon Blood,COMPLETE,1,1,0,3rd Gen,Acrylic/Metallic comparison color,AK_3GEN_DRAGON_BLOOD,,#B84048,184:64:72,AK_3GEN_DRAGON_BLOOD,No action needed.
ak interactive|ducat blue,AK Interactive,Ducat Blue,COMPLETE,1,1,0,3rd Gen,Acrylic/Metallic comparison color,AK_3GEN_DUCAT_BLUE,,#3A88A1,58:136:161,AK_3GEN_DUCAT_BLUE,No action needed.
ak interactive|emerald,AK Interactive,Emerald,COMPLETE,1,1,0,3rd Gen,Acrylic/Metallic comparison color,AK_3GEN_EMERALD,,#066343,6:99:67,AK_3GEN_EMERALD,No action needed.
ak interactive|emerald metallic green,AK Interactive,Emerald Metallic Green,COMPLETE,1,1,0,3rd Gen,Acrylic/Metallic comparison color,AK_3GEN_EMERALD_METALLIC_GREEN,,#22763A,34:118:58,AK_3GEN_EMERALD_METALLIC_GREEN,No action needed.
ak interactive|english grey,AK Interactive,English Grey,COMPLETE,1,1,0,3rd Gen,Acrylic/Metallic comparison color,AK_3GEN_ENGLISH_GREY,,#706E65,112:110:101,AK_3GEN_ENGLISH_GREY,No action needed.
ak interactive|extra dark green,AK Interactive,Extra Dark Green,COMPLETE,1,1,0,3rd Gen,Acrylic/Metallic comparison color,AK_3GEN_EXTRA_DARK_GREEN,,#22322A,34:50:42,AK_3GEN_EXTRA_DARK_GREEN,No action needed.
ak interactive|faded green,AK Interactive,Faded Green,COMPLETE,1,1,0,3rd Gen,Acrylic/Metallic comparison color,AK_3GEN_FADED_GREEN,,#7D8972,125:137:114,AK_3GEN_FADED_GREEN,No action needed.
ak interactive|fluorescent blue,AK Interactive,Fluorescent Blue,COMPLETE,1,1,0,3rd Gen,Acrylic Paint,AK_3GEN_FLUORESCENT_BLUE,,#014063,1:64:99,AK_3GEN_FLUORESCENT_BLUE,No action needed.
ak interactive|fluorescent green,AK Interactive,Fluorescent Green,COMPLETE,1,1,0,3rd Gen,Acrylic Paint,AK_3GEN_FLUORESCENT_GREEN,,#97C122,151:193:34,AK_3GEN_FLUORESCENT_GREEN,No action needed.
ak interactive|fluorescent magenta,AK Interactive,Fluorescent Magenta,COMPLETE,1,1,0,3rd Gen,Acrylic Paint,AK_3GEN_FLUORESCENT_MAGENTA,,#EA4F6A,234:79:106,AK_3GEN_FLUORESCENT_MAGENTA,No action needed.
ak interactive|fluorescent orange,AK Interactive,Fluorescent Orange,COMPLETE,1,1,0,3rd Gen,Acrylic Paint,AK_3GEN_FLUORESCENT_ORANGE,,#EA571F,234:87:31,AK_3GEN_FLUORESCENT_ORANGE,No action needed.
ak interactive|fluorescent yellow,AK Interactive,Fluorescent Yellow,COMPLETE,1,1,0,3rd Gen,Acrylic Paint,AK_3GEN_FLUORESCENT_YELLOW,,#EEE429,238:228:41,AK_3GEN_FLUORESCENT_YELLOW,No action needed.
ak interactive|foundry red,AK Interactive,Foundry Red,COMPLETE,1,1,0,3rd Gen,Acrylic/Metallic comparison color,AK_3GEN_FOUNDRY_RED,,#C53632,197:54:50,AK_3GEN_FOUNDRY_RED,No action needed.
ak interactive|french blue,AK Interactive,French Blue,COMPLETE,1,1,0,3rd Gen,Acrylic/Metallic comparison color,AK_3GEN_FRENCH_BLUE,,#555754,85:87:84,AK_3GEN_FRENCH_BLUE,No action needed.
ak interactive|frog green,AK Interactive,Frog Green,COMPLETE,1,1,0,3rd Gen,Acrylic/Metallic comparison color,AK_3GEN_FROG_GREEN,,#98B921,152:185:33,AK_3GEN_FROG_GREEN,No action needed.
ak interactive|german field grey,AK Interactive,German Field Grey,COMPLETE,1,1,0,3rd Gen,Acrylic/Metallic comparison color,AK_3GEN_GERMAN_FIELD_GREY,,#423E24,66:62:36,AK_3GEN_GERMAN_FIELD_GREY,No action needed.
ak interactive|german grey,AK Interactive,German Grey,COMPLETE,1,1,0,3rd Gen,Acrylic/Metallic comparison color,AK_3GEN_GERMAN_GREY,,#383830,56:56:48,AK_3GEN_GERMAN_GREY,No action needed.
ak interactive|gold,AK Interactive,Gold,COMPLETE,1,1,0,3rd Gen,Acrylic/Metallic comparison color,AK_3GEN_GOLD,,#9B6716,155:103:22,AK_3GEN_GOLD,No action needed.
ak interactive|golden brown,AK Interactive,Golden Brown,COMPLETE,1,1,0,3rd Gen,Acrylic/Metallic comparison color,AK_3GEN_GOLDEN_BROWN,,#AE7712,174:119:18,AK_3GEN_GOLDEN_BROWN,No action needed.
ak interactive|golden olive,AK Interactive,Golden Olive,COMPLETE,1,1,0,3rd Gen,Acrylic/Metallic comparison color,AK_3GEN_GOLDEN_OLIVE,,#747C28,116:124:40,AK_3GEN_GOLDEN_OLIVE,No action needed.
ak interactive|golden yellow,AK Interactive,Golden Yellow,COMPLETE,1,1,0,3rd Gen,Acrylic/Metallic comparison color,AK_3GEN_GOLDEN_YELLOW,,#F9B14C,249:177:76,AK_3GEN_GOLDEN_YELLOW,No action needed.
ak interactive|graphite,AK Interactive,Graphite,COMPLETE,1,1,0,3rd Gen,Acrylic/Metallic comparison color,AK_3GEN_GRAPHITE,,#6C6F61,108:111:97,AK_3GEN_GRAPHITE,No action needed.
ak interactive|grass green,AK Interactive,Grass Green,COMPLETE,1,1,0,3rd Gen,Acrylic/Metallic comparison color,AK_3GEN_GRASS_GREEN,,#65822C,101:130:44,AK_3GEN_GRASS_GREEN,No action needed.
ak interactive|green grey,AK Interactive,Green Grey,COMPLETE,1,1,0,3rd Gen,Acrylic/Metallic comparison color,AK_3GEN_GREEN_GREY,,#E0E5BF,224:229:191,AK_3GEN_GREEN_GREY,No action needed.
ak interactive|green ochre,AK Interactive,Green Ochre,COMPLETE,1,1,0,3rd Gen,Acrylic/Metallic comparison color,AK_3GEN_GREEN_OCHRE,,#A68236,166:130:54,AK_3GEN_GREEN_OCHRE,No action needed.
ak interactive|green sky,AK Interactive,Green Sky,COMPLETE,1,1,0,3rd Gen,Acrylic/Metallic comparison color,AK_3GEN_GREEN_SKY,,#8BB284,139:178:132,AK_3GEN_GREEN_SKY,No action needed.
ak interactive|green brown,AK Interactive,Green-Brown,COMPLETE,1,1,0,3rd Gen,Acrylic/Metallic comparison color,AK_3GEN_GREEN_BROWN,,#705A23,112:90:35,AK_3GEN_GREEN_BROWN,No action needed.
ak interactive|greenish white,AK Interactive,Greenish White,COMPLETE,1,1,0,3rd Gen,Acrylic/Metallic comparison color,AK_3GEN_GREENISH_WHITE,,#E5EECC,229:238:204,AK_3GEN_GREENISH_WHITE,No action needed.
ak interactive|greenskin punch,AK Interactive,Greenskin Punch,COMPLETE,1,1,0,3rd Gen,Acrylic/Metallic comparison color,AK_3GEN_GREENSKIN_PUNCH,,#00FF00,0:255:0,AK_3GEN_GREENSKIN_PUNCH,No action needed.
ak interactive|grey blue,AK Interactive,Grey-Blue,COMPLETE,1,1,0,3rd Gen,Acrylic/Metallic comparison color,AK_3GEN_GREY_BLUE,,#5F6772,95:103:114,AK_3GEN_GREY_BLUE,No action needed.
ak interactive|grey brown,AK Interactive,Grey-Brown,COMPLETE,1,1,0,3rd Gen,Acrylic/Metallic comparison color,AK_3GEN_GREY_BROWN,,#705B3C,112:91:60,AK_3GEN_GREY_BROWN,No action needed.
ak interactive|grey green,AK Interactive,Grey-Green,COMPLETE,1,1,0,3rd Gen,Acrylic/Metallic comparison color,AK_3GEN_GREY_GREEN,,#818166,129:129:102,AK_3GEN_GREY_GREEN,No action needed.
ak interactive|grim brown,AK Interactive,Grim Brown,COMPLETE,1,1,0,3rd Gen,Acrylic/Metallic comparison color,AK_3GEN_GRIM_BROWN,,#1E160E,30:22:14,AK_3GEN_GRIM_BROWN,No action needed.
ak interactive|grimy grey,AK Interactive,Grimy Grey,COMPLETE,1,1,0,3rd Gen,Acrylic/Metallic comparison color,AK_3GEN_GRIMY_GREY,,#DFC898,223:200:152,AK_3GEN_GRIMY_GREY,No action needed.
ak interactive|gun metal,AK Interactive,Gun Metal,COMPLETE,1,1,0,3rd Gen,Acrylic/Metallic comparison color,AK_3GEN_GUN_METAL,,#4C4C49,76:76:73,AK_3GEN_GUN_METAL,No action needed.
ak interactive|gunship green,AK Interactive,Gunship Green,COMPLETE,1,1,0,3rd Gen,Acrylic/Metallic comparison color,AK_3GEN_GUNSHIP_GREEN,,#475435,71:84:53,AK_3GEN_GUNSHIP_GREEN,No action needed.
ak interactive|hull red,AK Interactive,Hull Red,COMPLETE,1,1,0,3rd Gen,Acrylic/Metallic comparison color,AK_3GEN_HULL_RED,,#351C10,53:28:16,AK_3GEN_HULL_RED,No action needed.
ak interactive|ice yellow,AK Interactive,Ice Yellow,COMPLETE,1,1,0,3rd Gen,Acrylic/Metallic comparison color,AK_3GEN_ICE_YELLOW,,#FFF08E,255:240:142,AK_3GEN_ICE_YELLOW,No action needed.
ak interactive|imperial blue,AK Interactive,Imperial Blue,COMPLETE,1,1,0,3rd Gen,Acrylic/Metallic comparison color,AK_3GEN_IMPERIAL_BLUE,,#22274F,34:39:79,AK_3GEN_IMPERIAL_BLUE,No action needed.
ak interactive|intense pink,AK Interactive,Intense Pink,COMPLETE,1,1,0,3rd Gen,Acrylic/Metallic comparison color,AK_3GEN_INTENSE_PINK,,#EB748F,235:116:143,AK_3GEN_INTENSE_PINK,No action needed.
ak interactive|interior yellow green,AK Interactive,Interior Yellow Green,COMPLETE,1,1,0,3rd Gen,Acrylic/Metallic comparison color,AK_3GEN_INTERIOR_YELLOW_GREEN,,#ACA317,172:163:23,AK_3GEN_INTERIOR_YELLOW_GREEN,No action needed.
ak interactive|intermediate blue,AK Interactive,Intermediate Blue,COMPLETE,1,1,0,3rd Gen,Acrylic/Metallic comparison color,AK_3GEN_INTERMEDIATE_BLUE,,#676A67,103:106:103,AK_3GEN_INTERMEDIATE_BLUE,No action needed.
ak interactive|intermediate green,AK Interactive,Intermediate Green,COMPLETE,1,1,0,3rd Gen,Acrylic/Metallic comparison color,AK_3GEN_INTERMEDIATE_GREEN,,#506F32,80:111:50,AK_3GEN_INTERMEDIATE_GREEN,No action needed.
ak interactive|ivory,AK Interactive,Ivory,COMPLETE,1,1,0,3rd Gen,Acrylic/Metallic comparison color,AK_3GEN_IVORY,,#F3EDC6,243:237:198,AK_3GEN_IVORY,No action needed.
ak interactive|japanese brown,AK Interactive,Japanese Brown,COMPLETE,1,1,0,3rd Gen,Acrylic/Metallic comparison color,AK_3GEN_JAPANESE_BROWN,,#956E1D,149:110:29,AK_3GEN_JAPANESE_BROWN,No action needed.
ak interactive|king purple,AK Interactive,King Purple,COMPLETE,1,1,0,3rd Gen,Acrylic/Metallic comparison color,AK_3GEN_KING_PURPLE,,#551A8B,85:26:139,AK_3GEN_KING_PURPLE,No action needed.
ak interactive|laser magenta,AK Interactive,Laser Magenta,COMPLETE,1,1,0,3rd Gen,Acrylic/Metallic comparison color,AK_3GEN_LASER_MAGENTA,,#6B102E,107:16:46,AK_3GEN_LASER_MAGENTA,No action needed.
ak interactive|laser yellow,AK Interactive,Laser Yellow,COMPLETE,1,1,0,3rd Gen,Acrylic/Metallic comparison color,AK_3GEN_LASER_YELLOW,,#F0E639,240:230:57,AK_3GEN_LASER_YELLOW,No action needed.
ak interactive|lead grey,AK Interactive,Lead Grey,COMPLETE,1,1,0,3rd Gen,Acrylic/Metallic comparison color,AK_3GEN_LEAD_GREY,,#454843,69:72:67,AK_3GEN_LEAD_GREY,No action needed.
ak interactive|leather brown,AK Interactive,Leather Brown,COMPLETE,1,1,0,3rd Gen,Acrylic/Metallic comparison color,AK_3GEN_LEATHER_BROWN,,#45311E,69:49:30,AK_3GEN_LEATHER_BROWN,No action needed.
ak interactive|lemon yellow,AK Interactive,Lemon Yellow,COMPLETE,1,1,0,3rd Gen,Acrylic/Metallic comparison color,AK_3GEN_LEMON_YELLOW,,#FFE221,255:226:33,AK_3GEN_LEMON_YELLOW,No action needed.
ak interactive|light brown,AK Interactive,Light Brown,COMPLETE,1,1,0,3rd Gen,Acrylic/Metallic comparison color,AK_3GEN_LIGHT_BROWN,,#CF8138,207:129:56,AK_3GEN_LIGHT_BROWN,No action needed.
ak interactive|light earth,AK Interactive,Light Earth,COMPLETE,1,1,0,3rd Gen,Acrylic/Metallic comparison color,AK_3GEN_LIGHT_EARTH,,#D0B57E,208:181:126,AK_3GEN_LIGHT_EARTH,No action needed.
ak interactive|light flesh,AK Interactive,Light Flesh,COMPLETE,1,1,0,3rd Gen,Acrylic/Metallic comparison color,AK_3GEN_LIGHT_FLESH,,#FEDEB4,254:222:180,AK_3GEN_LIGHT_FLESH,No action needed.
ak interactive|light green,AK Interactive,Light Green,COMPLETE,1,1,0,3rd Gen,Acrylic/Metallic comparison color,AK_3GEN_LIGHT_GREEN,,#5A9232,90:146:50,AK_3GEN_LIGHT_GREEN,No action needed.
ak interactive|light orange,AK Interactive,Light Orange,COMPLETE,1,1,0,3rd Gen,Acrylic Paint,AK_3GEN_LIGHT_ORANGE,,#EF7B3D,239:123:61,AK_3GEN_LIGHT_ORANGE,No action needed.
ak interactive|light prussian blue,AK Interactive,Light Prussian Blue,COMPLETE,1,1,0,3rd Gen,Acrylic/Metallic comparison color,AK_3GEN_LIGHT_PRUSSIAN_BLUE,,#122C38,18:44:56,AK_3GEN_LIGHT_PRUSSIAN_BLUE,No action needed.
ak interactive|light rust,AK Interactive,Light Rust,COMPLETE,1,1,0,3rd Gen,Acrylic/Metallic comparison color,AK_3GEN_LIGHT_RUST,,#DA5714,218:87:20,AK_3GEN_LIGHT_RUST,No action needed.
ak interactive|lilac,AK Interactive,Lilac,COMPLETE,1,1,0,3rd Gen,Acrylic/Metallic comparison color,AK_3GEN_LILAC,,#656074,101:96:116,AK_3GEN_LILAC,No action needed.
ak interactive|lime green,AK Interactive,Lime Green,COMPLETE,1,1,0,3rd Gen,Acrylic/Metallic comparison color,AK_3GEN_LIME_GREEN,,#839F2A,131:159:42,AK_3GEN_LIME_GREEN,No action needed.
ak interactive|lizard green,AK Interactive,Lizard Green,COMPLETE,1,1,0,3rd Gen,Acrylic/Metallic comparison color,AK_3GEN_LIZARD_GREEN,,#175A32,23:90:50,AK_3GEN_LIZARD_GREEN,No action needed.
ak interactive|luminous flesh,AK Interactive,Luminous Flesh,COMPLETE,1,1,0,3rd Gen,Acrylic/Metallic comparison color,AK_3GEN_LUMINOUS_FLESH,,#EEC280,238:194:128,AK_3GEN_LUMINOUS_FLESH,No action needed.
ak interactive|luminous green,AK Interactive,Luminous Green,COMPLETE,1,1,0,3rd Gen,Acrylic/Metallic comparison color,AK_3GEN_LUMINOUS_GREEN,,#CBD641,203:214:65,AK_3GEN_LUMINOUS_GREEN,No action needed.
ak interactive|magenta,AK Interactive,Magenta,COMPLETE,1,1,0,3rd Gen,Acrylic/Metallic comparison color,AK_3GEN_MAGENTA,,#B23360,178:51:96,AK_3GEN_MAGENTA,No action needed.
ak interactive|mahogany brown,AK Interactive,Mahogany Brown,COMPLETE,1,1,0,3rd Gen,Acrylic/Metallic comparison color,AK_3GEN_MAHOGANY_BROWN,,#612C10,97:44:16,AK_3GEN_MAHOGANY_BROWN,No action needed.
ak interactive|matt red,AK Interactive,Matt Red,COMPLETE,1,1,0,3rd Gen,Acrylic/Metallic comparison color,AK_3GEN_MATT_RED,,#B4321B,180:50:27,AK_3GEN_MATT_RED,No action needed.
ak interactive|medium blue,AK Interactive,Medium Blue,COMPLETE,1,1,0,3rd Gen,Acrylic/Metallic comparison color,AK_3GEN_MEDIUM_BLUE,,#183A48,24:58:72,AK_3GEN_MEDIUM_BLUE,No action needed.
ak interactive|medium flesh tone,AK Interactive,Medium Flesh Tone,COMPLETE,1,1,0,3rd Gen,Acrylic/Metallic comparison color,AK_3GEN_MEDIUM_FLESH_TONE,,#CA812E,202:129:46,AK_3GEN_MEDIUM_FLESH_TONE,No action needed.
ak interactive|medium grey,AK Interactive,Medium Grey,COMPLETE,1,1,0,3rd Gen,Acrylic/Metallic comparison color,AK_3GEN_MEDIUM_GREY,,#B7B9A2,183:185:162,AK_3GEN_MEDIUM_GREY,No action needed.
ak interactive|medium olive green,AK Interactive,Medium Olive Green,COMPLETE,1,1,0,3rd Gen,Acrylic/Metallic comparison color,AK_3GEN_MEDIUM_OLIVE_GREEN,,#3F5120,63:81:32,AK_3GEN_MEDIUM_OLIVE_GREEN,No action needed.
ak interactive|medium rust,AK Interactive,Medium Rust,COMPLETE,1,1,0,3rd Gen,Acrylic/Metallic comparison color,AK_3GEN_MEDIUM_RUST,,#9E4B30,158:75:48,AK_3GEN_MEDIUM_RUST,No action needed.
ak interactive|medium sand,AK Interactive,Medium Sand,COMPLETE,1,1,0,3rd Gen,Acrylic/Metallic comparison color,AK_3GEN_MEDIUM_SAND,,#CD9A32,205:154:50,AK_3GEN_MEDIUM_SAND,No action needed.
ak interactive|medium sea green,AK Interactive,Medium Sea-Green,COMPLETE,1,1,0,3rd Gen,Acrylic/Metallic comparison color,AK_3GEN_MEDIUM_SEA_GREEN,,#3CB371,60:179:113,AK_3GEN_MEDIUM_SEA_GREEN,No action needed.
ak interactive|metallic blue,AK Interactive,Metallic Blue,COMPLETE,1,1,0,3rd Gen,Acrylic/Metallic comparison color,AK_3GEN_METALLIC_BLUE,,#859E9B,133:158:155,AK_3GEN_METALLIC_BLUE,No action needed.
ak interactive|metallic green,AK Interactive,Metallic Green,COMPLETE,1,1,0,3rd Gen,Acrylic/Metallic comparison color,AK_3GEN_METALLIC_GREEN,,#74974E,116:151:78,AK_3GEN_METALLIC_GREEN,No action needed.
ak interactive|middle stone,AK Interactive,Middle Stone,COMPLETE,1,1,0,3rd Gen,Acrylic/Metallic comparison color,AK_3GEN_MIDDLE_STONE,,#8C7029,140:112:41,AK_3GEN_MIDDLE_STONE,No action needed.
ak interactive|mint green,AK Interactive,Mint Green,COMPLETE,1,1,0,3rd Gen,Acrylic/Metallic comparison color,AK_3GEN_MINT_GREEN,,#028D61,2:141:97,AK_3GEN_MINT_GREEN,No action needed.
ak interactive|mud brown,AK Interactive,Mud Brown,COMPLETE,1,1,0,3rd Gen,Acrylic/Metallic comparison color,AK_3GEN_MUD_BROWN,,#725532,114:85:50,AK_3GEN_MUD_BROWN,No action needed.
ak interactive|natural steel,AK Interactive,Natural Steel,COMPLETE,1,1,0,3rd Gen,Acrylic/Metallic comparison color,AK_3GEN_NATURAL_STEEL,,#A3A29D,163:162:157,AK_3GEN_NATURAL_STEEL,No action needed.
ak interactive|neutral grey,AK Interactive,Neutral Grey,COMPLETE,1,1,0,3rd Gen,Acrylic/Metallic comparison color,AK_3GEN_NEUTRAL_GREY,,#686F69,104:111:105,AK_3GEN_NEUTRAL_GREY,No action needed.
ak interactive|ocean blue,AK Interactive,Ocean Blue,COMPLETE,1,1,0,3rd Gen,Acrylic/Metallic comparison color,AK_3GEN_OCEAN_BLUE,,#203736,32:55:54,AK_3GEN_OCEAN_BLUE,No action needed.
ak interactive|ochre,AK Interactive,Ochre,COMPLETE,1,1,0,3rd Gen,Acrylic/Metallic comparison color,AK_3GEN_OCHRE,,#C7952E,199:149:46,AK_3GEN_OCHRE,No action needed.
ak interactive|offwhite,AK Interactive,Offwhite,COMPLETE,1,1,0,3rd Gen,Acrylic/Metallic comparison color,AK_3GEN_OFFWHITE,,#EDEBE2,237:235:226,AK_3GEN_OFFWHITE,No action needed.
ak interactive|oily steel,AK Interactive,Oily Steel,COMPLETE,1,1,0,3rd Gen,Acrylic/Metallic comparison color,AK_3GEN_OILY_STEEL,,#A4A18D,164:161:141,AK_3GEN_OILY_STEEL,No action needed.
ak interactive|old gold,AK Interactive,Old Gold,COMPLETE,1,1,0,3rd Gen,Acrylic/Metallic comparison color,AK_3GEN_OLD_GOLD,,#B59116,181:145:22,AK_3GEN_OLD_GOLD,No action needed.
ak interactive|old rose,AK Interactive,Old Rose,COMPLETE,1,1,0,3rd Gen,Acrylic/Metallic comparison color,AK_3GEN_OLD_ROSE,,#F3957D,243:149:125,AK_3GEN_OLD_ROSE,No action needed.
ak interactive|old turquoise,AK Interactive,Old Turquoise,COMPLETE,1,1,0,3rd Gen,Acrylic/Metallic comparison color,AK_3GEN_OLD_TURQUOISE,,#538D87,83:141:135,AK_3GEN_OLD_TURQUOISE,No action needed.
ak interactive|olive green,AK Interactive,Olive Green,COMPLETE,1,1,0,3rd Gen,Acrylic/Metallic comparison color,AK_3GEN_OLIVE_GREEN,,#4C6124,76:97:36,AK_3GEN_OLIVE_GREEN,No action needed.
ak interactive|orange brown,AK Interactive,Orange Brown,COMPLETE,1,1,0,3rd Gen,Acrylic Paint,AK_3GEN_ORANGE_BROWN,,#B3591F,179:89:31,AK_3GEN_ORANGE_BROWN,No action needed.
ak interactive|oxford,AK Interactive,Oxford,COMPLETE,1,1,0,3rd Gen,Acrylic/Metallic comparison color,AK_3GEN_OXFORD,,#353A42,53:58:66,AK_3GEN_OXFORD,No action needed.
ak interactive|pale blue,AK Interactive,Pale Blue,COMPLETE,1,1,0,3rd Gen,Acrylic/Metallic comparison color,AK_3GEN_PALE_BLUE,,#B5C4B7,181:196:183,AK_3GEN_PALE_BLUE,No action needed.
ak interactive|pale grey,AK Interactive,Pale Grey,COMPLETE,1,1,0,3rd Gen,Acrylic/Metallic comparison color,AK_3GEN_PALE_GREY,,#AEB0B6,174:176:182,AK_3GEN_PALE_GREY,No action needed.
ak interactive|pale sand,AK Interactive,Pale Sand,COMPLETE,1,1,0,3rd Gen,Acrylic/Metallic comparison color,AK_3GEN_PALE_SAND,,#EFD782,239:215:130,AK_3GEN_PALE_SAND,No action needed.
ak interactive|pale yellow,AK Interactive,Pale Yellow,COMPLETE,1,1,0,3rd Gen,Acrylic/Metallic comparison color,AK_3GEN_PALE_YELLOW,,#FEDD5B,254:221:91,AK_3GEN_PALE_YELLOW,No action needed.
ak interactive|pastel blue,AK Interactive,Pastel Blue,COMPLETE,1,1,0,3rd Gen,Acrylic/Metallic comparison color,AK_3GEN_PASTEL_BLUE,,#BCDCB8,188:220:184,AK_3GEN_PASTEL_BLUE,No action needed.
ak interactive|pastel green,AK Interactive,Pastel Green,COMPLETE,1,1,0,3rd Gen,Acrylic/Metallic comparison color,AK_3GEN_PASTEL_GREEN,,#AAD29A,170:210:154,AK_3GEN_PASTEL_GREEN,No action needed.
ak interactive|pastel peach,AK Interactive,Pastel Peach,COMPLETE,1,1,0,3rd Gen,Acrylic/Metallic comparison color,AK_3GEN_PASTEL_PEACH,,#F49A57,244:154:87,AK_3GEN_PASTEL_PEACH,No action needed.
ak interactive|pastel pink,AK Interactive,Pastel Pink,COMPLETE,1,1,0,3rd Gen,Acrylic/Metallic comparison color,AK_3GEN_PASTEL_PINK,,#F9C2A9,249:194:169,AK_3GEN_PASTEL_PINK,No action needed.
ak interactive|pastel violet,AK Interactive,Pastel Violet,COMPLETE,1,1,0,3rd Gen,Acrylic/Metallic comparison color,AK_3GEN_PASTEL_VIOLET,,#FDE7F1,253:231:241,AK_3GEN_PASTEL_VIOLET,No action needed.
ak interactive|pastel yellow,AK Interactive,Pastel Yellow,COMPLETE,1,1,0,3rd Gen,Acrylic/Metallic comparison color,AK_3GEN_PASTEL_YELLOW,,#FCDA75,252:218:117,AK_3GEN_PASTEL_YELLOW,No action needed.
ak interactive|pearl,AK Interactive,Pearl,COMPLETE,1,1,0,3rd Gen,Acrylic/Metallic comparison color,AK_3GEN_PEARL,,#F6F2D9,246:242:217,AK_3GEN_PEARL,No action needed.
ak interactive|pistachio,AK Interactive,Pistachio,COMPLETE,1,1,0,3rd Gen,Acrylic/Metallic comparison color,AK_3GEN_PISTACHIO,,#DBD02A,219:208:42,AK_3GEN_PISTACHIO,No action needed.
ak interactive|purple,AK Interactive,Purple,COMPLETE,1,1,0,3rd Gen,Acrylic/Metallic comparison color,AK_3GEN_PURPLE,,#5B4650,91:70:80,AK_3GEN_PURPLE,No action needed.
ak interactive|purulent yellow,AK Interactive,Purulent Yellow,COMPLETE,1,1,0,3rd Gen,Acrylic/Metallic comparison color,AK_3GEN_PURULENT_YELLOW,,#EBD23A,235:210:58,AK_3GEN_PURULENT_YELLOW,No action needed.
ak interactive|radiant flesh,AK Interactive,Radiant Flesh,COMPLETE,1,1,0,3rd Gen,Acrylic/Metallic comparison color,AK_3GEN_RADIANT_FLESH,,#F8B058,248:176:88,AK_3GEN_RADIANT_FLESH,No action needed.
ak interactive|radiant yellow,AK Interactive,Radiant Yellow,COMPLETE,1,1,0,3rd Gen,Acrylic/Metallic comparison color,AK_3GEN_RADIANT_YELLOW,,#FFD407,255:212:7,AK_3GEN_RADIANT_YELLOW,No action needed.
ak interactive|reddish grey,AK Interactive,Reddish Grey,COMPLETE,1,1,0,3rd Gen,Acrylic/Metallic comparison color,AK_3GEN_REDDISH_GREY,,#7A6C53,122:108:83,AK_3GEN_REDDISH_GREY,No action needed.
ak interactive|redskin shadow,AK Interactive,Redskin Shadow,COMPLETE,1,1,0,3rd Gen,Acrylic/Metallic comparison color,AK_3GEN_REDSKIN_SHADOW,,#A52A2A,165:42:42,AK_3GEN_REDSKIN_SHADOW,No action needed.
ak interactive|reflective green,AK Interactive,Reflective Green,COMPLETE,1,1,0,3rd Gen,Acrylic/Metallic comparison color,AK_3GEN_REFLECTIVE_GREEN,,#352F17,53:47:23,AK_3GEN_REFLECTIVE_GREEN,No action needed.
ak interactive|rock grey,AK Interactive,Rock Grey,COMPLETE,1,1,0,3rd Gen,Acrylic/Metallic comparison color,AK_3GEN_ROCK_GREY,,#C0B898,192:184:152,AK_3GEN_ROCK_GREY,No action needed.
ak interactive|rubber black,AK Interactive,Rubber Black,COMPLETE,1,1,0,3rd Gen,Acrylic/Metallic comparison color,AK_3GEN_RUBBER_BLACK,,#2A2619,42:38:25,AK_3GEN_RUBBER_BLACK,No action needed.
ak interactive|ruby,AK Interactive,Ruby,COMPLETE,1,1,0,3rd Gen,Acrylic/Metallic comparison color,AK_3GEN_RUBY,,#CF4948,207:73:72,AK_3GEN_RUBY,No action needed.
ak interactive|russian green,AK Interactive,Russian Green,COMPLETE,1,1,0,3rd Gen,Acrylic/Metallic comparison color,AK_3GEN_RUSSIAN_GREEN,,#292A17,41:42:23,AK_3GEN_RUSSIAN_GREEN,No action needed.
ak interactive|rusty brass,AK Interactive,Rusty Brass,COMPLETE,1,1,0,3rd Gen,Acrylic/Metallic comparison color,AK_3GEN_RUSTY_BRASS,,#9E4F16,158:79:22,AK_3GEN_RUSTY_BRASS,No action needed.
ak interactive|rusty gold,AK Interactive,Rusty Gold,COMPLETE,1,1,0,3rd Gen,Acrylic/Metallic comparison color,AK_3GEN_RUSTY_GOLD,,#6E4D19,110:77:25,AK_3GEN_RUSTY_GOLD,No action needed.
ak interactive|saddle brown,AK Interactive,Saddle Brown,COMPLETE,1,1,0,3rd Gen,Acrylic/Metallic comparison color,AK_3GEN_SADDLE_BROWN,,#6A3B2C,106:59:44,AK_3GEN_SADDLE_BROWN,No action needed.
ak interactive|sahara yellow,AK Interactive,Sahara Yellow,COMPLETE,1,1,0,3rd Gen,Acrylic/Metallic comparison color,AK_3GEN_SAHARA_YELLOW,,#B1940F,177:148:15,AK_3GEN_SAHARA_YELLOW,No action needed.
ak interactive|salmon,AK Interactive,Salmon,COMPLETE,1,1,0,3rd Gen,Acrylic/Metallic comparison color,AK_3GEN_SALMON,,#F5A176,245:161:118,AK_3GEN_SALMON,No action needed.
ak interactive|sand yellow,AK Interactive,Sand Yellow,COMPLETE,1,1,0,3rd Gen,Acrylic/Metallic comparison color,AK_3GEN_SAND_YELLOW,,#E9BD39,233:189:57,AK_3GEN_SAND_YELLOW,No action needed.
ak interactive|scarlet red,AK Interactive,Scarlet Red,COMPLETE,1,1,0,3rd Gen,Acrylic/Metallic comparison color,AK_3GEN_SCARLET_RED,,#CF3B28,207:59:40,AK_3GEN_SCARLET_RED,No action needed.
ak interactive|sickly pink,AK Interactive,Sickly Pink,COMPLETE,1,1,0,3rd Gen,Acrylic/Metallic comparison color,AK_3GEN_SICKLY_PINK,,#F7B393,247:179:147,AK_3GEN_SICKLY_PINK,No action needed.
ak interactive|silver,AK Interactive,Silver,COMPLETE,1,1,0,3rd Gen,Acrylic/Metallic comparison color,AK_3GEN_SILVER,,#9AA4A5,154:164:165,AK_3GEN_SILVER,No action needed.
ak interactive|silver grey,AK Interactive,Silver Grey,COMPLETE,1,1,0,3rd Gen,Acrylic/Metallic comparison color,AK_3GEN_SILVER_GREY,,#E5D9B9,229:217:185,AK_3GEN_SILVER_GREY,No action needed.
ak interactive|sky blue,AK Interactive,Sky Blue,COMPLETE,1,1,0,3rd Gen,Acrylic/Metallic comparison color,AK_3GEN_SKY_BLUE,,#8AC4CC,138:196:204,AK_3GEN_SKY_BLUE,No action needed.
ak interactive|sky grey,AK Interactive,Sky Grey,COMPLETE,1,1,0,3rd Gen,Acrylic/Metallic comparison color,AK_3GEN_SKY_GREY,,#BABAB7,186:186:183,AK_3GEN_SKY_GREY,No action needed.
ak interactive|slime green,AK Interactive,Slime Green,COMPLETE,1,1,0,3rd Gen,Acrylic/Metallic comparison color,AK_3GEN_SLIME_GREEN,,#839F2A,131:159:42,AK_3GEN_SLIME_GREEN,No action needed.
ak interactive|smoke black,AK Interactive,Smoke Black,COMPLETE,1,1,0,3rd Gen,Acrylic/Metallic comparison color,AK_3GEN_SMOKE_BLACK,,#2C2C22,44:44:34,AK_3GEN_SMOKE_BLACK,No action needed.
ak interactive|snow blue,AK Interactive,Snow Blue,COMPLETE,1,1,0,3rd Gen,Acrylic/Metallic comparison color,AK_3GEN_SNOW_BLUE,,#C9E4E0,201:228:224,AK_3GEN_SNOW_BLUE,No action needed.
ak interactive|spectrum blue,AK Interactive,Spectrum Blue,COMPLETE,1,1,0,3rd Gen,Acrylic/Metallic comparison color,AK_3GEN_SPECTRUM_BLUE,,#B3BEBF,179:190:191,AK_3GEN_SPECTRUM_BLUE,No action needed.
ak interactive|star blue,AK Interactive,Star Blue,COMPLETE,1,1,0,3rd Gen,Acrylic/Metallic comparison color,AK_3GEN_STAR_BLUE,,#064860,6:72:96,AK_3GEN_STAR_BLUE,No action needed.
ak interactive|strong dark blue,AK Interactive,Strong Dark Blue,COMPLETE,1,1,0,3rd Gen,Acrylic/Metallic comparison color,AK_3GEN_STRONG_DARK_BLUE,,#061520,6:21:32,AK_3GEN_STRONG_DARK_BLUE,No action needed.
ak interactive|sun red,AK Interactive,Sun Red,COMPLETE,1,1,0,3rd Gen,Acrylic/Metallic comparison color,AK_3GEN_SUN_RED,,#FF0000,255:0:0,AK_3GEN_SUN_RED,No action needed.
ak interactive|sunny skin tone,AK Interactive,Sunny Skin Tone,COMPLETE,1,1,0,3rd Gen,Acrylic/Metallic comparison color,AK_3GEN_SUNNY_SKIN_TONE,,#F6A654,246:166:84,AK_3GEN_SUNNY_SKIN_TONE,No action needed.
ak interactive|tan earth,AK Interactive,Tan Earth,COMPLETE,1,1,0,3rd Gen,Acrylic/Metallic comparison color,AK_3GEN_TAN_EARTH,,#7D5B33,125:91:51,AK_3GEN_TAN_EARTH,No action needed.
ak interactive|tan yelow,AK Interactive,Tan Yelow,COMPLETE,1,1,0,3rd Gen,Acrylic/Metallic comparison color,AK_3GEN_TAN_YELOW,,#D29847,210:152:71,AK_3GEN_TAN_YELOW,No action needed.
ak interactive|tenebrious grey,AK Interactive,Tenebrious Grey,COMPLETE,1,1,0,3rd Gen,Acrylic/Metallic comparison color,AK_3GEN_TENEBRIOUS_GREY,,#2F2C21,47:44:33,AK_3GEN_TENEBRIOUS_GREY,No action needed.
ak interactive|turquoise,AK Interactive,Turquoise,COMPLETE,1,1,0,3rd Gen,Acrylic/Metallic comparison color,AK_3GEN_TURQUOISE,,#044B4E,4:75:78,AK_3GEN_TURQUOISE,No action needed.
ak interactive|us dark green,AK Interactive,US Dark Green,COMPLETE,1,1,0,3rd Gen,Acrylic/Metallic comparison color,AK_3GEN_US_DARK_GREEN,,#433918,67:57:24,AK_3GEN_US_DARK_GREEN,No action needed.
ak interactive|ultramarine,AK Interactive,Ultramarine,COMPLETE,1,1,0,3rd Gen,Acrylic/Metallic comparison color,AK_3GEN_ULTRAMARINE,,#243776,36:55:118,AK_3GEN_ULTRAMARINE,No action needed.
ak interactive|vampiric flesh,AK Interactive,Vampiric Flesh,COMPLETE,1,1,0,3rd Gen,Acrylic/Metallic comparison color,AK_3GEN_VAMPIRIC_FLESH,,#CEBD82,206:189:130,AK_3GEN_VAMPIRIC_FLESH,No action needed.
ak interactive|vermillion,AK Interactive,Vermillion,COMPLETE,1,1,0,3rd Gen,Acrylic/Metallic comparison color,AK_3GEN_VERMILLION,,#C64D33,198:77:51,AK_3GEN_VERMILLION,No action needed.
ak interactive|violet red,AK Interactive,Violet Red,COMPLETE,1,1,0,3rd Gen,Acrylic/Metallic comparison color,AK_3GEN_VIOLET_RED,,#583436,88:52:54,AK_3GEN_VIOLET_RED,No action needed.
ak interactive|volcanic yellow,AK Interactive,Volcanic Yellow,COMPLETE,1,1,0,3rd Gen,Acrylic/Metallic comparison color,AK_3GEN_VOLCANIC_YELLOW,,#F0921A,240:146:26,AK_3GEN_VOLCANIC_YELLOW,No action needed.
ak interactive|warm grey,AK Interactive,Warm Grey,COMPLETE,1,1,0,3rd Gen,Acrylic/Metallic comparison color,AK_3GEN_WARM_GREY,,#B4A88A,180:168:138,AK_3GEN_WARM_GREY,No action needed.
ak interactive|white,AK Interactive,White,COMPLETE,1,1,0,3rd Gen,Acrylic/Metallic comparison color,AK_3GEN_WHITE,,#FFFFFF,255:255:255,AK_3GEN_WHITE,No action needed.
ak interactive|white grey,AK Interactive,White Grey,COMPLETE,1,1,0,3rd Gen,Acrylic/Metallic comparison color,AK_3GEN_WHITE_GREY,,#F5F5EE,245:245:238,AK_3GEN_WHITE_GREY,No action needed.
ak interactive|wine red,AK Interactive,Wine Red,COMPLETE,1,1,0,3rd Gen,Acrylic/Metallic comparison color,AK_3GEN_WINE_RED,,#681610,104:22:16,AK_3GEN_WINE_RED,No action needed.
ak interactive|yellow,AK Interactive,Yellow,COMPLETE,1,1,0,3rd Gen,Acrylic/Metallic comparison color,AK_3GEN_YELLOW,,#FAB719,250:183:25,AK_3GEN_YELLOW,No action needed.
army painter|absolution green,Army Painter,Absolution Green,COMPLETE,1,1,0,Speedpaint,Speedpaint,AP_SPEEDPAINT_ABSOLUTION_GREEN,,#00401F,"0,64,31",AP_SPEEDPAINT_ABSOLUTION_GREEN,No action needed.
army painter|aged hide,Army Painter,Aged Hide,COMPLETE,1,1,0,Speedpaint,Speedpaint,AP_SPEEDPAINT_AGED_HIDE,,#EB5F4D,"235,95,77",AP_SPEEDPAINT_AGED_HIDE,No action needed.
army painter|algae green,Army Painter,Algae Green,COMPLETE,1,1,0,Speedpaint,Speedpaint,AP_SPEEDPAINT_ALGAE_GREEN,,#9DA94B,"157,169,75",AP_SPEEDPAINT_ALGAE_GREEN,No action needed.
army painter|alien purple,Army Painter,Alien Purple,COMPLETE,2,2,0,Air | Fanatic,Acrylic | Air,AP_AIR_ALIEN_PURPLE | AP_FANATIC_ALIEN_PURPLE,,#50317B,"80,49,123",AP_AIR_ALIEN_PURPLE,No action needed.
army painter|ancient honey,Army Painter,Ancient Honey,COMPLETE,1,1,0,Speedpaint,Speedpaint,AP_SPEEDPAINT_ANCIENT_HONEY,,#E9BD39,"233,189,57",AP_SPEEDPAINT_ANCIENT_HONEY,No action needed.
army painter|angel green,Army Painter,Angel Green,COMPLETE,2,2,0,Air | Fanatic,Acrylic | Air,AP_AIR_ANGEL_GREEN | AP_FANATIC_ANGEL_GREEN,,#0C391D,"12,57,29",AP_AIR_ANGEL_GREEN,No action needed.
army painter|army green,Army Painter,Army Green,COMPLETE,2,2,0,Air | Fanatic,Acrylic | Air,AP_AIR_ARMY_GREEN | AP_FANATIC_ARMY_GREEN,,#6E7645,"110,118,69",AP_AIR_ARMY_GREEN,No action needed.
army painter|ash grey,Army Painter,Ash Grey,COMPLETE,1,1,0,Fanatic,Acrylic,AP_FANATIC_ASH_GREY,,#A2A5A4,"162,165,164",AP_FANATIC_ASH_GREY,No action needed.
army painter|ashen stone,Army Painter,Ashen Stone,COMPLETE,1,1,0,Speedpaint,Speedpaint,AP_SPEEDPAINT_ASHEN_STONE,,#B3BEBF,"179,190,191",AP_SPEEDPAINT_ASHEN_STONE,No action needed.
army painter|barbarian flesh,Army Painter,Barbarian Flesh,COMPLETE,2,2,0,Air | Fanatic,Acrylic | Air,AP_AIR_BARBARIAN_FLESH | AP_FANATIC_BARBARIAN_FLESH,,#E89C6C,"232,156,108",AP_AIR_BARBARIAN_FLESH,No action needed.
army painter|battleship grey,Army Painter,Battleship Grey,COMPLETE,1,1,0,Speedpaint,Speedpaint,AP_SPEEDPAINT_BATTLESHIP_GREY,,#5B8093,"91,128,147",AP_SPEEDPAINT_BATTLESHIP_GREY,No action needed.
army painter|beowulf blue,Army Painter,Beowulf Blue,COMPLETE,1,1,0,Speedpaint,Speedpaint,AP_SPEEDPAINT_BEOWULF_BLUE,,#3F74E0,"63,116,224",AP_SPEEDPAINT_BEOWULF_BLUE,No action needed.
army painter|bleached bone,Army Painter,Bleached Bone,COMPLETE,1,1,0,Air,Air,AP_AIR_BLEACHED_BONE,,#EFD9A8,"239,217,168",AP_AIR_BLEACHED_BONE,No action needed.
army painter|blinding light,Army Painter,Blinding Light,COMPLETE,1,1,0,Speedpaint,Speedpaint,AP_SPEEDPAINT_BLINDING_LIGHT,,#FFFFFF,"255,255,255",AP_SPEEDPAINT_BLINDING_LIGHT,No action needed.
army painter|blood red,Army Painter,Blood Red,COMPLETE,1,1,0,Speedpaint,Speedpaint,AP_SPEEDPAINT_BLOOD_RED,,#CE0018,"206,0,24",AP_SPEEDPAINT_BLOOD_RED,No action needed.
army painter|bony matter,Army Painter,Bony Matter,COMPLETE,1,1,0,Speedpaint,Speedpaint,AP_SPEEDPAINT_BONY_MATTER,,#9C8855,"156,136,85",AP_SPEEDPAINT_BONY_MATTER,No action needed.
army painter|brainmatter beige,Army Painter,Brainmatter Beige,COMPLETE,1,1,0,Fanatic,Acrylic,AP_FANATIC_BRAINMATTER_BEIGE,,#F1F0E0,"241,240,224",AP_FANATIC_BRAINMATTER_BEIGE,No action needed.
army painter|bright red,Army Painter,Bright Red,COMPLETE,1,1,0,Speedpaint,Speedpaint,AP_SPEEDPAINT_BRIGHT_RED,,#E1431E,"225,67,30",AP_SPEEDPAINT_BRIGHT_RED,No action needed.
army painter|brownish decay,Army Painter,Brownish Decay,COMPLETE,1,1,0,Speedpaint,Speedpaint,AP_SPEEDPAINT_BROWNISH_DECAY,,#705A23,"112,90,35",AP_SPEEDPAINT_BROWNISH_DECAY,No action needed.
army painter|burnished red,Army Painter,Burnished Red,COMPLETE,1,1,0,Speedpaint,Speedpaint,AP_SPEEDPAINT_BURNISHED_RED,,#390008,"57,0,8",AP_SPEEDPAINT_BURNISHED_RED,No action needed.
army painter|burnt moss,Army Painter,Burnt Moss,COMPLETE,1,1,0,Speedpaint,Speedpaint,AP_SPEEDPAINT_BURNT_MOSS,,#4D5E54,"77,94,84",AP_SPEEDPAINT_BURNT_MOSS,No action needed.
army painter|camo cloak,Army Painter,Camo Cloak,COMPLETE,1,1,0,Speedpaint,Speedpaint,AP_SPEEDPAINT_CAMO_CLOAK,,#5A9E32,"90,158,50",AP_SPEEDPAINT_CAMO_CLOAK,No action needed.
army painter|camouflage green,Army Painter,Camouflage Green,COMPLETE,1,1,0,Fanatic,Acrylic,AP_FANATIC_CAMOUFLAGE_GREEN,,#A5A542,"165,165,66",AP_FANATIC_CAMOUFLAGE_GREEN,No action needed.
army painter|chaotic red,Army Painter,Chaotic Red,COMPLETE,1,1,0,Air,Air,AP_AIR_CHAOTIC_RED,,#6C1E10,"108,30,16",AP_AIR_CHAOTIC_RED,No action needed.
army painter|charming chartreuse,Army Painter,Charming Chartreuse,COMPLETE,1,1,0,Speedpaint,Speedpaint,AP_SPEEDPAINT_CHARMING_CHARTREUSE,,#E4E566,"228,229,102",AP_SPEEDPAINT_CHARMING_CHARTREUSE,No action needed.
army painter|cloudburst blue,Army Painter,Cloudburst Blue,COMPLETE,1,1,0,Speedpaint,Speedpaint,AP_SPEEDPAINT_CLOUDBURST_BLUE,,#27357E,"39,53,126",AP_SPEEDPAINT_CLOUDBURST_BLUE,No action needed.
army painter|crusader skin,Army Painter,Crusader Skin,COMPLETE,1,1,0,Speedpaint,Speedpaint,AP_SPEEDPAINT_CRUSADER_SKIN,,#F5A176,"245,161,118",AP_SPEEDPAINT_CRUSADER_SKIN,No action needed.
army painter|crystal blue,Army Painter,Crystal Blue,COMPLETE,2,2,0,Air | Fanatic,Acrylic | Air,AP_AIR_CRYSTAL_BLUE | AP_FANATIC_CRYSTAL_BLUE,,#0083C2,"0,131,194",AP_AIR_CRYSTAL_BLUE,No action needed.
army painter|daemonic yellow,Army Painter,Daemonic Yellow,COMPLETE,2,2,0,Air | Fanatic,Acrylic | Air,AP_AIR_DAEMONIC_YELLOW | AP_FANATIC_DAEMONIC_YELLOW,,#FADA06,"250,218,6",AP_AIR_DAEMONIC_YELLOW,No action needed.
army painter|dark sky,Army Painter,Dark Sky,COMPLETE,1,1,0,Air,Air,AP_AIR_DARK_SKY,,#2B4B5F,"43,75,95",AP_AIR_DARK_SKY,No action needed.
army painter|dark wood,Army Painter,Dark Wood,COMPLETE,1,1,0,Speedpaint,Speedpaint,AP_SPEEDPAINT_DARK_WOOD,,#432010,"67,32,16",AP_SPEEDPAINT_DARK_WOOD,No action needed.
army painter|desert yellow,Army Painter,Desert Yellow,COMPLETE,2,2,0,Air | Fanatic,Acrylic | Air,AP_AIR_DESERT_YELLOW | AP_FANATIC_DESERT_YELLOW,,#9C8855,"156,136,85",AP_AIR_DESERT_YELLOW,No action needed.
army painter|desolate brown,Army Painter,Desolate Brown,COMPLETE,1,1,0,Speedpaint,Speedpaint,AP_SPEEDPAINT_DESOLATE_BROWN,,#8D7B55,"141,123,85",AP_SPEEDPAINT_DESOLATE_BROWN,No action needed.
army painter|dragon red,Army Painter,Dragon Red,COMPLETE,2,2,0,Air | Fanatic,Acrylic | Air,AP_AIR_DRAGON_RED | AP_FANATIC_DRAGON_RED,,#9A1B1E,"154,27,30",AP_AIR_DRAGON_RED,No action needed.
army painter|dusk red,Army Painter,Dusk Red,COMPLETE,1,1,0,Speedpaint,Speedpaint,AP_SPEEDPAINT_DUSK_RED,,#810504,"129,5,4",AP_SPEEDPAINT_DUSK_RED,No action needed.
army painter|elemental bolt,Army Painter,Elemental Bolt,COMPLETE,1,1,0,Air,Air,AP_AIR_ELEMENTAL_BOLT,,#009A82,"0,154,130",AP_AIR_ELEMENTAL_BOLT,No action needed.
army painter|elven flesh,Army Painter,Elven Flesh,COMPLETE,1,1,0,Air,Air,AP_AIR_ELVEN_FLESH,,#495122,"73,81,34",AP_AIR_ELVEN_FLESH,No action needed.
army painter|familiar pink,Army Painter,Familiar Pink,COMPLETE,1,1,0,Speedpaint,Speedpaint,AP_SPEEDPAINT_FAMILIAR_PINK,,#888D8F,"136,141,143",AP_SPEEDPAINT_FAMILIAR_PINK,No action needed.
army painter|fire drake,Army Painter,Fire Drake,COMPLETE,1,1,0,Speedpaint,Speedpaint,AP_SPEEDPAINT_FIRE_DRAKE,,#C77958,"199,121,88",AP_SPEEDPAINT_FIRE_DRAKE,No action needed.
army painter|fire giant orange,Army Painter,Fire Giant Orange,COMPLETE,1,1,0,Speedpaint,Speedpaint,AP_SPEEDPAINT_FIRE_GIANT_ORANGE,,#E65525,"230,85,37",AP_SPEEDPAINT_FIRE_GIANT_ORANGE,No action needed.
army painter|fur brown,Army Painter,Fur Brown,COMPLETE,2,2,0,Air | Fanatic,Acrylic | Air,AP_AIR_FUR_BROWN | AP_FANATIC_FUR_BROWN,,#A14322,"161,67,34",AP_AIR_FUR_BROWN,No action needed.
army painter|ghillie dew,Army Painter,Ghillie Dew,COMPLETE,1,1,0,Speedpaint,Speedpaint,AP_SPEEDPAINT_GHILLIE_DEW,,#98B921,"152,185,33",AP_SPEEDPAINT_GHILLIE_DEW,No action needed.
army painter|ghoul green,Army Painter,Ghoul Green,COMPLETE,1,1,0,Speedpaint,Speedpaint,AP_SPEEDPAINT_GHOUL_GREEN,,#30A56C,"48,165,108",AP_SPEEDPAINT_GHOUL_GREEN,No action needed.
army painter|goblin green,Army Painter,Goblin Green,COMPLETE,1,1,0,Air,Air,AP_AIR_GOBLIN_GREEN,,#63B521,"99,181,33",AP_AIR_GOBLIN_GREEN,No action needed.
army painter|goddess glow,Army Painter,Goddess Glow,COMPLETE,1,1,0,Speedpaint,Speedpaint,AP_SPEEDPAINT_GODDESS_GLOW,,#AE6B4E,"174,107,78",AP_SPEEDPAINT_GODDESS_GLOW,No action needed.
army painter|gravelord grey,Army Painter,Gravelord Grey,COMPLETE,1,1,0,Speedpaint,Speedpaint,AP_SPEEDPAINT_GRAVELORD_GREY,,#252B31,"37,43,49",AP_SPEEDPAINT_GRAVELORD_GREY,No action needed.
army painter|greenskin,Army Painter,Greenskin,COMPLETE,2,2,0,Air | Fanatic,Acrylic | Air,AP_AIR_GREENSKIN | AP_FANATIC_GREENSKIN,,#136232,"19,98,50",AP_AIR_GREENSKIN,No action needed.
army painter|grim black,Army Painter,Grim Black,COMPLETE,1,1,0,Speedpaint,Speedpaint,AP_SPEEDPAINT_GRIM_BLACK,,#000000,"0,0,0",AP_SPEEDPAINT_GRIM_BLACK,No action needed.
army painter|gun metal,Army Painter,Gun Metal,COMPLETE,2,2,0,Air | Fanatic,Air Metallic/Effect | Metallic,AP_AIR_GUN_METAL | AP_FANATIC_GUN_METAL,,#393939,"57,57,57",AP_AIR_GUN_METAL,No action needed.
army painter|gunner camo,Army Painter,Gunner Camo,COMPLETE,1,1,0,Speedpaint,Speedpaint,AP_SPEEDPAINT_GUNNER_CAMO,,#9EA94B,"158,169,75",AP_SPEEDPAINT_GUNNER_CAMO,No action needed.
army painter|hardened leather,Army Painter,Hardened Leather,COMPLETE,1,1,0,Speedpaint,Speedpaint,AP_SPEEDPAINT_HARDENED_LEATHER,,#8B5910,"139,89,16",AP_SPEEDPAINT_HARDENED_LEATHER,No action needed.
army painter|highlord blue,Army Painter,Highlord Blue,COMPLETE,1,1,0,Speedpaint,Speedpaint,AP_SPEEDPAINT_HIGHLORD_BLUE,,#17445A,"23,68,90",AP_SPEEDPAINT_HIGHLORD_BLUE,No action needed.
army painter|hive dweller purple,Army Painter,Hive Dweller Purple,COMPLETE,1,1,0,Speedpaint,Speedpaint,AP_SPEEDPAINT_HIVE_DWELLER_PURPLE,,#50317B,"80,49,123",AP_SPEEDPAINT_HIVE_DWELLER_PURPLE,No action needed.
army painter|holy white,Army Painter,Holy White,COMPLETE,1,1,0,Speedpaint,Speedpaint,AP_SPEEDPAINT_HOLY_WHITE,,#FFFFFF,"255,255,255",AP_SPEEDPAINT_HOLY_WHITE,No action needed.
army painter|howling sand,Army Painter,Howling Sand,COMPLETE,1,1,0,Speedpaint,Speedpaint,AP_SPEEDPAINT_HOWLING_SAND,,#E0E5BF,"224,229,191",AP_SPEEDPAINT_HOWLING_SAND,No action needed.
army painter|hydra turquoise,Army Painter,Hydra Turquoise,COMPLETE,2,2,0,Air | Fanatic,Acrylic | Air,AP_AIR_HYDRA_TURQUOISE | AP_FANATIC_HYDRA_TURQUOISE,,#199BA3,"25,155,163",AP_AIR_HYDRA_TURQUOISE,No action needed.
army painter|jungle green,Army Painter,Jungle Green,COMPLETE,1,1,0,Air,Air,AP_AIR_JUNGLE_GREEN,,#88AC2E,"136,172,46",AP_AIR_JUNGLE_GREEN,No action needed.
army painter|kobold skin,Army Painter,Kobold Skin,COMPLETE,1,1,0,Air,Air,AP_AIR_KOBOLD_SKIN,,#C9A484,"201,164,132",AP_AIR_KOBOLD_SKIN,No action needed.
army painter|lava orange,Army Painter,Lava Orange,COMPLETE,2,2,0,Air | Fanatic,Acrylic | Air,AP_AIR_LAVA_ORANGE | AP_FANATIC_LAVA_ORANGE,,#E65525,"230,85,37",AP_AIR_LAVA_ORANGE,No action needed.
army painter|leather brown,Army Painter,Leather Brown,COMPLETE,2,2,0,Air | Fanatic,Acrylic | Air,AP_AIR_LEATHER_BROWN | AP_FANATIC_LEATHER_BROWN,,#764823,"118,72,35",AP_AIR_LEATHER_BROWN,No action needed.
army painter|lizardfolk cyan,Army Painter,Lizardfolk Cyan,COMPLETE,1,1,0,Speedpaint,Speedpaint,AP_SPEEDPAINT_LIZARDFOLK_CYAN,,#0097A4,"0,151,164",AP_SPEEDPAINT_LIZARDFOLK_CYAN,No action needed.
army painter|maggot skin,Army Painter,Maggot Skin,COMPLETE,1,1,0,Speedpaint,Speedpaint,AP_SPEEDPAINT_MAGGOT_SKIN,,#E2C339,"226,195,57",AP_SPEEDPAINT_MAGGOT_SKIN,No action needed.
army painter|magic blue,Army Painter,Magic Blue,COMPLETE,1,1,0,Speedpaint,Speedpaint,AP_SPEEDPAINT_MAGIC_BLUE,,#024381,"2,67,129",AP_SPEEDPAINT_MAGIC_BLUE,No action needed.
army painter|maize yellow,Army Painter,Maize Yellow,COMPLETE,1,1,0,Speedpaint,Speedpaint,AP_SPEEDPAINT_MAIZE_YELLOW,,#FFE221,"255,226,33",AP_SPEEDPAINT_MAIZE_YELLOW,No action needed.
army painter|malignant green,Army Painter,Malignant Green,COMPLETE,1,1,0,Speedpaint,Speedpaint,AP_SPEEDPAINT_MALIGNANT_GREEN,,#A9D171,"169,209,113",AP_SPEEDPAINT_MALIGNANT_GREEN,No action needed.
army painter|matt black,Army Painter,Matt Black,COMPLETE,2,2,0,Air | Fanatic,Acrylic | Air,AP_AIR_MATT_BLACK | AP_FANATIC_MATT_BLACK,,#231F20,"35,31,32",AP_AIR_MATT_BLACK,No action needed.
army painter|matt white,Army Painter,Matt White,COMPLETE,2,2,0,Air | Fanatic,Acrylic | Air,AP_AIR_MATT_WHITE | AP_FANATIC_MATT_WHITE,,#FFFFFF,"255,255,255",AP_AIR_MATT_WHITE,No action needed.
army painter|moody mauve,Army Painter,Moody Mauve,COMPLETE,1,1,0,Speedpaint,Speedpaint,AP_SPEEDPAINT_MOODY_MAUVE,,#882A6A,"136,42,106",AP_SPEEDPAINT_MOODY_MAUVE,No action needed.
army painter|moon dust,Army Painter,Moon Dust,COMPLETE,1,1,0,Air,Air Metallic/Effect,AP_AIR_MOON_DUST,,#E8D468,"232,212,104",AP_AIR_MOON_DUST,No action needed.
army painter|moonlake coral,Army Painter,Moonlake Coral,COMPLETE,1,1,0,Speedpaint,Speedpaint,AP_SPEEDPAINT_MOONLAKE_CORAL,,#A92A56,"169,42,86",AP_SPEEDPAINT_MOONLAKE_CORAL,No action needed.
army painter|mummified grime,Army Painter,Mummified Grime,COMPLETE,1,1,0,Speedpaint,Speedpaint,AP_SPEEDPAINT_MUMMIFIED_GRIME,,#675F41,"103,95,65",AP_SPEEDPAINT_MUMMIFIED_GRIME,No action needed.
army painter|murder scene,Army Painter,Murder Scene,COMPLETE,1,1,0,Speedpaint,Speedpaint,AP_SPEEDPAINT_MURDER_SCENE,,#C21920,"194,25,32",AP_SPEEDPAINT_MURDER_SCENE,No action needed.
army painter|necrotic flesh,Army Painter,Necrotic Flesh,COMPLETE,2,2,0,Air | Fanatic,Acrylic | Air,AP_AIR_NECROTIC_FLESH | AP_FANATIC_NECROTIC_FLESH,,#BFC292,"191,194,146",AP_AIR_NECROTIC_FLESH,No action needed.
army painter|noble skin,Army Painter,Noble Skin,COMPLETE,1,1,0,Speedpaint,Speedpaint,AP_SPEEDPAINT_NOBLE_SKIN,,#372D25,"55,45,37",AP_SPEEDPAINT_NOBLE_SKIN,No action needed.
army painter|nuclear sunrise,Army Painter,Nuclear Sunrise,COMPLETE,1,1,0,Speedpaint,Speedpaint,AP_SPEEDPAINT_NUCLEAR_SUNRISE,,#EF7B3D,"239,123,61",AP_SPEEDPAINT_NUCLEAR_SUNRISE,No action needed.
army painter|oak brown,Army Painter,Oak Brown,COMPLETE,2,2,0,Air | Fanatic,Acrylic | Air,AP_AIR_OAK_BROWN | AP_FANATIC_OAK_BROWN,,#432010,"67,32,16",AP_AIR_OAK_BROWN,No action needed.
army painter|occultist cloak,Army Painter,Occultist Cloak,COMPLETE,1,1,0,Speedpaint,Speedpaint,AP_SPEEDPAINT_OCCULTIST_CLOAK,,#293340,"41,51,64",AP_SPEEDPAINT_OCCULTIST_CLOAK,No action needed.
army painter|ochre clay,Army Painter,Ochre Clay,COMPLETE,1,1,0,Speedpaint,Speedpaint,AP_SPEEDPAINT_OCHRE_CLAY,,#ACA317,"172,163,23",AP_SPEEDPAINT_OCHRE_CLAY,No action needed.
army painter|orc skin,Army Painter,Orc Skin,COMPLETE,1,1,0,Speedpaint,Speedpaint,AP_SPEEDPAINT_ORC_SKIN,,#1E7331,"30,115,49",AP_SPEEDPAINT_ORC_SKIN,No action needed.
army painter|pallid bone,Army Painter,Pallid Bone,COMPLETE,1,1,0,Speedpaint,Speedpaint,AP_SPEEDPAINT_PALLID_BONE,,#DFC898,"223,200,152",AP_SPEEDPAINT_PALLID_BONE,No action needed.
army painter|pastel indigo,Army Painter,Pastel Indigo,COMPLETE,1,1,0,Speedpaint,Speedpaint,AP_SPEEDPAINT_PASTEL_INDIGO,,#A2BAD2,"162,186,210",AP_SPEEDPAINT_PASTEL_INDIGO,No action needed.
army painter|pastel salmon,Army Painter,Pastel Salmon,COMPLETE,1,1,0,Speedpaint,Speedpaint,AP_SPEEDPAINT_PASTEL_SALMON,,#9C8855,"156,136,85",AP_SPEEDPAINT_PASTEL_SALMON,No action needed.
army painter|pastel seafoam,Army Painter,Pastel Seafoam,COMPLETE,1,1,0,Speedpaint,Speedpaint,AP_SPEEDPAINT_PASTEL_SEAFOAM,,#C7E0D9,"199,224,217",AP_SPEEDPAINT_PASTEL_SEAFOAM,No action needed.
army painter|pastel yellow,Army Painter,Pastel Yellow,COMPLETE,1,1,0,Speedpaint,Speedpaint,AP_SPEEDPAINT_PASTEL_YELLOW,,#FFF08E,"255,240,142",AP_SPEEDPAINT_PASTEL_YELLOW,No action needed.
army painter|peachy flesh,Army Painter,Peachy Flesh,COMPLETE,1,1,0,Speedpaint,Speedpaint,AP_SPEEDPAINT_PEACHY_FLESH,,#E0A46F,"224,164,111",AP_SPEEDPAINT_PEACHY_FLESH,No action needed.
army painter|periwinkle purple,Army Painter,Periwinkle Purple,COMPLETE,1,1,0,Speedpaint,Speedpaint,AP_SPEEDPAINT_PERIWINKLE_PURPLE,,#50317B,"80,49,123",AP_SPEEDPAINT_PERIWINKLE_PURPLE,No action needed.
army painter|pixie pink,Army Painter,Pixie Pink,COMPLETE,2,2,0,Air | Fanatic,Acrylic | Air,AP_AIR_PIXIE_PINK | AP_FANATIC_PIXIE_PINK,,#D47A83,"212,122,131",AP_AIR_PIXIE_PINK,No action needed.
army painter|poppy red,Army Painter,Poppy Red,COMPLETE,1,1,0,Speedpaint,Speedpaint,AP_SPEEDPAINT_POPPY_RED,,#CF4948,"207,73,72",AP_SPEEDPAINT_POPPY_RED,No action needed.
army painter|princess pink,Army Painter,Princess Pink,COMPLETE,1,1,0,Speedpaint,Speedpaint,AP_SPEEDPAINT_PRINCESS_PINK,,#F4AFCC,"244,175,204",AP_SPEEDPAINT_PRINCESS_PINK,No action needed.
army painter|pure red,Army Painter,Pure Red,COMPLETE,2,2,0,Air | Fanatic,Acrylic | Air,AP_AIR_PURE_RED | AP_FANATIC_PURE_RED,,#CF2127,"207,33,39",AP_AIR_PURE_RED,No action needed.
army painter|purple alchemy,Army Painter,Purple Alchemy,COMPLETE,1,1,0,Speedpaint,Speedpaint,AP_SPEEDPAINT_PURPLE_ALCHEMY,,#B94278,"185,66,120",AP_SPEEDPAINT_PURPLE_ALCHEMY,No action needed.
army painter|raging sea,Army Painter,Raging Sea,COMPLETE,1,1,0,Speedpaint,Speedpaint,AP_SPEEDPAINT_RAGING_SEA,,#0097A4,"0,151,164",AP_SPEEDPAINT_RAGING_SEA,No action needed.
army painter|regal blue,Army Painter,Regal Blue,COMPLETE,1,1,0,Fanatic,Acrylic,AP_FANATIC_REGAL_BLUE,,#08085A,"8,8,90",AP_FANATIC_REGAL_BLUE,No action needed.
army painter|rigor mortis,Army Painter,Rigor Mortis,COMPLETE,1,1,0,Speedpaint,Speedpaint,AP_SPEEDPAINT_RIGOR_MORTIS,,#9EA94B,"158,169,75",AP_SPEEDPAINT_RIGOR_MORTIS,No action needed.
army painter|royal blue,Army Painter,Royal Blue,COMPLETE,1,1,0,Fanatic,Acrylic,AP_FANATIC_ROYAL_BLUE,,#41558D,"65,85,141",AP_FANATIC_ROYAL_BLUE,No action needed.
army painter|royal purple,Army Painter,Royal Purple,COMPLETE,1,1,0,Air,Air,AP_AIR_ROYAL_PURPLE,,#4B2967,"75,41,103",AP_AIR_ROYAL_PURPLE,No action needed.
army painter|royal robes,Army Painter,Royal Robes,COMPLETE,1,1,0,Speedpaint,Speedpaint,AP_SPEEDPAINT_ROYAL_ROBES,,#396E9E,"57,110,158",AP_SPEEDPAINT_ROYAL_ROBES,No action needed.
army painter|ruddy fur,Army Painter,Ruddy Fur,COMPLETE,1,1,0,Speedpaint,Speedpaint,AP_SPEEDPAINT_RUDDY_FUR,,#9E4B30,"158,75,48",AP_SPEEDPAINT_RUDDY_FUR,No action needed.
army painter|runic grey,Army Painter,Runic Grey,COMPLETE,1,1,0,Speedpaint,Speedpaint,AP_SPEEDPAINT_RUNIC_GREY,,#67859B,"103,133,155",AP_SPEEDPAINT_RUNIC_GREY,No action needed.
army painter|sand golem,Army Painter,Sand Golem,COMPLETE,1,1,0,Speedpaint,Speedpaint,AP_SPEEDPAINT_SAND_GOLEM,,#CD9A32,"205,154,50",AP_SPEEDPAINT_SAND_GOLEM,No action needed.
army painter|satchel brown,Army Painter,Satchel Brown,COMPLETE,1,1,0,Speedpaint,Speedpaint,AP_SPEEDPAINT_SATCHEL_BROWN,,#523125,"82,49,37",AP_SPEEDPAINT_SATCHEL_BROWN,No action needed.
army painter|shamrock green,Army Painter,Shamrock Green,COMPLETE,1,1,0,Speedpaint,Speedpaint,AP_SPEEDPAINT_SHAMROCK_GREEN,,#00401E,"0,64,30",AP_SPEEDPAINT_SHAMROCK_GREEN,No action needed.
army painter|skeleton bone,Army Painter,Skeleton Bone,COMPLETE,2,2,0,Air | Fanatic,Acrylic | Air,AP_AIR_SKELETON_BONE | AP_FANATIC_SKELETON_BONE,,#D3C89D,"211,200,157",AP_AIR_SKELETON_BONE,No action needed.
army painter|slaughter red,Army Painter,Slaughter Red,COMPLETE,1,1,0,Speedpaint,Speedpaint,AP_SPEEDPAINT_SLAUGHTER_RED,,#990033,"153,0,51",AP_SPEEDPAINT_SLAUGHTER_RED,No action needed.
army painter|thunderbird blue,Army Painter,Thunderbird Blue,COMPLETE,1,1,0,Speedpaint,Speedpaint,AP_SPEEDPAINT_THUNDERBIRD_BLUE,,#B3CECA,"179,206,202",AP_SPEEDPAINT_THUNDERBIRD_BLUE,No action needed.
army painter|tidal wave,Army Painter,Tidal Wave,COMPLETE,1,1,0,Speedpaint,Speedpaint,AP_SPEEDPAINT_TIDAL_WAVE,,#024381,"2,67,129",AP_SPEEDPAINT_TIDAL_WAVE,No action needed.
army painter|toxic mist,Army Painter,Toxic Mist,COMPLETE,1,1,0,Air,Air,AP_AIR_TOXIC_MIST,,#39C0C5,"57,192,197",AP_AIR_TOXIC_MIST,No action needed.
army painter|tyrian navy,Army Painter,Tyrian Navy,COMPLETE,1,1,0,Speedpaint,Speedpaint,AP_SPEEDPAINT_TYRIAN_NAVY,,#183A48,"24,58,72",AP_SPEEDPAINT_TYRIAN_NAVY,No action needed.
army painter|ultramarine blue,Army Painter,Ultramarine Blue,COMPLETE,2,2,0,Air | Fanatic,Acrylic | Air,AP_AIR_ULTRAMARINE_BLUE | AP_FANATIC_ULTRAMARINE_BLUE,,#29397B,"41,57,123",AP_AIR_ULTRAMARINE_BLUE,No action needed.
army painter|uniform grey,Army Painter,Uniform Grey,COMPLETE,2,2,0,Air | Fanatic,Acrylic | Air,AP_AIR_UNIFORM_GREY | AP_FANATIC_UNIFORM_GREY,,#5E6A73,"94,106,115",AP_AIR_UNIFORM_GREY,No action needed.
army painter|verdigris,Army Painter,Verdigris,COMPLETE,1,1,0,Fanatic,Effect,AP_FANATIC_VERDIGRIS,,#B3CECA,"179,206,202",AP_FANATIC_VERDIGRIS,No action needed.
army painter|warlock purple,Army Painter,Warlock Purple,COMPLETE,1,1,0,Air,Air,AP_AIR_WARLOCK_PURPLE,,#9C004A,"156,0,74",AP_AIR_WARLOCK_PURPLE,No action needed.
army painter|warrior skin,Army Painter,Warrior Skin,COMPLETE,1,1,0,Speedpaint,Speedpaint,AP_SPEEDPAINT_WARRIOR_SKIN,,#A57B63,"165,123,99",AP_SPEEDPAINT_WARRIOR_SKIN,No action needed.
army painter|wizards orb,Army Painter,Wizards Orb,COMPLETE,1,1,0,Air,Air,AP_AIR_WIZARDS_ORB,,#00726A,"0,114,106",AP_AIR_WIZARDS_ORB,No action needed.
army painter|wolf grey,Army Painter,Wolf Grey,COMPLETE,2,2,0,Air | Fanatic,Acrylic | Air,AP_AIR_WOLF_GREY | AP_FANATIC_WOLF_GREY,,#5B8093,"91,128,147",AP_AIR_WOLF_GREY,No action needed.
army painter|zealot yellow,Army Painter,Zealot Yellow,COMPLETE,1,1,0,Speedpaint,Speedpaint,AP_SPEEDPAINT_ZEALOT_YELLOW,,#FADA06,"250,218,6",AP_SPEEDPAINT_ZEALOT_YELLOW,No action needed.
games workshop|abaddon black,Games Workshop,Abaddon Black,COMPLETE,2,2,0,Air | Base,Air | Base,GW_AIR_ABADDON_BLACK | GW_BASE_ABADDON_BLACK,,#231F20,"35, 31, 32",GW_BASE_ABADDON_BLACK,No action needed.
games workshop|adeptus battlegrey,Games Workshop,Adeptus Battlegrey,COMPLETE,1,1,0,Foundation,Foundation,GW_FOUNDATION_ADEPTUS_BATTLEGREY,,#4A4C58,"74, 76, 88",GW_FOUNDATION_ADEPTUS_BATTLEGREY,No action needed.
games workshop|administratum grey,Games Workshop,Administratum Grey,COMPLETE,2,2,0,Air | Layer,Air | Layer,GW_AIR_ADMINISTRATUM_GREY | GW_LAYER_ADMINISTRATUM_GREY,,#949B95,"148, 155, 149",GW_LAYER_ADMINISTRATUM_GREY,No action needed.
games workshop|aeldari emerald,Games Workshop,Aeldari Emerald,COMPLETE,1,1,0,Contrast,Contrast,GW_CONTRAST_AELDARI_EMERALD,,#00CFA3,"0, 207, 163",GW_CONTRAST_AELDARI_EMERALD,No action needed.
games workshop|aethermatic blue,Games Workshop,Aethermatic Blue,COMPLETE,1,1,0,Contrast,Contrast,GW_CONTRAST_AETHERMATIC_BLUE,,#AEEFF0,"174, 239, 240",GW_CONTRAST_AETHERMATIC_BLUE,No action needed.
games workshop|aggaros dunes,Games Workshop,Aggaros Dunes,COMPLETE,1,1,0,Contrast,Contrast,GW_CONTRAST_AGGAROS_DUNES,,#B38A3D,"179, 138, 61",GW_CONTRAST_AGGAROS_DUNES,No action needed.
games workshop|agrax earthshade,Games Workshop,Agrax Earthshade,COMPLETE,1,1,0,Shade,Shade,GW_SHADE_AGRAX_EARTHSHADE,,#5A543C,"90, 84, 60",GW_SHADE_AGRAX_EARTHSHADE,No action needed.
games workshop|agrax earthshade devlan mud,Games Workshop,Agrax Earthshade (Devlan Mud),COMPLETE,1,1,0,Shade,Shade,GW_SHADE_AGRAX_EARTHSHADE_DEVLAN_MUD,,#5A573F,"90, 87, 63",GW_SHADE_AGRAX_EARTHSHADE_DEVLAN_MUD,No action needed.
games workshop|agrax earthshade gloss,Games Workshop,Agrax Earthshade (Gloss),COMPLETE,1,1,0,Shade,Shade,GW_SHADE_AGRAX_EARTHSHADE_GLOSS,,#5A573F,"90, 87, 63",GW_SHADE_AGRAX_EARTHSHADE_GLOSS,No action needed.
games workshop|agrellan badland,Games Workshop,Agrellan Badland,COMPLETE,2,2,0,Technical | Texture,Technical | Texture,GW_TECHNICAL_AGRELLAN_BADLAND | GW_TEXTURE_AGRELLAN_BADLAND,,#A17359,"161, 115, 89",GW_TECHNICAL_AGRELLAN_BADLAND,No action needed.
games workshop|agrellan earth,Games Workshop,Agrellan Earth,COMPLETE,2,2,0,Technical | Texture,Technical | Texture,GW_TECHNICAL_AGRELLAN_EARTH | GW_TEXTURE_AGRELLAN_EARTH,,#92816D,"146, 129, 109",GW_TECHNICAL_AGRELLAN_EARTH,No action needed.
games workshop|ahriman blue,Games Workshop,Ahriman Blue,COMPLETE,1,1,0,Layer,Layer,GW_LAYER_AHRIMAN_BLUE,,#00A5B9,"0, 165, 185",GW_LAYER_AHRIMAN_BLUE,No action needed.
games workshop|akhelian green,Games Workshop,Akhelian Green,COMPLETE,1,1,0,Contrast,Contrast,GW_CONTRAST_AKHELIAN_GREEN,,#006E78,"0, 110, 120",GW_CONTRAST_AKHELIAN_GREEN,No action needed.
games workshop|alaitoc blue,Games Workshop,Alaitoc Blue,COMPLETE,1,1,0,Layer,Layer,GW_LAYER_ALAITOC_BLUE,,#8E8C97,"142, 140, 151",GW_LAYER_ALAITOC_BLUE,No action needed.
games workshop|altdorf guard blue,Games Workshop,Altdorf Guard Blue,COMPLETE,1,1,0,Layer,Layer,GW_LAYER_ALTDORF_GUARD_BLUE,,#1F56A7,"31, 86, 167",GW_LAYER_ALTDORF_GUARD_BLUE,No action needed.
games workshop|angron red clear,Games Workshop,Angron Red Clear,COMPLETE,1,1,0,Air,Air,GW_AIR_ANGRON_RED_CLEAR,,#C2191F,"194, 25, 31",GW_AIR_ANGRON_RED_CLEAR,No action needed.
games workshop|apothecary white,Games Workshop,Apothecary White,COMPLETE,1,1,0,Contrast,Contrast,GW_CONTRAST_APOTHECARY_WHITE,,#E8ECEC,"232, 236, 236",GW_CONTRAST_APOTHECARY_WHITE,No action needed.
games workshop|ardcoat,Games Workshop,Ardcoat,COMPLETE,1,1,0,Technical,Technical,GW_TECHNICAL_ARDCOAT,,#E2DEDF,"226, 222, 223",GW_TECHNICAL_ARDCOAT,No action needed.
games workshop|armageddon dunes,Games Workshop,Armageddon Dunes,COMPLETE,2,2,0,Technical | Texture,Technical | Texture,GW_TECHNICAL_ARMAGEDDON_DUNES | GW_TEXTURE_ARMAGEDDON_DUNES,,#FCAF09,"252, 175, 9",GW_TECHNICAL_ARMAGEDDON_DUNES,No action needed.
games workshop|armageddon dust,Games Workshop,Armageddon Dust,COMPLETE,2,2,0,Technical | Texture,Technical | Texture,GW_TECHNICAL_ARMAGEDDON_DUST | GW_TEXTURE_ARMAGEDDON_DUST,,#CBAD0D,"203, 173, 13",GW_TECHNICAL_ARMAGEDDON_DUST,No action needed.
games workshop|astorath red,Games Workshop,Astorath Red,COMPLETE,1,1,0,Dry,Dry,GW_DRY_ASTORATH_RED,,#DD482B,"221, 72, 43",GW_DRY_ASTORATH_RED,No action needed.
games workshop|astrogranite,Games Workshop,Astrogranite,COMPLETE,2,2,0,Technical | Texture,Technical | Texture,GW_TECHNICAL_ASTROGRANITE | GW_TEXTURE_ASTROGRANITE,,#787878,"120, 120, 120",GW_TECHNICAL_ASTROGRANITE,No action needed.
games workshop|astrogranite debris,Games Workshop,Astrogranite Debris,COMPLETE,2,2,0,Technical | Texture,Technical | Texture,GW_TECHNICAL_ASTROGRANITE_DEBRIS | GW_TEXTURE_ASTROGRANITE_DEBRIS,,#77726E,"119, 114, 110",GW_TECHNICAL_ASTROGRANITE_DEBRIS,No action needed.
games workshop|astronomicon grey,Games Workshop,Astronomicon Grey,COMPLETE,1,1,0,Layer,Layer,GW_LAYER_ASTRONOMICON_GREY,,#96A5A9,"150, 165, 169",GW_LAYER_ASTRONOMICON_GREY,No action needed.
games workshop|asurmen blue,Games Workshop,Asurmen Blue,COMPLETE,1,1,0,Contrast,Contrast,GW_CONTRAST_ASURMEN_BLUE,,#1F6FD2,"31, 111, 210",GW_CONTRAST_ASURMEN_BLUE,No action needed.
games workshop|asurmen blue wash,Games Workshop,Asurmen Blue Wash,COMPLETE,1,1,0,Layer,Layer,GW_LAYER_ASURMEN_BLUE_WASH,,#273E53,"39, 62, 83",GW_LAYER_ASURMEN_BLUE_WASH,No action needed.
games workshop|athonian camoshade,Games Workshop,Athonian Camoshade,COMPLETE,1,1,0,Shade,Shade,GW_SHADE_ATHONIAN_CAMOSHADE,,#6D8E44,"109, 142, 68",GW_SHADE_ATHONIAN_CAMOSHADE,No action needed.
games workshop|auric armour gold,Games Workshop,Auric Armour Gold,COMPLETE,1,1,0,Layer,Layer,GW_LAYER_AURIC_ARMOUR_GOLD,,#E8BC6D,"232, 188, 109",GW_LAYER_AURIC_ARMOUR_GOLD,No action needed.
games workshop|averland sunset,Games Workshop,Averland Sunset,COMPLETE,2,2,0,Air | Base,Air | Base,GW_AIR_AVERLAND_SUNSET | GW_BASE_AVERLAND_SUNSET,,#FDB825,"253, 184, 37",GW_BASE_AVERLAND_SUNSET,No action needed.
games workshop|baal red,Games Workshop,Baal Red,COMPLETE,1,1,0,Contrast,Contrast,GW_CONTRAST_BAAL_RED,,#D81E3A,"216, 30, 58",GW_CONTRAST_BAAL_RED,No action needed.
games workshop|baal red wash,Games Workshop,Baal Red Wash,COMPLETE,1,1,0,Layer,Layer,GW_LAYER_BAAL_RED_WASH,,#630808,"99, 8, 8",GW_LAYER_BAAL_RED_WASH,No action needed.
games workshop|bad moon yellow,Games Workshop,Bad Moon Yellow,COMPLETE,2,2,0,Contrast | Layer,Contrast | Layer,GW_CONTRAST_BAD_MOON_YELLOW | GW_LAYER_BAD_MOON_YELLOW,,#F4D000,"244, 208, 0",GW_CONTRAST_BAD_MOON_YELLOW,No action needed.
games workshop|badab black wash,Games Workshop,Badab Black Wash,COMPLETE,1,1,0,Layer,Layer,GW_LAYER_BADAB_BLACK_WASH,,#000000,"0, 0, 0",GW_LAYER_BADAB_BLACK_WASH,No action needed.
games workshop|badmoon yellow,Games Workshop,Badmoon Yellow,COMPLETE,1,1,0,Layer,Layer,GW_LAYER_BADMOON_YELLOW,,#FFF200,"255, 242, 0",GW_LAYER_BADMOON_YELLOW,No action needed.
games workshop|baharroth blue,Games Workshop,Baharroth Blue,COMPLETE,2,2,0,Edge | Layer,Edge | Layer,GW_EDGE_BAHARROTH_BLUE | GW_LAYER_BAHARROTH_BLUE,,#78C4C7,"120, 196, 199",GW_LAYER_BAHARROTH_BLUE,No action needed.
games workshop|balor brown,Games Workshop,Balor Brown,COMPLETE,1,1,0,Layer,Layer,GW_LAYER_BALOR_BROWN,,#8B5910,"139, 89, 16",GW_LAYER_BALOR_BROWN,No action needed.
games workshop|balthasar gold,Games Workshop,Balthasar Gold,COMPLETE,2,2,0,Air | Base,Air | Base,GW_AIR_BALTHASAR_GOLD | GW_BASE_BALTHASAR_GOLD,,#A47552,"164, 117, 82",GW_BASE_BALTHASAR_GOLD,No action needed.
games workshop|baneblade brown,Games Workshop,Baneblade Brown,COMPLETE,2,2,0,Air | Layer,Air | Layer,GW_AIR_BANEBLADE_BROWN | GW_LAYER_BANEBLADE_BROWN,,#937F6D,"147, 127, 109",GW_LAYER_BANEBLADE_BROWN,No action needed.
games workshop|barak nar burgundy,Games Workshop,Barak-Nar Burgundy,COMPLETE,1,1,0,Base,Base,GW_BASE_BARAK_NAR_BURGUNDY,,#451636,"69, 22, 54",GW_BASE_BARAK_NAR_BURGUNDY,No action needed.
games workshop|basilicanum grey,Games Workshop,Basilicanum Grey,COMPLETE,1,1,0,Contrast,Contrast,GW_CONTRAST_BASILICANUM_GREY,,#6B6B6B,"107, 107, 107",GW_CONTRAST_BASILICANUM_GREY,No action needed.
games workshop|beaten copper,Games Workshop,Beaten Copper,COMPLETE,1,1,0,Layer,Layer,GW_LAYER_BEATEN_COPPER,,#73372D,"115, 55, 45",GW_LAYER_BEATEN_COPPER,No action needed.
games workshop|berserker bloodshade,Games Workshop,Berserker Bloodshade,COMPLETE,1,1,0,Shade,Shade,GW_SHADE_BERSERKER_BLOODSHADE,,#A82A70,"168, 42, 112",GW_SHADE_BERSERKER_BLOODSHADE,No action needed.
games workshop|bestial brown,Games Workshop,Bestial Brown,COMPLETE,1,1,0,Layer,Layer,GW_LAYER_BESTIAL_BROWN,,#7B4A39,"123, 74, 57",GW_LAYER_BESTIAL_BROWN,No action needed.
games workshop|bestigor flesh,Games Workshop,Bestigor Flesh,COMPLETE,1,1,0,Layer,Layer,GW_LAYER_BESTIGOR_FLESH,,#D38A57,"211, 138, 87",GW_LAYER_BESTIGOR_FLESH,No action needed.
games workshop|biel tan green,Games Workshop,Biel-Tan Green,COMPLETE,1,1,0,Shade,Shade,GW_SHADE_BIEL_TAN_GREEN,,#1BA169,"27, 161, 105",GW_SHADE_BIEL_TAN_GREEN,No action needed.
games workshop|bilious green,Games Workshop,Bilious Green,COMPLETE,1,1,0,Layer,Layer,GW_LAYER_BILIOUS_GREEN,,#A9D171,"169, 209, 113",GW_LAYER_BILIOUS_GREEN,No action needed.
games workshop|black ink,Games Workshop,Black Ink,COMPLETE,1,1,0,Layer,Layer,GW_LAYER_BLACK_INK,,#000000,"0, 0, 0",GW_LAYER_BLACK_INK,No action needed.
games workshop|black legion,Games Workshop,Black Legion,COMPLETE,1,1,0,Contrast,Contrast,GW_CONTRAST_BLACK_LEGION,,#1A1A1A,"26, 26, 26",GW_CONTRAST_BLACK_LEGION,No action needed.
games workshop|black templar,Games Workshop,Black Templar,COMPLETE,1,1,0,Contrast,Contrast,GW_CONTRAST_BLACK_TEMPLAR,,#232323,"35, 35, 35",GW_CONTRAST_BLACK_TEMPLAR,No action needed.
games workshop|blackfire earth,Games Workshop,Blackfire Earth,COMPLETE,1,1,0,Technical,Technical,GW_TECHNICAL_BLACKFIRE_EARTH,,#F8902F,"248, 144, 47",GW_TECHNICAL_BLACKFIRE_EARTH,No action needed.
games workshop|blackfire eath,Games Workshop,Blackfire Eath,COMPLETE,1,1,0,Texture,Texture,GW_TEXTURE_BLACKFIRE_EATH,,#A75820,"167, 88, 32",GW_TEXTURE_BLACKFIRE_EATH,No action needed.
games workshop|blazing orange,Games Workshop,Blazing Orange,COMPLETE,1,1,0,Layer,Layer,GW_LAYER_BLAZING_ORANGE,,#E65925,"230, 89, 37",GW_LAYER_BLAZING_ORANGE,No action needed.
games workshop|bleached bone,Games Workshop,Bleached Bone,COMPLETE,1,1,0,Layer,Layer,GW_LAYER_BLEACHED_BONE,,#EED5AC,"238, 213, 172",GW_LAYER_BLEACHED_BONE,No action needed.
games workshop|blood angels red,Games Workshop,Blood Angels Red,COMPLETE,1,1,0,Contrast,Contrast,GW_CONTRAST_BLOOD_ANGELS_RED,,#C81D25,"200, 29, 37",GW_CONTRAST_BLOOD_ANGELS_RED,No action needed.
games workshop|blood for the blood god,Games Workshop,Blood For The Blood God,COMPLETE,1,1,0,Technical,Technical,GW_TECHNICAL_BLOOD_FOR_THE_BLOOD_GOD,,#581011,"88, 16, 17",GW_TECHNICAL_BLOOD_FOR_THE_BLOOD_GOD,No action needed.
games workshop|blood red,Games Workshop,Blood Red,COMPLETE,1,1,0,Layer,Layer,GW_LAYER_BLOOD_RED,,#D2223E,"210, 34, 62",GW_LAYER_BLOOD_RED,No action needed.
games workshop|bloodletter,Games Workshop,Bloodletter,COMPLETE,1,1,0,Glaze,Glaze,GW_GLAZE_BLOODLETTER,,#F37355,"243, 115, 85",GW_GLAZE_BLOODLETTER,No action needed.
games workshop|bloodreaver flesh,Games Workshop,Bloodreaver Flesh,COMPLETE,1,1,0,Layer,Layer,GW_LAYER_BLOODREAVER_FLESH,,#AD6B4C,"173, 107, 76",GW_LAYER_BLOODREAVER_FLESH,No action needed.
games workshop|blue horror,Games Workshop,Blue Horror,COMPLETE,2,2,0,Edge | Layer,Edge | Layer,GW_EDGE_BLUE_HORROR | GW_LAYER_BLUE_HORROR,,#A2BAD2,"162, 186, 210",GW_LAYER_BLUE_HORROR,No action needed.
games workshop|boltgun metal,Games Workshop,Boltgun Metal,COMPLETE,1,1,0,Layer,Layer,GW_LAYER_BOLTGUN_METAL,,#888791,"136, 135, 145",GW_LAYER_BOLTGUN_METAL,No action needed.
games workshop|brass scorpion,Games Workshop,Brass Scorpion,COMPLETE,1,1,0,Layer,Layer,GW_LAYER_BRASS_SCORPION,,#B7885F,"183, 136, 95",GW_LAYER_BRASS_SCORPION,No action needed.
games workshop|brazen brass,Games Workshop,Brazen Brass,COMPLETE,1,1,0,Layer,Layer,GW_LAYER_BRAZEN_BRASS,,#966747,"150, 103, 71",GW_LAYER_BRAZEN_BRASS,No action needed.
games workshop|briar queen chill,Games Workshop,Briar Queen Chill,COMPLETE,1,1,0,Contrast,Contrast,GW_CONTRAST_BRIAR_QUEEN_CHILL,,#B7D8D2,"183, 216, 210",GW_CONTRAST_BRIAR_QUEEN_CHILL,No action needed.
games workshop|bronzed flesh,Games Workshop,Bronzed Flesh,COMPLETE,1,1,0,Layer,Layer,GW_LAYER_BRONZED_FLESH,,#EC9A36,"236, 154, 54",GW_LAYER_BRONZED_FLESH,No action needed.
games workshop|bubonic brown,Games Workshop,Bubonic Brown,COMPLETE,1,1,0,Layer,Layer,GW_LAYER_BUBONIC_BROWN,,#B89142,"184, 145, 66",GW_LAYER_BUBONIC_BROWN,No action needed.
games workshop|bugmans glow,Games Workshop,Bugman's Glow,COMPLETE,1,1,0,Base,Base,GW_BASE_BUGMAN_S_GLOW,,#834F44,"131, 79, 68",GW_BASE_BUGMAN_S_GLOW,No action needed.
games workshop|burnished gold,Games Workshop,Burnished Gold,COMPLETE,1,1,0,Layer,Layer,GW_LAYER_BURNISHED_GOLD,,#E0C068,"224, 192, 104",GW_LAYER_BURNISHED_GOLD,No action needed.
games workshop|cadian fleshtone,Games Workshop,Cadian Fleshtone,COMPLETE,1,1,0,Layer,Layer,GW_LAYER_CADIAN_FLESHTONE,,#C77958,"199, 121, 88",GW_LAYER_CADIAN_FLESHTONE,No action needed.
games workshop|caledor sky,Games Workshop,Caledor Sky,COMPLETE,1,1,0,Base,Base,GW_BASE_CALEDOR_SKY,,#396E9E,"57, 110, 158",GW_BASE_CALEDOR_SKY,No action needed.
games workshop|calgar blue,Games Workshop,Calgar Blue,COMPLETE,1,1,0,Layer,Layer,GW_LAYER_CALGAR_BLUE,,#4272B8,"66, 114, 184",GW_LAYER_CALGAR_BLUE,No action needed.
games workshop|caliban green,Games Workshop,Caliban Green,COMPLETE,2,2,0,Air | Base,Air | Base,GW_AIR_CALIBAN_GREEN | GW_BASE_CALIBAN_GREEN,,#00401F,"0, 64, 31",GW_BASE_CALIBAN_GREEN,No action needed.
games workshop|calth blue clear,Games Workshop,Calth Blue Clear,COMPLETE,1,1,0,Air,Air,GW_AIR_CALTH_BLUE_CLEAR,,#0D407F,"13, 64, 127",GW_AIR_CALTH_BLUE_CLEAR,No action needed.
games workshop|calthan brown,Games Workshop,Calthan Brown,COMPLETE,1,1,0,Foundation,Foundation,GW_FOUNDATION_CALTHAN_BROWN,,#7A4231,"122, 66, 49",GW_FOUNDATION_CALTHAN_BROWN,No action needed.
games workshop|camo green,Games Workshop,Camo Green,COMPLETE,1,1,0,Layer,Layer,GW_LAYER_CAMO_GREEN,,#878D52,"135, 141, 82",GW_LAYER_CAMO_GREEN,No action needed.
games workshop|canoptek alloy,Games Workshop,Canoptek Alloy,COMPLETE,1,1,0,Layer,Layer,GW_LAYER_CANOPTEK_ALLOY,,#B6A89A,"182, 168, 154",GW_LAYER_CANOPTEK_ALLOY,No action needed.
games workshop|carroburg crimson,Games Workshop,Carroburg Crimson,COMPLETE,1,1,0,Shade,Shade,GW_SHADE_CARROBURG_CRIMSON,,#A82A70,"168, 42, 112",GW_SHADE_CARROBURG_CRIMSON,No action needed.
games workshop|casandora yellow,Games Workshop,Casandora Yellow,COMPLETE,1,1,0,Shade,Shade,GW_SHADE_CASANDORA_YELLOW,,#FECE5A,"254, 206, 90",GW_SHADE_CASANDORA_YELLOW,No action needed.
games workshop|castellan green,Games Workshop,Castellan Green,COMPLETE,2,2,0,Air | Base,Air | Base,GW_AIR_CASTELLAN_GREEN | GW_BASE_CASTELLAN_GREEN,,#314821,"49, 72, 33",GW_BASE_CASTELLAN_GREEN,No action needed.
games workshop|castellax bronze,Games Workshop,Castellax Bronze,COMPLETE,1,1,0,Layer,Layer,GW_LAYER_CASTELLAX_BRONZE,,#B46B3A,"180, 107, 58",GW_LAYER_CASTELLAX_BRONZE,No action needed.
games workshop|catachan flesh,Games Workshop,Catachan Flesh,COMPLETE,1,1,0,Base,Base,GW_BASE_CATACHAN_FLESH,,#5D0009,"93, 0, 9",GW_BASE_CATACHAN_FLESH,No action needed.
games workshop|catachan green,Games Workshop,Catachan Green,COMPLETE,1,1,0,Layer,Layer,GW_LAYER_CATACHAN_GREEN,,#455440,"69, 84, 64",GW_LAYER_CATACHAN_GREEN,No action needed.
games workshop|celestium blue,Games Workshop,Celestium Blue,COMPLETE,1,1,0,Contrast,Contrast,GW_CONTRAST_CELESTIUM_BLUE,,#3F74E0,"63, 116, 224",GW_CONTRAST_CELESTIUM_BLUE,No action needed.
games workshop|celestra grey,Games Workshop,Celestra Grey,COMPLETE,1,1,0,Base,Base,GW_BASE_CELESTRA_GREY,,#90A8A8,"144, 168, 168",GW_BASE_CELESTRA_GREY,No action needed.
games workshop|ceramite white,Games Workshop,Ceramite White,COMPLETE,1,1,0,Base,Base,GW_BASE_CERAMITE_WHITE,,#FFFFFF,"255, 255, 255",GW_BASE_CERAMITE_WHITE,No action needed.
games workshop|chainmail,Games Workshop,Chainmail,COMPLETE,1,1,0,Layer,Layer,GW_LAYER_CHAINMAIL,,#8E8C91,"142, 140, 145",GW_LAYER_CHAINMAIL,No action needed.
games workshop|changeling pink,Games Workshop,Changeling Pink,COMPLETE,1,1,0,Dry,Dry,GW_DRY_CHANGELING_PINK,,#F4AFCD,"244, 175, 205",GW_DRY_CHANGELING_PINK,No action needed.
games workshop|chaos black,Games Workshop,Chaos Black,COMPLETE,2,2,0,Layer | Spray,Layer | Spray,GW_LAYER_CHAOS_BLACK | GW_SPRAY_CHAOS_BLACK,,#001522,"0, 21, 34",GW_SPRAY_CHAOS_BLACK,No action needed.
games workshop|charadon granite,Games Workshop,Charadon Granite,COMPLETE,1,1,0,Foundation,Foundation,GW_FOUNDATION_CHARADON_GRANITE,,#463F39,"70, 63, 57",GW_FOUNDATION_CHARADON_GRANITE,No action needed.
games workshop|chronus blue,Games Workshop,Chronus Blue,COMPLETE,1,1,0,Dry,Dry,GW_DRY_CHRONUS_BLUE,,#72A8D1,"114, 168, 209",GW_DRY_CHRONUS_BLUE,No action needed.
games workshop|codex grey,Games Workshop,Codex Grey,COMPLETE,1,1,0,Layer,Layer,GW_LAYER_CODEX_GREY,,#808285,"128, 130, 133",GW_LAYER_CODEX_GREY,No action needed.
games workshop|coelia greenshade,Games Workshop,Coelia Greenshade,COMPLETE,1,1,0,Shade,Shade,GW_SHADE_COELIA_GREENSHADE,,#0E7F78,"14, 127, 120",GW_SHADE_COELIA_GREENSHADE,No action needed.
games workshop|commando khaki,Games Workshop,Commando Khaki,COMPLETE,1,1,0,Layer,Layer,GW_LAYER_COMMANDO_KHAKI,,#9A8C7B,"154, 140, 123",GW_LAYER_COMMANDO_KHAKI,No action needed.
games workshop|corax white,Games Workshop,Corax White,COMPLETE,1,1,0,Base,Base,GW_BASE_CORAX_WHITE,,#FFFFFF,"255, 255, 255",GW_BASE_CORAX_WHITE,No action needed.
games workshop|corvus black,Games Workshop,Corvus Black,COMPLETE,2,2,0,Air | Base,Air | Base,GW_AIR_CORVUS_BLACK | GW_BASE_CORVUS_BLACK,,#171314,"23, 19, 20",GW_BASE_CORVUS_BLACK,No action needed.
games workshop|creed camo,Games Workshop,Creed Camo,COMPLETE,1,1,0,Contrast,Contrast,GW_CONTRAST_CREED_CAMO,,#5F6F3A,"95, 111, 58",GW_CONTRAST_CREED_CAMO,No action needed.
games workshop|cryptek armourshade gloss,Games Workshop,Cryptek Armourshade Gloss,COMPLETE,1,1,0,Shade,Shade,GW_SHADE_CRYPTEK_ARMOURSHADE_GLOSS,,#5A573F,"90, 87, 63",GW_SHADE_CRYPTEK_ARMOURSHADE_GLOSS,No action needed.
games workshop|cygor brown,Games Workshop,Cygor Brown,COMPLETE,1,1,0,Contrast,Contrast,GW_CONTRAST_CYGOR_BROWN,,#3B2418,"59, 36, 24",GW_CONTRAST_CYGOR_BROWN,No action needed.
games workshop|daemonette hide,Games Workshop,Daemonette Hide,COMPLETE,1,1,0,Base,Base,GW_BASE_DAEMONETTE_HIDE,,#696684,"105, 102, 132",GW_BASE_DAEMONETTE_HIDE,No action needed.
games workshop|dark angel green,Games Workshop,Dark Angel Green,COMPLETE,1,1,0,Layer,Layer,GW_LAYER_DARK_ANGEL_GREEN,,#19553C,"25, 85, 60",GW_LAYER_DARK_ANGEL_GREEN,No action needed.
games workshop|dark angels green,Games Workshop,Dark Angels Green,COMPLETE,2,2,0,Contrast | Layer,Contrast | Layer,GW_CONTRAST_DARK_ANGELS_GREEN | GW_LAYER_DARK_ANGELS_GREEN,,#103B20,"16, 59, 32",GW_CONTRAST_DARK_ANGELS_GREEN,No action needed.
games workshop|dark flesh,Games Workshop,Dark Flesh,COMPLETE,1,1,0,Layer,Layer,GW_LAYER_DARK_FLESH,,#683631,"104, 54, 49",GW_LAYER_DARK_FLESH,No action needed.
games workshop|dark green ink,Games Workshop,Dark Green Ink,COMPLETE,1,1,0,Layer,Layer,GW_LAYER_DARK_GREEN_INK,,#108473,"16, 132, 115",GW_LAYER_DARK_GREEN_INK,No action needed.
games workshop|dark reaper,Games Workshop,Dark Reaper,COMPLETE,1,1,0,Layer,Layer,GW_LAYER_DARK_REAPER,,#3B5150,"59, 81, 80",GW_LAYER_DARK_REAPER,No action needed.
games workshop|darkoath flesh,Games Workshop,Darkoath Flesh,COMPLETE,1,1,0,Contrast,Contrast,GW_CONTRAST_DARKOATH_FLESH,,#C08A5A,"192, 138, 90",GW_CONTRAST_DARKOATH_FLESH,No action needed.
games workshop|dawnstone,Games Workshop,Dawnstone,COMPLETE,3,3,0,Air | Dry | Layer,Air | Dry | Layer,GW_AIR_DAWNSTONE | GW_DRY_DAWNSTONE | GW_LAYER_DAWNSTONE,,#70756E,"112, 117, 110",GW_LAYER_DAWNSTONE,No action needed.
games workshop|death guard green,Games Workshop,Death Guard Green,COMPLETE,2,2,0,Base | Spray,Base | Spray,GW_BASE_DEATH_GUARD_GREEN | GW_SPRAY_DEATH_GUARD_GREEN,,#9C9171,"156, 145, 113",GW_BASE_DEATH_GUARD_GREEN,No action needed.
games workshop|death korps drab,Games Workshop,Death Korps Drab,COMPLETE,1,1,0,Base,Base,GW_BASE_DEATH_KORPS_DRAB,,#3D4539,"61, 69, 57",GW_BASE_DEATH_KORPS_DRAB,No action needed.
games workshop|death world forest,Games Workshop,Death World Forest,COMPLETE,1,1,0,Base,Base,GW_BASE_DEATH_WORLD_FOREST,,#5C6730,"92, 103, 48",GW_BASE_DEATH_WORLD_FOREST,No action needed.
games workshop|deathclaw brown,Games Workshop,Deathclaw Brown,COMPLETE,1,1,0,Layer,Layer,GW_LAYER_DEATHCLAW_BROWN,,#B36853,"179, 104, 83",GW_LAYER_DEATHCLAW_BROWN,No action needed.
games workshop|deathworld forest,Games Workshop,Deathworld Forest,COMPLETE,2,2,0,Air | Base,Air | Base,GW_AIR_DEATHWORLD_FOREST | GW_BASE_DEATHWORLD_FOREST,,#5D6732,"93, 103, 50",GW_BASE_DEATHWORLD_FOREST,No action needed.
games workshop|dechala lilac,Games Workshop,Dechala Lilac,COMPLETE,2,2,0,Edge | Layer,Edge | Layer,GW_EDGE_DECHALA_LILAC | GW_LAYER_DECHALA_LILAC,,#B59ECC,"181, 158, 204",GW_LAYER_DECHALA_LILAC,No action needed.
games workshop|deepkin flesh,Games Workshop,Deepkin Flesh,COMPLETE,1,1,0,Layer,Layer,GW_LAYER_DEEPKIN_FLESH,,#D2D4C7,"210, 212, 199",GW_LAYER_DEEPKIN_FLESH,No action needed.
games workshop|desert yellow,Games Workshop,Desert Yellow,COMPLETE,1,1,0,Layer,Layer,GW_LAYER_DESERT_YELLOW,,#9C8855,"156, 136, 85",GW_LAYER_DESERT_YELLOW,No action needed.
games workshop|devlan mud wash,Games Workshop,Devlan Mud Wash,COMPLETE,1,1,0,Layer,Layer,GW_LAYER_DEVLAN_MUD_WASH,,#393121,"57, 49, 33",GW_LAYER_DEVLAN_MUD_WASH,No action needed.
games workshop|dheneb stone,Games Workshop,Dheneb Stone,COMPLETE,1,1,0,Foundation,Foundation,GW_FOUNDATION_DHENEB_STONE,,#B8ACA0,"184, 172, 160",GW_FOUNDATION_DHENEB_STONE,No action needed.
games workshop|doombull brown,Games Workshop,Doombull Brown,COMPLETE,1,1,0,Layer,Layer,GW_LAYER_DOOMBULL_BROWN,,#5D0009,"93, 0, 9",GW_LAYER_DOOMBULL_BROWN,No action needed.
games workshop|doomfire magenta,Games Workshop,Doomfire Magenta,COMPLETE,1,1,0,Contrast,Contrast,GW_CONTRAST_DOOMFIRE_MAGENTA,,#D01C6B,"208, 28, 107",GW_CONTRAST_DOOMFIRE_MAGENTA,No action needed.
games workshop|dorn yellow,Games Workshop,Dorn Yellow,COMPLETE,2,2,0,Edge | Layer,Edge | Layer,GW_EDGE_DORN_YELLOW | GW_LAYER_DORN_YELLOW,,#E3D28C,"227, 210, 140",GW_LAYER_DORN_YELLOW,No action needed.
games workshop|drakenhof nightshade,Games Workshop,Drakenhof Nightshade,COMPLETE,1,1,0,Shade,Shade,GW_SHADE_DRAKENHOF_NIGHTSHADE,,#125899,"18, 88, 153",GW_SHADE_DRAKENHOF_NIGHTSHADE,No action needed.
games workshop|dreadful visage,Games Workshop,Dreadful Visage,COMPLETE,1,1,0,Contrast,Contrast,GW_CONTRAST_DREADFUL_VISAGE,,#D8D1D7,"216, 209, 215",GW_CONTRAST_DREADFUL_VISAGE,No action needed.
games workshop|druchii violet,Games Workshop,Druchii Violet,COMPLETE,1,1,0,Shade,Shade,GW_SHADE_DRUCHII_VIOLET,,#7A468C,"122, 70, 140",GW_SHADE_DRUCHII_VIOLET,No action needed.
games workshop|dryad bark,Games Workshop,Dryad Bark,COMPLETE,1,1,0,Base,Base,GW_BASE_DRYAD_BARK,,#33312D,"51, 49, 45",GW_BASE_DRYAD_BARK,No action needed.
games workshop|dwarf bronze,Games Workshop,Dwarf Bronze,COMPLETE,1,1,0,Layer,Layer,GW_LAYER_DWARF_BRONZE,,#A26840,"162, 104, 64",GW_LAYER_DWARF_BRONZE,No action needed.
games workshop|dwarf flesh,Games Workshop,Dwarf Flesh,COMPLETE,1,1,0,Layer,Layer,GW_LAYER_DWARF_FLESH,,#DA9382,"218, 147, 130",GW_LAYER_DWARF_FLESH,No action needed.
games workshop|eidolon purple clear,Games Workshop,Eidolon Purple Clear,COMPLETE,1,1,0,Air,Air,GW_AIR_EIDOLON_PURPLE_CLEAR,,#471F5F,"71, 31, 95",GW_AIR_EIDOLON_PURPLE_CLEAR,No action needed.
games workshop|eldar flesh,Games Workshop,Eldar Flesh,COMPLETE,1,1,0,Dry,Dry,GW_DRY_ELDAR_FLESH,,#ECC083,"236, 192, 131",GW_DRY_ELDAR_FLESH,No action needed.
games workshop|elf flesh,Games Workshop,Elf Flesh,COMPLETE,1,1,0,Layer,Layer,GW_LAYER_ELF_FLESH,,#EDAE74,"237, 174, 116",GW_LAYER_ELF_FLESH,No action needed.
games workshop|elysian green,Games Workshop,Elysian Green,COMPLETE,2,2,0,Air | Layer,Air | Layer,GW_AIR_ELYSIAN_GREEN | GW_LAYER_ELYSIAN_GREEN,,#748F39,"116, 143, 57",GW_LAYER_ELYSIAN_GREEN,No action needed.
games workshop|emperors children,Games Workshop,Emperor's Children,COMPLETE,2,2,0,Layer,Layer,GW_LAYER_EMPERORS_CHILDREN | GW_LAYER_EMPEROR_S_CHILDREN,,#B94278,"185, 66, 120",GW_LAYER_EMPEROR_S_CHILDREN,No action needed.
games workshop|enchanted blue,Games Workshop,Enchanted Blue,COMPLETE,1,1,0,Layer,Layer,GW_LAYER_ENCHANTED_BLUE,,#0071B7,"0, 113, 183",GW_LAYER_ENCHANTED_BLUE,No action needed.
games workshop|eshin grey,Games Workshop,Eshin Grey,COMPLETE,1,1,0,Layer,Layer,GW_LAYER_ESHIN_GREY,,#4A4F52,"74, 79, 82",GW_LAYER_ESHIN_GREY,No action needed.
games workshop|etherium blue,Games Workshop,Etherium Blue,COMPLETE,1,1,0,Dry,Dry,GW_DRY_ETHERIUM_BLUE,,#A2BAD2,"162, 186, 210",GW_DRY_ETHERIUM_BLUE,No action needed.
games workshop|evil sunz scarlet,Games Workshop,Evil Sunz Scarlet,COMPLETE,2,2,0,Air | Layer,Air | Layer,GW_AIR_EVIL_SUNZ_SCARLET | GW_LAYER_EVIL_SUNZ_SCARLET,,#C2191F,"194, 25, 31",GW_LAYER_EVIL_SUNZ_SCARLET,No action needed.
games workshop|fenris grey,Games Workshop,Fenris Grey,COMPLETE,1,1,0,Foundation,Foundation,GW_FOUNDATION_FENRIS_GREY,,#2C4363,"44, 67, 99",GW_FOUNDATION_FENRIS_GREY,No action needed.
games workshop|fenrisian grey,Games Workshop,Fenrisian Grey,COMPLETE,2,2,0,Air | Layer,Air | Layer,GW_AIR_FENRISIAN_GREY | GW_LAYER_FENRISIAN_GREY,,#719BB7,"113, 155, 183",GW_LAYER_FENRISIAN_GREY,No action needed.
games workshop|fiery orange,Games Workshop,Fiery Orange,COMPLETE,1,1,0,Layer,Layer,GW_LAYER_FIERY_ORANGE,,#F47920,"244, 121, 32",GW_LAYER_FIERY_ORANGE,No action needed.
games workshop|fire dragon bright,Games Workshop,Fire Dragon Bright,COMPLETE,1,1,0,Layer,Layer,GW_LAYER_FIRE_DRAGON_BRIGHT,,#F58652,"245, 134, 82",GW_LAYER_FIRE_DRAGON_BRIGHT,No action needed.
games workshop|flash gitz yellow,Games Workshop,Flash Gitz Yellow,COMPLETE,2,2,0,Air | Layer,Air | Layer,GW_AIR_FLASH_GITZ_YELLOW | GW_LAYER_FLASH_GITZ_YELLOW,,#FFF200,"255, 242, 0",GW_LAYER_FLASH_GITZ_YELLOW,No action needed.
games workshop|flayed one flesh,Games Workshop,Flayed One Flesh,COMPLETE,1,1,0,Layer,Layer,GW_LAYER_FLAYED_ONE_FLESH,,#FCFCDE,"252, 252, 222",GW_LAYER_FLAYED_ONE_FLESH,No action needed.
games workshop|flesh tearers red,Games Workshop,Flesh Tearers Red,COMPLETE,1,1,0,Contrast,Contrast,GW_CONTRAST_FLESH_TEARERS_RED,,#9B111E,"155, 17, 30",GW_CONTRAST_FLESH_TEARERS_RED,No action needed.
games workshop|flesh wash,Games Workshop,Flesh Wash,COMPLETE,1,1,0,Layer,Layer,GW_LAYER_FLESH_WASH,,#CE8C42,"206, 140, 66",GW_LAYER_FLESH_WASH,No action needed.
games workshop|fortress grey,Games Workshop,Fortress Grey,COMPLETE,1,1,0,Layer,Layer,GW_LAYER_FORTRESS_GREY,,#BCBDC0,"188, 189, 192",GW_LAYER_FORTRESS_GREY,No action needed.
games workshop|foundation colours knarloc green,Games Workshop,Foundation Colours Knarloc Green,COMPLETE,1,1,0,Layer,Layer,GW_LAYER_FOUNDATION_COLOURS_KNARLOC_GREEN,,#48563C,"72, 86, 60",GW_LAYER_FOUNDATION_COLOURS_KNARLOC_GREEN,No action needed.
games workshop|frostheart,Games Workshop,Frostheart,COMPLETE,1,1,0,Contrast,Contrast,GW_CONTRAST_FROSTHEART,,#3CC9E8,"60, 201, 232",GW_CONTRAST_FROSTHEART,No action needed.
games workshop|fuegan orange,Games Workshop,Fuegan Orange,COMPLETE,1,1,0,Shade,Shade,GW_SHADE_FUEGAN_ORANGE,,#C77E4D,"199, 126, 77",GW_SHADE_FUEGAN_ORANGE,No action needed.
games workshop|fulgrim pink,Games Workshop,Fulgrim Pink,COMPLETE,2,2,0,Edge | Layer,Edge | Layer,GW_EDGE_FULGRIM_PINK | GW_LAYER_FULGRIM_PINK,,#F4AFCC,"244, 175, 204",GW_LAYER_FULGRIM_PINK,No action needed.
games workshop|fulgurite copper,Games Workshop,Fulgurite Copper,COMPLETE,1,1,0,Layer,Layer,GW_LAYER_FULGURITE_COPPER,,#E6B77E,"230, 183, 126",GW_LAYER_FULGURITE_COPPER,No action needed.
games workshop|fyreslayer flesh,Games Workshop,Fyreslayer Flesh,COMPLETE,1,1,0,Contrast,Contrast,GW_CONTRAST_FYRESLAYER_FLESH,,#B06A42,"176, 106, 66",GW_CONTRAST_FYRESLAYER_FLESH,No action needed.
games workshop|gal vorbak red,Games Workshop,Gal Vorbak Red,COMPLETE,1,1,0,Base,Base,GW_BASE_GAL_VORBAK_RED,,#4B213C,"75, 33, 60",GW_BASE_GAL_VORBAK_RED,No action needed.
games workshop|garaghaks sewer,Games Workshop,Garaghak's Sewer,COMPLETE,1,1,0,Contrast,Contrast,GW_CONTRAST_GARAGHAK_S_SEWER,,#4A2F21,"74, 47, 33",GW_CONTRAST_GARAGHAK_S_SEWER,No action needed.
games workshop|gauss blaster green,Games Workshop,Gauss Blaster Green,COMPLETE,2,2,0,Edge | Layer,Edge | Layer,GW_EDGE_GAUSS_BLASTER_GREEN | GW_LAYER_GAUSS_BLASTER_GREEN,,#84C2A9,"132, 194, 169",GW_LAYER_GAUSS_BLASTER_GREEN,No action needed.
games workshop|gehennas gold,Games Workshop,Gehenna's Gold,COMPLETE,1,1,0,Layer,Layer,GW_LAYER_GEHENNA_S_GOLD,,#DBA674,"219, 166, 116",GW_LAYER_GEHENNA_S_GOLD,No action needed.
games workshop|genestealer purple,Games Workshop,Genestealer Purple,COMPLETE,1,1,0,Layer,Layer,GW_LAYER_GENESTEALER_PURPLE,,#7761AB,"119, 97, 171",GW_LAYER_GENESTEALER_PURPLE,No action needed.
games workshop|ghostly grey,Games Workshop,Ghostly Grey,COMPLETE,1,1,0,Layer,Layer,GW_LAYER_GHOSTLY_GREY,,#C3C6CD,"195, 198, 205",GW_LAYER_GHOSTLY_GREY,No action needed.
games workshop|goblin green,Games Workshop,Goblin Green,COMPLETE,1,1,0,Layer,Layer,GW_LAYER_GOBLIN_GREEN,,#3D9353,"61, 147, 83",GW_LAYER_GOBLIN_GREEN,No action needed.
games workshop|golden griffon,Games Workshop,Golden Griffon,COMPLETE,1,1,0,Dry,Dry,GW_DRY_GOLDEN_GRIFFON,,#A99058,"169, 144, 88",GW_DRY_GOLDEN_GRIFFON,No action needed.
games workshop|golden yellow,Games Workshop,Golden Yellow,COMPLETE,1,1,0,Layer,Layer,GW_LAYER_GOLDEN_YELLOW,,#FFC20E,"255, 194, 14",GW_LAYER_GOLDEN_YELLOW,No action needed.
games workshop|golgfag brown,Games Workshop,Golgfag Brown,COMPLETE,1,1,0,Dry,Dry,GW_DRY_GOLGFAG_BROWN,,#C2804F,"194, 128, 79",GW_DRY_GOLGFAG_BROWN,No action needed.
games workshop|gore grunta fur,Games Workshop,Gore-Grunta Fur,COMPLETE,1,1,0,Contrast,Contrast,GW_CONTRAST_GORE_GRUNTA_FUR,,#8A4B24,"138, 75, 36",GW_CONTRAST_GORE_GRUNTA_FUR,No action needed.
games workshop|gorthor brown,Games Workshop,Gorthor Brown,COMPLETE,1,1,0,Layer,Layer,GW_LAYER_GORTHOR_BROWN,,#654741,"101, 71, 65",GW_LAYER_GORTHOR_BROWN,No action needed.
games workshop|graveyard earth,Games Workshop,Graveyard Earth,COMPLETE,1,1,0,Layer,Layer,GW_LAYER_GRAVEYARD_EARTH,,#665238,"102, 82, 56",GW_LAYER_GRAVEYARD_EARTH,No action needed.
games workshop|gretchin green,Games Workshop,Gretchin Green,COMPLETE,1,1,0,Foundation,Foundation,GW_FOUNDATION_GRETCHIN_GREEN,,#7E6930,"126, 105, 48",GW_FOUNDATION_GRETCHIN_GREEN,No action needed.
games workshop|grey knights steel,Games Workshop,Grey Knights Steel,COMPLETE,2,2,0,Air | Base,Air | Base,GW_AIR_GREY_KNIGHTS_STEEL | GW_BASE_GREY_KNIGHTS_STEEL,,#7F8E99,"127, 142, 153",GW_BASE_GREY_KNIGHTS_STEEL,No action needed.
games workshop|grey seer,Games Workshop,Grey Seer,COMPLETE,2,2,0,Base | Spray,Base | Spray,GW_BASE_GREY_SEER | GW_SPRAY_GREY_SEER,,#BFC8C8,"191, 200, 200",GW_BASE_GREY_SEER,No action needed.
games workshop|gryph charger grey,Games Workshop,Gryph-Charger Grey,COMPLETE,1,1,0,Contrast,Contrast,GW_CONTRAST_GRYPH_CHARGER_GREY,,#8A93A0,"138, 147, 160",GW_CONTRAST_GRYPH_CHARGER_GREY,No action needed.
games workshop|gryph hound orange,Games Workshop,Gryph-Hound Orange,COMPLETE,1,1,0,Contrast,Contrast,GW_CONTRAST_GRYPH_HOUND_ORANGE,,#D86A2C,"216, 106, 44",GW_CONTRAST_GRYPH_HOUND_ORANGE,No action needed.
games workshop|gryphonne sepia wash,Games Workshop,Gryphonne Sepia Wash,COMPLETE,1,1,0,Layer,Layer,GW_LAYER_GRYPHONNE_SEPIA_WASH,,#843910,"132, 57, 16",GW_LAYER_GRYPHONNE_SEPIA_WASH,No action needed.
games workshop|guilliman blue,Games Workshop,Guilliman Blue,COMPLETE,1,1,0,Glaze,Glaze,GW_GLAZE_GUILLIMAN_BLUE,,#2F9AD6,"47, 154, 214",GW_GLAZE_GUILLIMAN_BLUE,No action needed.
games workshop|guilliman flesh,Games Workshop,Guilliman Flesh,COMPLETE,1,1,0,Contrast,Contrast,GW_CONTRAST_GUILLIMAN_FLESH,,#D6A07A,"214, 160, 122",GW_CONTRAST_GUILLIMAN_FLESH,No action needed.
games workshop|gutrippa flesh,Games Workshop,Gutrippa Flesh,COMPLETE,1,1,0,Contrast,Contrast,GW_CONTRAST_GUTRIPPA_FLESH,,#A9BA69,"169, 186, 105",GW_CONTRAST_GUTRIPPA_FLESH,No action needed.
games workshop|hashut copper,Games Workshop,Hashut Copper,COMPLETE,1,1,0,Layer,Layer,GW_LAYER_HASHUT_COPPER,,#B77647,"183, 118, 71",GW_LAYER_HASHUT_COPPER,No action needed.
games workshop|hawk turquoise,Games Workshop,Hawk Turquoise,COMPLETE,1,1,0,Layer,Layer,GW_LAYER_HAWK_TURQUOISE,,#008194,"0, 129, 148",GW_LAYER_HAWK_TURQUOISE,No action needed.
games workshop|hellion green,Games Workshop,Hellion Green,COMPLETE,1,1,0,Dry,Dry,GW_DRY_HELLION_GREEN,,#84C3AA,"132, 195, 170",GW_DRY_HELLION_GREEN,No action needed.
games workshop|hexos palesun,Games Workshop,Hexos Palesun,COMPLETE,1,1,0,Dry,Dry,GW_DRY_HEXOS_PALESUN,,#FFF200,"255, 242, 0",GW_DRY_HEXOS_PALESUN,No action needed.
games workshop|hexwraith flame,Games Workshop,Hexwraith Flame,COMPLETE,1,1,0,Contrast,Contrast,GW_CONTRAST_HEXWRAITH_FLAME,,#00AA5C,"0, 170, 92",GW_CONTRAST_HEXWRAITH_FLAME,No action needed.
games workshop|hobgrot hide,Games Workshop,Hobgrot Hide,COMPLETE,1,1,0,Base,Base,GW_BASE_HOBGROT_HIDE,,#9C8855,"156, 136, 85",GW_BASE_HOBGROT_HIDE,No action needed.
games workshop|hoeth blue,Games Workshop,Hoeth Blue,COMPLETE,2,2,0,Dry | Layer,Dry | Layer,GW_DRY_HOETH_BLUE | GW_LAYER_HOETH_BLUE,,#4C7FB4,"76, 127, 180",GW_LAYER_HOETH_BLUE,No action needed.
games workshop|hormagaunt purple,Games Workshop,Hormagaunt Purple,COMPLETE,1,1,0,Foundation,Foundation,GW_FOUNDATION_HORMAGAUNT_PURPLE,,#54496B,"84, 73, 107",GW_FOUNDATION_HORMAGAUNT_PURPLE,No action needed.
games workshop|ice blue,Games Workshop,Ice Blue,COMPLETE,1,1,0,Layer,Layer,GW_LAYER_ICE_BLUE,,#81D3EB,"129, 211, 235",GW_LAYER_ICE_BLUE,No action needed.
games workshop|imperial fist,Games Workshop,Imperial Fist,COMPLETE,1,1,0,Contrast,Contrast,GW_CONTRAST_IMPERIAL_FIST,,#FFC928,"255, 201, 40",GW_CONTRAST_IMPERIAL_FIST,No action needed.
games workshop|imperial purple,Games Workshop,Imperial Purple,COMPLETE,1,1,0,Layer,Layer,GW_LAYER_IMPERIAL_PURPLE,,#562F7E,"86, 47, 126",GW_LAYER_IMPERIAL_PURPLE,No action needed.
games workshop|imrik blue,Games Workshop,Imrik Blue,COMPLETE,1,1,0,Dry,Dry,GW_DRY_IMRIK_BLUE,,#67AED0,"103, 174, 208",GW_DRY_IMRIK_BLUE,No action needed.
games workshop|incubi darkness,Games Workshop,Incubi Darkness,COMPLETE,1,1,0,Base,Base,GW_BASE_INCUBI_DARKNESS,,#0B474A,"11, 71, 74",GW_BASE_INCUBI_DARKNESS,No action needed.
games workshop|ionrach skin,Games Workshop,Ionrach Skin,COMPLETE,1,1,0,Base,Base,GW_BASE_IONRACH_SKIN,,#C0BD81,"192, 189, 129",GW_BASE_IONRACH_SKIN,No action needed.
games workshop|iron hands steel,Games Workshop,Iron Hands Steel,COMPLETE,1,1,0,Base,Base,GW_BASE_IRON_HANDS_STEEL,,#807872,"128, 120, 114",GW_BASE_IRON_HANDS_STEEL,No action needed.
games workshop|iron warriors,Games Workshop,Iron Warriors,COMPLETE,1,1,0,Base,Base,GW_BASE_IRON_WARRIORS,,#393939,"57, 57, 57",GW_BASE_IRON_WARRIORS,No action needed.
games workshop|ironbreaker,Games Workshop,Ironbreaker,COMPLETE,1,1,0,Layer,Layer,GW_LAYER_IRONBREAKER,,#A1A6A9,"161, 166, 169",GW_LAYER_IRONBREAKER,No action needed.
games workshop|ironjawz yellow,Games Workshop,Ironjawz Yellow,COMPLETE,1,1,0,Contrast,Contrast,GW_CONTRAST_IRONJAWZ_YELLOW,,#E0B000,"224, 176, 0",GW_CONTRAST_IRONJAWZ_YELLOW,No action needed.
games workshop|iyanden darksun,Games Workshop,Iyanden Darksun,COMPLETE,1,1,0,Foundation,Foundation,GW_FOUNDATION_IYANDEN_DARKSUN,,#AD852E,"173, 133, 46",GW_FOUNDATION_IYANDEN_DARKSUN,No action needed.
games workshop|iyanden yellow,Games Workshop,Iyanden Yellow,COMPLETE,1,1,0,Contrast,Contrast,GW_CONTRAST_IYANDEN_YELLOW,,#F0C020,"240, 192, 32",GW_CONTRAST_IYANDEN_YELLOW,No action needed.
games workshop|jade green,Games Workshop,Jade Green,COMPLETE,1,1,0,Layer,Layer,GW_LAYER_JADE_GREEN,,#069B7D,"6, 155, 125",GW_LAYER_JADE_GREEN,No action needed.
games workshop|jokaero orange,Games Workshop,Jokaero Orange,COMPLETE,1,1,0,Base,Base,GW_BASE_JOKAERO_ORANGE,,#EE3823,"238, 56, 35",GW_BASE_JOKAERO_ORANGE,No action needed.
games workshop|kabalite green,Games Workshop,Kabalite Green,COMPLETE,1,1,0,Layer,Layer,GW_LAYER_KABALITE_GREEN,,#038C67,"3, 140, 103",GW_LAYER_KABALITE_GREEN,No action needed.
games workshop|kakophoni purple,Games Workshop,Kakophoni Purple,COMPLETE,1,1,0,Layer,Layer,GW_LAYER_KAKOPHONI_PURPLE,,#886AAE,"136, 106, 174",GW_LAYER_KAKOPHONI_PURPLE,No action needed.
games workshop|kantor blue,Games Workshop,Kantor Blue,COMPLETE,2,2,0,Air | Base,Air | Base,GW_AIR_KANTOR_BLUE | GW_BASE_KANTOR_BLUE,,#002151,"0, 33, 81",GW_BASE_KANTOR_BLUE,No action needed.
games workshop|karak stone,Games Workshop,Karak Stone,COMPLETE,1,1,0,Layer,Layer,GW_LAYER_KARAK_STONE,,#BB9662,"187, 150, 98",GW_LAYER_KARAK_STONE,No action needed.
games workshop|karandras green,Games Workshop,Karandras Green,COMPLETE,1,1,0,Contrast,Contrast,GW_CONTRAST_KARANDRAS_GREEN,,#2BCB3F,"43, 203, 63",GW_CONTRAST_KARANDRAS_GREEN,No action needed.
games workshop|khemri brown,Games Workshop,Khemri Brown,COMPLETE,1,1,0,Foundation,Foundation,GW_FOUNDATION_KHEMRI_BROWN,,#73614D,"115, 97, 77",GW_FOUNDATION_KHEMRI_BROWN,No action needed.
games workshop|khorne red,Games Workshop,Khorne Red,COMPLETE,2,2,0,Air | Base,Air | Base,GW_AIR_KHORNE_RED | GW_BASE_KHORNE_RED,,#6A0001,"106, 0, 1",GW_BASE_KHORNE_RED,No action needed.
games workshop|kindleflame,Games Workshop,Kindleflame,COMPLETE,1,1,0,Dry,Dry,GW_DRY_KINDLEFLAME,,#F79E86,"247, 158, 134",GW_DRY_KINDLEFLAME,No action needed.
games workshop|kislev flesh,Games Workshop,Kislev Flesh,COMPLETE,2,2,0,Air | Layer,Air | Layer,GW_AIR_KISLEV_FLESH | GW_LAYER_KISLEV_FLESH,,#D6A875,"214, 168, 117",GW_LAYER_KISLEV_FLESH,No action needed.
games workshop|knarloc green,Games Workshop,Knarloc Green,COMPLETE,1,1,0,Foundation,Foundation,GW_FOUNDATION_KNARLOC_GREEN,,#434F38,"67, 79, 56",GW_FOUNDATION_KNARLOC_GREEN,No action needed.
games workshop|knight questor flesh,Games Workshop,Knight-Questor Flesh,COMPLETE,1,1,0,Layer,Layer,GW_LAYER_KNIGHT_QUESTOR_FLESH,,#C0BD81,"192, 189, 129",GW_LAYER_KNIGHT_QUESTOR_FLESH,No action needed.
games workshop|kommando khaki,Games Workshop,Kommando Khaki,COMPLETE,1,1,0,Layer,Layer,GW_LAYER_KOMMANDO_KHAKI,,#9B8C7B,"155, 140, 123",GW_LAYER_KOMMANDO_KHAKI,No action needed.
games workshop|krieg khaki,Games Workshop,Krieg Khaki,COMPLETE,2,2,0,Edge | Layer,Edge | Layer,GW_EDGE_KRIEG_KHAKI | GW_LAYER_KRIEG_KHAKI,,#B7AD78,"183, 173, 120",GW_LAYER_KRIEG_KHAKI,No action needed.
games workshop|kroak green,Games Workshop,Kroak Green,COMPLETE,1,1,0,Shade,Shade,GW_SHADE_KROAK_GREEN,,#1BA169,"27, 161, 105",GW_SHADE_KROAK_GREEN,No action needed.
games workshop|kroxigor scales,Games Workshop,Kroxigor Scales,COMPLETE,1,1,0,Contrast,Contrast,GW_CONTRAST_KROXIGOR_SCALES,,#00A9C0,"0, 169, 192",GW_CONTRAST_KROXIGOR_SCALES,No action needed.
games workshop|lahmian medium,Games Workshop,Lahmian Medium,COMPLETE,1,1,0,Technical,Technical,GW_TECHNICAL_LAHMIAN_MEDIUM,,#F5EDE2,"245, 237, 226",GW_TECHNICAL_LAHMIAN_MEDIUM,No action needed.
games workshop|lamenters yellow,Games Workshop,Lamenters Yellow,COMPLETE,1,1,0,Glaze,Glaze,GW_GLAZE_LAMENTERS_YELLOW,,#FFF56B,"255, 245, 107",GW_GLAZE_LAMENTERS_YELLOW,No action needed.
games workshop|leadbelcher,Games Workshop,Leadbelcher,COMPLETE,3,3,0,Air | Base | Spray,Air | Base | Spray,GW_AIR_LEADBELCHER | GW_BASE_LEADBELCHER | GW_SPRAY_LEADBELCHER,,#888D8F,"136, 141, 143",GW_BASE_LEADBELCHER,No action needed.
games workshop|leprous brown,Games Workshop,Leprous Brown,COMPLETE,1,1,0,Layer,Layer,GW_LAYER_LEPROUS_BROWN,,#D88E2D,"216, 142, 45",GW_LAYER_LEPROUS_BROWN,No action needed.
games workshop|leviadon blue,Games Workshop,Leviadon Blue,COMPLETE,1,1,0,Contrast,Contrast,GW_CONTRAST_LEVIADON_BLUE,,#1B2A52,"27, 42, 82",GW_CONTRAST_LEVIADON_BLUE,No action needed.
games workshop|leviathan purple,Games Workshop,Leviathan Purple,COMPLETE,1,1,0,Contrast,Contrast,GW_CONTRAST_LEVIATHAN_PURPLE,,#4A2A6A,"74, 42, 106",GW_CONTRAST_LEVIATHAN_PURPLE,No action needed.
games workshop|leviathan purple wash,Games Workshop,Leviathan Purple Wash,COMPLETE,1,1,0,Layer,Layer,GW_LAYER_LEVIATHAN_PURPLE_WASH,,#842994,"132, 41, 148",GW_LAYER_LEVIATHAN_PURPLE_WASH,No action needed.
games workshop|liberator gold,Games Workshop,Liberator Gold,COMPLETE,1,1,0,Layer,Layer,GW_LAYER_LIBERATOR_GOLD,,#D3B587,"211, 181, 135",GW_LAYER_LIBERATOR_GOLD,No action needed.
games workshop|liche purple,Games Workshop,Liche Purple,COMPLETE,1,1,0,Layer,Layer,GW_LAYER_LICHE_PURPLE,,#2C2D8B,"44, 45, 139",GW_LAYER_LICHE_PURPLE,No action needed.
games workshop|lightning bolt blue,Games Workshop,Lightning Bolt Blue,COMPLETE,1,1,0,Layer,Layer,GW_LAYER_LIGHTNING_BOLT_BLUE,,#8BB9DD,"139, 185, 221",GW_LAYER_LIGHTNING_BOLT_BLUE,No action needed.
games workshop|longbeard grey,Games Workshop,Longbeard Grey,COMPLETE,1,1,0,Dry,Dry,GW_DRY_LONGBEARD_GREY,,#CECEAF,"206, 206, 175",GW_DRY_LONGBEARD_GREY,No action needed.
games workshop|loren forest,Games Workshop,Loren Forest,COMPLETE,1,1,0,Layer,Layer,GW_LAYER_LOREN_FOREST,,#50702D,"80, 112, 45",GW_LAYER_LOREN_FOREST,No action needed.
games workshop|lothern blue,Games Workshop,Lothern Blue,COMPLETE,2,2,0,Air | Layer,Air | Layer,GW_AIR_LOTHERN_BLUE | GW_LAYER_LOTHERN_BLUE,,#34A2CF,"52, 162, 207",GW_LAYER_LOTHERN_BLUE,No action needed.
games workshop|lucius lilac,Games Workshop,Lucius Lilac,COMPLETE,1,1,0,Dry,Dry,GW_DRY_LUCIUS_LILAC,,#B69FCC,"182, 159, 204",GW_DRY_LUCIUS_LILAC,No action needed.
games workshop|lugganath orange,Games Workshop,Lugganath Orange,COMPLETE,2,2,0,Edge | Layer,Edge | Layer,GW_EDGE_LUGGANATH_ORANGE | GW_LAYER_LUGGANATH_ORANGE,,#F89E86,"248, 158, 134",GW_LAYER_LUGGANATH_ORANGE,No action needed.
games workshop|lupercal green,Games Workshop,Lupercal Green,COMPLETE,1,1,0,Base,Base,GW_BASE_LUPERCAL_GREEN,,#002C2C,"0, 44, 44",GW_BASE_LUPERCAL_GREEN,No action needed.
games workshop|lustrian undergrowth,Games Workshop,Lustrian Undergrowth,COMPLETE,2,2,0,Technical | Texture,Technical | Texture,GW_TECHNICAL_LUSTRIAN_UNDERGROWTH | GW_TEXTURE_LUSTRIAN_UNDERGROWTH,,#709811,"112, 152, 17",GW_TECHNICAL_LUSTRIAN_UNDERGROWTH,No action needed.
games workshop|luxion purple,Games Workshop,Luxion Purple,COMPLETE,1,1,0,Contrast,Contrast,GW_CONTRAST_LUXION_PURPLE,,#7A4DFF,"122, 77, 255",GW_CONTRAST_LUXION_PURPLE,No action needed.
games workshop|macharius solar orange,Games Workshop,Macharius Solar Orange,COMPLETE,1,1,0,Foundation,Foundation,GW_FOUNDATION_MACHARIUS_SOLAR_ORANGE,,#B94023,"185, 64, 35",GW_FOUNDATION_MACHARIUS_SOLAR_ORANGE,No action needed.
games workshop|macragge blue,Games Workshop,Macragge Blue,COMPLETE,3,3,0,Air | Base | Spray,Air | Base | Spray,GW_AIR_MACRAGGE_BLUE | GW_BASE_MACRAGGE_BLUE | GW_SPRAY_MACRAGGE_BLUE,,#0D407F,"13, 64, 127",GW_BASE_MACRAGGE_BLUE,No action needed.
games workshop|magenta ink,Games Workshop,Magenta Ink,COMPLETE,1,1,0,Layer,Layer,GW_LAYER_MAGENTA_INK,,#513D3C,"81, 61, 60",GW_LAYER_MAGENTA_INK,No action needed.
games workshop|magmadroth flame,Games Workshop,Magmadroth Flame,COMPLETE,1,1,0,Contrast,Contrast,GW_CONTRAST_MAGMADROTH_FLAME,,#F04A24,"240, 74, 36",GW_CONTRAST_MAGMADROTH_FLAME,No action needed.
games workshop|magos purple,Games Workshop,Magos Purple,COMPLETE,1,1,0,Contrast,Contrast,GW_CONTRAST_MAGOS_PURPLE,,#D7B6D8,"215, 182, 216",GW_CONTRAST_MAGOS_PURPLE,No action needed.
games workshop|mantis warriors green,Games Workshop,Mantis Warriors Green,COMPLETE,1,1,0,Contrast,Contrast,GW_CONTRAST_MANTIS_WARRIORS_GREEN,,#B8C72A,"184, 199, 42",GW_CONTRAST_MANTIS_WARRIORS_GREEN,No action needed.
games workshop|martian ironcrust,Games Workshop,Martian Ironcrust,COMPLETE,2,2,0,Technical | Texture,Technical | Texture,GW_TECHNICAL_MARTIAN_IRONCRUST | GW_TEXTURE_MARTIAN_IRONCRUST,,#F5945D,"245, 148, 93",GW_TECHNICAL_MARTIAN_IRONCRUST,No action needed.
games workshop|martian ironearth,Games Workshop,Martian Ironearth,COMPLETE,2,2,0,Technical | Texture,Technical | Texture,GW_TECHNICAL_MARTIAN_IRONEARTH | GW_TEXTURE_MARTIAN_IRONEARTH,,#935442,"147, 84, 66",GW_TECHNICAL_MARTIAN_IRONEARTH,No action needed.
games workshop|mechanicus standard grey,Games Workshop,Mechanicus Standard Grey,COMPLETE,3,3,0,Air | Base | Spray,Air | Base | Spray,GW_AIR_MECHANICUS_STANDARD_GREY | GW_BASE_MECHANICUS_STANDARD_GREY | GW_SPRAY_MECHANICUS_STANDARD_GREY,,#3D4B4D,"61, 75, 77",GW_BASE_MECHANICUS_STANDARD_GREY,No action needed.
games workshop|mechanicus std grey,Games Workshop,Mechanicus Std Grey,COMPLETE,1,1,0,Base,Base,GW_BASE_MECHANICUS_STD_GREY,,#3D4B4D,"61, 75, 77",GW_BASE_MECHANICUS_STD_GREY,No action needed.
games workshop|mechrite red,Games Workshop,Mechrite Red,COMPLETE,1,1,0,Foundation,Foundation,GW_FOUNDATION_MECHRITE_RED,,#A82014,"168, 32, 20",GW_FOUNDATION_MECHRITE_RED,No action needed.
games workshop|mephiston red,Games Workshop,Mephiston Red,COMPLETE,3,3,0,Air | Base | Spray,Air | Base | Spray,GW_AIR_MEPHISTON_RED | GW_BASE_MEPHISTON_RED | GW_SPRAY_MEPHISTON_RED,,#9A1115,"154, 17, 21",GW_BASE_MEPHISTON_RED,No action needed.
games workshop|midnight blue,Games Workshop,Midnight Blue,COMPLETE,1,1,0,Layer,Layer,GW_LAYER_MIDNIGHT_BLUE,,#002561,"0, 37, 97",GW_LAYER_MIDNIGHT_BLUE,No action needed.
games workshop|militarum green,Games Workshop,Militarum Green,COMPLETE,1,1,0,Contrast,Contrast,GW_CONTRAST_MILITARUM_GREEN,,#66733A,"102, 115, 58",GW_CONTRAST_MILITARUM_GREEN,No action needed.
games workshop|mithril silver,Games Workshop,Mithril Silver,COMPLETE,1,1,0,Layer,Layer,GW_LAYER_MITHRIL_SILVER,,#B7BEC5,"183, 190, 197",GW_LAYER_MITHRIL_SILVER,No action needed.
games workshop|moot green,Games Workshop,Moot Green,COMPLETE,2,2,0,Air | Layer,Air | Layer,GW_AIR_MOOT_GREEN | GW_LAYER_MOOT_GREEN,,#52B244,"82, 178, 68",GW_LAYER_MOOT_GREEN,No action needed.
games workshop|mordant earth,Games Workshop,Mordant Earth,COMPLETE,1,1,0,Technical,Technical,GW_TECHNICAL_MORDANT_EARTH,,#33312D,"51, 49, 45",GW_TECHNICAL_MORDANT_EARTH,No action needed.
games workshop|mordian blue,Games Workshop,Mordian Blue,COMPLETE,1,1,0,Foundation,Foundation,GW_FOUNDATION_MORDIAN_BLUE,,#244882,"36, 72, 130",GW_FOUNDATION_MORDIAN_BLUE,No action needed.
games workshop|morghast bone,Games Workshop,Morghast Bone,COMPLETE,1,1,0,Base,Base,GW_BASE_MORGHAST_BONE,,#D5C79A,"213, 199, 154",GW_BASE_MORGHAST_BONE,No action needed.
games workshop|mortarion green clear,Games Workshop,Mortarion Green Clear,COMPLETE,1,1,0,Air,Air,GW_AIR_MORTARION_GREEN_CLEAR,,#1E7331,"30, 115, 49",GW_AIR_MORTARION_GREEN_CLEAR,No action needed.
games workshop|mortarion grime,Games Workshop,Mortarion Grime,COMPLETE,1,1,0,Shade,Shade,GW_SHADE_MORTARION_GRIME,,#5A573F,"90, 87, 63",GW_SHADE_MORTARION_GRIME,No action needed.
games workshop|mourn mountain snow,Games Workshop,Mourn Mountain Snow,COMPLETE,1,1,0,Texture,Texture,GW_TEXTURE_MOURN_MOUNTAIN_SNOW,,#E9EAEB,"233, 234, 235",GW_TEXTURE_MOURN_MOUNTAIN_SNOW,No action needed.
games workshop|mourn mountian snow,Games Workshop,Mourn Mountian Snow,COMPLETE,1,1,0,Technical,Technical,GW_TECHNICAL_MOURN_MOUNTIAN_SNOW,,#E9EAEB,"233, 234, 235",GW_TECHNICAL_MOURN_MOUNTIAN_SNOW,No action needed.
games workshop|mournfang brown,Games Workshop,Mournfang Brown,COMPLETE,2,2,0,Air | Base,Air | Base,GW_AIR_MOURNFANG_BROWN | GW_BASE_MOURNFANG_BROWN,,#640909,"100, 9, 9",GW_BASE_MOURNFANG_BROWN,No action needed.
games workshop|naggaroth night,Games Workshop,Naggaroth Night,COMPLETE,1,1,0,Base,Base,GW_BASE_NAGGAROTH_NIGHT,,#3D3354,"61, 51, 84",GW_BASE_NAGGAROTH_NIGHT,No action needed.
games workshop|nauseating blue,Games Workshop,Nauseating Blue,COMPLETE,1,1,0,Layer,Layer,GW_LAYER_NAUSEATING_BLUE,,#412A7A,"65, 42, 122",GW_LAYER_NAUSEATING_BLUE,No action needed.
games workshop|nazdreg yellow,Games Workshop,Nazdreg Yellow,COMPLETE,1,1,0,Contrast,Contrast,GW_CONTRAST_NAZDREG_YELLOW,,#B8841A,"184, 132, 26",GW_CONTRAST_NAZDREG_YELLOW,No action needed.
games workshop|necron abyss,Games Workshop,Necron Abyss,COMPLETE,1,1,0,Foundation,Foundation,GW_FOUNDATION_NECRON_ABYSS,,#1A213D,"26, 33, 61",GW_FOUNDATION_NECRON_ABYSS,No action needed.
games workshop|necron compound,Games Workshop,Necron Compound,COMPLETE,1,1,0,Dry,Dry,GW_DRY_NECRON_COMPOUND,,#828B8E,"130, 139, 142",GW_DRY_NECRON_COMPOUND,No action needed.
games workshop|niblet green,Games Workshop,Niblet Green,COMPLETE,1,1,0,Dry,Dry,GW_DRY_NIBLET_GREEN,,#648B32,"100, 139, 50",GW_DRY_NIBLET_GREEN,No action needed.
games workshop|niblit green,Games Workshop,Niblit Green,COMPLETE,1,1,0,Dry,Dry,GW_DRY_NIBLIT_GREEN,,#7DC734,"125, 199, 52",GW_DRY_NIBLIT_GREEN,No action needed.
games workshop|night lords blue,Games Workshop,Night Lords Blue,COMPLETE,2,2,0,Air | Base,Air | Base,GW_AIR_NIGHT_LORDS_BLUE | GW_BASE_NIGHT_LORDS_BLUE,,#002B5C,"0, 43, 92",GW_BASE_NIGHT_LORDS_BLUE,No action needed.
games workshop|nighthaunt gloom,Games Workshop,Nighthaunt Gloom,COMPLETE,1,1,0,Contrast,Contrast,GW_CONTRAST_NIGHTHAUNT_GLOOM,,#798D96,"121, 141, 150",GW_CONTRAST_NIGHTHAUNT_GLOOM,No action needed.
games workshop|nihilakh oxide,Games Workshop,Nihilakh Oxide,COMPLETE,1,1,0,Technical,Technical,GW_TECHNICAL_NIHILAKH_OXIDE,,#85B59D,"133, 181, 157",GW_TECHNICAL_NIHILAKH_OXIDE,No action needed.
games workshop|nocturne green,Games Workshop,Nocturne Green,COMPLETE,1,1,0,Base,Base,GW_BASE_NOCTURNE_GREEN,,#152B29,"21, 43, 41",GW_BASE_NOCTURNE_GREEN,No action needed.
games workshop|nuln oil,Games Workshop,Nuln Oil,COMPLETE,1,1,0,Shade,Shade,GW_SHADE_NULN_OIL,,#14100E,"20, 16, 14",GW_SHADE_NULN_OIL,No action needed.
games workshop|nuln oil gloss,Games Workshop,Nuln Oil (Gloss),COMPLETE,1,1,0,Shade,Shade,GW_SHADE_NULN_OIL_GLOSS,,#14100E,"20, 16, 14",GW_SHADE_NULN_OIL_GLOSS,No action needed.
games workshop|nurgles rot,Games Workshop,Nurgle's Rot,COMPLETE,2,2,0,Technical,Technical,GW_TECHNICAL_NURGLES_ROT | GW_TECHNICAL_NURGLE_S_ROT,,#9B8F22,"155, 143, 34",GW_TECHNICAL_NURGLE_S_ROT,No action needed.
games workshop|nurgling green,Games Workshop,Nurgling Green,COMPLETE,2,2,0,Dry | Layer,Dry | Layer,GW_DRY_NURGLING_GREEN | GW_LAYER_NURGLING_GREEN,,#849B63,"132, 155, 99",GW_LAYER_NURGLING_GREEN,No action needed.
games workshop|ogryn camo,Games Workshop,Ogryn Camo,COMPLETE,2,2,0,Air | Layer,Air | Layer,GW_AIR_OGRYN_CAMO | GW_LAYER_OGRYN_CAMO,,#9DA94B,"157, 169, 75",GW_LAYER_OGRYN_CAMO,No action needed.
games workshop|ogryn flesh wash,Games Workshop,Ogryn Flesh Wash,COMPLETE,1,1,0,Layer,Layer,GW_LAYER_OGRYN_FLESH_WASH,,#CE8C42,"206, 140, 66",GW_LAYER_OGRYN_FLESH_WASH,No action needed.
games workshop|ork flesh,Games Workshop,Ork Flesh,COMPLETE,1,1,0,Contrast,Contrast,GW_CONTRAST_ORK_FLESH,,#2E7D32,"46, 125, 50",GW_CONTRAST_ORK_FLESH,No action needed.
games workshop|orkhide shade,Games Workshop,Orkhide Shade,COMPLETE,1,1,0,Foundation,Foundation,GW_FOUNDATION_ORKHIDE_SHADE,,#26372D,"38, 55, 45",GW_FOUNDATION_ORKHIDE_SHADE,No action needed.
games workshop|orruk flesh,Games Workshop,Orruk Flesh,COMPLETE,1,1,0,Base,Base,GW_BASE_ORRUK_FLESH,,#A9D171,"169, 209, 113",GW_BASE_ORRUK_FLESH,No action needed.
games workshop|pallid flesh,Games Workshop,Pallid Flesh,COMPLETE,1,1,0,Layer,Layer,GW_LAYER_PALLID_FLESH,,#EEC8C7,"238, 200, 199",GW_LAYER_PALLID_FLESH,No action needed.
games workshop|pallid wych flesh,Games Workshop,Pallid Wych Flesh,COMPLETE,1,1,0,Layer,Layer,GW_LAYER_PALLID_WYCH_FLESH,,#CDCEBE,"205, 206, 190",GW_LAYER_PALLID_WYCH_FLESH,No action needed.
games workshop|phalanx yellow,Games Workshop,Phalanx Yellow,COMPLETE,2,2,0,Air | Layer,Air | Layer,GW_AIR_PHALANX_YELLOW | GW_LAYER_PHALANX_YELLOW,,#FFE200,"255, 226, 0",GW_LAYER_PHALANX_YELLOW,No action needed.
games workshop|phoenician purple,Games Workshop,Phoenician Purple,COMPLETE,2,2,0,Air | Base,Air | Base,GW_AIR_PHOENICIAN_PURPLE | GW_BASE_PHOENICIAN_PURPLE,,#450052,"69, 0, 82",GW_BASE_PHOENICIAN_PURPLE,No action needed.
games workshop|pink horror,Games Workshop,Pink Horror,COMPLETE,1,1,0,Layer,Layer,GW_LAYER_PINK_HORROR,,#90305D,"144, 48, 93",GW_LAYER_PINK_HORROR,No action needed.
games workshop|plaguebearer flesh,Games Workshop,Plaguebearer Flesh,COMPLETE,1,1,0,Contrast,Contrast,GW_CONTRAST_PLAGUEBEARER_FLESH,,#C7C46A,"199, 196, 106",GW_CONTRAST_PLAGUEBEARER_FLESH,No action needed.
games workshop|poxwalker,Games Workshop,Poxwalker,COMPLETE,1,1,0,Shade,Shade,GW_SHADE_POXWALKER,,#B8CC82,"184, 204, 130",GW_SHADE_POXWALKER,No action needed.
games workshop|praxeti white,Games Workshop,Praxeti White,COMPLETE,1,1,0,Dry,Dry,GW_DRY_PRAXETI_WHITE,,#FFFFFF,"255, 255, 255",GW_DRY_PRAXETI_WHITE,No action needed.
games workshop|purple ink,Games Workshop,Purple Ink,COMPLETE,1,1,0,Layer,Layer,GW_LAYER_PURPLE_INK,,#513D3C,"81, 61, 60",GW_LAYER_PURPLE_INK,No action needed.
games workshop|pylar glacier,Games Workshop,Pylar Glacier,COMPLETE,1,1,0,Contrast,Contrast,GW_CONTRAST_PYLAR_GLACIER,,#D7F6F8,"215, 246, 248",GW_CONTRAST_PYLAR_GLACIER,No action needed.
games workshop|rakarth flesh,Games Workshop,Rakarth Flesh,COMPLETE,1,1,0,Base,Base,GW_BASE_RAKARTH_FLESH,,#A29E91,"162, 158, 145",GW_BASE_RAKARTH_FLESH,No action needed.
games workshop|ratling grime,Games Workshop,Ratling Grime,COMPLETE,1,1,0,Contrast,Contrast,GW_CONTRAST_RATLING_GRIME,,#3A332A,"58, 51, 42",GW_CONTRAST_RATLING_GRIME,No action needed.
games workshop|ratskin flesh,Games Workshop,Ratskin Flesh,COMPLETE,1,1,0,Base,Base,GW_BASE_RATSKIN_FLESH,,#AD6B4C,"173, 107, 76",GW_BASE_RATSKIN_FLESH,No action needed.
games workshop|red gore,Games Workshop,Red Gore,COMPLETE,1,1,0,Layer,Layer,GW_LAYER_RED_GORE,,#9D2B3F,"157, 43, 63",GW_LAYER_RED_GORE,No action needed.
games workshop|regal blue,Games Workshop,Regal Blue,COMPLETE,1,1,0,Layer,Layer,GW_LAYER_REGAL_BLUE,,#003F70,"0, 63, 112",GW_LAYER_REGAL_BLUE,No action needed.
games workshop|reikland fleshshade,Games Workshop,Reikland Fleshshade,COMPLETE,1,1,0,Shade,Shade,GW_SHADE_REIKLAND_FLESHSHADE,,#CA6C4D,"202, 108, 77",GW_SHADE_REIKLAND_FLESHSHADE,No action needed.
games workshop|reikland fleshshade gloss,Games Workshop,Reikland Fleshshade (Gloss),COMPLETE,1,1,0,Shade,Shade,GW_SHADE_REIKLAND_FLESHSHADE_GLOSS,,#CA6C4D,"202, 108, 77",GW_SHADE_REIKLAND_FLESHSHADE_GLOSS,No action needed.
games workshop|retributor armour,Games Workshop,Retributor Armour,COMPLETE,2,2,0,Base | Spray,Base | Spray,GW_BASE_RETRIBUTOR_ARMOUR | GW_SPRAY_RETRIBUTOR_ARMOUR,,#C39E81,"195, 158, 129",GW_BASE_RETRIBUTOR_ARMOUR,No action needed.
games workshop|rhinox hide,Games Workshop,Rhinox Hide,COMPLETE,1,1,0,Base,Base,GW_BASE_RHINOX_HIDE,,#493435,"73, 52, 53",GW_BASE_RHINOX_HIDE,No action needed.
games workshop|rotting flesh,Games Workshop,Rotting Flesh,COMPLETE,1,1,0,Layer,Layer,GW_LAYER_ROTTING_FLESH,,#B8C39E,"184, 195, 158",GW_LAYER_ROTTING_FLESH,No action needed.
games workshop|runefang steel,Games Workshop,Runefang Steel,COMPLETE,2,2,0,Air | Layer,Air | Layer,GW_AIR_RUNEFANG_STEEL | GW_LAYER_RUNEFANG_STEEL,,#C3CACE,"195, 202, 206",GW_LAYER_RUNEFANG_STEEL,No action needed.
games workshop|runelord brass,Games Workshop,Runelord Brass,COMPLETE,2,2,0,Base | Layer,Base | Layer,GW_BASE_RUNELORD_BRASS | GW_LAYER_RUNELORD_BRASS,,#BCAFA0,"188, 175, 160",GW_BASE_RUNELORD_BRASS,No action needed.
games workshop|russ grey,Games Workshop,Russ Grey,COMPLETE,2,2,0,Air | Layer,Air | Layer,GW_AIR_RUSS_GREY | GW_LAYER_RUSS_GREY,,#547588,"84, 117, 136",GW_LAYER_RUSS_GREY,No action needed.
games workshop|ryza dust,Games Workshop,Ryza Dust,COMPLETE,1,1,0,Dry,Dry,GW_DRY_RYZA_DUST,,#EC631A,"236, 99, 26",GW_DRY_RYZA_DUST,No action needed.
games workshop|ryza rust,Games Workshop,Ryza Rust,COMPLETE,1,1,0,Dry,Dry,GW_DRY_RYZA_RUST,,#CE6426,"206, 100, 38",GW_DRY_RYZA_RUST,No action needed.
games workshop|scab red,Games Workshop,Scab Red,COMPLETE,1,1,0,Layer,Layer,GW_LAYER_SCAB_RED,,#90263D,"144, 38, 61",GW_LAYER_SCAB_RED,No action needed.
games workshop|scaly green,Games Workshop,Scaly Green,COMPLETE,1,1,0,Layer,Layer,GW_LAYER_SCALY_GREEN,,#006063,"0, 96, 99",GW_LAYER_SCALY_GREEN,No action needed.
games workshop|scorched brown,Games Workshop,Scorched Brown,COMPLETE,1,1,0,Layer,Layer,GW_LAYER_SCORCHED_BROWN,,#5A422F,"90, 66, 47",GW_LAYER_SCORCHED_BROWN,No action needed.
games workshop|scorpion green,Games Workshop,Scorpion Green,COMPLETE,1,1,0,Layer,Layer,GW_LAYER_SCORPION_GREEN,,#65B345,"101, 179, 69",GW_LAYER_SCORPION_GREEN,No action needed.
games workshop|screamer pink,Games Workshop,Screamer Pink,COMPLETE,1,1,0,Base,Base,GW_BASE_SCREAMER_PINK,,#7C1645,"124, 22, 69",GW_BASE_SCREAMER_PINK,No action needed.
games workshop|screaming bell,Games Workshop,Screaming Bell,COMPLETE,1,1,0,Base,Base,GW_BASE_SCREAMING_BELL,,#C16F45,"193, 111, 69",GW_BASE_SCREAMING_BELL,No action needed.
games workshop|screaming skull,Games Workshop,Screaming Skull,COMPLETE,1,1,0,Layer,Layer,GW_LAYER_SCREAMING_SKULL,,#D2D4A2,"210, 212, 162",GW_LAYER_SCREAMING_SKULL,No action needed.
games workshop|seraphim sepia,Games Workshop,Seraphim Sepia,COMPLETE,1,1,0,Shade,Shade,GW_SHADE_SERAPHIM_SEPIA,,#D7824B,"215, 130, 75",GW_SHADE_SERAPHIM_SEPIA,No action needed.
games workshop|shadow grey,Games Workshop,Shadow Grey,COMPLETE,1,1,0,Layer,Layer,GW_LAYER_SHADOW_GREY,,#106993,"16, 105, 147",GW_LAYER_SHADOW_GREY,No action needed.
games workshop|shining gold,Games Workshop,Shining Gold,COMPLETE,1,1,0,Layer,Layer,GW_LAYER_SHINING_GOLD,,#EFB736,"239, 183, 54",GW_LAYER_SHINING_GOLD,No action needed.
games workshop|shyish purple,Games Workshop,Shyish Purple,COMPLETE,1,1,0,Contrast,Contrast,GW_CONTRAST_SHYISH_PURPLE,,#3B254A,"59, 37, 74",GW_CONTRAST_SHYISH_PURPLE,No action needed.
games workshop|sigmarite,Games Workshop,Sigmarite,COMPLETE,1,1,0,Dry,Dry,GW_DRY_SIGMARITE,,#CAAD76,"202, 173, 118",GW_DRY_SIGMARITE,No action needed.
games workshop|sigvald burgundy,Games Workshop,Sigvald Burgundy,COMPLETE,1,1,0,Contrast,Contrast,GW_CONTRAST_SIGVALD_BURGUNDY,,#7A123B,"122, 18, 59",GW_CONTRAST_SIGVALD_BURGUNDY,No action needed.
games workshop|skarsnik green,Games Workshop,Skarsnik Green,COMPLETE,1,1,0,Layer,Layer,GW_LAYER_SKARSNIK_GREEN,,#5F9370,"95, 147, 112",GW_LAYER_SKARSNIK_GREEN,No action needed.
games workshop|skavenblight dinge,Games Workshop,Skavenblight Dinge,COMPLETE,1,1,0,Layer,Layer,GW_LAYER_SKAVENBLIGHT_DINGE,,#47413B,"71, 65, 59",GW_LAYER_SKAVENBLIGHT_DINGE,No action needed.
games workshop|skeleton horde,Games Workshop,Skeleton Horde,COMPLETE,1,1,0,Contrast,Contrast,GW_CONTRAST_SKELETON_HORDE,,#D1BC88,"209, 188, 136",GW_CONTRAST_SKELETON_HORDE,No action needed.
games workshop|skink blue,Games Workshop,Skink Blue,COMPLETE,1,1,0,Dry,Dry,GW_DRY_SKINK_BLUE,,#58C1CD,"88, 193, 205",GW_DRY_SKINK_BLUE,No action needed.
games workshop|skrag brown,Games Workshop,Skrag Brown,COMPLETE,1,1,0,Layer,Layer,GW_LAYER_SKRAG_BROWN,,#90490F,"144, 73, 15",GW_LAYER_SKRAG_BROWN,No action needed.
games workshop|skull white,Games Workshop,Skull White,COMPLETE,1,1,0,Layer,Layer,GW_LAYER_SKULL_WHITE,,#FFFFFF,"255, 255, 255",GW_LAYER_SKULL_WHITE,No action needed.
games workshop|skullcrusher brass,Games Workshop,Skullcrusher Brass,COMPLETE,1,1,0,Layer,Layer,GW_LAYER_SKULLCRUSHER_BRASS,,#F1C78E,"241, 199, 142",GW_LAYER_SKULLCRUSHER_BRASS,No action needed.
games workshop|slaanesh grey,Games Workshop,Slaanesh Grey,COMPLETE,2,2,0,Dry | Layer,Dry | Layer,GW_DRY_SLAANESH_GREY | GW_LAYER_SLAANESH_GREY,,#8E8C97,"142, 140, 151",GW_LAYER_SLAANESH_GREY,No action needed.
games workshop|smelly primer,Games Workshop,Smelly Primer,COMPLETE,1,1,0,Layer,Layer,GW_LAYER_SMELLY_PRIMER,,#FFFFFF,"255, 255, 255",GW_LAYER_SMELLY_PRIMER,No action needed.
games workshop|snakebite leather,Games Workshop,Snakebite Leather,COMPLETE,2,2,0,Contrast | Layer,Contrast | Layer,GW_CONTRAST_SNAKEBITE_LEATHER | GW_LAYER_SNAKEBITE_LEATHER,,#8A5A24,"138, 90, 36",GW_CONTRAST_SNAKEBITE_LEATHER,No action needed.
games workshop|snot green,Games Workshop,Snot Green,COMPLETE,1,1,0,Layer,Layer,GW_LAYER_SNOT_GREEN,,#006F45,"0, 111, 69",GW_LAYER_SNOT_GREEN,No action needed.
games workshop|sons of horus green,Games Workshop,Sons of Horus Green,COMPLETE,1,1,0,Layer,Layer,GW_LAYER_SONS_OF_HORUS_GREEN,,#01545E,"1, 84, 94",GW_LAYER_SONS_OF_HORUS_GREEN,No action needed.
games workshop|sotek green,Games Workshop,Sotek Green,COMPLETE,1,1,0,Layer,Layer,GW_LAYER_SOTEK_GREEN,,#0B6974,"11, 105, 116",GW_LAYER_SOTEK_GREEN,No action needed.
games workshop|soulblight grey,Games Workshop,Soulblight Grey,COMPLETE,1,1,0,Shade,Shade,GW_SHADE_SOULBLIGHT_GREY,,#949B95,"148, 155, 149",GW_SHADE_SOULBLIGHT_GREY,No action needed.
games workshop|soulstone blue,Games Workshop,Soulstone Blue,COMPLETE,1,1,0,Technical,Technical,GW_TECHNICAL_SOULSTONE_BLUE,,#294C86,"41, 76, 134",GW_TECHNICAL_SOULSTONE_BLUE,No action needed.
games workshop|space wolf grey,Games Workshop,Space Wolf Grey,COMPLETE,1,1,0,Layer,Layer,GW_LAYER_SPACE_WOLF_GREY,,#91BFDC,"145, 191, 220",GW_LAYER_SPACE_WOLF_GREY,No action needed.
games workshop|space wolves grey,Games Workshop,Space Wolves Grey,COMPLETE,2,2,0,Contrast | Layer,Contrast | Layer,GW_CONTRAST_SPACE_WOLVES_GREY | GW_LAYER_SPACE_WOLVES_GREY,,#B7C7D9,"183, 199, 217",GW_CONTRAST_SPACE_WOLVES_GREY,No action needed.
games workshop|spiritstone red,Games Workshop,Spiritstone Red,COMPLETE,1,1,0,Technical,Technical,GW_TECHNICAL_SPIRITSTONE_RED,,#FD5D3D,"253, 93, 61",GW_TECHNICAL_SPIRITSTONE_RED,No action needed.
games workshop|squig orange,Games Workshop,Squig Orange,COMPLETE,1,1,0,Layer,Layer,GW_LAYER_SQUIG_ORANGE,,#AA4F44,"170, 79, 68",GW_LAYER_SQUIG_ORANGE,No action needed.
games workshop|steel legion drab,Games Workshop,Steel Legion Drab,COMPLETE,1,1,0,Base,Base,GW_BASE_STEEL_LEGION_DRAB,,#5E5134,"94, 81, 52",GW_BASE_STEEL_LEGION_DRAB,No action needed.
games workshop|stegadon scale green,Games Workshop,Stegadon Scale Green,COMPLETE,1,1,0,Base,Base,GW_BASE_STEGADON_SCALE_GREEN,,#074863,"7, 72, 99",GW_BASE_STEGADON_SCALE_GREEN,No action needed.
games workshop|stirland battlemire,Games Workshop,Stirland Battlemire,COMPLETE,2,2,0,Technical | Texture,Technical | Texture,GW_TECHNICAL_STIRLAND_BATTLEMIRE | GW_TEXTURE_STIRLAND_BATTLEMIRE,,#321905,"50, 25, 5",GW_TECHNICAL_STIRLAND_BATTLEMIRE,No action needed.
games workshop|stirland mud,Games Workshop,Stirland Mud,COMPLETE,2,2,0,Technical | Texture,Technical | Texture,GW_TECHNICAL_STIRLAND_MUD | GW_TEXTURE_STIRLAND_MUD,,#473300,"71, 51, 0",GW_TECHNICAL_STIRLAND_MUD,No action needed.
games workshop|storm blue,Games Workshop,Storm Blue,COMPLETE,1,1,0,Layer,Layer,GW_LAYER_STORM_BLUE,,#27357E,"39, 53, 126",GW_LAYER_STORM_BLUE,No action needed.
games workshop|stormfang,Games Workshop,Stormfang,COMPLETE,1,1,0,Dry,Dry,GW_DRY_STORMFANG,,#80A7C1,"128, 167, 193",GW_DRY_STORMFANG,No action needed.
games workshop|stormfiend,Games Workshop,Stormfiend,COMPLETE,1,1,0,Contrast,Contrast,GW_CONTRAST_STORMFIEND,,#17445A,"23, 68, 90",GW_CONTRAST_STORMFIEND,No action needed.
games workshop|stormhost silver,Games Workshop,Stormhost Silver,COMPLETE,1,1,0,Layer,Layer,GW_LAYER_STORMHOST_SILVER,,#BBC6C9,"187, 198, 201",GW_LAYER_STORMHOST_SILVER,No action needed.
games workshop|stormvermin fur,Games Workshop,Stormvermin Fur,COMPLETE,1,1,0,Layer,Layer,GW_LAYER_STORMVERMIN_FUR,,#736B65,"115, 107, 101",GW_LAYER_STORMVERMIN_FUR,No action needed.
games workshop|straken green,Games Workshop,Straken Green,COMPLETE,1,1,0,Layer,Layer,GW_LAYER_STRAKEN_GREEN,,#628126,"98, 129, 38",GW_LAYER_STRAKEN_GREEN,No action needed.
games workshop|striking scorpion green,Games Workshop,Striking Scorpion Green,COMPLETE,1,1,0,Contrast,Contrast,GW_CONTRAST_STRIKING_SCORPION_GREEN,,#89D300,"137, 211, 0",GW_CONTRAST_STRIKING_SCORPION_GREEN,No action needed.
games workshop|sunburst yellow,Games Workshop,Sunburst Yellow,COMPLETE,1,1,0,Layer,Layer,GW_LAYER_SUNBURST_YELLOW,,#FFD400,"255, 212, 0",GW_LAYER_SUNBURST_YELLOW,No action needed.
games workshop|sybarite green,Games Workshop,Sybarite Green,COMPLETE,1,1,0,Layer,Layer,GW_LAYER_SYBARITE_GREEN,,#30A56C,"48, 165, 108",GW_LAYER_SYBARITE_GREEN,No action needed.
games workshop|sycorax bronze,Games Workshop,Sycorax Bronze,COMPLETE,1,1,0,Layer,Layer,GW_LAYER_SYCORAX_BRONZE,,#CBB394,"203, 179, 148",GW_LAYER_SYCORAX_BRONZE,No action needed.
games workshop|sylvaneth bark,Games Workshop,Sylvaneth Bark,COMPLETE,1,1,0,Dry,Dry,GW_DRY_SYLVANETH_BARK,,#AC8262,"172, 130, 98",GW_DRY_SYLVANETH_BARK,No action needed.
games workshop|talassar blue,Games Workshop,Talassar Blue,COMPLETE,1,1,0,Contrast,Contrast,GW_CONTRAST_TALASSAR_BLUE,,#007ED6,"0, 126, 214",GW_CONTRAST_TALASSAR_BLUE,No action needed.
games workshop|tallarn flesh,Games Workshop,Tallarn Flesh,COMPLETE,1,1,0,Foundation,Foundation,GW_FOUNDATION_TALLARN_FLESH,,#B27B67,"178, 123, 103",GW_FOUNDATION_TALLARN_FLESH,No action needed.
games workshop|tallarn sand,Games Workshop,Tallarn Sand,COMPLETE,1,1,0,Layer,Layer,GW_LAYER_TALLARN_SAND,,#A67610,"166, 118, 16",GW_LAYER_TALLARN_SAND,No action needed.
games workshop|tanned flesh,Games Workshop,Tanned Flesh,COMPLETE,1,1,0,Layer,Layer,GW_LAYER_TANNED_FLESH,,#A95C3E,"169, 92, 62",GW_LAYER_TANNED_FLESH,No action needed.
games workshop|targor rageshade,Games Workshop,Targor Rageshade,COMPLETE,1,1,0,Shade,Shade,GW_SHADE_TARGOR_RAGESHADE,,#CA6C4D,"202, 108, 77",GW_SHADE_TARGOR_RAGESHADE,No action needed.
games workshop|tau light ochre,Games Workshop,Tau Light Ochre,COMPLETE,1,1,0,Layer,Layer,GW_LAYER_TAU_LIGHT_OCHRE,,#BF6E1D,"191, 110, 29",GW_LAYER_TAU_LIGHT_OCHRE,No action needed.
games workshop|tausept ochre,Games Workshop,Tausept Ochre,COMPLETE,1,1,0,Foundation,Foundation,GW_FOUNDATION_TAUSEPT_OCHRE,,#A06E3B,"160, 110, 59",GW_FOUNDATION_TAUSEPT_OCHRE,No action needed.
games workshop|teclis blue,Games Workshop,Teclis Blue,COMPLETE,1,1,0,Layer,Layer,GW_LAYER_TECLIS_BLUE,,#317EC1,"49, 126, 193",GW_LAYER_TECLIS_BLUE,No action needed.
games workshop|temple guard blue,Games Workshop,Temple Guard Blue,COMPLETE,2,2,0,Air | Layer,Air | Layer,GW_AIR_TEMPLE_GUARD_BLUE | GW_LAYER_TEMPLE_GUARD_BLUE,,#339A8D,"51, 154, 141",GW_LAYER_TEMPLE_GUARD_BLUE,No action needed.
games workshop|tentacle pink,Games Workshop,Tentacle Pink,COMPLETE,1,1,0,Layer,Layer,GW_LAYER_TENTACLE_PINK,,#DC9DC6,"220, 157, 198",GW_LAYER_TENTACLE_PINK,No action needed.
games workshop|terminatus stone,Games Workshop,Terminatus Stone,COMPLETE,1,1,0,Dry,Dry,GW_DRY_TERMINATUS_STONE,,#BDB192,"189, 177, 146",GW_DRY_TERMINATUS_STONE,No action needed.
games workshop|terracotta,Games Workshop,Terracotta,COMPLETE,1,1,0,Layer,Layer,GW_LAYER_TERRACOTTA,,#793721,"121, 55, 33",GW_LAYER_TERRACOTTA,No action needed.
games workshop|terradon turquoise,Games Workshop,Terradon Turquoise,COMPLETE,1,1,0,Contrast,Contrast,GW_CONTRAST_TERRADON_TURQUOISE,,#007C74,"0, 124, 116",GW_CONTRAST_TERRADON_TURQUOISE,No action needed.
games workshop|tesseract glow,Games Workshop,Tesseract Glow,COMPLETE,1,1,0,Technical,Technical,GW_TECHNICAL_TESSERACT_GLOW,,#A9D171,"169, 209, 113",GW_TECHNICAL_TESSERACT_GLOW,No action needed.
games workshop|thallax gold,Games Workshop,Thallax Gold,COMPLETE,1,1,0,Air,Air,GW_AIR_THALLAX_GOLD,,#DB7B38,"219, 123, 56",GW_AIR_THALLAX_GOLD,No action needed.
games workshop|the fang,Games Workshop,The Fang,COMPLETE,2,2,0,Air | Base,Air | Base,GW_AIR_THE_FANG | GW_BASE_THE_FANG,,#436174,"67, 97, 116",GW_BASE_THE_FANG,No action needed.
games workshop|thondia brown,Games Workshop,Thondia Brown,COMPLETE,1,1,0,Base,Base,GW_BASE_THONDIA_BROWN,,#493435,"73, 52, 53",GW_BASE_THONDIA_BROWN,No action needed.
games workshop|thousand sons blue,Games Workshop,Thousand Sons Blue,COMPLETE,1,1,0,Base,Base,GW_BASE_THOUSAND_SONS_BLUE,,#18ABCC,"24, 171, 204",GW_BASE_THOUSAND_SONS_BLUE,No action needed.
games workshop|thraka green wash,Games Workshop,Thraka Green Wash,COMPLETE,1,1,0,Layer,Layer,GW_LAYER_THRAKA_GREEN_WASH,,#434F38,"67, 79, 56",GW_LAYER_THRAKA_GREEN_WASH,No action needed.
games workshop|thunderhawk blue,Games Workshop,Thunderhawk Blue,COMPLETE,2,2,0,Dry | Layer,Dry | Layer,GW_DRY_THUNDERHAWK_BLUE | GW_LAYER_THUNDERHAWK_BLUE,,#417175,"65, 113, 117",GW_LAYER_THUNDERHAWK_BLUE,No action needed.
games workshop|tin bitz,Games Workshop,Tin Bitz,COMPLETE,1,1,0,Layer,Layer,GW_LAYER_TIN_BITZ,,#473F39,"71, 63, 57",GW_LAYER_TIN_BITZ,No action needed.
games workshop|troll slayer orange,Games Workshop,Troll Slayer Orange,COMPLETE,2,2,0,Air | Layer,Air | Layer,GW_AIR_TROLL_SLAYER_ORANGE | GW_LAYER_TROLL_SLAYER_ORANGE,,#F36D2D,"243, 109, 45",GW_LAYER_TROLL_SLAYER_ORANGE,No action needed.
games workshop|tuskgor fur,Games Workshop,Tuskgor Fur,COMPLETE,1,1,0,Layer,Layer,GW_LAYER_TUSKGOR_FUR,,#883736,"136, 55, 54",GW_LAYER_TUSKGOR_FUR,No action needed.
games workshop|tuskigor fur,Games Workshop,Tuskigor Fur,COMPLETE,1,1,0,Layer,Layer,GW_LAYER_TUSKIGOR_FUR,,#883636,"136, 54, 54",GW_LAYER_TUSKIGOR_FUR,No action needed.
games workshop|typhon ash,Games Workshop,Typhon Ash,COMPLETE,1,1,0,Air,Air,GW_AIR_TYPHON_ASH,,#E4D8C2,"228, 216, 194",GW_AIR_TYPHON_ASH,No action needed.
games workshop|typhus corrosion,Games Workshop,Typhus Corrosion,COMPLETE,1,1,0,Technical,Technical,GW_TECHNICAL_TYPHUS_CORROSION,,#453F31,"69, 63, 49",GW_TECHNICAL_TYPHUS_CORROSION,No action needed.
games workshop|tyran blue,Games Workshop,Tyran Blue,COMPLETE,1,1,0,Shade,Shade,GW_SHADE_TYRAN_BLUE,,#125899,"18, 88, 153",GW_SHADE_TYRAN_BLUE,No action needed.
games workshop|tyrant skull,Games Workshop,Tyrant Skull,COMPLETE,1,1,0,Dry,Dry,GW_DRY_TYRANT_SKULL,,#CDC586,"205, 197, 134",GW_DRY_TYRANT_SKULL,No action needed.
games workshop|ulthuan grey,Games Workshop,Ulthuan Grey,COMPLETE,2,2,0,Air | Layer,Air | Layer,GW_AIR_ULTHUAN_GREY | GW_LAYER_ULTHUAN_GREY,,#C7E0D9,"199, 224, 217",GW_LAYER_ULTHUAN_GREY,No action needed.
games workshop|ultramarine blue,Games Workshop,Ultramarine Blue,COMPLETE,1,1,0,Layer,Layer,GW_LAYER_ULTRAMARINE_BLUE,,#0066B3,"0, 102, 179",GW_LAYER_ULTRAMARINE_BLUE,No action needed.
games workshop|ultramarines blue,Games Workshop,Ultramarines Blue,COMPLETE,1,1,0,Contrast,Contrast,GW_CONTRAST_ULTRAMARINES_BLUE,,#234A9F,"35, 74, 159",GW_CONTRAST_ULTRAMARINES_BLUE,No action needed.
games workshop|underhive ash,Games Workshop,Underhive Ash,COMPLETE,1,1,0,Dry,Dry,GW_DRY_UNDERHIVE_ASH,,#C0BD81,"192, 189, 129",GW_DRY_UNDERHIVE_ASH,No action needed.
games workshop|ungor flesh,Games Workshop,Ungor Flesh,COMPLETE,1,1,0,Layer,Layer,GW_LAYER_UNGOR_FLESH,,#D6A766,"214, 167, 102",GW_LAYER_UNGOR_FLESH,No action needed.
games workshop|ushabti bone,Games Workshop,Ushabti Bone,COMPLETE,2,2,0,Air | Layer,Air | Layer,GW_AIR_USHABTI_BONE | GW_LAYER_USHABTI_BONE,,#BBBB7F,"187, 187, 127",GW_LAYER_USHABTI_BONE,No action needed.
games workshop|valhallan blizzard,Games Workshop,Valhallan Blizzard,COMPLETE,2,2,0,Technical | Texture,Technical | Texture,GW_TECHNICAL_VALHALLAN_BLIZZARD | GW_TEXTURE_VALHALLAN_BLIZZARD,,#FDF9EE,"253, 249, 238",GW_TECHNICAL_VALHALLAN_BLIZZARD,No action needed.
games workshop|vermin brown,Games Workshop,Vermin Brown,COMPLETE,1,1,0,Layer,Layer,GW_LAYER_VERMIN_BROWN,,#843910,"132, 57, 16",GW_LAYER_VERMIN_BROWN,No action needed.
games workshop|vermin fur,Games Workshop,Vermin Fur,COMPLETE,1,1,0,Layer,Layer,GW_LAYER_VERMIN_FUR,,#904F2E,"144, 79, 46",GW_LAYER_VERMIN_FUR,No action needed.
games workshop|verminlord hide,Games Workshop,Verminlord Hide,COMPLETE,1,1,0,Dry,Dry,GW_DRY_VERMINLORD_HIDE,,#A16954,"161, 105, 84",GW_DRY_VERMINLORD_HIDE,No action needed.
games workshop|vile green,Games Workshop,Vile Green,COMPLETE,1,1,0,Layer,Layer,GW_LAYER_VILE_GREEN,,#82C59C,"130, 197, 156",GW_LAYER_VILE_GREEN,No action needed.
games workshop|volupus pink,Games Workshop,Volupus Pink,COMPLETE,1,1,0,Contrast,Contrast,GW_CONTRAST_VOLUPUS_PINK,,#B24574,"178, 69, 116",GW_CONTRAST_VOLUPUS_PINK,No action needed.
games workshop|vomit brown,Games Workshop,Vomit Brown,COMPLETE,1,1,0,Layer,Layer,GW_LAYER_VOMIT_BROWN,,#CE8B3C,"206, 139, 60",GW_LAYER_VOMIT_BROWN,No action needed.
games workshop|vulkan green,Games Workshop,Vulkan Green,COMPLETE,1,1,0,Layer,Layer,GW_LAYER_VULKAN_GREEN,,#223C2E,"34, 60, 46",GW_LAYER_VULKAN_GREEN,No action needed.
games workshop|waaagh flesh,Games Workshop,Waaagh! Flesh,COMPLETE,1,1,0,Base,Base,GW_BASE_WAAAGH_FLESH,,#1F5429,"31, 84, 41",GW_BASE_WAAAGH_FLESH,No action needed.
games workshop|warboss green,Games Workshop,Warboss Green,COMPLETE,1,1,0,Layer,Layer,GW_LAYER_WARBOSS_GREEN,,#3E805D,"62, 128, 93",GW_LAYER_WARBOSS_GREEN,No action needed.
games workshop|warlock purple,Games Workshop,Warlock Purple,COMPLETE,1,1,0,Layer,Layer,GW_LAYER_WARLOCK_PURPLE,,#A43E8B,"164, 62, 139",GW_LAYER_WARLOCK_PURPLE,No action needed.
games workshop|warp lightning,Games Workshop,Warp Lightning,COMPLETE,1,1,0,Contrast,Contrast,GW_CONTRAST_WARP_LIGHTNING,,#18C33E,"24, 195, 62",GW_CONTRAST_WARP_LIGHTNING,No action needed.
games workshop|warpfiend grey,Games Workshop,Warpfiend Grey,COMPLETE,1,1,0,Layer,Layer,GW_LAYER_WARPFIEND_GREY,,#6B6A74,"107, 106, 116",GW_LAYER_WARPFIEND_GREY,No action needed.
games workshop|warplock bronze,Games Workshop,Warplock Bronze,COMPLETE,1,1,0,Base,Base,GW_BASE_WARPLOCK_BRONZE,,#927D7B,"146, 125, 123",GW_BASE_WARPLOCK_BRONZE,No action needed.
games workshop|warpstone glow,Games Workshop,Warpstone Glow,COMPLETE,1,1,0,Layer,Layer,GW_LAYER_WARPSTONE_GLOW,,#1E7331,"30, 115, 49",GW_LAYER_WARPSTONE_GLOW,No action needed.
games workshop|waystone green,Games Workshop,Waystone Green,COMPLETE,1,1,0,Technical,Technical,GW_TECHNICAL_WAYSTONE_GREEN,,#018675,"1, 134, 117",GW_TECHNICAL_WAYSTONE_GREEN,No action needed.
games workshop|waywatcher green,Games Workshop,Waywatcher Green,COMPLETE,1,1,0,Glaze,Glaze,GW_GLAZE_WAYWATCHER_GREEN,,#6DC066,"109, 192, 102",GW_GLAZE_WAYWATCHER_GREEN,No action needed.
games workshop|wazdakka red,Games Workshop,Wazdakka Red,COMPLETE,1,1,0,Layer,Layer,GW_LAYER_WAZDAKKA_RED,,#8C0A0C,"140, 10, 12",GW_LAYER_WAZDAKKA_RED,No action needed.
games workshop|white scar,Games Workshop,White Scar,COMPLETE,3,3,0,Air | Layer | Spray,Air | Layer | Spray,GW_AIR_WHITE_SCAR | GW_LAYER_WHITE_SCAR | GW_SPRAY_WHITE_SCAR,,#FFFFFF,"255, 255, 255",GW_LAYER_WHITE_SCAR,No action needed.
games workshop|wild rider red,Games Workshop,Wild Rider Red,COMPLETE,1,1,0,Layer,Layer,GW_LAYER_WILD_RIDER_RED,,#EA2F28,"234, 47, 40",GW_LAYER_WILD_RIDER_RED,No action needed.
games workshop|word bearers red,Games Workshop,Word Bearers Red,COMPLETE,1,1,0,Layer,Layer,GW_LAYER_WORD_BEARERS_RED,,#620005,"98, 0, 5",GW_LAYER_WORD_BEARERS_RED,No action needed.
games workshop|wrack white,Games Workshop,Wrack White,COMPLETE,1,1,0,Dry,Dry,GW_DRY_WRACK_WHITE,,#FCFBFA,"252, 251, 250",GW_DRY_WRACK_WHITE,No action needed.
games workshop|wraithbone,Games Workshop,Wraithbone,COMPLETE,2,2,0,Base | Spray,Base | Spray,GW_BASE_WRAITHBONE | GW_SPRAY_WRAITHBONE,,#DCCB9A,"220, 203, 154",GW_BASE_WRAITHBONE,No action needed.
games workshop|wyldwood,Games Workshop,Wyldwood,COMPLETE,1,1,0,Contrast,Contrast,GW_CONTRAST_WYLDWOOD,,#4B3427,"75, 52, 39",GW_CONTRAST_WYLDWOOD,No action needed.
games workshop|xv 88,Games Workshop,XV-88,COMPLETE,1,1,0,Base,Base,GW_BASE_XV_88,,#72491E,"114, 73, 30",GW_BASE_XV_88,No action needed.
games workshop|xereus purple,Games Workshop,Xereus Purple,COMPLETE,1,1,0,Layer,Layer,GW_LAYER_XEREUS_PURPLE,,#471F5F,"71, 31, 95",GW_LAYER_XEREUS_PURPLE,No action needed.
games workshop|yriel yellow,Games Workshop,Yriel Yellow,COMPLETE,1,1,0,Layer,Layer,GW_LAYER_YRIEL_YELLOW,,#FFDA00,"255, 218, 0",GW_LAYER_YRIEL_YELLOW,No action needed.
games workshop|zamesi desert,Games Workshop,Zamesi Desert,COMPLETE,1,1,0,Layer,Layer,GW_LAYER_ZAMESI_DESERT,,#DDA026,"221, 160, 38",GW_LAYER_ZAMESI_DESERT,No action needed.
games workshop|zandri dust,Games Workshop,Zandri Dust,COMPLETE,3,3,0,Air | Base | Spray,Air | Base | Spray,GW_AIR_ZANDRI_DUST | GW_BASE_ZANDRI_DUST | GW_SPRAY_ZANDRI_DUST,,#9E915C,"158, 145, 92",GW_BASE_ZANDRI_DUST,No action needed.
pro acryl|advanced flesh tone,Monument Hobbies,Advanced Flesh Tone,COMPLETE,1,1,0,Pro Acryl,Acrylic/Metallic comparison color,PA_PRO_ACRYL_ADVANCED_FLESH_TONE,,#AE6B4E,"174,107,78",PA_PRO_ACRYL_ADVANCED_FLESH_TONE,No action needed.
pro acryl|beige red,Monument Hobbies,Beige Red,COMPLETE,1,1,0,Pro Acryl,Acrylic/Metallic comparison color,PA_PRO_ACRYL_BEIGE_RED,,#D7A767,"215,167,103",PA_PRO_ACRYL_BEIGE_RED,No action needed.
pro acryl|bismuth yellow,Monument Hobbies,Bismuth Yellow,COMPLETE,1,1,0,Pro Acryl,Acrylic/Metallic comparison color,PA_PRO_ACRYL_BISMUTH_YELLOW,,#FCB825,"252,184,37",PA_PRO_ACRYL_BISMUTH_YELLOW,No action needed.
pro acryl|black brown,Monument Hobbies,Black Brown,COMPLETE,1,1,0,Pro Acryl,Acrylic/Metallic comparison color,PA_PRO_ACRYL_BLACK_BROWN,,#493335,"73,51,53",PA_PRO_ACRYL_BLACK_BROWN,No action needed.
pro acryl|black green,Monument Hobbies,Black Green,COMPLETE,1,1,0,Pro Acryl,Acrylic/Metallic comparison color,PA_PRO_ACRYL_BLACK_GREEN,,#00401E,"0,64,30",PA_PRO_ACRYL_BLACK_GREEN,No action needed.
pro acryl|blue,Monument Hobbies,Blue,COMPLETE,1,1,0,Pro Acryl,Acrylic/Metallic comparison color,PA_PRO_ACRYL_BLUE,,#396F9E,"57,111,158",PA_PRO_ACRYL_BLUE,No action needed.
pro acryl|blue black,Monument Hobbies,Blue Black,COMPLETE,1,1,0,Pro Acryl,Acrylic/Metallic comparison color,PA_PRO_ACRYL_BLUE_BLACK,,#33A2CF,"51,162,207",PA_PRO_ACRYL_BLUE_BLACK,No action needed.
pro acryl|bold pyrrole red,Monument Hobbies,Bold Pyrrole Red,COMPLETE,1,1,0,Pro Acryl,Acrylic/Metallic comparison color,PA_PRO_ACRYL_BOLD_PYRROLE_RED,,#C21920,"194,25,32",PA_PRO_ACRYL_BOLD_PYRROLE_RED,No action needed.
pro acryl|bold titanium white,Monument Hobbies,Bold Titanium White,COMPLETE,1,1,0,Pro Acryl,Acrylic/Metallic comparison color,PA_PRO_ACRYL_BOLD_TITANIUM_WHITE,,#C7E0DA,"199,224,218",PA_PRO_ACRYL_BOLD_TITANIUM_WHITE,No action needed.
pro acryl|bone satin,Monument Hobbies,Bone (satin),COMPLETE,1,1,0,Pro Acryl,Acrylic/Metallic comparison color,PA_PRO_ACRYL_BONE_SATIN,,#A29E92,"162,158,146",PA_PRO_ACRYL_BONE_SATIN,No action needed.
pro acryl|bright gold,Monument Hobbies,Bright Gold,COMPLETE,1,1,0,Pro Acryl,Acrylic/Metallic comparison color,PA_PRO_ACRYL_BRIGHT_GOLD,,#D5C4AA,"213,196,170",PA_PRO_ACRYL_BRIGHT_GOLD,No action needed.
pro acryl|bright green,Monument Hobbies,Bright Green,COMPLETE,1,1,0,Pro Acryl,Acrylic/Metallic comparison color,PA_PRO_ACRYL_BRIGHT_GREEN,,#52B246,"82,178,70",PA_PRO_ACRYL_BRIGHT_GREEN,No action needed.
pro acryl|bright ivory,Monument Hobbies,Bright Ivory,COMPLETE,1,1,0,Pro Acryl,Acrylic/Metallic comparison color,PA_PRO_ACRYL_BRIGHT_IVORY,,#CDCEBE,"205,206,190",PA_PRO_ACRYL_BRIGHT_IVORY,No action needed.
pro acryl|bright jade,Monument Hobbies,Bright Jade,COMPLETE,1,1,0,Pro Acryl,Acrylic/Metallic comparison color,PA_PRO_ACRYL_BRIGHT_JADE,,#028D66,"2,141,102",PA_PRO_ACRYL_BRIGHT_JADE,No action needed.
pro acryl|bright neutral grey,Monument Hobbies,Bright Neutral Grey,COMPLETE,1,1,0,Pro Acryl,Acrylic/Metallic comparison color,PA_PRO_ACRYL_BRIGHT_NEUTRAL_GREY,,#FFFFFF,"255,255,255",PA_PRO_ACRYL_BRIGHT_NEUTRAL_GREY,No action needed.
pro acryl|bright pale green,Monument Hobbies,Bright Pale Green,COMPLETE,1,1,0,Pro Acryl,Acrylic/Metallic comparison color,PA_PRO_ACRYL_BRIGHT_PALE_GREEN,,#028D66,"2,141,102",PA_PRO_ACRYL_BRIGHT_PALE_GREEN,No action needed.
pro acryl|bright pale yellow,Monument Hobbies,Bright Pale Yellow,COMPLETE,1,1,0,Pro Acryl,Acrylic/Metallic comparison color,PA_PRO_ACRYL_BRIGHT_PALE_YELLOW,,#FCB825,"252,184,37",PA_PRO_ACRYL_BRIGHT_PALE_YELLOW,No action needed.
pro acryl|bright shadow flesh,Monument Hobbies,Bright Shadow Flesh,COMPLETE,1,1,0,Pro Acryl,Acrylic/Metallic comparison color,PA_PRO_ACRYL_BRIGHT_SHADOW_FLESH,,#AE6B4E,"174,107,78",PA_PRO_ACRYL_BRIGHT_SHADOW_FLESH,No action needed.
pro acryl|bright warm grey,Monument Hobbies,Bright Warm Grey,COMPLETE,1,1,0,Pro Acryl,Acrylic/Metallic comparison color,PA_PRO_ACRYL_BRIGHT_WARM_GREY,,#736C66,"115,108,102",PA_PRO_ACRYL_BRIGHT_WARM_GREY,No action needed.
pro acryl|bright yellow green,Monument Hobbies,Bright Yellow Green,COMPLETE,1,1,0,Pro Acryl,Acrylic/Metallic comparison color,PA_PRO_ACRYL_BRIGHT_YELLOW_GREEN,,#00401E,"0,64,30",PA_PRO_ACRYL_BRIGHT_YELLOW_GREEN,No action needed.
pro acryl|bright yellow ochre,Monument Hobbies,Bright Yellow Ochre,COMPLETE,1,1,0,Pro Acryl,Acrylic/Metallic comparison color,PA_PRO_ACRYL_BRIGHT_YELLOW_OCHRE,,#8B5910,"139,89,16",PA_PRO_ACRYL_BRIGHT_YELLOW_OCHRE,No action needed.
pro acryl|bronze,Monument Hobbies,Bronze,COMPLETE,1,1,0,Pro Acryl,Acrylic/Metallic comparison color,PA_PRO_ACRYL_BRONZE,,#CBB394,"203,179,148",PA_PRO_ACRYL_BRONZE,No action needed.
pro acryl|brown grey,Monument Hobbies,Brown Grey,COMPLETE,1,1,0,Pro Acryl,Acrylic/Metallic comparison color,PA_PRO_ACRYL_BROWN_GREY,,#736C66,"115,108,102",PA_PRO_ACRYL_BROWN_GREY,No action needed.
pro acryl|burgundy,Monument Hobbies,Burgundy,COMPLETE,1,1,0,Pro Acryl,Acrylic/Metallic comparison color,PA_PRO_ACRYL_BURGUNDY,,#8C0A0C,"140,10,12",PA_PRO_ACRYL_BURGUNDY,No action needed.
pro acryl|burnt red,Monument Hobbies,Burnt Red,COMPLETE,1,1,0,Pro Acryl,Acrylic/Metallic comparison color,PA_PRO_ACRYL_BURNT_RED,,#C21920,"194,25,32",PA_PRO_ACRYL_BURNT_RED,No action needed.
pro acryl|burnt sienna,Monument Hobbies,Burnt Sienna,COMPLETE,1,1,0,Pro Acryl,Acrylic/Metallic comparison color,PA_PRO_ACRYL_BURNT_SIENNA,,#5D000A,"93,0,10",PA_PRO_ACRYL_BURNT_SIENNA,No action needed.
pro acryl|camo green,Monument Hobbies,Camo Green,COMPLETE,1,1,0,Pro Acryl,Acrylic/Metallic comparison color,PA_PRO_ACRYL_CAMO_GREEN,,#51702D,"81,112,45",PA_PRO_ACRYL_CAMO_GREEN,No action needed.
pro acryl|caramel brown,Monument Hobbies,Caramel Brown,COMPLETE,1,1,0,Pro Acryl,Acrylic/Metallic comparison color,PA_PRO_ACRYL_CARAMEL_BROWN,,#72481E,"114,72,30",PA_PRO_ACRYL_CARAMEL_BROWN,No action needed.
pro acryl|coal black,Monument Hobbies,Coal Black,COMPLETE,1,1,0,Pro Acryl,Acrylic/Metallic comparison color,PA_PRO_ACRYL_COAL_BLACK,,#231F20,"35,31,32",PA_PRO_ACRYL_COAL_BLACK,No action needed.
pro acryl|copper,Monument Hobbies,Copper,COMPLETE,1,1,0,Pro Acryl,Acrylic/Metallic comparison color,PA_PRO_ACRYL_COPPER,,#C69169,"198,145,105",PA_PRO_ACRYL_COPPER,No action needed.
pro acryl|dark blue,Monument Hobbies,Dark Blue,COMPLETE,1,1,0,Pro Acryl,Acrylic/Metallic comparison color,PA_PRO_ACRYL_DARK_BLUE,,#002051,"0,32,81",PA_PRO_ACRYL_DARK_BLUE,No action needed.
pro acryl|dark bronze,Monument Hobbies,Dark Bronze,COMPLETE,1,1,0,Pro Acryl,Acrylic/Metallic comparison color,PA_PRO_ACRYL_DARK_BRONZE,,#CBB394,"203,179,148",PA_PRO_ACRYL_DARK_BRONZE,No action needed.
pro acryl|dark burgundy,Monument Hobbies,Dark Burgundy,COMPLETE,1,1,0,Pro Acryl,Acrylic/Metallic comparison color,PA_PRO_ACRYL_DARK_BURGUNDY,,#7C1645,"124,22,69",PA_PRO_ACRYL_DARK_BURGUNDY,No action needed.
pro acryl|dark camo green,Monument Hobbies,Dark Camo Green,COMPLETE,1,1,0,Pro Acryl,Acrylic/Metallic comparison color,PA_PRO_ACRYL_DARK_CAMO_GREEN,,#9EA94B,"158,169,75",PA_PRO_ACRYL_DARK_CAMO_GREEN,No action needed.
pro acryl|dark crimson,Monument Hobbies,Dark Crimson,COMPLETE,1,1,0,Pro Acryl,Acrylic/Metallic comparison color,PA_PRO_ACRYL_DARK_CRIMSON,,#6A0002,"106,0,2",PA_PRO_ACRYL_DARK_CRIMSON,No action needed.
pro acryl|dark emerald,Monument Hobbies,Dark Emerald,COMPLETE,1,1,0,Pro Acryl,Acrylic/Metallic comparison color,PA_PRO_ACRYL_DARK_EMERALD,,#00401E,"0,64,30",PA_PRO_ACRYL_DARK_EMERALD,No action needed.
pro acryl|dark flesh,Monument Hobbies,Dark Flesh,COMPLETE,1,1,0,Pro Acryl,Acrylic/Metallic comparison color,PA_PRO_ACRYL_DARK_FLESH,,#904A0F,"144,74,15",PA_PRO_ACRYL_DARK_FLESH,No action needed.
pro acryl|dark golden brown,Monument Hobbies,Dark Golden Brown,COMPLETE,1,1,0,Pro Acryl,Acrylic/Metallic comparison color,PA_PRO_ACRYL_DARK_GOLDEN_BROWN,,#72481E,"114,72,30",PA_PRO_ACRYL_DARK_GOLDEN_BROWN,No action needed.
pro acryl|dark green brown,Monument Hobbies,Dark Green Brown,COMPLETE,1,1,0,Pro Acryl,Acrylic/Metallic comparison color,PA_PRO_ACRYL_DARK_GREEN_BROWN,,#72481E,"114,72,30",PA_PRO_ACRYL_DARK_GREEN_BROWN,No action needed.
pro acryl|dark grey blue,Monument Hobbies,Dark Grey Blue,COMPLETE,1,1,0,Pro Acryl,Acrylic/Metallic comparison color,PA_PRO_ACRYL_DARK_GREY_BLUE,,#33A2CF,"51,162,207",PA_PRO_ACRYL_DARK_GREY_BLUE,No action needed.
pro acryl|dark hot pink,Monument Hobbies,Dark Hot Pink,COMPLETE,1,1,0,Pro Acryl,Acrylic/Metallic comparison color,PA_PRO_ACRYL_DARK_HOT_PINK,,#7C1645,"124,22,69",PA_PRO_ACRYL_DARK_HOT_PINK,No action needed.
pro acryl|dark ivory,Monument Hobbies,Dark Ivory,COMPLETE,1,1,0,Pro Acryl,Acrylic/Metallic comparison color,PA_PRO_ACRYL_DARK_IVORY,,#CDCEBE,"205,206,190",PA_PRO_ACRYL_DARK_IVORY,No action needed.
pro acryl|dark jade,Monument Hobbies,Dark Jade,COMPLETE,1,1,0,Pro Acryl,Acrylic/Metallic comparison color,PA_PRO_ACRYL_DARK_JADE,,#0C6A74,"12,106,116",PA_PRO_ACRYL_DARK_JADE,No action needed.
pro acryl|dark magenta,Monument Hobbies,Dark Magenta,COMPLETE,1,1,0,Pro Acryl,Acrylic/Metallic comparison color,PA_PRO_ACRYL_DARK_MAGENTA,,#7C1645,"124,22,69",PA_PRO_ACRYL_DARK_MAGENTA,No action needed.
pro acryl|dark neutral grey,Monument Hobbies,Dark Neutral Grey,COMPLETE,1,1,0,Pro Acryl,Acrylic/Metallic comparison color,PA_PRO_ACRYL_DARK_NEUTRAL_GREY,,#4A4F53,"74,79,83",PA_PRO_ACRYL_DARK_NEUTRAL_GREY,No action needed.
pro acryl|dark plum,Monument Hobbies,Dark Plum,COMPLETE,1,1,0,Pro Acryl,Acrylic/Metallic comparison color,PA_PRO_ACRYL_DARK_PLUM,,#6A0002,"106,0,2",PA_PRO_ACRYL_DARK_PLUM,No action needed.
pro acryl|dark purple,Monument Hobbies,Dark Purple,COMPLETE,1,1,0,Pro Acryl,Acrylic/Metallic comparison color,PA_PRO_ACRYL_DARK_PURPLE,,#8E8C97,"142,140,151",PA_PRO_ACRYL_DARK_PURPLE,No action needed.
pro acryl|dark sea ben,Monument Hobbies,Dark Sea Ben,COMPLETE,1,1,0,Pro Acryl,Acrylic/Metallic comparison color,PA_PRO_ACRYL_DARK_SEA_BEN,,#0C6A74,"12,106,116",PA_PRO_ACRYL_DARK_SEA_BEN,No action needed.
pro acryl|dark silver,Monument Hobbies,Dark Silver,COMPLETE,1,1,0,Pro Acryl,Acrylic/Metallic comparison color,PA_PRO_ACRYL_DARK_SILVER,,#475659,"71,86,89",PA_PRO_ACRYL_DARK_SILVER,No action needed.
pro acryl|dark turquoise,Monument Hobbies,Dark Turquoise,COMPLETE,1,1,0,Pro Acryl,Acrylic/Metallic comparison color,PA_PRO_ACRYL_DARK_TURQUOISE,,#18ABCC,"24,171,204",PA_PRO_ACRYL_DARK_TURQUOISE,No action needed.
pro acryl|dark umber,Monument Hobbies,Dark Umber,COMPLETE,1,1,0,Pro Acryl,Acrylic/Metallic comparison color,PA_PRO_ACRYL_DARK_UMBER,,#650A09,"101,10,9",PA_PRO_ACRYL_DARK_UMBER,No action needed.
pro acryl|dark warm flesh,Monument Hobbies,Dark Warm Flesh,COMPLETE,1,1,0,Pro Acryl,Acrylic/Metallic comparison color,PA_PRO_ACRYL_DARK_WARM_FLESH,,#AE6B4E,"174,107,78",PA_PRO_ACRYL_DARK_WARM_FLESH,No action needed.
pro acryl|dark warm grey,Monument Hobbies,Dark Warm Grey,COMPLETE,1,1,0,Pro Acryl,Acrylic/Metallic comparison color,PA_PRO_ACRYL_DARK_WARM_GREY,,#48413B,"72,65,59",PA_PRO_ACRYL_DARK_WARM_GREY,No action needed.
pro acryl|dark yellow green,Monument Hobbies,Dark Yellow Green,COMPLETE,1,1,0,Pro Acryl,Acrylic/Metallic comparison color,PA_PRO_ACRYL_DARK_YELLOW_GREEN,,#758E3A,"117,142,58",PA_PRO_ACRYL_DARK_YELLOW_GREEN,No action needed.
pro acryl|drab brown,Monument Hobbies,Drab Brown,COMPLETE,1,1,0,Pro Acryl,Acrylic/Metallic comparison color,PA_PRO_ACRYL_DRAB_BROWN,,#72481E,"114,72,30",PA_PRO_ACRYL_DRAB_BROWN,No action needed.
pro acryl|faded green,Monument Hobbies,Faded Green,COMPLETE,1,1,0,Pro Acryl,Acrylic/Metallic comparison color,PA_PRO_ACRYL_FADED_GREEN,,#5F936F,"95,147,111",PA_PRO_ACRYL_FADED_GREEN,No action needed.
pro acryl|faded plum,Monument Hobbies,Faded Plum,COMPLETE,1,1,0,Pro Acryl,Acrylic/Metallic comparison color,PA_PRO_ACRYL_FADED_PLUM,,#B59ECC,"181,158,204",PA_PRO_ACRYL_FADED_PLUM,No action needed.
pro acryl|faded ultramarine,Monument Hobbies,Faded Ultramarine,COMPLETE,1,1,0,Pro Acryl,Acrylic/Metallic comparison color,PA_PRO_ACRYL_FADED_ULTRAMARINE,,#4273B8,"66,115,184",PA_PRO_ACRYL_FADED_ULTRAMARINE,No action needed.
pro acryl|golden brown,Monument Hobbies,Golden Brown,COMPLETE,1,1,0,Pro Acryl,Acrylic/Metallic comparison color,PA_PRO_ACRYL_GOLDEN_BROWN,,#D7A767,"215,167,103",PA_PRO_ACRYL_GOLDEN_BROWN,No action needed.
pro acryl|golden yellow,Monument Hobbies,Golden Yellow,COMPLETE,1,1,0,Pro Acryl,Acrylic/Metallic comparison color,PA_PRO_ACRYL_GOLDEN_YELLOW,,#FFF200,"255,242,0",PA_PRO_ACRYL_GOLDEN_YELLOW,No action needed.
pro acryl|green,Monument Hobbies,Green,COMPLETE,1,1,0,Pro Acryl,Acrylic/Metallic comparison color,PA_PRO_ACRYL_GREEN,,#00401E,"0,64,30",PA_PRO_ACRYL_GREEN,No action needed.
pro acryl|green oxide,Monument Hobbies,Green Oxide,COMPLETE,1,1,0,Pro Acryl,Acrylic/Metallic comparison color,PA_PRO_ACRYL_GREEN_OXIDE,,#84C2A9,"132,194,169",PA_PRO_ACRYL_GREEN_OXIDE,No action needed.
pro acryl|grey blue,Monument Hobbies,Grey Blue,COMPLETE,1,1,0,Pro Acryl,Acrylic/Metallic comparison color,PA_PRO_ACRYL_GREY_BLUE,,#709CB7,"112,156,183",PA_PRO_ACRYL_GREY_BLUE,No action needed.
pro acryl|heavy titani um white,Monument Hobbies,Heavy Titani- um White,COMPLETE,1,1,0,Pro Acryl,Acrylic/Metallic comparison color,PA_PRO_ACRYL_HEAVY_TITANI_UM_WHITE,,#FFFFFF,"255,255,255",PA_PRO_ACRYL_HEAVY_TITANI_UM_WHITE,No action needed.
pro acryl|heavy warm white satin,Monument Hobbies,Heavy Warm White (satin),COMPLETE,1,1,0,Pro Acryl,Acrylic/Metallic comparison color,PA_PRO_ACRYL_HEAVY_WARM_WHITE_SATIN,,#D4D3A3,"212,211,163",PA_PRO_ACRYL_HEAVY_WARM_WHITE_SATIN,No action needed.
pro acryl|ivory,Monument Hobbies,Ivory,COMPLETE,1,1,0,Pro Acryl,Acrylic/Metallic comparison color,PA_PRO_ACRYL_IVORY,,#CDCEBE,"205,206,190",PA_PRO_ACRYL_IVORY,No action needed.
pro acryl|jade,Monument Hobbies,Jade,COMPLETE,1,1,0,Pro Acryl,Acrylic/Metallic comparison color,PA_PRO_ACRYL_JADE,,#00401E,"0,64,30",PA_PRO_ACRYL_JADE,No action needed.
pro acryl|khaki,Monument Hobbies,Khaki,COMPLETE,1,1,0,Pro Acryl,Acrylic/Metallic comparison color,PA_PRO_ACRYL_KHAKI,,#9EA94B,"158,169,75",PA_PRO_ACRYL_KHAKI,No action needed.
pro acryl|light bronze,Monument Hobbies,Light Bronze,COMPLETE,1,1,0,Pro Acryl,Acrylic/Metallic comparison color,PA_PRO_ACRYL_LIGHT_BRONZE,,#D5C4AA,"213,196,170",PA_PRO_ACRYL_LIGHT_BRONZE,No action needed.
pro acryl|light umber,Monument Hobbies,Light Umber,COMPLETE,1,1,0,Pro Acryl,Acrylic/Metallic comparison color,PA_PRO_ACRYL_LIGHT_UMBER,,#654641,"101,70,65",PA_PRO_ACRYL_LIGHT_UMBER,No action needed.
pro acryl|magenta,Monument Hobbies,Magenta,COMPLETE,1,1,0,Pro Acryl,Acrylic/Metallic comparison color,PA_PRO_ACRYL_MAGENTA,,#B94278,"185,66,120",PA_PRO_ACRYL_MAGENTA,No action needed.
pro acryl|magnesium,Monument Hobbies,Magnesium,COMPLETE,1,1,0,Pro Acryl,Acrylic/Metallic comparison color,PA_PRO_ACRYL_MAGNESIUM,,#CBB394,"203,179,148",PA_PRO_ACRYL_MAGNESIUM,No action needed.
pro acryl|mahogany,Monument Hobbies,Mahogany,COMPLETE,1,1,0,Pro Acryl,Acrylic/Metallic comparison color,PA_PRO_ACRYL_MAHOGANY,,#493335,"73,51,53",PA_PRO_ACRYL_MAHOGANY,No action needed.
pro acryl|neutral grey,Monument Hobbies,Neutral Grey,COMPLETE,1,1,0,Pro Acryl,Acrylic/Metallic comparison color,PA_PRO_ACRYL_NEUTRAL_GREY,,#4A4F53,"74,79,83",PA_PRO_ACRYL_NEUTRAL_GREY,No action needed.
pro acryl|olive flesh,Monument Hobbies,Olive Flesh,COMPLETE,1,1,0,Pro Acryl,Acrylic/Metallic comparison color,PA_PRO_ACRYL_OLIVE_FLESH,,#CBB48B,"203,180,139",PA_PRO_ACRYL_OLIVE_FLESH,No action needed.
pro acryl|pale pink,Monument Hobbies,Pale Pink,COMPLETE,1,1,0,Pro Acryl,Acrylic/Metallic comparison color,PA_PRO_ACRYL_PALE_PINK,,#B94278,"185,66,120",PA_PRO_ACRYL_PALE_PINK,No action needed.
pro acryl|pale yellow,Monument Hobbies,Pale Yellow,COMPLETE,1,1,0,Pro Acryl,Acrylic/Metallic comparison color,PA_PRO_ACRYL_PALE_YELLOW,,#E3D28C,"227,210,140",PA_PRO_ACRYL_PALE_YELLOW,No action needed.
pro acryl|paynes grey,Monument Hobbies,Payne’s Grey,COMPLETE,1,1,0,Pro Acryl,Acrylic/Metallic comparison color,PA_PRO_ACRYL_PAYNE_S_GREY,,#002051,"0,32,81",PA_PRO_ACRYL_PAYNE_S_GREY,No action needed.
pro acryl|pink,Monument Hobbies,Pink,COMPLETE,1,1,0,Pro Acryl,Acrylic/Metallic comparison color,PA_PRO_ACRYL_PINK,,#B94278,"185,66,120",PA_PRO_ACRYL_PINK,No action needed.
pro acryl|plum,Monument Hobbies,Plum,COMPLETE,1,1,0,Pro Acryl,Acrylic/Metallic comparison color,PA_PRO_ACRYL_PLUM,,#F4AFCC,"244,175,204",PA_PRO_ACRYL_PLUM,No action needed.
pro acryl|purple,Monument Hobbies,Purple,COMPLETE,1,1,0,Pro Acryl,Acrylic/Metallic comparison color,PA_PRO_ACRYL_PURPLE,,#F4AFCC,"244,175,204",PA_PRO_ACRYL_PURPLE,No action needed.
pro acryl|red grey,Monument Hobbies,Red Grey,COMPLETE,1,1,0,Pro Acryl,Acrylic/Metallic comparison color,PA_PRO_ACRYL_RED_GREY,,#A29E92,"162,158,146",PA_PRO_ACRYL_RED_GREY,No action needed.
pro acryl|red oxide,Monument Hobbies,Red Oxide,COMPLETE,1,1,0,Pro Acryl,Acrylic/Metallic comparison color,PA_PRO_ACRYL_RED_OXIDE,,#B36853,"179,104,83",PA_PRO_ACRYL_RED_OXIDE,No action needed.
pro acryl|rich gold,Monument Hobbies,Rich Gold,COMPLETE,1,1,0,Pro Acryl,Acrylic/Metallic comparison color,PA_PRO_ACRYL_RICH_GOLD,,#CEAE65,"206,174,101",PA_PRO_ACRYL_RICH_GOLD,No action needed.
pro acryl|royal purple,Monument Hobbies,Royal Purple,COMPLETE,1,1,0,Pro Acryl,Acrylic/Metallic comparison color,PA_PRO_ACRYL_ROYAL_PURPLE,,#471F5E,"71,31,94",PA_PRO_ACRYL_ROYAL_PURPLE,No action needed.
pro acryl|satin black,Monument Hobbies,Satin Black,COMPLETE,1,1,0,Pro Acryl,Acrylic/Metallic comparison color,PA_PRO_ACRYL_SATIN_BLACK,,#3C5051,"60,80,81",PA_PRO_ACRYL_SATIN_BLACK,No action needed.
pro acryl|shadow flesh,Monument Hobbies,Shadow Flesh,COMPLETE,1,1,0,Pro Acryl,Acrylic/Metallic comparison color,PA_PRO_ACRYL_SHADOW_FLESH,,#AE6B4E,"174,107,78",PA_PRO_ACRYL_SHADOW_FLESH,No action needed.
pro acryl|silver,Monument Hobbies,Silver,COMPLETE,1,1,0,Pro Acryl,Acrylic/Metallic comparison color,PA_PRO_ACRYL_SILVER,,#C6CBD0,"198,203,208",PA_PRO_ACRYL_SILVER,No action needed.
pro acryl|sky blue,Monument Hobbies,Sky Blue,COMPLETE,1,1,0,Pro Acryl,Acrylic/Metallic comparison color,PA_PRO_ACRYL_SKY_BLUE,,#396F9E,"57,111,158",PA_PRO_ACRYL_SKY_BLUE,No action needed.
pro acryl|tan flesh,Monument Hobbies,Tan Flesh,COMPLETE,1,1,0,Pro Acryl,Acrylic/Metallic comparison color,PA_PRO_ACRYL_TAN_FLESH,,#845045,"132,80,69",PA_PRO_ACRYL_TAN_FLESH,No action needed.
pro acryl|turquoise,Monument Hobbies,Turquoise,COMPLETE,1,1,0,Pro Acryl,Acrylic/Metallic comparison color,PA_PRO_ACRYL_TURQUOISE,,#329B8D,"50,155,141",PA_PRO_ACRYL_TURQUOISE,No action needed.
pro acryl|ultramarine,Monument Hobbies,Ultramarine,COMPLETE,1,1,0,Pro Acryl,Acrylic/Metallic comparison color,PA_PRO_ACRYL_ULTRAMARINE,,#295788,"41,87,136",PA_PRO_ACRYL_ULTRAMARINE,No action needed.
pro acryl|warm brown,Monument Hobbies,Warm Brown,COMPLETE,1,1,0,Pro Acryl,Acrylic/Metallic comparison color,PA_PRO_ACRYL_WARM_BROWN,,#654641,"101,70,65",PA_PRO_ACRYL_WARM_BROWN,No action needed.
pro acryl|warm flesh,Monument Hobbies,Warm Flesh,COMPLETE,1,1,0,Pro Acryl,Acrylic/Metallic comparison color,PA_PRO_ACRYL_WARM_FLESH,,#CBB48B,"203,180,139",PA_PRO_ACRYL_WARM_FLESH,No action needed.
pro acryl|warm grey,Monument Hobbies,Warm Grey,COMPLETE,1,1,0,Pro Acryl,Acrylic/Metallic comparison color,PA_PRO_ACRYL_WARM_GREY,,#C7E0DA,"199,224,218",PA_PRO_ACRYL_WARM_GREY,No action needed.
pro acryl|warm yellow,Monument Hobbies,Warm Yellow,COMPLETE,1,1,0,Pro Acryl,Acrylic/Metallic comparison color,PA_PRO_ACRYL_WARM_YELLOW,,#FCB825,"252,184,37",PA_PRO_ACRYL_WARM_YELLOW,No action needed.
pro acryl|white blue,Monument Hobbies,White Blue,COMPLETE,1,1,0,Pro Acryl,Acrylic/Metallic comparison color,PA_PRO_ACRYL_WHITE_BLUE,,#00A5B9,"0,165,185",PA_PRO_ACRYL_WHITE_BLUE,No action needed.
pro acryl|white gold,Monument Hobbies,White Gold,COMPLETE,1,1,0,Pro Acryl,Acrylic/Metallic comparison color,PA_PRO_ACRYL_WHITE_GOLD,,#CEAE65,"206,174,101",PA_PRO_ACRYL_WHITE_GOLD,No action needed.
pro acryl|yellow green,Monument Hobbies,Yellow Green,COMPLETE,1,1,0,Pro Acryl,Acrylic/Metallic comparison color,PA_PRO_ACRYL_YELLOW_GREEN,,#849B63,"132,155,99",PA_PRO_ACRYL_YELLOW_GREEN,No action needed.
pro acryl|yellow ochre,Monument Hobbies,Yellow Ochre,COMPLETE,1,1,0,Pro Acryl,Acrylic/Metallic comparison color,PA_PRO_ACRYL_YELLOW_OCHRE,,#DCA026,"220,160,38",PA_PRO_ACRYL_YELLOW_OCHRE,No action needed.
vallejo|blue angels blue,Vallejo,"""Blue Angels"" Blue",COMPLETE,1,1,0,Model Air,Acrylic Paint,VAL_MODEL_AIR_BLUE_ANGELS_BLUE,,#27357E,"39,53,126",VAL_MODEL_AIR_BLUE_ANGELS_BLUE,No action needed.
vallejo|pale grey shade wash,Vallejo,**** Pale Grey Shade Wash,COMPLETE,1,1,0,Game Color,Acrylic Paint,VAL_GAME_COLOR_PALE_GREY_SHADE_WASH,,#842994,"132,41,148",VAL_GAME_COLOR_PALE_GREY_SHADE_WASH,No action needed.
vallejo|6k russian brown,Vallejo,6K Russian Brown,COMPLETE,1,1,0,Model Air,Acrylic airbrush paint,VAL_MODEL_AIR_6K_RUSSIAN_BROWN,,#455440,"69,84,64",VAL_MODEL_AIR_6K_RUSSIAN_BROWN,No action needed.
vallejo|aii sv gol light blue,Vallejo,AII SV. Gol Light Blue,COMPLETE,1,1,0,Model Air,Acrylic airbrush paint,VAL_MODEL_AIR_AII_SV_GOL_LIGHT_BLUE,,#508CBE,"80,140,190",VAL_MODEL_AIR_AII_SV_GOL_LIGHT_BLUE,No action needed.
vallejo|abyssal turquoise,Vallejo,Abyssal Turquoise,COMPLETE,1,1,0,Game Color,Acrylic paint,VAL_GAME_COLOR_ABYSSAL_TURQUOISE,,#122332,"18,35,50",VAL_GAME_COLOR_ABYSSAL_TURQUOISE,No action needed.
vallejo|acid,Vallejo,Acid,COMPLETE,1,1,0,Game Color Special FX,Effect,VAL_GAME_COLOR_SPECIAL_FX_ACID,,#69A260,"105,162,96",VAL_GAME_COLOR_SPECIAL_FX_ACID,No action needed.
vallejo|africa korps tan yellow,Vallejo,Africa Korps Tan Yellow,COMPLETE,1,1,0,Model Color,Acrylic Paint,VAL_MODEL_COLOR_AFRICA_KORPS_TAN_YELLOW,,#8E7451,"142,116,81",VAL_MODEL_COLOR_AFRICA_KORPS_TAN_YELLOW,No action needed.
vallejo|alien purple,Vallejo,Alien Purple,COMPLETE,1,1,0,Game Color,Acrylic paint,VAL_GAME_COLOR_ALIEN_PURPLE,,#50317B,"80,49,123",VAL_GAME_COLOR_ALIEN_PURPLE,No action needed.
vallejo|aluminum,Vallejo,Aluminum,COMPLETE,1,1,0,Model Air,Acrylic Paint,VAL_MODEL_AIR_ALUMINUM,,#7B737B,"123,115,123",VAL_MODEL_AIR_ALUMINUM,No action needed.
vallejo|amaranth red,Vallejo,Amaranth Red,COMPLETE,1,1,0,Model Color,Acrylic paint,VAL_MODEL_COLOR_AMARANTH_RED,,#CC4338,"204,67,56",VAL_MODEL_COLOR_AMARANTH_RED,No action needed.
vallejo|amarantha red,Vallejo,Amarantha Red,COMPLETE,1,1,0,Model Color,Acrylic Paint,VAL_MODEL_COLOR_AMARANTHA_RED,,#B54E3D,"181,78,61",VAL_MODEL_COLOR_AMARANTHA_RED,No action needed.
vallejo|andrea blue,Vallejo,Andrea Blue,COMPLETE,1,1,0,Model Color,Acrylic paint,VAL_MODEL_COLOR_ANDREA_BLUE,,#008DC9,"0,141,201",VAL_MODEL_COLOR_ANDREA_BLUE,No action needed.
vallejo|angel green,Vallejo,Angel Green,COMPLETE,1,1,0,Game Color,Acrylic paint,VAL_GAME_COLOR_ANGEL_GREEN,,#0C391D,"12,57,29",VAL_GAME_COLOR_ANGEL_GREEN,No action needed.
vallejo|aquamarine,Vallejo,Aquamarine,COMPLETE,1,1,0,Game Color,Acrylic paint,VAL_GAME_COLOR_AQUAMARINE,,#007B74,"0,123,116",VAL_GAME_COLOR_AQUAMARINE,No action needed.
vallejo|arctic blue,Vallejo,Arctic Blue,COMPLETE,1,1,0,Model Air,Acrylic Paint,VAL_MODEL_AIR_ARCTIC_BLUE,,#746F7E,"116,111,126",VAL_MODEL_AIR_ARCTIC_BLUE,No action needed.
vallejo|armor green,Vallejo,Armor Green,COMPLETE,1,1,0,Xpress Color,Contrast-style acrylic,VAL_XPRESS_COLOR_ARMOR_GREEN,,#102B26,"16,43,38",VAL_XPRESS_COLOR_ARMOR_GREEN,No action needed.
vallejo|armour brown,Vallejo,Armour Brown,COMPLETE,1,1,0,Model Air,Acrylic airbrush paint,VAL_MODEL_AIR_ARMOUR_BROWN,,#390008,"57,0,8",VAL_MODEL_AIR_ARMOUR_BROWN,No action needed.
vallejo|athena skin,Vallejo,Athena Skin,COMPLETE,1,1,0,Game Color,Acrylic paint,VAL_GAME_COLOR_ATHENA_SKIN,,#B36254,"179,98,84",VAL_GAME_COLOR_ATHENA_SKIN,No action needed.
vallejo|azure,Vallejo,Azure,COMPLETE,1,1,0,Model Color,Acrylic paint,VAL_MODEL_COLOR_AZURE,,#717CAD,"113,124,173",VAL_MODEL_COLOR_AZURE,No action needed.
vallejo|azure blue,Vallejo,Azure Blue,COMPLETE,1,1,0,Model Color,Acrylic Paint,VAL_MODEL_COLOR_AZURE_BLUE,,#6B9CCE,"107,156,206",VAL_MODEL_COLOR_AZURE_BLUE,No action needed.
vallejo|bc dark brown,Vallejo,BC Dark Brown,COMPLETE,1,1,0,Model Color,Acrylic paint,VAL_MODEL_COLOR_BC_DARK_BROWN,,#75573C,"117,87,60",VAL_MODEL_COLOR_BC_DARK_BROWN,No action needed.
vallejo|bs dark earth,Vallejo,BS Dark Earth,COMPLETE,1,1,0,Model Air,Acrylic airbrush paint,VAL_MODEL_AIR_BS_DARK_EARTH,,#705E50,"112,94,80",VAL_MODEL_AIR_BS_DARK_EARTH,No action needed.
vallejo|bs medium sea grey,Vallejo,BS Medium Sea Grey,COMPLETE,1,1,0,Model Air,Acrylic airbrush paint,VAL_MODEL_AIR_BS_MEDIUM_SEA_GREY,,#959980,"149,153,128",VAL_MODEL_AIR_BS_MEDIUM_SEA_GREY,No action needed.
vallejo|bag of bones,Vallejo,Bag of Bones,COMPLETE,1,1,0,Xpress Color,Contrast-style acrylic,VAL_XPRESS_COLOR_BAG_OF_BONES,,#866237,"134,98,55",VAL_XPRESS_COLOR_BAG_OF_BONES,No action needed.
vallejo|bald moon yellow,Vallejo,Bald Moon Yellow,COMPLETE,1,1,0,Game Color,Acrylic Paint,VAL_GAME_COLOR_BALD_MOON_YELLOW,,#FFF700,"255,247,0",VAL_GAME_COLOR_BALD_MOON_YELLOW,No action needed.
vallejo|barbarian skin,Vallejo,Barbarian Skin,COMPLETE,1,1,0,Game Color,Acrylic paint,VAL_GAME_COLOR_BARBARIAN_SKIN,,#77593F,"119,89,63",VAL_GAME_COLOR_BARBARIAN_SKIN,No action needed.
vallejo|barley grey,Vallejo,Barley Grey,COMPLETE,1,1,0,Model Air,Acrylic Paint,VAL_MODEL_AIR_BARLEY_GREY,,#64767A,"100,118,122",VAL_MODEL_AIR_BARLEY_GREY,No action needed.
vallejo|basalt grey,Vallejo,Basalt Grey,COMPLETE,1,1,0,Model Color,Acrylic Paint,VAL_MODEL_COLOR_BASALT_GREY,,#576860,"87,104,96",VAL_MODEL_COLOR_BASALT_GREY,No action needed.
vallejo|base grey,Vallejo,Base Grey,COMPLETE,1,1,0,Model Air,Acrylic Paint,VAL_MODEL_AIR_BASE_GREY,,#999999,"153,153,153",VAL_MODEL_AIR_BASE_GREY,No action needed.
vallejo|basic skin tone,Vallejo,Basic Skin Tone,COMPLETE,1,1,0,Model Color,Acrylic paint,VAL_MODEL_COLOR_BASIC_SKIN_TONE,,#F0AD82,"240,173,130",VAL_MODEL_COLOR_BASIC_SKIN_TONE,No action needed.
vallejo|basic skintone,Vallejo,Basic Skintone,COMPLETE,1,1,0,Model Color,Acrylic Paint,VAL_MODEL_COLOR_BASIC_SKINTONE,,#FBBC8C,"251,188,140",VAL_MODEL_COLOR_BASIC_SKINTONE,No action needed.
vallejo|battledress brown,Vallejo,Battledress Brown,COMPLETE,1,1,0,Xpress Color,Contrast-style acrylic,VAL_XPRESS_COLOR_BATTLEDRESS_BROWN,,#372D25,"55,45,37",VAL_XPRESS_COLOR_BATTLEDRESS_BROWN,No action needed.
vallejo|beasty brown,Vallejo,Beasty Brown,COMPLETE,1,1,0,Game Color,Acrylic Paint,VAL_GAME_COLOR_BEASTY_BROWN,,#663300,"102,51,0",VAL_GAME_COLOR_BEASTY_BROWN,No action needed.
vallejo|beige,Vallejo,Beige,COMPLETE,2,2,0,Model Air | Model Color,Acrylic airbrush paint | Acrylic paint,VAL_MODEL_AIR_BEIGE | VAL_MODEL_COLOR_BEIGE,,#DBC58E,"219,197,142",VAL_MODEL_AIR_BEIGE,No action needed.
vallejo|beige brown,Vallejo,Beige Brown,COMPLETE,1,1,0,Model Color,Acrylic paint,VAL_MODEL_COLOR_BEIGE_BROWN,,#78584A,"120,88,74",VAL_MODEL_COLOR_BEIGE_BROWN,No action needed.
vallejo|beige red,Vallejo,Beige Red,COMPLETE,1,1,0,Model Color,Acrylic Paint,VAL_MODEL_COLOR_BEIGE_RED,,#C79166,"199,145,102",VAL_MODEL_COLOR_BEIGE_RED,No action needed.
vallejo|bile,Vallejo,Bile,COMPLETE,1,1,0,Game Color Special FX,Effect,VAL_GAME_COLOR_SPECIAL_FX_BILE,,#BBCE0D,"187,206,13",VAL_GAME_COLOR_SPECIAL_FX_BILE,No action needed.
vallejo|bile green,Vallejo,Bile Green,COMPLETE,1,1,0,Game Color,Acrylic paint,VAL_GAME_COLOR_BILE_GREEN,,#D5D900,"213,217,0",VAL_GAME_COLOR_BILE_GREEN,No action needed.
vallejo|black,Vallejo,Black,COMPLETE,6,6,0,Game Color | Game Color Ink | Game Color Metallic | Game Color Wash | Model Air | Model Color,Acrylic Paint | Ink | Metallic | Wash,VAL_GAME_COLOR_BLACK | VAL_GAME_COLOR_INK_BLACK | VAL_GAME_COLOR_METALLIC_BLACK | VAL_GAME_COLOR_WASH_BLACK | VAL_MODEL_AIR_BLACK | VAL_MODEL_COLOR_BLACK,,#000000,"0,0,0",VAL_GAME_COLOR_BLACK,No action needed.
vallejo|black green,Vallejo,Black Green,COMPLETE,3,3,0,Game Color Ink | Model Air | Model Color,Acrylic Paint | Ink,VAL_GAME_COLOR_INK_BLACK_GREEN | VAL_MODEL_AIR_BLACK_GREEN | VAL_MODEL_COLOR_BLACK_GREEN,,#19423E,"25,66,62",VAL_GAME_COLOR_INK_BLACK_GREEN,No action needed.
vallejo|black green rlm70,Vallejo,Black Green RLM70,COMPLETE,1,1,0,Model Air,Acrylic airbrush paint,VAL_MODEL_AIR_BLACK_GREEN_RLM70,,#19423E,"25,66,62",VAL_MODEL_AIR_BLACK_GREEN_RLM70,No action needed.
vallejo|black grey,Vallejo,Black Grey,COMPLETE,2,2,0,Model Air | Model Color,Acrylic Paint | Acrylic paint,VAL_MODEL_AIR_BLACK_GREY | VAL_MODEL_COLOR_BLACK_GREY,,#2D373A,"45,55,58",VAL_MODEL_AIR_BLACK_GREY,No action needed.
vallejo|black grey rlm66,Vallejo,Black Grey RLM66,COMPLETE,1,1,0,Model Air,Acrylic airbrush paint,VAL_MODEL_AIR_BLACK_GREY_RLM66,,#4D4A4A,"77,74,74",VAL_MODEL_AIR_BLACK_GREY_RLM66,No action needed.
vallejo|black ink,Vallejo,Black Ink,COMPLETE,1,1,0,Game Color,Acrylic Paint,VAL_GAME_COLOR_BLACK_INK,,#000000,"0,0,0",VAL_GAME_COLOR_BLACK_INK,No action needed.
vallejo|black lotus,Vallejo,Black Lotus,COMPLETE,1,1,0,Xpress Color,Contrast-style acrylic,VAL_XPRESS_COLOR_BLACK_LOTUS,,#1E1F24,"30,31,36",VAL_XPRESS_COLOR_BLACK_LOTUS,No action needed.
vallejo|black metallic,Vallejo,Black Metallic,COMPLETE,1,1,0,Model Air,Acrylic Paint,VAL_MODEL_AIR_BLACK_METALLIC,,#393939,"57,57,57",VAL_MODEL_AIR_BLACK_METALLIC,No action needed.
vallejo|black red,Vallejo,Black Red,COMPLETE,1,1,0,Model Color,Acrylic paint,VAL_MODEL_COLOR_BLACK_RED,,#663300,"102,51,0",VAL_MODEL_COLOR_BLACK_RED,No action needed.
vallejo|black violet,Vallejo,Black Violet,COMPLETE,1,1,0,Model Color,Acrylic paint,VAL_MODEL_COLOR_BLACK_VIOLET,,#382931,"56,41,49",VAL_MODEL_COLOR_BLACK_VIOLET,No action needed.
vallejo|black wash,Vallejo,Black Wash,COMPLETE,1,1,0,Game Color,Acrylic Paint,VAL_GAME_COLOR_BLACK_WASH,,#767376,"118,115,118",VAL_GAME_COLOR_BLACK_WASH,No action needed.
vallejo|bloody red,Vallejo,Bloody Red,COMPLETE,1,1,0,Game Color,Acrylic paint,VAL_GAME_COLOR_BLOODY_RED,,#CE0018,"206,0,24",VAL_GAME_COLOR_BLOODY_RED,No action needed.
vallejo|blue,Vallejo,Blue,COMPLETE,4,4,0,Game Color Ink | Game Color Wash | Model Air | Model Color,Acrylic Paint | Ink | Wash,VAL_GAME_COLOR_INK_BLUE | VAL_GAME_COLOR_WASH_BLUE | VAL_MODEL_AIR_BLUE | VAL_MODEL_COLOR_BLUE,,#27357E,"39,53,126",VAL_GAME_COLOR_INK_BLUE,No action needed.
vallejo|blue green,Vallejo,Blue Green,COMPLETE,1,1,0,Model Color,Acrylic paint,VAL_MODEL_COLOR_BLUE_GREEN,,#1A9496,"26,148,150",VAL_MODEL_COLOR_BLUE_GREEN,No action needed.
vallejo|blue grey,Vallejo,Blue Grey,COMPLETE,1,1,0,Model Air,Acrylic airbrush paint,VAL_MODEL_AIR_BLUE_GREY,,#436872,"67,104,114",VAL_MODEL_AIR_BLUE_GREY,No action needed.
vallejo|blue grey pale,Vallejo,Blue Grey Pale,COMPLETE,1,1,0,Model Color,Acrylic paint,VAL_MODEL_COLOR_BLUE_GREY_PALE,,#9EA7A5,"158,167,165",VAL_MODEL_COLOR_BLUE_GREY_PALE,No action needed.
vallejo|blue rlm 78,Vallejo,Blue RLM 78,COMPLETE,1,1,0,Model Air,Acrylic Paint,VAL_MODEL_AIR_BLUE_RLM_78,,#83B5B2,"131,181,178",VAL_MODEL_AIR_BLUE_RLM_78,No action needed.
vallejo|blue shade wash,Vallejo,Blue Shade Wash,COMPLETE,1,1,0,Game Color,Acrylic Paint,VAL_GAME_COLOR_BLUE_SHADE_WASH,,#273E53,"39,62,83",VAL_GAME_COLOR_BLUE_SHADE_WASH,No action needed.
vallejo|blue violet,Vallejo,Blue Violet,COMPLETE,1,1,0,Model Color,Acrylic paint,VAL_MODEL_COLOR_BLUE_VIOLET,,#795C9A,"121,92,154",VAL_MODEL_COLOR_BLUE_VIOLET,No action needed.
vallejo|blue wash,Vallejo,Blue Wash,COMPLETE,1,1,0,Game Color,Acrylic Paint,VAL_GAME_COLOR_BLUE_WASH,,#273E53,"39,62,83",VAL_GAME_COLOR_BLUE_WASH,No action needed.
vallejo|bone white,Vallejo,Bone White,COMPLETE,1,1,0,Game Color,Acrylic paint,VAL_GAME_COLOR_BONE_WHITE,,#D3C89D,"211,200,157",VAL_GAME_COLOR_BONE_WHITE,No action needed.
vallejo|bonewhite,Vallejo,Bonewhite,COMPLETE,1,1,0,Game Color,Acrylic Paint,VAL_GAME_COLOR_BONEWHITE,,#EFD9A8,"239,217,168",VAL_GAME_COLOR_BONEWHITE,No action needed.
vallejo|brass,Vallejo,Brass,COMPLETE,1,1,0,Model Color,Acrylic Paint,VAL_MODEL_COLOR_BRASS,,#846A49,"132,106,73",VAL_MODEL_COLOR_BRASS,No action needed.
vallejo|brassy brass,Vallejo,Brassy Brass,COMPLETE,2,2,0,Game Color | Game Color Metallic,Acrylic Paint | Metallic,VAL_GAME_COLOR_BRASSY_BRASS | VAL_GAME_COLOR_METALLIC_BRASSY_BRASS,,#735A21,"115,90,33",VAL_GAME_COLOR_BRASSY_BRASS,No action needed.
vallejo|bright brass,Vallejo,Bright Brass,COMPLETE,1,1,0,Model Air,Acrylic Paint,VAL_MODEL_AIR_BRIGHT_BRASS,,#C2B494,"194,180,148",VAL_MODEL_AIR_BRIGHT_BRASS,No action needed.
vallejo|bright bronze,Vallejo,Bright Bronze,COMPLETE,2,2,0,Game Color | Game Color Metallic,Acrylic Paint | Metallic,VAL_GAME_COLOR_BRIGHT_BRONZE | VAL_GAME_COLOR_METALLIC_BRIGHT_BRONZE,,#B88044,"184,128,68",VAL_GAME_COLOR_BRIGHT_BRONZE,No action needed.
vallejo|bright green,Vallejo,Bright Green,COMPLETE,1,1,0,Model Color,Acrylic paint,VAL_MODEL_COLOR_BRIGHT_GREEN,,#6E8249,"110,130,73",VAL_MODEL_COLOR_BRIGHT_GREEN,No action needed.
vallejo|bright orange,Vallejo,Bright Orange,COMPLETE,1,1,0,Model Color,Acrylic paint,VAL_MODEL_COLOR_BRIGHT_ORANGE,,#F26833,"242,104,51",VAL_MODEL_COLOR_BRIGHT_ORANGE,No action needed.
vallejo|bronze,Vallejo,Bronze,COMPLETE,1,1,0,Model Color,Acrylic Paint,VAL_MODEL_COLOR_BRONZE,,#9C5221,"156,82,33",VAL_MODEL_COLOR_BRONZE,No action needed.
vallejo|bronze brown,Vallejo,Bronze Brown,COMPLETE,1,1,0,Game Color,Acrylic paint,VAL_GAME_COLOR_BRONZE_BROWN,,#F7944A,"247,148,74",VAL_GAME_COLOR_BRONZE_BROWN,No action needed.
vallejo|bronze flesh,Vallejo,Bronze Flesh,COMPLETE,1,1,0,Game Color,Acrylic Paint,VAL_GAME_COLOR_BRONZE_FLESH,,#F7944A,"247,148,74",VAL_GAME_COLOR_BRONZE_FLESH,No action needed.
vallejo|bronze green,Vallejo,Bronze Green,COMPLETE,1,1,0,Model Color,Acrylic paint,VAL_MODEL_COLOR_BRONZE_GREEN,,#2F3C44,"47,60,68",VAL_MODEL_COLOR_BRONZE_GREEN,No action needed.
vallejo|brown rlm 26,Vallejo,Brown RLM 26,COMPLETE,1,1,0,Model Air,Acrylic Paint,VAL_MODEL_AIR_BROWN_RLM_26,,#810504,"129,5,4",VAL_MODEL_AIR_BROWN_RLM_26,No action needed.
vallejo|brown rlm26,Vallejo,Brown RLM26,COMPLETE,1,1,0,Model Air,Acrylic airbrush paint,VAL_MODEL_AIR_BROWN_RLM26,,#810504,"129,5,4",VAL_MODEL_AIR_BROWN_RLM26,No action needed.
vallejo|brown rose,Vallejo,Brown Rose,COMPLETE,1,1,0,Model Color,Acrylic Paint,VAL_MODEL_COLOR_BROWN_ROSE,,#CF8774,"207,135,116",VAL_MODEL_COLOR_BROWN_ROSE,No action needed.
vallejo|brown sand,Vallejo,Brown Sand,COMPLETE,1,1,0,Model Color,Acrylic Paint,VAL_MODEL_COLOR_BROWN_SAND,,#B08064,"176,128,100",VAL_MODEL_COLOR_BROWN_SAND,No action needed.
vallejo|brown viloet,Vallejo,Brown Viloet,COMPLETE,1,1,0,Model Color,Acrylic Paint,VAL_MODEL_COLOR_BROWN_VILOET,,#3E4444,"62,68,68",VAL_MODEL_COLOR_BROWN_VILOET,No action needed.
vallejo|brown violet rlm81,Vallejo,Brown Violet RLM81,COMPLETE,1,1,0,Model Air,Acrylic airbrush paint,VAL_MODEL_AIR_BROWN_VIOLET_RLM81,,#675C4C,"103,92,76",VAL_MODEL_AIR_BROWN_VIOLET_RLM81,No action needed.
vallejo|buff,Vallejo,Buff,COMPLETE,1,1,0,Model Color,Acrylic Paint,VAL_MODEL_COLOR_BUFF,,#D2CA9F,"210,202,159",VAL_MODEL_COLOR_BUFF,No action needed.
vallejo|burnt cadmium red,Vallejo,Burnt Cadmium Red,COMPLETE,1,1,0,Model Color,Acrylic Paint,VAL_MODEL_COLOR_BURNT_CADMIUM_RED,,#623535,"98,53,53",VAL_MODEL_COLOR_BURNT_CADMIUM_RED,No action needed.
vallejo|burnt red,Vallejo,Burnt Red,COMPLETE,1,1,0,Model Color,Acrylic paint,VAL_MODEL_COLOR_BURNT_RED,,#3E2D33,"62,45,51",VAL_MODEL_COLOR_BURNT_RED,No action needed.
vallejo|burnt umber,Vallejo,Burnt Umber,COMPLETE,2,2,0,Model Air | Model Color,Acrylic Paint | Acrylic paint,VAL_MODEL_AIR_BURNT_UMBER | VAL_MODEL_COLOR_BURNT_UMBER,,#663300,"102,51,0",VAL_MODEL_AIR_BURNT_UMBER,No action needed.
vallejo|cam black brown,Vallejo,Cam. Black Brown,COMPLETE,2,2,0,Model Air | Model Color,Acrylic Paint | Acrylic paint,VAL_MODEL_AIR_CAM_BLACK_BROWN | VAL_MODEL_COLOR_CAM_BLACK_BROWN,,#39343B,"57,52,59",VAL_MODEL_AIR_CAM_BLACK_BROWN,No action needed.
vallejo|cam black green,Vallejo,Cam. Black Green,COMPLETE,2,2,0,Model Air | Model Color,Acrylic Paint | Acrylic paint,VAL_MODEL_AIR_CAM_BLACK_GREEN | VAL_MODEL_COLOR_CAM_BLACK_GREEN,,#484E50,"72,78,80",VAL_MODEL_AIR_CAM_BLACK_GREEN,No action needed.
vallejo|cam dark green,Vallejo,Cam. Dark Green,COMPLETE,2,2,0,Model Air | Model Color,Acrylic Paint | Acrylic paint,VAL_MODEL_AIR_CAM_DARK_GREEN | VAL_MODEL_COLOR_CAM_DARK_GREEN,,#083C2A,"8,60,42",VAL_MODEL_AIR_CAM_DARK_GREEN,No action needed.
vallejo|cam green,Vallejo,Cam. Green,COMPLETE,1,1,0,Model Air,Acrylic Paint,VAL_MODEL_AIR_CAM_GREEN,,#AE9A80,"174,154,128",VAL_MODEL_AIR_CAM_GREEN,No action needed.
vallejo|cam light brown,Vallejo,Cam. Light Brown,COMPLETE,1,1,0,Model Air,Acrylic Paint,VAL_MODEL_AIR_CAM_LIGHT_BROWN,,#6F5847,"111,88,71",VAL_MODEL_AIR_CAM_LIGHT_BROWN,No action needed.
vallejo|cam medium brown,Vallejo,Cam. Medium Brown,COMPLETE,1,1,0,Model Air,Acrylic Paint,VAL_MODEL_AIR_CAM_MEDIUM_BROWN,,#390008,"57,0,8",VAL_MODEL_AIR_CAM_MEDIUM_BROWN,No action needed.
vallejo|cam middle brown,Vallejo,Cam. Middle Brown,COMPLETE,1,1,0,Model Color,Acrylic paint,VAL_MODEL_COLOR_CAM_MIDDLE_BROWN,,#503E20,"80,62,32",VAL_MODEL_COLOR_CAM_MIDDLE_BROWN,No action needed.
vallejo|cam olive green,Vallejo,Cam. Olive Green,COMPLETE,1,1,0,Model Color,Acrylic paint,VAL_MODEL_COLOR_CAM_OLIVE_GREEN,,#3C5549,"60,85,73",VAL_MODEL_COLOR_CAM_OLIVE_GREEN,No action needed.
vallejo|camouflage brown,Vallejo,Camouflage Brown,COMPLETE,1,1,0,Model Air,Acrylic airbrush paint,VAL_MODEL_AIR_CAMOUFLAGE_BROWN,,#9C8855,"156,136,85",VAL_MODEL_AIR_CAMOUFLAGE_BROWN,No action needed.
vallejo|camouflage dark green,Vallejo,Camouflage Dark Green,COMPLETE,1,1,0,Model Air,Acrylic airbrush paint,VAL_MODEL_AIR_CAMOUFLAGE_DARK_GREEN,,#083C2A,"8,60,42",VAL_MODEL_AIR_CAMOUFLAGE_DARK_GREEN,No action needed.
vallejo|camouflage green,Vallejo,Camouflage Green,COMPLETE,2,2,0,Game Color | Xpress Color,Acrylic Paint | Contrast-style acrylic,VAL_GAME_COLOR_CAMOUFLAGE_GREEN | VAL_XPRESS_COLOR_CAMOUFLAGE_GREEN,,#A5A542,"165,165,66",VAL_GAME_COLOR_CAMOUFLAGE_GREEN,No action needed.
vallejo|camouflage grey,Vallejo,Camouflage Grey,COMPLETE,1,1,0,Model Air,Acrylic airbrush paint,VAL_MODEL_AIR_CAMOUFLAGE_GREY,,#877559,"135,117,89",VAL_MODEL_AIR_CAMOUFLAGE_GREY,No action needed.
vallejo|camouflage grey green,Vallejo,Camouflage Grey Green,COMPLETE,1,1,0,Model Air,Acrylic airbrush paint,VAL_MODEL_AIR_CAMOUFLAGE_GREY_GREEN,,#A77237,"167,114,55",VAL_MODEL_AIR_CAMOUFLAGE_GREY_GREEN,No action needed.
vallejo|camouflage pale brown,Vallejo,Camouflage Pale Brown,COMPLETE,1,1,0,Model Air,Acrylic airbrush paint,VAL_MODEL_AIR_CAMOUFLAGE_PALE_BROWN,,#6F5847,"111,88,71",VAL_MODEL_AIR_CAMOUFLAGE_PALE_BROWN,No action needed.
vallejo|canvas,Vallejo,Canvas,COMPLETE,1,1,0,Model Color,Acrylic paint,VAL_MODEL_COLOR_CANVAS,,#4B3E1E,"75,62,30",VAL_MODEL_COLOR_CANVAS,No action needed.
vallejo|cardinal purple,Vallejo,Cardinal Purple,COMPLETE,1,1,0,Xpress Color,Contrast-style acrylic,VAL_XPRESS_COLOR_CARDINAL_PURPLE,,#7D1B7D,"125,27,125",VAL_XPRESS_COLOR_CARDINAL_PURPLE,No action needed.
vallejo|caribbean turquo,Vallejo,Caribbean Turquo.,COMPLETE,1,1,0,Xpress Color,Contrast-style acrylic,VAL_XPRESS_COLOR_CARIBBEAN_TURQUO,,#2CA89D,"44,168,157",VAL_XPRESS_COLOR_CARIBBEAN_TURQUO,No action needed.
vallejo|carmine red,Vallejo,Carmine Red,COMPLETE,1,1,0,Model Color,Acrylic Paint,VAL_MODEL_COLOR_CARMINE_RED,,#990033,"153,0,51",VAL_MODEL_COLOR_CARMINE_RED,No action needed.
vallejo|cavalry brown,Vallejo,Cavalry Brown,COMPLETE,1,1,0,Model Color,Acrylic Paint,VAL_MODEL_COLOR_CAVALRY_BROWN,,#853F3D,"133,63,61",VAL_MODEL_COLOR_CAVALRY_BROWN,No action needed.
vallejo|cayman green,Vallejo,Cayman Green,COMPLETE,1,1,0,Game Color,Acrylic Paint,VAL_GAME_COLOR_CAYMAN_GREEN,,#455440,"69,84,64",VAL_GAME_COLOR_CAYMAN_GREEN,No action needed.
vallejo|chain mail,Vallejo,Chain Mail,COMPLETE,1,1,0,Game Color,Acrylic Paint,VAL_GAME_COLOR_CHAIN_MAIL,,#7B737B,"123,115,123",VAL_GAME_COLOR_CHAIN_MAIL,No action needed.
vallejo|chainmail,Vallejo,Chainmail,COMPLETE,1,1,0,Game Color Metallic,Metallic,VAL_GAME_COLOR_METALLIC_CHAINMAIL,,#7B737B,"123,115,123",VAL_GAME_COLOR_METALLIC_CHAINMAIL,No action needed.
vallejo|chainmail silver,Vallejo,Chainmail Silver,COMPLETE,1,1,0,Game Color,Acrylic Paint,VAL_GAME_COLOR_CHAINMAIL_SILVER,,#7B737B,"123,115,123",VAL_GAME_COLOR_CHAINMAIL_SILVER,No action needed.
vallejo|chameleon orange,Vallejo,Chameleon Orange,COMPLETE,1,1,0,Xpress Color,Contrast-style acrylic,VAL_XPRESS_COLOR_CHAMELEON_ORANGE,,#A83521,"168,53,33",VAL_XPRESS_COLOR_CHAMELEON_ORANGE,No action needed.
vallejo|chaos black black,Vallejo,Chaos Black / Black,COMPLETE,1,1,0,Game Color,Acrylic Paint,VAL_GAME_COLOR_CHAOS_BLACK_BLACK,,#4D4A4A,"77,74,74",VAL_GAME_COLOR_CHAOS_BLACK_BLACK,No action needed.
vallejo|charcoal,Vallejo,Charcoal,COMPLETE,1,1,0,Game Color,Acrylic paint,VAL_GAME_COLOR_CHARCOAL,,#4D4A4A,"77,74,74",VAL_GAME_COLOR_CHARCOAL,No action needed.
vallejo|charred brown,Vallejo,Charred Brown,COMPLETE,1,1,0,Game Color,Acrylic Paint,VAL_GAME_COLOR_CHARRED_BROWN,,#39343B,"57,52,59",VAL_GAME_COLOR_CHARRED_BROWN,No action needed.
vallejo|chestnut brown,Vallejo,Chestnut Brown,COMPLETE,1,1,0,Model Color,Acrylic paint,VAL_MODEL_COLOR_CHESTNUT_BROWN,,#603F39,"96,63,57",VAL_MODEL_COLOR_CHESTNUT_BROWN,No action needed.
vallejo|chocolate brown,Vallejo,Chocolate Brown,COMPLETE,1,1,0,Model Color,Acrylic paint,VAL_MODEL_COLOR_CHOCOLATE_BROWN,,#5F5047,"95,80,71",VAL_MODEL_COLOR_CHOCOLATE_BROWN,No action needed.
vallejo|chrome,Vallejo,Chrome,COMPLETE,1,1,0,Model Air,Acrylic Paint,VAL_MODEL_AIR_CHROME,,#B5B5BD,"181,181,189",VAL_MODEL_AIR_CHROME,No action needed.
vallejo|clear orange,Vallejo,Clear Orange,COMPLETE,1,1,0,Model Color,Acrylic paint,VAL_MODEL_COLOR_CLEAR_ORANGE,,#F1552C,"241,85,44",VAL_MODEL_COLOR_CLEAR_ORANGE,No action needed.
vallejo|cobra leather leather brown,Vallejo,Cobra Leather /Leather Brown,COMPLETE,1,1,0,Game Color,Acrylic Paint,VAL_GAME_COLOR_COBRA_LEATHER_LEATHER_BROWN,,#9C6B08,"156,107,8",VAL_GAME_COLOR_COBRA_LEATHER_LEATHER_BROWN,No action needed.
vallejo|cold grey,Vallejo,Cold Grey,COMPLETE,1,1,0,Game Color,Acrylic Paint,VAL_GAME_COLOR_COLD_GREY,,#999999,"153,153,153",VAL_GAME_COLOR_COLD_GREY,No action needed.
vallejo|cold white,Vallejo,Cold White,COMPLETE,1,1,0,Model Color,Acrylic paint,VAL_MODEL_COLOR_COLD_WHITE,,#FFFCF5,"255,252,245",VAL_MODEL_COLOR_COLD_WHITE,No action needed.
vallejo|commando green,Vallejo,Commando Green,COMPLETE,1,1,0,Xpress Color,Contrast-style acrylic,VAL_XPRESS_COLOR_COMMANDO_GREEN,,#827B39,"130,123,57",VAL_XPRESS_COLOR_COMMANDO_GREEN,No action needed.
vallejo|continental blue,Vallejo,Continental Blue,COMPLETE,1,1,0,Model Color,Acrylic paint,VAL_MODEL_COLOR_CONTINENTAL_BLUE,,#25232A,"37,35,42",VAL_MODEL_COLOR_CONTINENTAL_BLUE,No action needed.
vallejo|copper,Vallejo,Copper,COMPLETE,2,2,0,Model Air | Model Color,Acrylic Paint,VAL_MODEL_AIR_COPPER | VAL_MODEL_COLOR_COPPER,,#73372D,"115,55,45",VAL_MODEL_AIR_COPPER,No action needed.
vallejo|copper brown,Vallejo,Copper Brown,COMPLETE,1,1,0,Xpress Color,Contrast-style acrylic,VAL_XPRESS_COLOR_COPPER_BROWN,,#945727,"148,87,39",VAL_XPRESS_COLOR_COPPER_BROWN,No action needed.
vallejo|cork brown,Vallejo,Cork Brown,COMPLETE,1,1,0,Model Color,Acrylic paint,VAL_MODEL_COLOR_CORK_BROWN,,#A57B63,"165,123,99",VAL_MODEL_COLOR_CORK_BROWN,No action needed.
vallejo|corrosion,Vallejo,Corrosion,COMPLETE,1,1,0,Game Color Special FX,Effect,VAL_GAME_COLOR_SPECIAL_FX_CORROSION,,#623228,"98,50,40",VAL_GAME_COLOR_SPECIAL_FX_CORROSION,No action needed.
vallejo|cream white,Vallejo,Cream White,COMPLETE,1,1,0,Model Color,Acrylic paint,VAL_MODEL_COLOR_CREAM_WHITE,,#F5F4DA,"245,244,218",VAL_MODEL_COLOR_CREAM_WHITE,No action needed.
vallejo|dark blue,Vallejo,Dark Blue,COMPLETE,1,1,0,Model Color,Acrylic Paint,VAL_MODEL_COLOR_DARK_BLUE,,#31639C,"49,99,156",VAL_MODEL_COLOR_DARK_BLUE,No action needed.
vallejo|dark blue grey,Vallejo,Dark Blue Grey,COMPLETE,1,1,0,Model Color,Acrylic paint,VAL_MODEL_COLOR_DARK_BLUE_GREY,,#4B5751,"75,87,81",VAL_MODEL_COLOR_DARK_BLUE_GREY,No action needed.
vallejo|dark blue pale,Vallejo,Dark Blue Pale,COMPLETE,1,1,0,Model Color,Acrylic Paint,VAL_MODEL_COLOR_DARK_BLUE_PALE,,#6B9CCE,"107,156,206",VAL_MODEL_COLOR_DARK_BLUE_PALE,No action needed.
vallejo|dark blue rlm24,Vallejo,Dark Blue RLM24,COMPLETE,1,1,0,Model Air,Acrylic airbrush paint,VAL_MODEL_AIR_DARK_BLUE_RLM24,,#27357E,"39,53,126",VAL_MODEL_AIR_DARK_BLUE_RLM24,No action needed.
vallejo|dark brown rlm61,Vallejo,Dark Brown RLM61,COMPLETE,1,1,0,Model Air,Acrylic airbrush paint,VAL_MODEL_AIR_DARK_BROWN_RLM61,,#39343B,"57,52,59",VAL_MODEL_AIR_DARK_BROWN_RLM61,No action needed.
vallejo|dark earth,Vallejo,Dark Earth,COMPLETE,1,1,0,Model Air,Acrylic Paint,VAL_MODEL_AIR_DARK_EARTH,,#705E50,"112,94,80",VAL_MODEL_AIR_DARK_EARTH,No action needed.
vallejo|dark flesh,Vallejo,Dark Flesh,COMPLETE,1,1,0,Model Color,Acrylic Paint,VAL_MODEL_COLOR_DARK_FLESH,,#630808,"99,8,8",VAL_MODEL_COLOR_DARK_FLESH,No action needed.
vallejo|dark flesh tone,Vallejo,Dark Flesh Tone,COMPLETE,1,1,0,Game Color,Acrylic paint,VAL_GAME_COLOR_DARK_FLESH_TONE,,#4F2B26,"79,43,38",VAL_GAME_COLOR_DARK_FLESH_TONE,No action needed.
vallejo|dark fleshtone,Vallejo,Dark Fleshtone,COMPLETE,1,1,0,Game Color,Acrylic Paint,VAL_GAME_COLOR_DARK_FLESHTONE,,#4F2B26,"79,43,38",VAL_GAME_COLOR_DARK_FLESHTONE,No action needed.
vallejo|dark green,Vallejo,Dark Green,COMPLETE,2,2,0,Game Color | Model Air,Acrylic Paint,VAL_GAME_COLOR_DARK_GREEN | VAL_MODEL_AIR_DARK_GREEN,,#083C2A,"8,60,42",VAL_GAME_COLOR_DARK_GREEN,No action needed.
vallejo|dark green rlm71,Vallejo,Dark Green RLM71,COMPLETE,1,1,0,Model Air,Acrylic airbrush paint,VAL_MODEL_AIR_DARK_GREEN_RLM71,,#455440,"69,84,64",VAL_MODEL_AIR_DARK_GREEN_RLM71,No action needed.
vallejo|dark green rlm83,Vallejo,Dark Green RLM83,COMPLETE,1,1,0,Model Air,Acrylic airbrush paint,VAL_MODEL_AIR_DARK_GREEN_RLM83,,#083C2A,"8,60,42",VAL_MODEL_AIR_DARK_GREEN_RLM83,No action needed.
vallejo|dark grey,Vallejo,Dark Grey,COMPLETE,1,1,0,Model Color,Acrylic paint,VAL_MODEL_COLOR_DARK_GREY,,#233E3D,"35,62,61",VAL_MODEL_COLOR_DARK_GREY,No action needed.
vallejo|dark grey blue,Vallejo,Dark Grey Blue,COMPLETE,1,1,0,Model Air,Acrylic Paint,VAL_MODEL_AIR_DARK_GREY_BLUE,,#4B4D55,"75,77,85",VAL_MODEL_AIR_DARK_GREY_BLUE,No action needed.
vallejo|dark grey rlm42,Vallejo,Dark Grey RLM42,COMPLETE,1,1,0,Model Air,Acrylic airbrush paint,VAL_MODEL_AIR_DARK_GREY_RLM42,,#4D4A4A,"77,74,74",VAL_MODEL_AIR_DARK_GREY_RLM42,No action needed.
vallejo|dark gull gray,Vallejo,Dark Gull Gray,COMPLETE,1,1,0,Model Air,Acrylic airbrush paint,VAL_MODEL_AIR_DARK_GULL_GRAY,,#959980,"149,153,128",VAL_MODEL_AIR_DARK_GULL_GRAY,No action needed.
vallejo|dark gunmetal,Vallejo,Dark Gunmetal,COMPLETE,1,1,0,Game Color Metallic,Metallic,VAL_GAME_COLOR_METALLIC_DARK_GUNMETAL,,#393939,"57,57,57",VAL_GAME_COLOR_METALLIC_DARK_GUNMETAL,No action needed.
vallejo|dark prussian blue,Vallejo,Dark Prussian Blue,COMPLETE,1,1,0,Model Color,Acrylic Paint,VAL_MODEL_COLOR_DARK_PRUSSIAN_BLUE,,#192C43,"25,44,67",VAL_MODEL_COLOR_DARK_PRUSSIAN_BLUE,No action needed.
vallejo|dark purple,Vallejo,Dark Purple,COMPLETE,1,1,0,Model Color,Acrylic paint,VAL_MODEL_COLOR_DARK_PURPLE,,#442633,"68,38,51",VAL_MODEL_COLOR_DARK_PURPLE,No action needed.
vallejo|dark red,Vallejo,Dark Red,COMPLETE,1,1,0,Model Color,Acrylic paint,VAL_MODEL_COLOR_DARK_RED,,#A24A46,"162,74,70",VAL_MODEL_COLOR_DARK_RED,No action needed.
vallejo|dark rose,Vallejo,Dark Rose,COMPLETE,1,1,0,Model Color,Acrylic paint,VAL_MODEL_COLOR_DARK_ROSE,,#7F5251,"127,82,81",VAL_MODEL_COLOR_DARK_ROSE,No action needed.
vallejo|dark rust,Vallejo,Dark Rust,COMPLETE,1,1,0,Model Color,Acrylic paint,VAL_MODEL_COLOR_DARK_RUST,,#3C2424,"60,36,36",VAL_MODEL_COLOR_DARK_RUST,No action needed.
vallejo|dark sand,Vallejo,Dark Sand,COMPLETE,1,1,0,Model Color,Acrylic paint,VAL_MODEL_COLOR_DARK_SAND,,#D6B779,"214,183,121",VAL_MODEL_COLOR_DARK_SAND,No action needed.
vallejo|dark sea blue,Vallejo,Dark Sea Blue,COMPLETE,2,2,0,Model Air | Model Color,Acrylic Paint | Acrylic paint,VAL_MODEL_AIR_DARK_SEA_BLUE | VAL_MODEL_COLOR_DARK_SEA_BLUE,,#2A4048,"42,64,72",VAL_MODEL_AIR_DARK_SEA_BLUE,No action needed.
vallejo|dark sea green,Vallejo,Dark Sea Green,COMPLETE,1,1,0,Model Color,Acrylic paint,VAL_MODEL_COLOR_DARK_SEA_GREEN,,#2F4844,"47,72,68",VAL_MODEL_COLOR_DARK_SEA_GREEN,No action needed.
vallejo|dark sea grey,Vallejo,Dark Sea Grey,COMPLETE,2,2,0,Model Air | Model Color,Acrylic Paint | Acrylic paint,VAL_MODEL_AIR_DARK_SEA_GREY | VAL_MODEL_COLOR_DARK_SEA_GREY,,#787D7A,"120,125,122",VAL_MODEL_AIR_DARK_SEA_GREY,No action needed.
vallejo|dark seagreen,Vallejo,Dark Seagreen,COMPLETE,1,1,0,Model Air,Acrylic Paint,VAL_MODEL_AIR_DARK_SEAGREEN,,#436872,"67,104,114",VAL_MODEL_AIR_DARK_SEAGREEN,No action needed.
vallejo|dark turquoise,Vallejo,Dark Turquoise,COMPLETE,1,1,0,Game Color Ink,Ink,VAL_GAME_COLOR_INK_DARK_TURQUOISE,,#043E3C,"4,62,60",VAL_GAME_COLOR_INK_DARK_TURQUOISE,No action needed.
vallejo|dark vermilion,Vallejo,Dark Vermilion,COMPLETE,1,1,0,Model Color,Acrylic paint,VAL_MODEL_COLOR_DARK_VERMILION,,#A54336,"165,67,54",VAL_MODEL_COLOR_DARK_VERMILION,No action needed.
vallejo|dark vermillion,Vallejo,Dark Vermillion,COMPLETE,1,1,0,Model Color,Acrylic Paint,VAL_MODEL_COLOR_DARK_VERMILLION,,#A54336,"165,67,54",VAL_MODEL_COLOR_DARK_VERMILLION,No action needed.
vallejo|dark yellow,Vallejo,Dark Yellow,COMPLETE,2,2,0,Model Air | Model Color,Acrylic Paint,VAL_MODEL_AIR_DARK_YELLOW | VAL_MODEL_COLOR_DARK_YELLOW,,#9C8855,"156,136,85",VAL_MODEL_AIR_DARK_YELLOW,No action needed.
vallejo|dead flesh,Vallejo,Dead Flesh,COMPLETE,1,1,0,Game Color,Acrylic Paint,VAL_GAME_COLOR_DEAD_FLESH,,#BCB686,"188,182,134",VAL_GAME_COLOR_DEAD_FLESH,No action needed.
vallejo|dead white,Vallejo,Dead White,COMPLETE,1,1,0,Game Color,Acrylic Paint,VAL_GAME_COLOR_DEAD_WHITE,,#FFFFFF,"255,255,255",VAL_GAME_COLOR_DEAD_WHITE,No action needed.
vallejo|deck tan,Vallejo,Deck Tan,COMPLETE,1,1,0,Model Color,Acrylic paint,VAL_MODEL_COLOR_DECK_TAN,,#BEC5B3,"190,197,179",VAL_MODEL_COLOR_DECK_TAN,No action needed.
vallejo|deep green,Vallejo,Deep Green,COMPLETE,1,1,0,Model Color,Acrylic Paint,VAL_MODEL_COLOR_DEEP_GREEN,,#0A6B48,"10,107,72",VAL_MODEL_COLOR_DEEP_GREEN,No action needed.
vallejo|deep magenta,Vallejo,Deep Magenta,COMPLETE,1,1,0,Game Color,Acrylic paint,VAL_GAME_COLOR_DEEP_MAGENTA,,#4A1B2E,"74,27,46",VAL_GAME_COLOR_DEEP_MAGENTA,No action needed.
vallejo|deep purple,Vallejo,Deep Purple,COMPLETE,1,1,0,Xpress Color,Contrast-style acrylic,VAL_XPRESS_COLOR_DEEP_PURPLE,,#4C1C5C,"76,28,92",VAL_XPRESS_COLOR_DEEP_PURPLE,No action needed.
vallejo|deep sky,Vallejo,Deep Sky,COMPLETE,1,1,0,Model Air,Acrylic airbrush paint,VAL_MODEL_AIR_DEEP_SKY,,#27357E,"39,53,126",VAL_MODEL_AIR_DEEP_SKY,No action needed.
vallejo|deep sky blue,Vallejo,Deep Sky Blue,COMPLETE,1,1,0,Model Color,Acrylic paint,VAL_MODEL_COLOR_DEEP_SKY_BLUE,,#00A6DA,"0,166,218",VAL_MODEL_COLOR_DEEP_SKY_BLUE,No action needed.
vallejo|deep yellow,Vallejo,Deep Yellow,COMPLETE,1,1,0,Model Color,Acrylic paint,VAL_MODEL_COLOR_DEEP_YELLOW,,#FFE30C,"255,227,12",VAL_MODEL_COLOR_DEEP_YELLOW,No action needed.
vallejo|demon blood,Vallejo,Demon Blood,COMPLETE,1,1,0,Game Color Special FX,Effect,VAL_GAME_COLOR_SPECIAL_FX_DEMON_BLOOD,,#795186,"121,81,134",VAL_GAME_COLOR_SPECIAL_FX_DEMON_BLOOD,No action needed.
vallejo|demonic skin,Vallejo,Demonic Skin,COMPLETE,1,1,0,Xpress Color,Contrast-style acrylic,VAL_XPRESS_COLOR_DEMONIC_SKIN,,#6A2F32,"106,47,50",VAL_XPRESS_COLOR_DEMONIC_SKIN,No action needed.
vallejo|desert brown,Vallejo,Desert Brown,COMPLETE,1,1,0,Model Color,Acrylic paint,VAL_MODEL_COLOR_DESERT_BROWN,,#AC8354,"172,131,84",VAL_MODEL_COLOR_DESERT_BROWN,No action needed.
vallejo|desert ochre,Vallejo,Desert Ochre,COMPLETE,1,1,0,Xpress Color,Contrast-style acrylic,VAL_XPRESS_COLOR_DESERT_OCHRE,,#683318,"104,51,24",VAL_XPRESS_COLOR_DESERT_OCHRE,No action needed.
vallejo|desert tan,Vallejo,Desert Tan,COMPLETE,1,1,0,Model Color,Acrylic paint,VAL_MODEL_COLOR_DESERT_TAN,,#B5A286,"181,162,134",VAL_MODEL_COLOR_DESERT_TAN,No action needed.
vallejo|desert yellow,Vallejo,Desert Yellow,COMPLETE,2,2,0,Game Color | Model Color,Acrylic Paint | Acrylic paint,VAL_GAME_COLOR_DESERT_YELLOW | VAL_MODEL_COLOR_DESERT_YELLOW,,#9C8855,"156,136,85",VAL_GAME_COLOR_DESERT_YELLOW,No action needed.
vallejo|dirty grey,Vallejo,Dirty Grey,COMPLETE,1,1,0,Game Color,Acrylic paint,VAL_GAME_COLOR_DIRTY_GREY,,#7C8286,"124,130,134",VAL_GAME_COLOR_DIRTY_GREY,No action needed.
vallejo|dreadnought yellow,Vallejo,Dreadnought Yellow,COMPLETE,1,1,0,Xpress Color,Contrast-style acrylic,VAL_XPRESS_COLOR_DREADNOUGHT_YELLOW,,#BE6213,"190,98,19",VAL_XPRESS_COLOR_DREADNOUGHT_YELLOW,No action needed.
vallejo|duck egg green,Vallejo,Duck Egg Green,COMPLETE,1,1,0,Model Air,Acrylic Paint,VAL_MODEL_AIR_DUCK_EGG_GREEN,,#827E61,"130,126,97",VAL_MODEL_AIR_DUCK_EGG_GREEN,No action needed.
vallejo|dwarf skin,Vallejo,Dwarf Skin,COMPLETE,2,2,0,Game Color | Xpress Color,Acrylic Paint | Contrast-style acrylic,VAL_GAME_COLOR_DWARF_SKIN | VAL_XPRESS_COLOR_DWARF_SKIN,,#CC7C67,"204,124,103",VAL_GAME_COLOR_DWARF_SKIN,No action needed.
vallejo|earth,Vallejo,Earth,COMPLETE,1,1,0,Game Color,Acrylic Paint,VAL_GAME_COLOR_EARTH,,#6F563D,"111,86,61",VAL_GAME_COLOR_EARTH,No action needed.
vallejo|electric blue,Vallejo,Electric Blue,COMPLETE,1,1,0,Game Color,Acrylic Paint,VAL_GAME_COLOR_ELECTRIC_BLUE,,#508CBE,"80,140,190",VAL_GAME_COLOR_ELECTRIC_BLUE,No action needed.
vallejo|elf skin tone,Vallejo,Elf Skin Tone,COMPLETE,1,1,0,Game Color,Acrylic paint,VAL_GAME_COLOR_ELF_SKIN_TONE,,#F7BD7B,"247,189,123",VAL_GAME_COLOR_ELF_SKIN_TONE,No action needed.
vallejo|elf skintone,Vallejo,Elf Skintone,COMPLETE,1,1,0,Game Color,Acrylic Paint,VAL_GAME_COLOR_ELF_SKINTONE,,#F7BD7B,"247,189,123",VAL_GAME_COLOR_ELF_SKINTONE,No action needed.
vallejo|elfic blue,Vallejo,Elfic Blue,COMPLETE,1,1,0,Game Color,Acrylic paint,VAL_GAME_COLOR_ELFIC_BLUE,,#3D5474,"61,84,116",VAL_GAME_COLOR_ELFIC_BLUE,No action needed.
vallejo|elfic flesh,Vallejo,Elfic Flesh,COMPLETE,1,1,0,Game Color Ink,Ink,VAL_GAME_COLOR_INK_ELFIC_FLESH,,#CDC29C,"205,194,156",VAL_GAME_COLOR_INK_ELFIC_FLESH,No action needed.
vallejo|emerald,Vallejo,Emerald,COMPLETE,1,1,0,Model Color,Acrylic Paint,VAL_MODEL_COLOR_EMERALD,,#00906A,"0,144,106",VAL_MODEL_COLOR_EMERALD,No action needed.
vallejo|english uniform,Vallejo,English Uniform,COMPLETE,1,1,0,Model Color,Acrylic Paint,VAL_MODEL_COLOR_ENGLISH_UNIFORM,,#655138,"101,81,56",VAL_MODEL_COLOR_ENGLISH_UNIFORM,No action needed.
vallejo|evil red,Vallejo,Evil Red,COMPLETE,1,1,0,Game Color,Acrylic paint,VAL_GAME_COLOR_EVIL_RED,,#451E25,"69,30,37",VAL_GAME_COLOR_EVIL_RED,No action needed.
vallejo|extra dark green,Vallejo,Extra Dark Green,COMPLETE,1,1,0,Model Color,Acrylic paint,VAL_MODEL_COLOR_EXTRA_DARK_GREEN,,#303B3F,"48,59,63",VAL_MODEL_COLOR_EXTRA_DARK_GREEN,No action needed.
vallejo|faded red,Vallejo,Faded Red,COMPLETE,1,1,0,Model Color,Acrylic paint,VAL_MODEL_COLOR_FADED_RED,,#BA584E,"186,88,78",VAL_MODEL_COLOR_FADED_RED,No action needed.
vallejo|fairy skin,Vallejo,Fairy Skin,COMPLETE,1,1,0,Xpress Color,Contrast-style acrylic,VAL_XPRESS_COLOR_FAIRY_SKIN,,#A25B4F,"162,91,79",VAL_XPRESS_COLOR_FAIRY_SKIN,No action needed.
vallejo|falcon turquoise,Vallejo,Falcon Turquoise,COMPLETE,1,1,0,Game Color,Acrylic Paint,VAL_GAME_COLOR_FALCON_TURQUOISE,,#006B5A,"0,107,90",VAL_GAME_COLOR_FALCON_TURQUOISE,No action needed.
vallejo|fern green,Vallejo,Fern Green,COMPLETE,1,1,0,Model Color,Acrylic paint,VAL_MODEL_COLOR_FERN_GREEN,,#324A32,"50,74,50",VAL_MODEL_COLOR_FERN_GREEN,No action needed.
vallejo|field blue,Vallejo,Field Blue,COMPLETE,1,1,0,Model Color,Acrylic paint,VAL_MODEL_COLOR_FIELD_BLUE,,#436872,"67,104,114",VAL_MODEL_COLOR_FIELD_BLUE,No action needed.
vallejo|field green,Vallejo,Field Green,COMPLETE,1,1,0,Model Air,Acrylic Paint,VAL_MODEL_AIR_FIELD_GREEN,,#434F38,"67,79,56",VAL_MODEL_AIR_FIELD_GREEN,No action needed.
vallejo|filthy brown,Vallejo,Filthy Brown,COMPLETE,1,1,0,Game Color,Acrylic Paint,VAL_GAME_COLOR_FILTHY_BROWN,,#DE9408,"222,148,8",VAL_GAME_COLOR_FILTHY_BROWN,No action needed.
vallejo|fire red,Vallejo,Fire Red,COMPLETE,1,1,0,Model Air,Acrylic airbrush paint,VAL_MODEL_AIR_FIRE_RED,,#943238,"148,50,56",VAL_MODEL_AIR_FIRE_RED,No action needed.
vallejo|flat aluminum,Vallejo,Flat Aluminum,COMPLETE,1,1,0,Model Color,Acrylic Paint,VAL_MODEL_COLOR_FLAT_ALUMINUM,,#C3C6CD,"195,198,205",VAL_MODEL_COLOR_FLAT_ALUMINUM,No action needed.
vallejo|flat blue,Vallejo,Flat Blue,COMPLETE,1,1,0,Model Color,Acrylic paint,VAL_MODEL_COLOR_FLAT_BLUE,,#336991,"51,105,145",VAL_MODEL_COLOR_FLAT_BLUE,No action needed.
vallejo|flat brown,Vallejo,Flat Brown,COMPLETE,1,1,0,Model Color,Acrylic Paint,VAL_MODEL_COLOR_FLAT_BROWN,,#764841,"118,72,65",VAL_MODEL_COLOR_FLAT_BROWN,No action needed.
vallejo|flat earth,Vallejo,Flat Earth,COMPLETE,1,1,0,Model Color,Acrylic paint,VAL_MODEL_COLOR_FLAT_EARTH,,#87643C,"135,100,60",VAL_MODEL_COLOR_FLAT_EARTH,No action needed.
vallejo|flat flesh,Vallejo,Flat Flesh,COMPLETE,1,1,0,Model Color,Acrylic Paint,VAL_MODEL_COLOR_FLAT_FLESH,,#D8A977,"216,169,119",VAL_MODEL_COLOR_FLAT_FLESH,No action needed.
vallejo|flat green,Vallejo,Flat Green,COMPLETE,1,1,0,Model Color,Acrylic paint,VAL_MODEL_COLOR_FLAT_GREEN,,#2A6531,"42,101,49",VAL_MODEL_COLOR_FLAT_GREEN,No action needed.
vallejo|flat red,Vallejo,Flat Red,COMPLETE,1,1,0,Model Color,Acrylic paint,VAL_MODEL_COLOR_FLAT_RED,,#AA3037,"170,48,55",VAL_MODEL_COLOR_FLAT_RED,No action needed.
vallejo|flat tan,Vallejo,Flat Tan,COMPLETE,1,1,0,Model Air,Acrylic Paint,VAL_MODEL_AIR_FLAT_TAN,,#A7806C,"167,128,108",VAL_MODEL_AIR_FLAT_TAN,No action needed.
vallejo|flat yellow,Vallejo,Flat Yellow,COMPLETE,1,1,0,Model Color,Acrylic Paint,VAL_MODEL_COLOR_FLAT_YELLOW,,#FFCD25,"255,205,37",VAL_MODEL_COLOR_FLAT_YELLOW,No action needed.
vallejo|flesh,Vallejo,Flesh,COMPLETE,1,1,0,Game Color Wash,Wash,VAL_GAME_COLOR_WASH_FLESH,,#CE8C42,"206,140,66",VAL_GAME_COLOR_WASH_FLESH,No action needed.
vallejo|flesh wash,Vallejo,Flesh Wash,COMPLETE,1,1,0,Game Color,Acrylic Paint,VAL_GAME_COLOR_FLESH_WASH,,#CE8C42,"206,140,66",VAL_GAME_COLOR_FLESH_WASH,No action needed.
vallejo|fleshtone shade wash,Vallejo,Fleshtone Shade Wash,COMPLETE,1,1,0,Game Color,Acrylic Paint,VAL_GAME_COLOR_FLESHTONE_SHADE_WASH,,#CE8C42,"206,140,66",VAL_GAME_COLOR_FLESHTONE_SHADE_WASH,No action needed.
vallejo|fluid pink,Vallejo,Fluid Pink,COMPLETE,1,1,0,Xpress Color,Contrast-style acrylic,VAL_XPRESS_COLOR_FLUID_PINK,,#882A6A,"136,42,106",VAL_XPRESS_COLOR_FLUID_PINK,No action needed.
vallejo|fluo cold green,Vallejo,Fluo. Cold Green,COMPLETE,1,1,0,Game Color Fluo,Fluorescent,VAL_GAME_COLOR_FLUO_FLUO_COLD_GREEN,,#005F4D,"0,95,77",VAL_GAME_COLOR_FLUO_FLUO_COLD_GREEN,No action needed.
vallejo|fluoresc magenta,Vallejo,Fluoresc. Magenta,COMPLETE,1,1,0,Game Color Fluo,Fluorescent,VAL_GAME_COLOR_FLUO_FLUORESC_MAGENTA,,#E8338A,"232,51,138",VAL_GAME_COLOR_FLUO_FLUORESC_MAGENTA,No action needed.
vallejo|fluorescent blue,Vallejo,Fluorescent Blue,COMPLETE,1,1,0,Game Color Fluo,Fluorescent,VAL_GAME_COLOR_FLUO_FLUORESCENT_BLUE,,#0079B8,"0,121,184",VAL_GAME_COLOR_FLUO_FLUORESCENT_BLUE,No action needed.
vallejo|fluorescent green,Vallejo,Fluorescent Green,COMPLETE,1,1,0,Game Color Fluo,Fluorescent,VAL_GAME_COLOR_FLUO_FLUORESCENT_GREEN,,#5AB030,"90,176,48",VAL_GAME_COLOR_FLUO_FLUORESCENT_GREEN,No action needed.
vallejo|fluorescent orange,Vallejo,Fluorescent Orange,COMPLETE,1,1,0,Game Color Fluo,Fluorescent,VAL_GAME_COLOR_FLUO_FLUORESCENT_ORANGE,,#E63A11,"230,58,17",VAL_GAME_COLOR_FLUO_FLUORESCENT_ORANGE,No action needed.
vallejo|fluorescent red,Vallejo,Fluorescent Red,COMPLETE,1,1,0,Game Color Fluo,Fluorescent,VAL_GAME_COLOR_FLUO_FLUORESCENT_RED,,#E32D3E,"227,45,62",VAL_GAME_COLOR_FLUO_FLUORESCENT_RED,No action needed.
vallejo|fluorescent violet,Vallejo,Fluorescent Violet,COMPLETE,1,1,0,Game Color Fluo,Fluorescent,VAL_GAME_COLOR_FLUO_FLUORESCENT_VIOLET,,#6D2579,"109,37,121",VAL_GAME_COLOR_FLUO_FLUORESCENT_VIOLET,No action needed.
vallejo|fluorescent yellow,Vallejo,Fluorescent Yellow,COMPLETE,1,1,0,Game Color Fluo,Fluorescent,VAL_GAME_COLOR_FLUO_FLUORESCENT_YELLOW,,#FAEA3D,"250,234,61",VAL_GAME_COLOR_FLUO_FLUORESCENT_YELLOW,No action needed.
vallejo|forest green,Vallejo,Forest Green,COMPLETE,1,1,0,Xpress Color,Contrast-style acrylic,VAL_XPRESS_COLOR_FOREST_GREEN,,#033F22,"3,63,34",VAL_XPRESS_COLOR_FOREST_GREEN,No action needed.
vallejo|foul green,Vallejo,Foul Green,COMPLETE,1,1,0,Game Color,Acrylic Paint,VAL_GAME_COLOR_FOUL_GREEN,,#239378,"35,147,120",VAL_GAME_COLOR_FOUL_GREEN,No action needed.
vallejo|foundation white,Vallejo,Foundation White,COMPLETE,1,1,0,Model Color,Acrylic Paint,VAL_MODEL_COLOR_FOUNDATION_WHITE,,#FFFFFF,"255,255,255",VAL_MODEL_COLOR_FOUNDATION_WHITE,No action needed.
vallejo|french blue,Vallejo,French Blue,COMPLETE,1,1,0,Model Air,Acrylic airbrush paint,VAL_MODEL_AIR_FRENCH_BLUE,,#27357E,"39,53,126",VAL_MODEL_AIR_FRENCH_BLUE,No action needed.
vallejo|french mirage blue,Vallejo,French Mirage Blue,COMPLETE,1,1,0,Model Color,Acrylic Paint,VAL_MODEL_COLOR_FRENCH_MIRAGE_BLUE,,#557880,"85,120,128",VAL_MODEL_COLOR_FRENCH_MIRAGE_BLUE,No action needed.
vallejo|fresh blood,Vallejo,Fresh Blood,COMPLETE,2,2,0,Game Color | Game Color Special FX,Acrylic Paint | Effect,VAL_GAME_COLOR_FRESH_BLOOD | VAL_GAME_COLOR_SPECIAL_FX_FRESH_BLOOD,,#EC655B,"236,101,91",VAL_GAME_COLOR_FRESH_BLOOD,No action needed.
vallejo|frost,Vallejo,Frost,COMPLETE,1,1,0,Game Color Special FX,Effect,VAL_GAME_COLOR_SPECIAL_FX_FROST,,#66B3E0,"102,179,224",VAL_GAME_COLOR_SPECIAL_FX_FROST,No action needed.
vallejo|galvanic corrosion,Vallejo,Galvanic Corrosion,COMPLETE,2,2,0,Game Color | Game Color Special FX,Acrylic Paint | Effect,VAL_GAME_COLOR_GALVANIC_CORROSION | VAL_GAME_COLOR_SPECIAL_FX_GALVANIC_CORROSION,,#DD8C43,"221,140,67",VAL_GAME_COLOR_GALVANIC_CORROSION,No action needed.
vallejo|ger c beige wwii,Vallejo,Ger C. Beige Wwii,COMPLETE,1,1,0,Model Color,Acrylic Paint,VAL_MODEL_COLOR_GER_C_BEIGE_WWII,,#9B8C7B,"155,140,123",VAL_MODEL_COLOR_GER_C_BEIGE_WWII,No action needed.
vallejo|ger fieldgrey wwii,Vallejo,Ger. Fieldgrey WWII,COMPLETE,1,1,0,Model Color,Acrylic paint,VAL_MODEL_COLOR_GER_FIELDGREY_WWII,,#423D37,"66,61,55",VAL_MODEL_COLOR_GER_FIELDGREY_WWII,No action needed.
vallejo|germ beige wwii,Vallejo,Germ. Beige WWII,COMPLETE,1,1,0,Model Color,Acrylic paint,VAL_MODEL_COLOR_GERM_BEIGE_WWII,,#9B8C7B,"155,140,123",VAL_MODEL_COLOR_GERM_BEIGE_WWII,No action needed.
vallejo|german cam beige wwii,Vallejo,German Cam. Beige WWII,COMPLETE,1,1,0,Model Color,Acrylic Paint,VAL_MODEL_COLOR_GERMAN_CAM_BEIGE_WWII,,#9B8C7B,"155,140,123",VAL_MODEL_COLOR_GERMAN_CAM_BEIGE_WWII,No action needed.
vallejo|german cam medium brown,Vallejo,German Cam. Medium Brown,COMPLETE,1,1,0,Model Color,Acrylic Paint,VAL_MODEL_COLOR_GERMAN_CAM_MEDIUM_BROWN,,#722B2F,"114,43,47",VAL_MODEL_COLOR_GERMAN_CAM_MEDIUM_BROWN,No action needed.
vallejo|german camo extra dark green,Vallejo,German Camo Extra Dark Green,COMPLETE,1,1,0,Model Color,Acrylic Paint,VAL_MODEL_COLOR_GERMAN_CAMO_EXTRA_DARK_GREEN,,#303B3F,"48,59,63",VAL_MODEL_COLOR_GERMAN_CAMO_EXTRA_DARK_GREEN,No action needed.
vallejo|german camoflogue dark green,Vallejo,German Camoflogue Dark Green,COMPLETE,1,1,0,Model Color,Acrylic Paint,VAL_MODEL_COLOR_GERMAN_CAMOFLOGUE_DARK_GREEN,,#2D363B,"45,54,59",VAL_MODEL_COLOR_GERMAN_CAMOFLOGUE_DARK_GREEN,No action needed.
vallejo|german fieldgrey wwii,Vallejo,German Fieldgrey Wwii,COMPLETE,1,1,0,Model Color,Acrylic Paint,VAL_MODEL_COLOR_GERMAN_FIELDGREY_WWII,,#617979,"97,121,121",VAL_MODEL_COLOR_GERMAN_FIELDGREY_WWII,No action needed.
vallejo|german green,Vallejo,German Green,COMPLETE,1,1,0,Model Air,Acrylic Paint,VAL_MODEL_AIR_GERMAN_GREEN,,#083C2A,"8,60,42",VAL_MODEL_AIR_GERMAN_GREEN,No action needed.
vallejo|german grey,Vallejo,German Grey,COMPLETE,2,2,0,Model Air | Model Color,Acrylic Paint,VAL_MODEL_AIR_GERMAN_GREY | VAL_MODEL_COLOR_GERMAN_GREY,,#4D4A4A,"77,74,74",VAL_MODEL_AIR_GERMAN_GREY,No action needed.
vallejo|german orange,Vallejo,German Orange,COMPLETE,1,1,0,Model Color,Acrylic Paint,VAL_MODEL_COLOR_GERMAN_ORANGE,,#A4593D,"164,89,61",VAL_MODEL_COLOR_GERMAN_ORANGE,No action needed.
vallejo|german red brown,Vallejo,German Red Brown,COMPLETE,1,1,0,Model Air,Acrylic airbrush paint,VAL_MODEL_AIR_GERMAN_RED_BROWN,,#390008,"57,0,8",VAL_MODEL_AIR_GERMAN_RED_BROWN,No action needed.
vallejo|german tank crew,Vallejo,German Tank Crew,COMPLETE,1,1,0,Model Color,Acrylic paint,VAL_MODEL_COLOR_GERMAN_TANK_CREW,,#524A3D,"82,74,61",VAL_MODEL_COLOR_GERMAN_TANK_CREW,No action needed.
vallejo|german uniform,Vallejo,German Uniform,COMPLETE,1,1,0,Model Color,Acrylic paint,VAL_MODEL_COLOR_GERMAN_UNIFORM,,#286254,"40,98,84",VAL_MODEL_COLOR_GERMAN_UNIFORM,No action needed.
vallejo|german uniform green,Vallejo,German Uniform Green,COMPLETE,1,1,0,Model Color,Acrylic Paint,VAL_MODEL_COLOR_GERMAN_UNIFORM_GREEN,,#6FAE4E,"111,174,78",VAL_MODEL_COLOR_GERMAN_UNIFORM_GREEN,No action needed.
vallejo|german yellow,Vallejo,German Yellow,COMPLETE,1,1,0,Model Color,Acrylic Paint,VAL_MODEL_COLOR_GERMAN_YELLOW,,#E7EFC6,"231,239,198",VAL_MODEL_COLOR_GERMAN_YELLOW,No action needed.
vallejo|german yellow brown,Vallejo,German Yellow Brown,COMPLETE,1,1,0,Model Air,Acrylic airbrush paint,VAL_MODEL_AIR_GERMAN_YELLOW_BROWN,,#A77237,"167,114,55",VAL_MODEL_AIR_GERMAN_YELLOW_BROWN,No action needed.
vallejo|ghost green,Vallejo,Ghost Green,COMPLETE,1,1,0,Game Color,Acrylic paint,VAL_GAME_COLOR_GHOST_GREEN,,#5BB788,"91,183,136",VAL_GAME_COLOR_GHOST_GREEN,No action needed.
vallejo|ghost grey,Vallejo,Ghost Grey,COMPLETE,1,1,0,Game Color,Acrylic Paint,VAL_GAME_COLOR_GHOST_GREY,,#A7C5DB,"167,197,219",VAL_GAME_COLOR_GHOST_GREY,No action needed.
vallejo|glacier blue,Vallejo,Glacier Blue,COMPLETE,2,2,0,Game Color | Game Color Ink,Acrylic Paint | Ink,VAL_GAME_COLOR_GLACIER_BLUE | VAL_GAME_COLOR_INK_GLACIER_BLUE,,#ACD0EE,"172,208,238",VAL_GAME_COLOR_GLACIER_BLUE,No action needed.
vallejo|gloomy violet,Vallejo,Gloomy Violet,COMPLETE,1,1,0,Xpress Color,Contrast-style acrylic,VAL_XPRESS_COLOR_GLOOMY_VIOLET,,#5C327B,"92,50,123",VAL_XPRESS_COLOR_GLOOMY_VIOLET,No action needed.
vallejo|glorious gold,Vallejo,Glorious Gold,COMPLETE,2,2,0,Game Color | Game Color Metallic,Acrylic Paint | Metallic,VAL_GAME_COLOR_GLORIOUS_GOLD | VAL_GAME_COLOR_METALLIC_GLORIOUS_GOLD,,#CCCC33,"204,204,51",VAL_GAME_COLOR_GLORIOUS_GOLD,No action needed.
vallejo|gloss black,Vallejo,Gloss Black,COMPLETE,1,1,0,Model Color,Acrylic paint,VAL_MODEL_COLOR_GLOSS_BLACK,,#181C1D,"24,28,29",VAL_MODEL_COLOR_GLOSS_BLACK,No action needed.
vallejo|gloss white,Vallejo,Gloss White,COMPLETE,1,1,0,Model Color,Acrylic Paint,VAL_MODEL_COLOR_GLOSS_WHITE,,#FEFBF6,"254,251,246",VAL_MODEL_COLOR_GLOSS_WHITE,No action needed.
vallejo|glossy sea blue,Vallejo,Glossy Sea Blue,COMPLETE,1,1,0,Model Air,Acrylic airbrush paint,VAL_MODEL_AIR_GLOSSY_SEA_BLUE,,#436872,"67,104,114",VAL_MODEL_AIR_GLOSSY_SEA_BLUE,No action needed.
vallejo|goblin green,Vallejo,Goblin Green,COMPLETE,1,1,0,Game Color,Acrylic paint,VAL_GAME_COLOR_GOBLIN_GREEN,,#63B521,"99,181,33",VAL_GAME_COLOR_GOBLIN_GREEN,No action needed.
vallejo|gold,Vallejo,Gold,COMPLETE,2,2,0,Model Air | Model Color,Acrylic Paint,VAL_MODEL_AIR_GOLD | VAL_MODEL_COLOR_GOLD,,#E7BD42,"231,189,66",VAL_MODEL_AIR_GOLD,No action needed.
vallejo|gold brown,Vallejo,Gold Brown,COMPLETE,1,1,0,Model Color,Acrylic Paint,VAL_MODEL_COLOR_GOLD_BROWN,,#BA8636,"186,134,54",VAL_MODEL_COLOR_GOLD_BROWN,No action needed.
vallejo|gold yellow,Vallejo,Gold Yellow,COMPLETE,2,2,0,Game Color | Model Air,Acrylic Paint,VAL_GAME_COLOR_GOLD_YELLOW | VAL_MODEL_AIR_GOLD_YELLOW,,#FFE700,"255,231,0",VAL_GAME_COLOR_GOLD_YELLOW,No action needed.
vallejo|goldbrown,Vallejo,Goldbrown,COMPLETE,1,1,0,Model Color,Acrylic Paint,VAL_MODEL_COLOR_GOLDBROWN,,#9C8A53,"156,138,83",VAL_MODEL_COLOR_GOLDBROWN,No action needed.
vallejo|golden brown,Vallejo,Golden Brown,COMPLETE,1,1,0,Model Air,Acrylic Paint,VAL_MODEL_AIR_GOLDEN_BROWN,,#D88E2D,"216,142,45",VAL_MODEL_AIR_GOLDEN_BROWN,No action needed.
vallejo|golden olive,Vallejo,Golden Olive,COMPLETE,1,1,0,Model Color,Acrylic Paint,VAL_MODEL_COLOR_GOLDEN_OLIVE,,#78923B,"120,146,59",VAL_MODEL_COLOR_GOLDEN_OLIVE,No action needed.
vallejo|golden yellow,Vallejo,Golden Yellow,COMPLETE,1,1,0,Model Color,Acrylic Paint,VAL_MODEL_COLOR_GOLDEN_YELLOW,,#FFCE00,"255,206,0",VAL_MODEL_COLOR_GOLDEN_YELLOW,No action needed.
vallejo|gorgon brown,Vallejo,Gorgon Brown,COMPLETE,1,1,0,Game Color,Acrylic paint,VAL_GAME_COLOR_GORGON_BROWN,,#3D2216,"61,34,22",VAL_GAME_COLOR_GORGON_BROWN,No action needed.
vallejo|gory red,Vallejo,Gory Red,COMPLETE,1,1,0,Game Color,Acrylic Paint,VAL_GAME_COLOR_GORY_RED,,#810504,"129,5,4",VAL_GAME_COLOR_GORY_RED,No action needed.
vallejo|greasy black,Vallejo,Greasy Black,COMPLETE,1,1,0,Xpress Color,Contrast-style acrylic,VAL_XPRESS_COLOR_GREASY_BLACK,,#2A2220,"42,34,32",VAL_XPRESS_COLOR_GREASY_BLACK,No action needed.
vallejo|green,Vallejo,Green,COMPLETE,1,1,0,Game Color Ink,Ink,VAL_GAME_COLOR_INK_GREEN,,#8BB36A,"139,179,106",VAL_GAME_COLOR_INK_GREEN,No action needed.
vallejo|green brown,Vallejo,Green Brown,COMPLETE,2,2,0,Model Air | Model Color,Acrylic Paint | Acrylic paint,VAL_MODEL_AIR_GREEN_BROWN | VAL_MODEL_COLOR_GREEN_BROWN,,#8D7B55,"141,123,85",VAL_MODEL_AIR_GREEN_BROWN,No action needed.
vallejo|green fluo,Vallejo,Green Fluo,COMPLETE,1,1,0,Model Color,Acrylic Paint,VAL_MODEL_COLOR_GREEN_FLUO,,#8BB36A,"139,179,106",VAL_MODEL_COLOR_GREEN_FLUO,No action needed.
vallejo|green gold,Vallejo,Green Gold,COMPLETE,1,1,0,Model Color,Acrylic paint,VAL_MODEL_COLOR_GREEN_GOLD,,#62593A,"98,89,58",VAL_MODEL_COLOR_GREEN_GOLD,No action needed.
vallejo|green grey,Vallejo,Green Grey,COMPLETE,1,1,0,Model Color,Acrylic paint,VAL_MODEL_COLOR_GREEN_GREY,,#827E61,"130,126,97",VAL_MODEL_COLOR_GREEN_GREY,No action needed.
vallejo|green ink,Vallejo,Green Ink,COMPLETE,1,1,0,Game Color,Acrylic Paint,VAL_GAME_COLOR_GREEN_INK,,#108473,"16,132,115",VAL_GAME_COLOR_GREEN_INK,No action needed.
vallejo|green ochre,Vallejo,Green Ochre,COMPLETE,1,1,0,Model Color,Acrylic paint,VAL_MODEL_COLOR_GREEN_OCHRE,,#A98969,"169,137,105",VAL_MODEL_COLOR_GREEN_OCHRE,No action needed.
vallejo|green rlm 62,Vallejo,Green RLM 62,COMPLETE,1,1,0,Model Air,Acrylic Paint,VAL_MODEL_AIR_GREEN_RLM_62,,#083C2A,"8,60,42",VAL_MODEL_AIR_GREEN_RLM_62,No action needed.
vallejo|green rlm72,Vallejo,Green RLM72,COMPLETE,1,1,0,Model Air,Acrylic airbrush paint,VAL_MODEL_AIR_GREEN_RLM72,,#19423E,"25,66,62",VAL_MODEL_AIR_GREEN_RLM72,No action needed.
vallejo|green rlm73,Vallejo,Green RLM73,COMPLETE,1,1,0,Model Air,Acrylic airbrush paint,VAL_MODEL_AIR_GREEN_RLM73,,#19423E,"25,66,62",VAL_MODEL_AIR_GREEN_RLM73,No action needed.
vallejo|green rust,Vallejo,Green Rust,COMPLETE,2,2,0,Game Color | Game Color Special FX,Acrylic Paint | Effect,VAL_GAME_COLOR_GREEN_RUST | VAL_GAME_COLOR_SPECIAL_FX_GREEN_RUST,,#96C5B2,"150,197,178",VAL_GAME_COLOR_GREEN_RUST,No action needed.
vallejo|green shade wash,Vallejo,Green Shade Wash,COMPLETE,1,1,0,Game Color,Acrylic Paint,VAL_GAME_COLOR_GREEN_SHADE_WASH,,#434F38,"67,79,56",VAL_GAME_COLOR_GREEN_SHADE_WASH,No action needed.
vallejo|green sky,Vallejo,Green Sky,COMPLETE,1,1,0,Model Color,Acrylic paint,VAL_MODEL_COLOR_GREEN_SKY,,#59AD84,"89,173,132",VAL_MODEL_COLOR_GREEN_SKY,No action needed.
vallejo|green wash,Vallejo,Green Wash,COMPLETE,1,1,0,Game Color,Acrylic Paint,VAL_GAME_COLOR_GREEN_WASH,,#434F38,"67,79,56",VAL_GAME_COLOR_GREEN_WASH,No action needed.
vallejo|green yellow,Vallejo,Green Yellow,COMPLETE,1,1,0,Model Color,Acrylic paint,VAL_MODEL_COLOR_GREEN_YELLOW,,#6F6A4C,"111,106,76",VAL_MODEL_COLOR_GREEN_YELLOW,No action needed.
vallejo|green zinc chromate,Vallejo,Green Zinc Chromate,COMPLETE,1,1,0,Model Air,Acrylic airbrush paint,VAL_MODEL_AIR_GREEN_ZINC_CHROMATE,,#6FAE4E,"111,174,78",VAL_MODEL_AIR_GREEN_ZINC_CHROMATE,No action needed.
vallejo|grey blue,Vallejo,Grey Blue,COMPLETE,2,2,0,Model Air | Model Color,Acrylic airbrush paint | Acrylic paint,VAL_MODEL_AIR_GREY_BLUE | VAL_MODEL_COLOR_GREY_BLUE,,#45708D,"69,112,141",VAL_MODEL_AIR_GREY_BLUE,No action needed.
vallejo|grey blue rlm84,Vallejo,Grey Blue RLM84,COMPLETE,1,1,0,Model Air,Acrylic airbrush paint,VAL_MODEL_AIR_GREY_BLUE_RLM84,,#63B521,"99,181,33",VAL_MODEL_AIR_GREY_BLUE_RLM84,No action needed.
vallejo|grey brown,Vallejo,Grey Brown,COMPLETE,1,1,0,Model Color,Acrylic paint,VAL_MODEL_COLOR_GREY_BROWN,,#5B4922,"91,73,34",VAL_MODEL_COLOR_GREY_BROWN,No action needed.
vallejo|grey green,Vallejo,Grey Green,COMPLETE,2,2,0,Model Air | Model Color,Acrylic Paint | Acrylic paint,VAL_MODEL_AIR_GREY_GREEN | VAL_MODEL_COLOR_GREY_GREEN,,#565A60,"86,90,96",VAL_MODEL_AIR_GREY_GREEN,No action needed.
vallejo|grey green rlm74,Vallejo,Grey Green RLM74,COMPLETE,1,1,0,Model Air,Acrylic airbrush paint,VAL_MODEL_AIR_GREY_GREEN_RLM74,,#4D4A4A,"77,74,74",VAL_MODEL_AIR_GREY_GREEN_RLM74,No action needed.
vallejo|grey rlm 84,Vallejo,Grey RLM 84,COMPLETE,1,1,0,Model Air,Acrylic Paint,VAL_MODEL_AIR_GREY_RLM_84,,#63B521,"99,181,33",VAL_MODEL_AIR_GREY_RLM_84,No action needed.
vallejo|grey rlm02,Vallejo,Grey RLM02,COMPLETE,1,1,0,Model Air,Acrylic airbrush paint,VAL_MODEL_AIR_GREY_RLM02,,#083C2A,"8,60,42",VAL_MODEL_AIR_GREY_RLM02,No action needed.
vallejo|grey violet rlm75,Vallejo,Grey Violet RLM75,COMPLETE,1,1,0,Model Air,Acrylic airbrush paint,VAL_MODEL_AIR_GREY_VIOLET_RLM75,,#999999,"153,153,153",VAL_MODEL_AIR_GREY_VIOLET_RLM75,No action needed.
vallejo|grunge brown,Vallejo,Grunge Brown,COMPLETE,1,1,0,Game Color,Acrylic paint,VAL_GAME_COLOR_GRUNGE_BROWN,,#69361B,"105,54,27",VAL_GAME_COLOR_GRUNGE_BROWN,No action needed.
vallejo|gun metal,Vallejo,Gun Metal,COMPLETE,1,1,0,Model Air,Acrylic Paint,VAL_MODEL_AIR_GUN_METAL,,#393939,"57,57,57",VAL_MODEL_AIR_GUN_METAL,No action needed.
vallejo|gunmetal,Vallejo,Gunmetal,COMPLETE,2,2,0,Game Color | Model Color,Acrylic Paint | Acrylic paint,VAL_GAME_COLOR_GUNMETAL | VAL_MODEL_COLOR_GUNMETAL,,#393939,"57,57,57",VAL_GAME_COLOR_GUNMETAL,No action needed.
vallejo|gunmetal gunmetal metal,Vallejo,Gunmetal / Gunmetal Metal,COMPLETE,1,1,0,Game Color,Acrylic Paint,VAL_GAME_COLOR_GUNMETAL_GUNMETAL_METAL,,#393939,"57,57,57",VAL_GAME_COLOR_GUNMETAL_GUNMETAL_METAL,No action needed.
vallejo|gunmetal blue,Vallejo,Gunmetal Blue,COMPLETE,1,1,0,Model Color,Acrylic paint,VAL_MODEL_COLOR_GUNMETAL_BLUE,,#2F3438,"47,52,56",VAL_MODEL_COLOR_GUNMETAL_BLUE,No action needed.
vallejo|gunmetal grey,Vallejo,Gunmetal Grey,COMPLETE,1,1,0,Model Color,Acrylic Paint,VAL_MODEL_COLOR_GUNMETAL_GREY,,#444B51,"68,75,81",VAL_MODEL_COLOR_GUNMETAL_GREY,No action needed.
vallejo|gunship green,Vallejo,Gunship Green,COMPLETE,2,2,0,Model Air | Model Color,Acrylic airbrush paint | Acrylic paint,VAL_MODEL_AIR_GUNSHIP_GREEN | VAL_MODEL_COLOR_GUNSHIP_GREEN,,#3D685E,"61,104,94",VAL_MODEL_AIR_GUNSHIP_GREEN,No action needed.
vallejo|hammered copper,Vallejo,Hammered Copper,COMPLETE,2,2,0,Game Color | Game Color Metallic,Acrylic Paint | Metallic,VAL_GAME_COLOR_HAMMERED_COPPER | VAL_GAME_COLOR_METALLIC_HAMMERED_COPPER,,#73372D,"115,55,45",VAL_GAME_COLOR_HAMMERED_COPPER,No action needed.
vallejo|heavy blackgreen,Vallejo,Heavy Blackgreen,COMPLETE,1,1,0,Game Color,Acrylic Paint,VAL_GAME_COLOR_HEAVY_BLACKGREEN,,#19423E,"25,66,62",VAL_GAME_COLOR_HEAVY_BLACKGREEN,No action needed.
vallejo|heavy blue,Vallejo,Heavy Blue,COMPLETE,1,1,0,Game Color,Acrylic Paint,VAL_GAME_COLOR_HEAVY_BLUE,,#29556D,"41,85,109",VAL_GAME_COLOR_HEAVY_BLUE,No action needed.
vallejo|heavy bluegrey,Vallejo,Heavy Bluegrey,COMPLETE,1,1,0,Game Color,Acrylic Paint,VAL_GAME_COLOR_HEAVY_BLUEGREY,,#96A5A9,"150,165,169",VAL_GAME_COLOR_HEAVY_BLUEGREY,No action needed.
vallejo|heavy brown,Vallejo,Heavy Brown,COMPLETE,1,1,0,Game Color,Acrylic Paint,VAL_GAME_COLOR_HEAVY_BROWN,,#705E50,"112,94,80",VAL_GAME_COLOR_HEAVY_BROWN,No action needed.
vallejo|heavy charcoal,Vallejo,Heavy Charcoal,COMPLETE,1,1,0,Game Color,Acrylic Paint,VAL_GAME_COLOR_HEAVY_CHARCOAL,,#4D4A4A,"77,74,74",VAL_GAME_COLOR_HEAVY_CHARCOAL,No action needed.
vallejo|heavy goldbrown,Vallejo,Heavy Goldbrown,COMPLETE,1,1,0,Game Color,Acrylic Paint,VAL_GAME_COLOR_HEAVY_GOLDBROWN,,#9C8A53,"156,138,83",VAL_GAME_COLOR_HEAVY_GOLDBROWN,No action needed.
vallejo|heavy green,Vallejo,Heavy Green,COMPLETE,1,1,0,Game Color,Acrylic Paint,VAL_GAME_COLOR_HEAVY_GREEN,,#434F38,"67,79,56",VAL_GAME_COLOR_HEAVY_GREEN,No action needed.
vallejo|heavy grey,Vallejo,Heavy Grey,COMPLETE,1,1,0,Game Color,Acrylic Paint,VAL_GAME_COLOR_HEAVY_GREY,,#7C8286,"124,130,134",VAL_GAME_COLOR_HEAVY_GREY,No action needed.
vallejo|heavy khaki,Vallejo,Heavy Khaki,COMPLETE,1,1,0,Game Color,Acrylic Paint,VAL_GAME_COLOR_HEAVY_KHAKI,,#6A6445,"106,100,69",VAL_GAME_COLOR_HEAVY_KHAKI,No action needed.
vallejo|heavy ochre,Vallejo,Heavy Ochre,COMPLETE,1,1,0,Game Color,Acrylic Paint,VAL_GAME_COLOR_HEAVY_OCHRE,,#976F3C,"151,111,60",VAL_GAME_COLOR_HEAVY_OCHRE,No action needed.
vallejo|heavy orange,Vallejo,Heavy Orange,COMPLETE,1,1,0,Game Color,Acrylic Paint,VAL_GAME_COLOR_HEAVY_ORANGE,,#A4593D,"164,89,61",VAL_GAME_COLOR_HEAVY_ORANGE,No action needed.
vallejo|heavy red,Vallejo,Heavy Red,COMPLETE,1,1,0,Game Color,Acrylic Paint,VAL_GAME_COLOR_HEAVY_RED,,#943238,"148,50,56",VAL_GAME_COLOR_HEAVY_RED,No action needed.
vallejo|heavy siena,Vallejo,Heavy Siena,COMPLETE,1,1,0,Game Color,Acrylic Paint,VAL_GAME_COLOR_HEAVY_SIENA,,#6D5044,"109,80,68",VAL_GAME_COLOR_HEAVY_SIENA,No action needed.
vallejo|heavy skintone,Vallejo,Heavy Skintone,COMPLETE,1,1,0,Game Color,Acrylic Paint,VAL_GAME_COLOR_HEAVY_SKINTONE,,#8D736C,"141,115,108",VAL_GAME_COLOR_HEAVY_SKINTONE,No action needed.
vallejo|heavy violet,Vallejo,Heavy Violet,COMPLETE,1,1,0,Game Color,Acrylic Paint,VAL_GAME_COLOR_HEAVY_VIOLET,,#4F566C,"79,86,108",VAL_GAME_COLOR_HEAVY_VIOLET,No action needed.
vallejo|heavy warm grey,Vallejo,Heavy Warm Grey,COMPLETE,1,1,0,Game Color,Acrylic Paint,VAL_GAME_COLOR_HEAVY_WARM_GREY,,#939066,"147,144,102",VAL_GAME_COLOR_HEAVY_WARM_GREY,No action needed.
vallejo|heavy warmgrey,Vallejo,Heavy Warmgrey,COMPLETE,1,1,0,Game Color,Acrylic Paint,VAL_GAME_COLOR_HEAVY_WARMGREY,,#B9ADA1,"185,173,161",VAL_GAME_COLOR_HEAVY_WARMGREY,No action needed.
vallejo|hemp,Vallejo,Hemp,COMPLETE,1,1,0,Model Air,Acrylic Paint,VAL_MODEL_AIR_HEMP,,#9B8C7B,"155,140,123",VAL_MODEL_AIR_HEMP,No action needed.
vallejo|heretic turquoise,Vallejo,Heretic Turquoise,COMPLETE,1,1,0,Xpress Color,Contrast-style acrylic,VAL_XPRESS_COLOR_HERETIC_TURQUOISE,,#013A37,"1,58,55",VAL_XPRESS_COLOR_HERETIC_TURQUOISE,No action needed.
vallejo|hexed lichen,Vallejo,Hexed Lichen,COMPLETE,1,1,0,Game Color,Acrylic Paint,VAL_GAME_COLOR_HEXED_LICHEN,,#34274D,"52,39,77",VAL_GAME_COLOR_HEXED_LICHEN,No action needed.
vallejo|hospitallier black,Vallejo,Hospitallier Black,COMPLETE,1,1,0,Xpress Color,Contrast-style acrylic,VAL_XPRESS_COLOR_HOSPITALLIER_BLACK,,#14100F,"20,16,15",VAL_XPRESS_COLOR_HOSPITALLIER_BLACK,No action needed.
vallejo|hot orange,Vallejo,Hot Orange,COMPLETE,1,1,0,Game Color,Acrylic Paint,VAL_GAME_COLOR_HOT_ORANGE,,#E43027,"228,48,39",VAL_GAME_COLOR_HOT_ORANGE,No action needed.
vallejo|hull red,Vallejo,Hull Red,COMPLETE,2,2,0,Model Air | Model Color,Acrylic Paint,VAL_MODEL_AIR_HULL_RED | VAL_MODEL_COLOR_HULL_RED,,#390008,"57,0,8",VAL_MODEL_AIR_HULL_RED,No action needed.
vallejo|idf sand grey 73,Vallejo,IDF Sand Grey 73,COMPLETE,1,1,0,Model Air,Acrylic airbrush paint,VAL_MODEL_AIR_IDF_SAND_GREY_73,,#DBC58E,"219,197,142",VAL_MODEL_AIR_IDF_SAND_GREY_73,No action needed.
vallejo|ija light grey green,Vallejo,IJA Light Grey Green,COMPLETE,1,1,0,Model Air,Acrylic airbrush paint,VAL_MODEL_AIR_IJA_LIGHT_GREY_GREEN,,#827E61,"130,126,97",VAL_MODEL_AIR_IJA_LIGHT_GREY_GREEN,No action needed.
vallejo|ice blue,Vallejo,Ice Blue,COMPLETE,1,1,0,Game Color,Acrylic Paint,VAL_GAME_COLOR_ICE_BLUE,,#6B9CCE,"107,156,206",VAL_GAME_COLOR_ICE_BLUE,No action needed.
vallejo|ice yellow,Vallejo,Ice Yellow,COMPLETE,1,1,0,Model Color,Acrylic paint,VAL_MODEL_COLOR_ICE_YELLOW,,#FEEF87,"254,239,135",VAL_MODEL_COLOR_ICE_YELLOW,No action needed.
vallejo|iceberg grey,Vallejo,Iceberg Grey,COMPLETE,1,1,0,Xpress Color,Contrast-style acrylic,VAL_XPRESS_COLOR_ICEBERG_GREY,,#363D4C,"54,61,76",VAL_XPRESS_COLOR_ICEBERG_GREY,No action needed.
vallejo|imperial blue,Vallejo,Imperial Blue,COMPLETE,1,1,0,Game Color,Acrylic Paint,VAL_GAME_COLOR_IMPERIAL_BLUE,,#5B8093,"91,128,147",VAL_GAME_COLOR_IMPERIAL_BLUE,No action needed.
vallejo|imperial yellow,Vallejo,Imperial Yellow,COMPLETE,1,1,0,Xpress Color,Contrast-style acrylic,VAL_XPRESS_COLOR_IMPERIAL_YELLOW,,#F7C733,"247,199,51",VAL_XPRESS_COLOR_IMPERIAL_YELLOW,No action needed.
vallejo|infantry blue,Vallejo,Infantry Blue,COMPLETE,1,1,0,Model Color,Acrylic paint,VAL_MODEL_COLOR_INFANTRY_BLUE,,#25202B,"37,32,43",VAL_MODEL_COLOR_INFANTRY_BLUE,No action needed.
vallejo|insignia blue,Vallejo,Insignia Blue,COMPLETE,1,1,0,Model Air,Acrylic Paint,VAL_MODEL_AIR_INSIGNIA_BLUE,,#293340,"41,51,64",VAL_MODEL_AIR_INSIGNIA_BLUE,No action needed.
vallejo|insignia white,Vallejo,Insignia White,COMPLETE,1,1,0,Model Air,Acrylic airbrush paint,VAL_MODEL_AIR_INSIGNIA_WHITE,,#FFFFFF,"255,255,255",VAL_MODEL_AIR_INSIGNIA_WHITE,No action needed.
vallejo|interior green,Vallejo,Interior Green,COMPLETE,1,1,0,Model Air,Acrylic Paint,VAL_MODEL_AIR_INTERIOR_GREEN,,#675F41,"103,95,65",VAL_MODEL_AIR_INTERIOR_GREEN,No action needed.
vallejo|intermediate blue,Vallejo,Intermediate Blue,COMPLETE,2,2,0,Model Air | Model Color,Acrylic Paint,VAL_MODEL_AIR_INTERMEDIATE_BLUE | VAL_MODEL_COLOR_INTERMEDIATE_BLUE,,#607A80,"96,122,128",VAL_MODEL_AIR_INTERMEDIATE_BLUE,No action needed.
vallejo|intermediate green,Vallejo,Intermediate Green,COMPLETE,1,1,0,Model Color,Acrylic Paint,VAL_MODEL_COLOR_INTERMEDIATE_GREEN,,#49944F,"73,148,79",VAL_MODEL_COLOR_INTERMEDIATE_GREEN,No action needed.
vallejo|iraqi sand,Vallejo,Iraqi Sand,COMPLETE,1,1,0,Model Color,Acrylic paint,VAL_MODEL_COLOR_IRAQI_SAND,,#B89972,"184,153,114",VAL_MODEL_COLOR_IRAQI_SAND,No action needed.
vallejo|italian red,Vallejo,Italian Red,COMPLETE,1,1,0,Model Air,Acrylic Paint,VAL_MODEL_AIR_ITALIAN_RED,,#DA3630,"218,54,48",VAL_MODEL_AIR_ITALIAN_RED,No action needed.
vallejo|ivory,Vallejo,Ivory,COMPLETE,2,2,0,Model Air | Model Color,Acrylic airbrush paint | Acrylic paint,VAL_MODEL_AIR_IVORY | VAL_MODEL_COLOR_IVORY,,#EFF1D9,"239,241,217",VAL_MODEL_AIR_IVORY,No action needed.
vallejo|ivory rlm05,Vallejo,Ivory RLM05,COMPLETE,1,1,0,Model Air,Acrylic airbrush paint,VAL_MODEL_AIR_IVORY_RLM05,,#E7EFC6,"231,239,198",VAL_MODEL_AIR_IVORY_RLM05,No action needed.
vallejo|jade green,Vallejo,Jade Green,COMPLETE,1,1,0,Game Color,Acrylic Paint,VAL_GAME_COLOR_JADE_GREEN,,#069B7D,"6,155,125",VAL_GAME_COLOR_JADE_GREEN,No action needed.
vallejo|japan uniform green wwii,Vallejo,Japan Uniform Green WWII,COMPLETE,1,1,0,Model Color,Acrylic Paint,VAL_MODEL_COLOR_JAPAN_UNIFORM_GREEN_WWII,,#73694E,"115,105,78",VAL_MODEL_COLOR_JAPAN_UNIFORM_GREEN_WWII,No action needed.
vallejo|japan unif wwii,Vallejo,Japan. Unif. WWII,COMPLETE,1,1,0,Model Color,Acrylic paint,VAL_MODEL_COLOR_JAPAN_UNIF_WWII,,#73694E,"115,105,78",VAL_MODEL_COLOR_JAPAN_UNIF_WWII,No action needed.
vallejo|khaki,Vallejo,Khaki,COMPLETE,2,2,0,Game Color | Model Color,Acrylic Paint | Acrylic paint,VAL_GAME_COLOR_KHAKI | VAL_MODEL_COLOR_KHAKI,,#9B8C7B,"155,140,123",VAL_GAME_COLOR_KHAKI,No action needed.
vallejo|khaki brown,Vallejo,Khaki Brown,COMPLETE,1,1,0,Model Air,Acrylic Paint,VAL_MODEL_AIR_KHAKI_BROWN,,#705E50,"112,94,80",VAL_MODEL_AIR_KHAKI_BROWN,No action needed.
vallejo|khaki drill,Vallejo,Khaki Drill,COMPLETE,1,1,0,Xpress Color,Contrast-style acrylic,VAL_XPRESS_COLOR_KHAKI_DRILL,,#865D2D,"134,93,45",VAL_XPRESS_COLOR_KHAKI_DRILL,No action needed.
vallejo|khaki grey,Vallejo,Khaki Grey,COMPLETE,1,1,0,Model Color,Acrylic paint,VAL_MODEL_COLOR_KHAKI_GREY,,#8B7F5D,"139,127,93",VAL_MODEL_COLOR_KHAKI_GREY,No action needed.
vallejo|landser grey,Vallejo,Landser Grey,COMPLETE,1,1,0,Xpress Color,Contrast-style acrylic,VAL_XPRESS_COLOR_LANDSER_GREY,,#332E2D,"51,46,45",VAL_XPRESS_COLOR_LANDSER_GREY,No action needed.
vallejo|lavender grey,Vallejo,Lavender Grey,COMPLETE,1,1,0,Model Color,Acrylic paint,VAL_MODEL_COLOR_LAVENDER_GREY,,#7E6E6E,"126,110,110",VAL_MODEL_COLOR_LAVENDER_GREY,No action needed.
vallejo|leather brown,Vallejo,Leather Brown,COMPLETE,2,2,0,Game Color | Model Color,Acrylic paint,VAL_GAME_COLOR_LEATHER_BROWN | VAL_MODEL_COLOR_LEATHER_BROWN,,#764823,"118,72,35",VAL_GAME_COLOR_LEATHER_BROWN,No action needed.
vallejo|legacy blue,Vallejo,Legacy Blue,COMPLETE,1,1,0,Xpress Color,Contrast-style acrylic,VAL_XPRESS_COLOR_LEGACY_BLUE,,#221C3F,"34,28,63",VAL_XPRESS_COLOR_LEGACY_BLUE,No action needed.
vallejo|lemon yellow,Vallejo,Lemon Yellow,COMPLETE,1,1,0,Model Color,Acrylic Paint,VAL_MODEL_COLOR_LEMON_YELLOW,,#FFF700,"255,247,0",VAL_MODEL_COLOR_LEMON_YELLOW,No action needed.
vallejo|light blue green,Vallejo,Light Blue Green,COMPLETE,1,1,0,Model Color,Acrylic paint,VAL_MODEL_COLOR_LIGHT_BLUE_GREEN,,#0097A4,"0,151,164",VAL_MODEL_COLOR_LIGHT_BLUE_GREEN,No action needed.
vallejo|light blue rlm65,Vallejo,Light Blue RLM65,COMPLETE,1,1,0,Model Air,Acrylic airbrush paint,VAL_MODEL_AIR_LIGHT_BLUE_RLM65,,#83B5B2,"131,181,178",VAL_MODEL_AIR_LIGHT_BLUE_RLM65,No action needed.
vallejo|light blue rlm76,Vallejo,Light Blue RLM76,COMPLETE,1,1,0,Model Air,Acrylic airbrush paint,VAL_MODEL_AIR_LIGHT_BLUE_RLM76,,#83B5B2,"131,181,178",VAL_MODEL_AIR_LIGHT_BLUE_RLM76,No action needed.
vallejo|light blue rlm78,Vallejo,Light Blue RLM78,COMPLETE,1,1,0,Model Air,Acrylic airbrush paint,VAL_MODEL_AIR_LIGHT_BLUE_RLM78,,#83B5B2,"131,181,178",VAL_MODEL_AIR_LIGHT_BLUE_RLM78,No action needed.
vallejo|light brown,Vallejo,Light Brown,COMPLETE,2,2,0,Model Air | Model Color,Acrylic Paint | Acrylic paint,VAL_MODEL_AIR_LIGHT_BROWN | VAL_MODEL_COLOR_LIGHT_BROWN,,#BF764E,"191,118,78",VAL_MODEL_AIR_LIGHT_BROWN,No action needed.
vallejo|light emerald,Vallejo,Light Emerald,COMPLETE,1,1,0,Model Color,Acrylic paint,VAL_MODEL_COLOR_LIGHT_EMERALD,,#007B72,"0,123,114",VAL_MODEL_COLOR_LIGHT_EMERALD,No action needed.
vallejo|light flesh,Vallejo,Light Flesh,COMPLETE,1,1,0,Model Color,Acrylic Paint,VAL_MODEL_COLOR_LIGHT_FLESH,,#FEEDD0,"254,237,208",VAL_MODEL_COLOR_LIGHT_FLESH,No action needed.
vallejo|light green,Vallejo,Light Green,COMPLETE,2,2,0,Model Air | Model Color,Acrylic Paint,VAL_MODEL_AIR_LIGHT_GREEN | VAL_MODEL_COLOR_LIGHT_GREEN,,#00A850,"0,168,80",VAL_MODEL_AIR_LIGHT_GREEN,No action needed.
vallejo|light green blue,Vallejo,Light Green Blue,COMPLETE,1,1,0,Model Color,Acrylic paint,VAL_MODEL_COLOR_LIGHT_GREEN_BLUE,,#6D9A95,"109,154,149",VAL_MODEL_COLOR_LIGHT_GREEN_BLUE,No action needed.
vallejo|light green chromate,Vallejo,Light Green Chromate,COMPLETE,1,1,0,Model Air,Acrylic airbrush paint,VAL_MODEL_AIR_LIGHT_GREEN_CHROMATE,,#63B521,"99,181,33",VAL_MODEL_AIR_LIGHT_GREEN_CHROMATE,No action needed.
vallejo|light green grey,Vallejo,Light Green Grey,COMPLETE,1,1,0,Model Color,Acrylic paint,VAL_MODEL_COLOR_LIGHT_GREEN_GREY,,#93A79C,"147,167,156",VAL_MODEL_COLOR_LIGHT_GREEN_GREY,No action needed.
vallejo|light green rlm82,Vallejo,Light Green RLM82,COMPLETE,1,1,0,Model Air,Acrylic airbrush paint,VAL_MODEL_AIR_LIGHT_GREEN_RLM82,,#434F38,"67,79,56",VAL_MODEL_AIR_LIGHT_GREEN_RLM82,No action needed.
vallejo|light grey,Vallejo,Light Grey,COMPLETE,2,2,0,Model Air | Model Color,Acrylic Paint | Acrylic paint,VAL_MODEL_AIR_LIGHT_GREY | VAL_MODEL_COLOR_LIGHT_GREY,,#949C9A,"148,156,154",VAL_MODEL_AIR_LIGHT_GREY,No action needed.
vallejo|light grey green,Vallejo,Light Grey Green,COMPLETE,1,1,0,Model Air,Acrylic Paint,VAL_MODEL_AIR_LIGHT_GREY_GREEN,,#083C2A,"8,60,42",VAL_MODEL_AIR_LIGHT_GREY_GREEN,No action needed.
vallejo|light mud,Vallejo,Light Mud,COMPLETE,1,1,0,Model Color,Acrylic paint,VAL_MODEL_COLOR_LIGHT_MUD,,#79755A,"121,117,90",VAL_MODEL_COLOR_LIGHT_MUD,No action needed.
vallejo|light orange,Vallejo,Light Orange,COMPLETE,1,1,0,Model Color,Acrylic Paint,VAL_MODEL_COLOR_LIGHT_ORANGE,,#F68627,"246,134,39",VAL_MODEL_COLOR_LIGHT_ORANGE,No action needed.
vallejo|light pink,Vallejo,Light Pink,COMPLETE,1,1,0,Model Color,Acrylic paint,VAL_MODEL_COLOR_LIGHT_PINK,,#E08DA2,"224,141,162",VAL_MODEL_COLOR_LIGHT_PINK,No action needed.
vallejo|light red,Vallejo,Light Red,COMPLETE,1,1,0,Model Air,Acrylic Paint,VAL_MODEL_AIR_LIGHT_RED,,#E1431E,"225,67,30",VAL_MODEL_AIR_LIGHT_RED,No action needed.
vallejo|light sea blue,Vallejo,Light Sea Blue,COMPLETE,1,1,0,Model Air,Acrylic Paint,VAL_MODEL_AIR_LIGHT_SEA_BLUE,,#00A6DA,"0,166,218",VAL_MODEL_AIR_LIGHT_SEA_BLUE,No action needed.
vallejo|light sea grey,Vallejo,Light Sea Grey,COMPLETE,1,1,0,Model Color,Acrylic Paint,VAL_MODEL_COLOR_LIGHT_SEA_GREY,,#97B4B5,"151,180,181",VAL_MODEL_COLOR_LIGHT_SEA_GREY,No action needed.
vallejo|light turquoise,Vallejo,Light Turquoise,COMPLETE,1,1,0,Model Color,Acrylic Paint,VAL_MODEL_COLOR_LIGHT_TURQUOISE,,#006B5A,"0,107,90",VAL_MODEL_COLOR_LIGHT_TURQUOISE,No action needed.
vallejo|light violet,Vallejo,Light Violet,COMPLETE,1,1,0,Model Color,Acrylic paint,VAL_MODEL_COLOR_LIGHT_VIOLET,,#A793BA,"167,147,186",VAL_MODEL_COLOR_LIGHT_VIOLET,No action needed.
vallejo|light yellow,Vallejo,Light Yellow,COMPLETE,1,1,0,Model Color,Acrylic paint,VAL_MODEL_COLOR_LIGHT_YELLOW,,#F7EA62,"247,234,98",VAL_MODEL_COLOR_LIGHT_YELLOW,No action needed.
vallejo|lime green,Vallejo,Lime Green,COMPLETE,1,1,0,Model Color,Acrylic paint,VAL_MODEL_COLOR_LIME_GREEN,,#6FAE4E,"111,174,78",VAL_MODEL_COLOR_LIME_GREEN,No action needed.
vallejo|livery green,Vallejo,Livery Green,COMPLETE,1,1,0,Game Color,Acrylic Paint,VAL_GAME_COLOR_LIVERY_GREEN,,#9ECE65,"158,206,101",VAL_GAME_COLOR_LIVERY_GREEN,No action needed.
vallejo|lizard green,Vallejo,Lizard Green,COMPLETE,1,1,0,Xpress Color,Contrast-style acrylic,VAL_XPRESS_COLOR_LIZARD_GREEN,,#215433,"33,84,51",VAL_XPRESS_COLOR_LIZARD_GREEN,No action needed.
vallejo|london grey,Vallejo,London Grey,COMPLETE,1,1,0,Model Color,Acrylic paint,VAL_MODEL_COLOR_LONDON_GREY,,#4A555E,"74,85,94",VAL_MODEL_COLOR_LONDON_GREY,No action needed.
vallejo|luftwaffe ca green,Vallejo,Luftwaffe Ca. Green,COMPLETE,1,1,0,Model Color,Acrylic Paint,VAL_MODEL_COLOR_LUFTWAFFE_CA_GREEN,,#434F38,"67,79,56",VAL_MODEL_COLOR_LUFTWAFFE_CA_GREEN,No action needed.
vallejo|luftwaffe green,Vallejo,Luftwaffe Green,COMPLETE,1,1,0,Model Color,Acrylic paint,VAL_MODEL_COLOR_LUFTWAFFE_GREEN,,#7E6254,"126,98,84",VAL_MODEL_COLOR_LUFTWAFFE_GREEN,No action needed.
vallejo|luftwaffe uniform,Vallejo,Luftwaffe Uniform,COMPLETE,1,1,0,Model Color,Acrylic paint,VAL_MODEL_COLOR_LUFTWAFFE_UNIFORM,,#2D3035,"45,48,53",VAL_MODEL_COLOR_LUFTWAFFE_UNIFORM,No action needed.
vallejo|lustful purple,Vallejo,Lustful Purple,COMPLETE,1,1,0,Game Color,Acrylic paint,VAL_GAME_COLOR_LUSTFUL_PURPLE,,#7D5F92,"125,95,146",VAL_GAME_COLOR_LUSTFUL_PURPLE,No action needed.
vallejo|magenta,Vallejo,Magenta,COMPLETE,2,2,0,Game Color Ink | Model Color,Acrylic Paint | Ink,VAL_GAME_COLOR_INK_MAGENTA | VAL_MODEL_COLOR_MAGENTA,,#A92A56,"169,42,86",VAL_GAME_COLOR_INK_MAGENTA,No action needed.
vallejo|magenta fluo,Vallejo,Magenta Fluo,COMPLETE,1,1,0,Model Color,Acrylic Paint,VAL_MODEL_COLOR_MAGENTA_FLUO,,#E55681,"229,86,129",VAL_MODEL_COLOR_MAGENTA_FLUO,No action needed.
vallejo|magic blue,Vallejo,Magic Blue,COMPLETE,1,1,0,Game Color,Acrylic Paint,VAL_GAME_COLOR_MAGIC_BLUE,,#024381,"2,67,129",VAL_GAME_COLOR_MAGIC_BLUE,No action needed.
vallejo|mahagony,Vallejo,Mahagony,COMPLETE,1,1,0,Model Air,Acrylic Paint,VAL_MODEL_AIR_MAHAGONY,,#940008,"148,0,8",VAL_MODEL_AIR_MAHAGONY,No action needed.
vallejo|mahogany,Vallejo,Mahogany,COMPLETE,1,1,0,Xpress Color,Contrast-style acrylic,VAL_XPRESS_COLOR_MAHOGANY,,#392824,"57,40,36",VAL_XPRESS_COLOR_MAHOGANY,No action needed.
vallejo|mahogany brown,Vallejo,Mahogany Brown,COMPLETE,1,1,0,Model Color,Acrylic Paint,VAL_MODEL_COLOR_MAHOGANY_BROWN,,#804B47,"128,75,71",VAL_MODEL_COLOR_MAHOGANY_BROWN,No action needed.
vallejo|mahogany ink,Vallejo,Mahogany Ink,COMPLETE,1,1,0,Model Color,Acrylic paint,VAL_MODEL_COLOR_MAHOGANY_INK,,#664540,"102,69,64",VAL_MODEL_COLOR_MAHOGANY_INK,No action needed.
vallejo|martian orange,Vallejo,Martian Orange,COMPLETE,1,1,0,Xpress Color,Contrast-style acrylic,VAL_XPRESS_COLOR_MARTIAN_ORANGE,,#E65E22,"230,94,34",VAL_XPRESS_COLOR_MARTIAN_ORANGE,No action needed.
vallejo|med flesh tone,Vallejo,Med. Flesh Tone,COMPLETE,1,1,0,Model Color,Acrylic paint,VAL_MODEL_COLOR_MED_FLESH_TONE,,#A06F47,"160,111,71",VAL_MODEL_COLOR_MED_FLESH_TONE,No action needed.
vallejo|medium blue,Vallejo,Medium Blue,COMPLETE,1,1,0,Model Color,Acrylic paint,VAL_MODEL_COLOR_MEDIUM_BLUE,,#066588,"6,101,136",VAL_MODEL_COLOR_MEDIUM_BLUE,No action needed.
vallejo|medium brown,Vallejo,Medium Brown,COMPLETE,1,1,0,Model Color,Acrylic paint,VAL_MODEL_COLOR_MEDIUM_BROWN,,#705E50,"112,94,80",VAL_MODEL_COLOR_MEDIUM_BROWN,No action needed.
vallejo|medium flesh,Vallejo,Medium Flesh,COMPLETE,1,1,0,Model Color,Acrylic Paint,VAL_MODEL_COLOR_MEDIUM_FLESH,,#A06F47,"160,111,71",VAL_MODEL_COLOR_MEDIUM_FLESH,No action needed.
vallejo|medium gray,Vallejo,Medium Gray,COMPLETE,1,1,0,Model Air,Acrylic airbrush paint,VAL_MODEL_AIR_MEDIUM_GRAY,,#909B85,"144,155,133",VAL_MODEL_AIR_MEDIUM_GRAY,No action needed.
vallejo|medium green,Vallejo,Medium Green,COMPLETE,1,1,0,Model Air,Acrylic Paint,VAL_MODEL_AIR_MEDIUM_GREEN,,#083C2A,"8,60,42",VAL_MODEL_AIR_MEDIUM_GREEN,No action needed.
vallejo|medium grey,Vallejo,Medium Grey,COMPLETE,1,1,0,Model Color,Acrylic paint,VAL_MODEL_COLOR_MEDIUM_GREY,,#909B85,"144,155,133",VAL_MODEL_COLOR_MEDIUM_GREY,No action needed.
vallejo|medium gunship gray,Vallejo,Medium Gunship Gray,COMPLETE,1,1,0,Model Air,Acrylic airbrush paint,VAL_MODEL_AIR_MEDIUM_GUNSHIP_GRAY,,#999999,"153,153,153",VAL_MODEL_AIR_MEDIUM_GUNSHIP_GRAY,No action needed.
vallejo|medium olive,Vallejo,Medium Olive,COMPLETE,2,2,0,Model Air | Model Color,Acrylic airbrush paint | Acrylic paint,VAL_MODEL_AIR_MEDIUM_OLIVE | VAL_MODEL_COLOR_MEDIUM_OLIVE,,#226B2E,"34,107,46",VAL_MODEL_AIR_MEDIUM_OLIVE,No action needed.
vallejo|medium sea green,Vallejo,Medium Sea Green,COMPLETE,1,1,0,Model Color,Acrylic Paint,VAL_MODEL_COLOR_MEDIUM_SEA_GREEN,,#677278,"103,114,120",VAL_MODEL_COLOR_MEDIUM_SEA_GREEN,No action needed.
vallejo|medium sea grey,Vallejo,Medium Sea Grey,COMPLETE,1,1,0,Model Color,Acrylic paint,VAL_MODEL_COLOR_MEDIUM_SEA_GREY,,#869393,"134,147,147",VAL_MODEL_COLOR_MEDIUM_SEA_GREY,No action needed.
vallejo|medium yellow,Vallejo,Medium Yellow,COMPLETE,1,1,0,Model Air,Acrylic airbrush paint,VAL_MODEL_AIR_MEDIUM_YELLOW,,#741330,"116,19,48",VAL_MODEL_AIR_MEDIUM_YELLOW,No action needed.
vallejo|middle stone,Vallejo,Middle Stone,COMPLETE,2,2,0,Model Air | Model Color,Acrylic airbrush paint | Acrylic paint,VAL_MODEL_AIR_MIDDLE_STONE | VAL_MODEL_COLOR_MIDDLE_STONE,,#A77237,"167,114,55",VAL_MODEL_AIR_MIDDLE_STONE,No action needed.
vallejo|middlestone,Vallejo,Middlestone,COMPLETE,1,1,0,Model Color,Acrylic Paint,VAL_MODEL_COLOR_MIDDLESTONE,,#6A6445,"106,100,69",VAL_MODEL_COLOR_MIDDLESTONE,No action needed.
vallejo|midnight purple,Vallejo,Midnight Purple,COMPLETE,1,1,0,Game Color,Acrylic paint,VAL_GAME_COLOR_MIDNIGHT_PURPLE,,#241431,"36,20,49",VAL_GAME_COLOR_MIDNIGHT_PURPLE,No action needed.
vallejo|military green,Vallejo,Military Green,COMPLETE,1,1,0,Model Color,Acrylic paint,VAL_MODEL_COLOR_MILITARY_GREEN,,#3E5848,"62,88,72",VAL_MODEL_COLOR_MILITARY_GREEN,No action needed.
vallejo|military yellow,Vallejo,Military Yellow,COMPLETE,2,2,0,Model Color | Xpress Color,Acrylic paint | Contrast-style acrylic,VAL_MODEL_COLOR_MILITARY_YELLOW | VAL_XPRESS_COLOR_MILITARY_YELLOW,,#9C8855,"156,136,85",VAL_MODEL_COLOR_MILITARY_YELLOW,No action needed.
vallejo|mithril silver silver,Vallejo,Mithril Silver / Silver,COMPLETE,1,1,0,Game Color,Acrylic Paint,VAL_GAME_COLOR_MITHRIL_SILVER_SILVER,,#B5B5BD,"181,181,189",VAL_GAME_COLOR_MITHRIL_SILVER_SILVER,No action needed.
vallejo|monastic green,Vallejo,Monastic Green,COMPLETE,1,1,0,Xpress Color,Contrast-style acrylic,VAL_XPRESS_COLOR_MONASTIC_GREEN,,#002F2C,"0,47,44",VAL_XPRESS_COLOR_MONASTIC_GREEN,No action needed.
vallejo|moon yellow,Vallejo,Moon Yellow,COMPLETE,1,1,0,Game Color,Acrylic paint,VAL_GAME_COLOR_MOON_YELLOW,,#FFF103,"255,241,3",VAL_GAME_COLOR_MOON_YELLOW,No action needed.
vallejo|moss and lichen,Vallejo,Moss and Lichen,COMPLETE,1,1,0,Game Color Special FX,Effect,VAL_GAME_COLOR_SPECIAL_FX_MOSS_AND_LICHEN,,#DAD15E,"218,209,94",VAL_GAME_COLOR_SPECIAL_FX_MOSS_AND_LICHEN,No action needed.
vallejo|mud brown,Vallejo,Mud Brown,COMPLETE,1,1,0,Model Air,Acrylic Paint,VAL_MODEL_AIR_MUD_BROWN,,#8D654B,"141,101,75",VAL_MODEL_AIR_MUD_BROWN,No action needed.
vallejo|muddy ground,Vallejo,Muddy Ground,COMPLETE,1,1,0,Xpress Color,Contrast-style acrylic,VAL_XPRESS_COLOR_MUDDY_GROUND,,#271D17,"39,29,23",VAL_XPRESS_COLOR_MUDDY_GROUND,No action needed.
vallejo|mummy white,Vallejo,Mummy White,COMPLETE,1,1,0,Xpress Color,Contrast-style acrylic,VAL_XPRESS_COLOR_MUMMY_WHITE,,#8A6F52,"138,111,82",VAL_XPRESS_COLOR_MUMMY_WHITE,No action needed.
vallejo|mustard brown,Vallejo,Mustard Brown,COMPLETE,1,1,0,Model Color,Acrylic paint,VAL_MODEL_COLOR_MUSTARD_BROWN,,#9E7249,"158,114,73",VAL_MODEL_COLOR_MUSTARD_BROWN,No action needed.
vallejo|mystic blue,Vallejo,Mystic Blue,COMPLETE,1,1,0,Xpress Color,Contrast-style acrylic,VAL_XPRESS_COLOR_MYSTIC_BLUE,,#2F66A3,"47,102,163",VAL_XPRESS_COLOR_MYSTIC_BLUE,No action needed.
vallejo|nato brown,Vallejo,NATO Brown,COMPLETE,1,1,0,Model Air,Acrylic airbrush paint,VAL_MODEL_AIR_NATO_BROWN,,#764823,"118,72,35",VAL_MODEL_AIR_NATO_BROWN,No action needed.
vallejo|natural steel,Vallejo,Natural Steel,COMPLETE,1,1,0,Model Color,Acrylic Paint,VAL_MODEL_COLOR_NATURAL_STEEL,,#62676B,"98,103,107",VAL_MODEL_COLOR_NATURAL_STEEL,No action needed.
vallejo|natural wood,Vallejo,Natural Wood,COMPLETE,1,1,0,Model Color,Acrylic Paint,VAL_MODEL_COLOR_NATURAL_WOOD,,#C19448,"193,148,72",VAL_MODEL_COLOR_NATURAL_WOOD,No action needed.
vallejo|neutral grey,Vallejo,Neutral Grey,COMPLETE,2,2,0,Game Color Metallic | Model Color,Acrylic paint | Metallic,VAL_GAME_COLOR_METALLIC_NEUTRAL_GREY | VAL_MODEL_COLOR_NEUTRAL_GREY,,#64767A,"100,118,122",VAL_GAME_COLOR_METALLIC_NEUTRAL_GREY,No action needed.
vallejo|new wood,Vallejo,New Wood,COMPLETE,1,1,0,Model Color,Acrylic paint,VAL_MODEL_COLOR_NEW_WOOD,,#89603B,"137,96,59",VAL_MODEL_COLOR_NEW_WOOD,No action needed.
vallejo|night blue,Vallejo,Night Blue,COMPLETE,1,1,0,Game Color,Acrylic Paint,VAL_GAME_COLOR_NIGHT_BLUE,,#19183F,"25,24,63",VAL_GAME_COLOR_NIGHT_BLUE,No action needed.
vallejo|nocturnal red,Vallejo,Nocturnal Red,COMPLETE,1,1,0,Game Color,Acrylic paint,VAL_GAME_COLOR_NOCTURNAL_RED,,#541C22,"84,28,34",VAL_GAME_COLOR_NOCTURNAL_RED,No action needed.
vallejo|nuclear yellow,Vallejo,Nuclear Yellow,COMPLETE,1,1,0,Xpress Color,Contrast-style acrylic,VAL_XPRESS_COLOR_NUCLEAR_YELLOW,,#F39C12,"243,156,18",VAL_XPRESS_COLOR_NUCLEAR_YELLOW,No action needed.
vallejo|ochre,Vallejo,Ochre,COMPLETE,1,1,0,Model Air,Acrylic Paint,VAL_MODEL_AIR_OCHRE,,#D7BF75,"215,191,117",VAL_MODEL_AIR_OCHRE,No action needed.
vallejo|ochre brown,Vallejo,Ochre Brown,COMPLETE,1,1,0,Model Color,Acrylic Paint,VAL_MODEL_COLOR_OCHRE_BROWN,,#A77237,"167,114,55",VAL_MODEL_COLOR_OCHRE_BROWN,No action needed.
vallejo|off white,Vallejo,Off-White,COMPLETE,3,3,0,Game Color | Model Air | Model Color,Acrylic airbrush paint | Acrylic paint,VAL_GAME_COLOR_OFF_WHITE | VAL_MODEL_AIR_OFF_WHITE | VAL_MODEL_COLOR_OFF_WHITE,,#F5F4DA,"245,244,218",VAL_GAME_COLOR_OFF_WHITE,No action needed.
vallejo|oily steel,Vallejo,Oily Steel,COMPLETE,1,1,0,Model Color,Acrylic paint,VAL_MODEL_COLOR_OILY_STEEL,,#55595C,"85,89,92",VAL_MODEL_COLOR_OILY_STEEL,No action needed.
vallejo|old gold,Vallejo,Old Gold,COMPLETE,1,1,0,Model Color,Acrylic Paint,VAL_MODEL_COLOR_OLD_GOLD,,#75694F,"117,105,79",VAL_MODEL_COLOR_OLD_GOLD,No action needed.
vallejo|old rose,Vallejo,Old Rose,COMPLETE,1,1,0,Model Color,Acrylic paint,VAL_MODEL_COLOR_OLD_ROSE,,#D47B7D,"212,123,125",VAL_MODEL_COLOR_OLD_ROSE,No action needed.
vallejo|old wood,Vallejo,Old Wood,COMPLETE,1,1,0,Model Color,Acrylic paint,VAL_MODEL_COLOR_OLD_WOOD,,#816C53,"129,108,83",VAL_MODEL_COLOR_OLD_WOOD,No action needed.
vallejo|olive brown,Vallejo,Olive Brown,COMPLETE,1,1,0,Model Color,Acrylic paint,VAL_MODEL_COLOR_OLIVE_BROWN,,#333439,"51,52,57",VAL_MODEL_COLOR_OLIVE_BROWN,No action needed.
vallejo|olive drab,Vallejo,Olive Drab,COMPLETE,1,1,0,Model Air,Acrylic Paint,VAL_MODEL_AIR_OLIVE_DRAB,,#083C2A,"8,60,42",VAL_MODEL_AIR_OLIVE_DRAB,No action needed.
vallejo|olive green,Vallejo,Olive Green,COMPLETE,2,2,0,Model Air | Model Color,Acrylic Paint,VAL_MODEL_AIR_OLIVE_GREEN | VAL_MODEL_COLOR_OLIVE_GREEN,,#6A8B3A,"106,139,58",VAL_MODEL_AIR_OLIVE_GREEN,No action needed.
vallejo|olive green rlm80,Vallejo,Olive Green RLM80,COMPLETE,1,1,0,Model Air,Acrylic airbrush paint,VAL_MODEL_AIR_OLIVE_GREEN_RLM80,,#083C2A,"8,60,42",VAL_MODEL_AIR_OLIVE_GREEN_RLM80,No action needed.
vallejo|olive grey,Vallejo,Olive Grey,COMPLETE,2,2,0,Model Air | Model Color,Acrylic Paint | Acrylic paint,VAL_MODEL_AIR_OLIVE_GREY | VAL_MODEL_COLOR_OLIVE_GREY,,#455440,"69,84,64",VAL_MODEL_AIR_OLIVE_GREY,No action needed.
vallejo|omega blue,Vallejo,Omega Blue,COMPLETE,1,1,0,Xpress Color,Contrast-style acrylic,VAL_XPRESS_COLOR_OMEGA_BLUE,,#1B2D53,"27,45,83",VAL_XPRESS_COLOR_OMEGA_BLUE,No action needed.
vallejo|orange,Vallejo,Orange,COMPLETE,1,1,0,Model Air,Acrylic Paint,VAL_MODEL_AIR_ORANGE,,#E76738,"231,103,56",VAL_MODEL_AIR_ORANGE,No action needed.
vallejo|orange brown,Vallejo,Orange Brown,COMPLETE,1,1,0,Model Color,Acrylic Paint,VAL_MODEL_COLOR_ORANGE_BROWN,,#B86F44,"184,111,68",VAL_MODEL_COLOR_ORANGE_BROWN,No action needed.
vallejo|orange fire,Vallejo,Orange Fire,COMPLETE,1,1,0,Game Color,Acrylic Paint,VAL_GAME_COLOR_ORANGE_FIRE,,#F1652E,"241,101,46",VAL_GAME_COLOR_ORANGE_FIRE,No action needed.
vallejo|orange fluo,Vallejo,Orange Fluo,COMPLETE,1,1,0,Model Color,Acrylic Paint,VAL_MODEL_COLOR_ORANGE_FLUO,,#E76738,"231,103,56",VAL_MODEL_COLOR_ORANGE_FLUO,No action needed.
vallejo|orange ochre,Vallejo,Orange Ochre,COMPLETE,1,1,0,Model Color,Acrylic paint,VAL_MODEL_COLOR_ORANGE_OCHRE,,#9BA1A1,"155,161,161",VAL_MODEL_COLOR_ORANGE_OCHRE,No action needed.
vallejo|orange red,Vallejo,Orange Red,COMPLETE,1,1,0,Model Color,Acrylic Paint,VAL_MODEL_COLOR_ORANGE_RED,,#E34C26,"227,76,38",VAL_MODEL_COLOR_ORANGE_RED,No action needed.
vallejo|orc skin,Vallejo,Orc Skin,COMPLETE,1,1,0,Xpress Color,Contrast-style acrylic,VAL_XPRESS_COLOR_ORC_SKIN,,#5A9E32,"90,158,50",VAL_XPRESS_COLOR_ORC_SKIN,No action needed.
vallejo|oxford blue,Vallejo,Oxford Blue,COMPLETE,2,2,0,Model Air | Model Color,Acrylic Paint | Acrylic paint,VAL_MODEL_AIR_OXFORD_BLUE | VAL_MODEL_COLOR_OXFORD_BLUE,,#3A465F,"58,70,95",VAL_MODEL_AIR_OXFORD_BLUE,No action needed.
vallejo|pacific green,Vallejo,Pacific Green,COMPLETE,1,1,0,Model Color,Acrylic paint,VAL_MODEL_COLOR_PACIFIC_GREEN,,#576F63,"87,111,99",VAL_MODEL_COLOR_PACIFIC_GREEN,No action needed.
vallejo|pale blue,Vallejo,Pale Blue,COMPLETE,2,2,0,Model Air | Model Color,Acrylic Paint | Acrylic paint,VAL_MODEL_AIR_PALE_BLUE | VAL_MODEL_COLOR_PALE_BLUE,,#83B5B2,"131,181,178",VAL_MODEL_AIR_PALE_BLUE,No action needed.
vallejo|pale blue grey,Vallejo,Pale Blue Grey,COMPLETE,1,1,0,Model Color,Acrylic Paint,VAL_MODEL_COLOR_PALE_BLUE_GREY,,#96A5A9,"150,165,169",VAL_MODEL_COLOR_PALE_BLUE_GREY,No action needed.
vallejo|pale brown,Vallejo,Pale Brown,COMPLETE,1,1,0,Model Color,Acrylic paint,VAL_MODEL_COLOR_PALE_BROWN,,#3C2925,"60,41,37",VAL_MODEL_COLOR_PALE_BROWN,No action needed.
vallejo|pale flesh,Vallejo,Pale Flesh,COMPLETE,1,1,0,Game Color,Acrylic Paint,VAL_GAME_COLOR_PALE_FLESH,,#F6BDB3,"246,189,179",VAL_GAME_COLOR_PALE_FLESH,No action needed.
vallejo|pale green,Vallejo,Pale Green,COMPLETE,1,1,0,Model Air,Acrylic Paint,VAL_MODEL_AIR_PALE_GREEN,,#106B21,"16,107,33",VAL_MODEL_AIR_PALE_GREEN,No action needed.
vallejo|pale grey blue,Vallejo,Pale Grey Blue,COMPLETE,2,2,0,Model Air | Model Color,Acrylic Paint,VAL_MODEL_AIR_PALE_GREY_BLUE | VAL_MODEL_COLOR_PALE_GREY_BLUE,,#CEDEE7,"206,222,231",VAL_MODEL_AIR_PALE_GREY_BLUE,No action needed.
vallejo|pale greyblue,Vallejo,Pale Greyblue,COMPLETE,1,1,0,Model Color,Acrylic Paint,VAL_MODEL_COLOR_PALE_GREYBLUE,,#CEDEE7,"206,222,231",VAL_MODEL_COLOR_PALE_GREYBLUE,No action needed.
vallejo|pale sand,Vallejo,Pale Sand,COMPLETE,1,1,0,Model Color,Acrylic paint,VAL_MODEL_COLOR_PALE_SAND,,#D1C49C,"209,196,156",VAL_MODEL_COLOR_PALE_SAND,No action needed.
vallejo|panzer dark grey,Vallejo,Panzer Dark Grey,COMPLETE,1,1,0,Model Air,Acrylic airbrush paint,VAL_MODEL_AIR_PANZER_DARK_GREY,,#4D4A4A,"77,74,74",VAL_MODEL_AIR_PANZER_DARK_GREY,No action needed.
vallejo|panzer ochre,Vallejo,Panzer Ochre,COMPLETE,1,1,0,Model Air,Acrylic Paint,VAL_MODEL_AIR_PANZER_OCHRE,,#796A3B,"121,106,59",VAL_MODEL_AIR_PANZER_OCHRE,No action needed.
vallejo|panzer olive green,Vallejo,Panzer Olive Green,COMPLETE,1,1,0,Model Air,Acrylic Paint,VAL_MODEL_AIR_PANZER_OLIVE_GREEN,,#083C2A,"8,60,42",VAL_MODEL_AIR_PANZER_OLIVE_GREEN,No action needed.
vallejo|parasite brown,Vallejo,Parasite Brown,COMPLETE,1,1,0,Game Color,Acrylic Paint,VAL_GAME_COLOR_PARASITE_BROWN,,#B1481F,"177,72,31",VAL_GAME_COLOR_PARASITE_BROWN,No action needed.
vallejo|park green flat,Vallejo,Park Green Flat,COMPLETE,1,1,0,Model Color,Acrylic Paint,VAL_MODEL_COLOR_PARK_GREEN_FLAT,,#008C5D,"0,140,93",VAL_MODEL_COLOR_PARK_GREEN_FLAT,No action needed.
vallejo|pastel blue,Vallejo,Pastel Blue,COMPLETE,1,1,0,Model Color,Acrylic paint,VAL_MODEL_COLOR_PASTEL_BLUE,,#67859B,"103,133,155",VAL_MODEL_COLOR_PASTEL_BLUE,No action needed.
vallejo|pastel green,Vallejo,Pastel Green,COMPLETE,1,1,0,Model Color,Acrylic Paint,VAL_MODEL_COLOR_PASTEL_GREEN,,#63B521,"99,181,33",VAL_MODEL_COLOR_PASTEL_GREEN,No action needed.
vallejo|phoenix orange,Vallejo,Phoenix Orange,COMPLETE,1,1,0,Xpress Color,Contrast-style acrylic,VAL_XPRESS_COLOR_PHOENIX_ORANGE,,#932310,"147,35,16",VAL_XPRESS_COLOR_PHOENIX_ORANGE,No action needed.
vallejo|pink,Vallejo,Pink,COMPLETE,1,1,0,Model Color,Acrylic Paint,VAL_MODEL_COLOR_PINK,,#D37497,"211,116,151",VAL_MODEL_COLOR_PINK,No action needed.
vallejo|plague brown,Vallejo,Plague Brown,COMPLETE,1,1,0,Game Color,Acrylic Paint,VAL_GAME_COLOR_PLAGUE_BROWN,,#CC9B34,"204,155,52",VAL_GAME_COLOR_PLAGUE_BROWN,No action needed.
vallejo|plague green,Vallejo,Plague Green,COMPLETE,1,1,0,Xpress Color,Contrast-style acrylic,VAL_XPRESS_COLOR_PLAGUE_GREEN,,#616B2D,"97,107,45",VAL_XPRESS_COLOR_PLAGUE_GREEN,No action needed.
vallejo|plasma red,Vallejo,Plasma Red,COMPLETE,1,1,0,Xpress Color,Contrast-style acrylic,VAL_XPRESS_COLOR_PLASMA_RED,,#C82B2B,"200,43,43",VAL_XPRESS_COLOR_PLASMA_RED,No action needed.
vallejo|polished gold,Vallejo,Polished Gold,COMPLETE,2,2,0,Game Color | Game Color Metallic,Acrylic Paint | Metallic,VAL_GAME_COLOR_METALLIC_POLISHED_GOLD | VAL_GAME_COLOR_POLISHED_GOLD,,#E7BD42,"231,189,66",VAL_GAME_COLOR_POLISHED_GOLD,No action needed.
vallejo|prussian blue,Vallejo,Prussian Blue,COMPLETE,1,1,0,Model Color,Acrylic Paint,VAL_MODEL_COLOR_PRUSSIAN_BLUE,,#2A546E,"42,84,110",VAL_MODEL_COLOR_PRUSSIAN_BLUE,No action needed.
vallejo|purple,Vallejo,Purple,COMPLETE,1,1,0,Model Color,Acrylic paint,VAL_MODEL_COLOR_PURPLE,,#834A6C,"131,74,108",VAL_MODEL_COLOR_PURPLE,No action needed.
vallejo|radome tan,Vallejo,Radome Tan,COMPLETE,1,1,0,Model Air,Acrylic Paint,VAL_MODEL_AIR_RADOME_TAN,,#DBC58E,"219,197,142",VAL_MODEL_AIR_RADOME_TAN,No action needed.
vallejo|red,Vallejo,Red,COMPLETE,4,4,0,Game Color Ink | Game Color Wash | Model Air | Model Color,Acrylic Paint | Acrylic airbrush paint | Ink | Wash,VAL_GAME_COLOR_INK_RED | VAL_GAME_COLOR_WASH_RED | VAL_MODEL_AIR_RED | VAL_MODEL_COLOR_RED,,#91323A,"145,50,58",VAL_GAME_COLOR_INK_RED,No action needed.
vallejo|red fluorescent,Vallejo,Red Fluorescent,COMPLETE,1,1,0,Model Air,Acrylic Paint,VAL_MODEL_AIR_RED_FLUORESCENT,,#EB5F4D,"235,95,77",VAL_MODEL_AIR_RED_FLUORESCENT,No action needed.
vallejo|red gold,Vallejo,Red Gold,COMPLETE,1,1,0,Model Color,Acrylic paint,VAL_MODEL_COLOR_RED_GOLD,,#9F6E36,"159,110,54",VAL_MODEL_COLOR_RED_GOLD,No action needed.
vallejo|red leather,Vallejo,Red Leather,COMPLETE,1,1,0,Model Color,Acrylic paint,VAL_MODEL_COLOR_RED_LEATHER,,#93453D,"147,69,61",VAL_MODEL_COLOR_RED_LEATHER,No action needed.
vallejo|red rlm 23,Vallejo,Red RLM 23,COMPLETE,1,1,0,Model Air,Acrylic Paint,VAL_MODEL_AIR_RED_RLM_23,,#B22C31,"178,44,49",VAL_MODEL_AIR_RED_RLM_23,No action needed.
vallejo|red rlm23,Vallejo,Red RLM23,COMPLETE,1,1,0,Model Air,Acrylic airbrush paint,VAL_MODEL_AIR_RED_RLM23,,#FF3108,"255,49,8",VAL_MODEL_AIR_RED_RLM23,No action needed.
vallejo|red shade wash,Vallejo,Red Shade Wash,COMPLETE,1,1,0,Game Color,Acrylic Paint,VAL_GAME_COLOR_RED_SHADE_WASH,,#630808,"99,8,8",VAL_GAME_COLOR_RED_SHADE_WASH,No action needed.
vallejo|red wash,Vallejo,Red Wash,COMPLETE,1,1,0,Game Color,Acrylic Paint,VAL_GAME_COLOR_RED_WASH,,#630808,"99,8,8",VAL_GAME_COLOR_RED_WASH,No action needed.
vallejo|reflective green,Vallejo,Reflective Green,COMPLETE,1,1,0,Model Color,Acrylic Paint,VAL_MODEL_COLOR_REFLECTIVE_GREEN,,#496244,"73,98,68",VAL_MODEL_COLOR_REFLECTIVE_GREEN,No action needed.
vallejo|refractive green,Vallejo,Refractive Green,COMPLETE,1,1,0,Model Color,Acrylic paint,VAL_MODEL_COLOR_REFRACTIVE_GREEN,,#3B453C,"59,69,60",VAL_MODEL_COLOR_REFRACTIVE_GREEN,No action needed.
vallejo|rich gold,Vallejo,Rich Gold,COMPLETE,1,1,0,Model Color,Acrylic paint,VAL_MODEL_COLOR_RICH_GOLD,,#866D45,"134,109,69",VAL_MODEL_COLOR_RICH_GOLD,No action needed.
vallejo|rosy flesh,Vallejo,Rosy Flesh,COMPLETE,1,1,0,Game Color,Acrylic paint,VAL_GAME_COLOR_ROSY_FLESH,,#F89E84,"248,158,132",VAL_GAME_COLOR_ROSY_FLESH,No action needed.
vallejo|rotten flesh,Vallejo,Rotten Flesh,COMPLETE,1,1,0,Xpress Color,Contrast-style acrylic,VAL_XPRESS_COLOR_ROTTEN_FLESH,,#554622,"85,70,34",VAL_XPRESS_COLOR_ROTTEN_FLESH,No action needed.
vallejo|royal blue,Vallejo,Royal Blue,COMPLETE,1,1,0,Model Color,Acrylic Paint,VAL_MODEL_COLOR_ROYAL_BLUE,,#41558D,"65,85,141",VAL_MODEL_COLOR_ROYAL_BLUE,No action needed.
vallejo|royal purple,Vallejo,Royal Purple,COMPLETE,2,2,0,Game Color | Model Color,Acrylic Paint,VAL_GAME_COLOR_ROYAL_PURPLE | VAL_MODEL_COLOR_ROYAL_PURPLE,,#4B2967,"75,41,103",VAL_GAME_COLOR_ROYAL_PURPLE,No action needed.
vallejo|russian green,Vallejo,Russian Green,COMPLETE,1,1,0,Model Air,Acrylic Paint,VAL_MODEL_AIR_RUSSIAN_GREEN,,#313B3D,"49,59,61",VAL_MODEL_AIR_RUSSIAN_GREEN,No action needed.
vallejo|russian unif wwii,Vallejo,Russian Unif. WWII,COMPLETE,1,1,0,Model Color,Acrylic paint,VAL_MODEL_COLOR_RUSSIAN_UNIF_WWII,,#444D48,"68,77,72",VAL_MODEL_COLOR_RUSSIAN_UNIF_WWII,No action needed.
vallejo|russian uniform,Vallejo,Russian Uniform,COMPLETE,1,1,0,Model Color,Acrylic Paint,VAL_MODEL_COLOR_RUSSIAN_UNIFORM,,#7C8286,"124,130,134",VAL_MODEL_COLOR_RUSSIAN_UNIFORM,No action needed.
vallejo|rust,Vallejo,Rust,COMPLETE,3,3,0,Game Color | Game Color Special FX | Model Air,Acrylic Paint | Acrylic airbrush paint | Effect,VAL_GAME_COLOR_RUST | VAL_GAME_COLOR_SPECIAL_FX_RUST | VAL_MODEL_AIR_RUST,,#70574F,"112,87,79",VAL_GAME_COLOR_RUST,No action needed.
vallejo|rust metallic,Vallejo,Rust Metallic,COMPLETE,1,1,0,Model Air,Acrylic Paint,VAL_MODEL_AIR_RUST_METALLIC,,#73372D,"115,55,45",VAL_MODEL_AIR_RUST_METALLIC,No action needed.
vallejo|saddle brown,Vallejo,Saddle Brown,COMPLETE,1,1,0,Model Color,Acrylic paint,VAL_MODEL_COLOR_SADDLE_BROWN,,#89584F,"137,88,79",VAL_MODEL_COLOR_SADDLE_BROWN,No action needed.
vallejo|salmon rose,Vallejo,Salmon Rose,COMPLETE,1,1,0,Model Color,Acrylic paint,VAL_MODEL_COLOR_SALMON_ROSE,,#F89D87,"248,157,135",VAL_MODEL_COLOR_SALMON_ROSE,No action needed.
vallejo|sand,Vallejo,Sand,COMPLETE,1,1,0,Model Air,Acrylic Paint,VAL_MODEL_AIR_SAND,,#9C8855,"156,136,85",VAL_MODEL_AIR_SAND,No action needed.
vallejo|sand brown,Vallejo,Sand Brown,COMPLETE,1,1,0,Model Air,Acrylic airbrush paint,VAL_MODEL_AIR_SAND_BROWN,,#764823,"118,72,35",VAL_MODEL_AIR_SAND_BROWN,No action needed.
vallejo|sand yellow,Vallejo,Sand Yellow,COMPLETE,2,2,0,Model Air | Model Color,Acrylic Paint | Acrylic paint,VAL_MODEL_AIR_SAND_YELLOW | VAL_MODEL_COLOR_SAND_YELLOW,,#D7BF75,"215,191,117",VAL_MODEL_AIR_SAND_YELLOW,No action needed.
vallejo|sand yellow rlm79,Vallejo,Sand Yellow RLM79,COMPLETE,1,1,0,Model Air,Acrylic airbrush paint,VAL_MODEL_AIR_SAND_YELLOW_RLM79,,#764823,"118,72,35",VAL_MODEL_AIR_SAND_YELLOW_RLM79,No action needed.
vallejo|sandy brown,Vallejo,Sandy Brown,COMPLETE,1,1,0,Model Air,Acrylic Paint,VAL_MODEL_AIR_SANDY_BROWN,,#764823,"118,72,35",VAL_MODEL_AIR_SANDY_BROWN,No action needed.
vallejo|scarlet,Vallejo,Scarlet,COMPLETE,1,1,0,Model Color,Acrylic Paint,VAL_MODEL_COLOR_SCARLET,,#DA3630,"218,54,48",VAL_MODEL_COLOR_SCARLET,No action needed.
vallejo|scarlet blood,Vallejo,Scarlet Blood,COMPLETE,1,1,0,Game Color,Acrylic paint,VAL_GAME_COLOR_SCARLET_BLOOD,,#AA3037,"170,48,55",VAL_GAME_COLOR_SCARLET_BLOOD,No action needed.
vallejo|scarlet red,Vallejo,Scarlet Red,COMPLETE,2,2,0,Game Color | Model Air,Acrylic Paint | Acrylic paint,VAL_GAME_COLOR_SCARLET_RED | VAL_MODEL_AIR_SCARLET_RED,,#741330,"116,19,48",VAL_GAME_COLOR_SCARLET_RED,No action needed.
vallejo|scarlett red,Vallejo,Scarlett Red,COMPLETE,1,1,0,Game Color,Acrylic Paint,VAL_GAME_COLOR_SCARLETT_RED,,#990033,"153,0,51",VAL_GAME_COLOR_SCARLETT_RED,No action needed.
vallejo|scorpy green,Vallejo,Scorpy Green,COMPLETE,1,1,0,Game Color,Acrylic Paint,VAL_GAME_COLOR_SCORPY_GREEN,,#069B7D,"6,155,125",VAL_GAME_COLOR_SCORPY_GREEN,No action needed.
vallejo|scrofulous brown,Vallejo,Scrofulous Brown,COMPLETE,1,1,0,Game Color,Acrylic Paint,VAL_GAME_COLOR_SCROFULOUS_BROWN,,#D68030,"214,128,48",VAL_GAME_COLOR_SCROFULOUS_BROWN,No action needed.
vallejo|scurf green,Vallejo,Scurf Green,COMPLETE,1,1,0,Game Color,Acrylic Paint,VAL_GAME_COLOR_SCURF_GREEN,,#026B67,"2,107,103",VAL_GAME_COLOR_SCURF_GREEN,No action needed.
vallejo|scurvy green,Vallejo,Scurvy Green,COMPLETE,1,1,0,Game Color,Acrylic paint,VAL_GAME_COLOR_SCURVY_GREEN,,#09474E,"9,71,78",VAL_GAME_COLOR_SCURVY_GREEN,No action needed.
vallejo|sepia,Vallejo,Sepia,COMPLETE,2,2,0,Game Color Ink | Game Color Wash,Ink | Wash,VAL_GAME_COLOR_INK_SEPIA | VAL_GAME_COLOR_WASH_SEPIA,,#332512,"51,37,18",VAL_GAME_COLOR_INK_SEPIA,No action needed.
vallejo|sepia wash,Vallejo,Sepia Wash,COMPLETE,1,1,0,Game Color,Acrylic Paint,VAL_GAME_COLOR_SEPIA_WASH,,#968266,"150,130,102",VAL_GAME_COLOR_SEPIA_WASH,No action needed.
vallejo|seraph red,Vallejo,Seraph Red,COMPLETE,1,1,0,Xpress Color,Contrast-style acrylic,VAL_XPRESS_COLOR_SERAPH_RED,,#541F14,"84,31,20",VAL_XPRESS_COLOR_SERAPH_RED,No action needed.
vallejo|sick blue,Vallejo,Sick Blue,COMPLETE,1,1,0,Game Color,Acrylic Paint,VAL_GAME_COLOR_SICK_BLUE,,#412A7A,"65,42,122",VAL_GAME_COLOR_SICK_BLUE,No action needed.
vallejo|sick green,Vallejo,Sick Green,COMPLETE,1,1,0,Game Color,Acrylic Paint,VAL_GAME_COLOR_SICK_GREEN,,#096638,"9,102,56",VAL_GAME_COLOR_SICK_GREEN,No action needed.
vallejo|signal blue,Vallejo,Signal Blue,COMPLETE,1,1,0,Model Air,Acrylic airbrush paint,VAL_MODEL_AIR_SIGNAL_BLUE,,#293340,"41,51,64",VAL_MODEL_AIR_SIGNAL_BLUE,No action needed.
vallejo|silver,Vallejo,Silver,COMPLETE,4,4,0,Game Color | Game Color Metallic | Model Air | Model Color,Acrylic Paint | Metallic,VAL_GAME_COLOR_METALLIC_SILVER | VAL_GAME_COLOR_SILVER | VAL_MODEL_AIR_SILVER | VAL_MODEL_COLOR_SILVER,,#B0B9B8,"176,185,184",VAL_GAME_COLOR_SILVER,No action needed.
vallejo|silver grey,Vallejo,Silver Grey,COMPLETE,1,1,0,Model Color,Acrylic paint,VAL_MODEL_COLOR_SILVER_GREY,,#D8DFD5,"216,223,213",VAL_MODEL_COLOR_SILVER_GREY,No action needed.
vallejo|silver rlm01 metallic,Vallejo,Silver RLM01 (Metallic),COMPLETE,1,1,0,Model Air,Acrylic airbrush paint,VAL_MODEL_AIR_SILVER_RLM01_METALLIC,,#7B737B,"123,115,123",VAL_MODEL_AIR_SILVER_RLM01_METALLIC,No action needed.
vallejo|silvergrey,Vallejo,Silvergrey,COMPLETE,1,1,0,Model Color,Acrylic Paint,VAL_MODEL_COLOR_SILVERGREY,,#CDCDC1,"205,205,193",VAL_MODEL_COLOR_SILVERGREY,No action needed.
vallejo|skin,Vallejo,Skin,COMPLETE,1,1,0,Game Color Ink,Ink,VAL_GAME_COLOR_INK_SKIN,,#442018,"68,32,24",VAL_GAME_COLOR_INK_SKIN,No action needed.
vallejo|skin tone,Vallejo,Skin Tone,COMPLETE,2,2,0,Game Color Ink | Model Air,Acrylic Paint | Ink,VAL_GAME_COLOR_INK_SKIN_TONE | VAL_MODEL_AIR_SKIN_TONE,,#E3AB84,"227,171,132",VAL_GAME_COLOR_INK_SKIN_TONE,No action needed.
vallejo|sky blue,Vallejo,Sky Blue,COMPLETE,1,1,0,Model Color,Acrylic Paint,VAL_MODEL_COLOR_SKY_BLUE,,#86D6F7,"134,214,247",VAL_MODEL_COLOR_SKY_BLUE,No action needed.
vallejo|sky blue grey,Vallejo,Sky Blue Grey,COMPLETE,1,1,0,Model Color,Acrylic Paint,VAL_MODEL_COLOR_SKY_BLUE_GREY,,#96A5A9,"150,165,169",VAL_MODEL_COLOR_SKY_BLUE_GREY,No action needed.
vallejo|sky grey,Vallejo,Sky Grey,COMPLETE,2,2,0,Model Air | Model Color,Acrylic airbrush paint | Acrylic paint,VAL_MODEL_AIR_SKY_GREY | VAL_MODEL_COLOR_SKY_GREY,,#B3B6B2,"179,182,178",VAL_MODEL_AIR_SKY_GREY,No action needed.
vallejo|smoke,Vallejo,Smoke,COMPLETE,1,1,0,Model Color,Acrylic Paint,VAL_MODEL_COLOR_SMOKE,,#5C4844,"92,72,68",VAL_MODEL_COLOR_SMOKE,No action needed.
vallejo|smoke ink,Vallejo,Smoke Ink,COMPLETE,1,1,0,Model Color,Acrylic paint,VAL_MODEL_COLOR_SMOKE_INK,,#5C4844,"92,72,68",VAL_MODEL_COLOR_SMOKE_INK,No action needed.
vallejo|snake green,Vallejo,Snake Green,COMPLETE,1,1,0,Xpress Color,Contrast-style acrylic,VAL_XPRESS_COLOR_SNAKE_GREEN,,#2C6B44,"44,107,68",VAL_XPRESS_COLOR_SNAKE_GREEN,No action needed.
vallejo|sombre grey,Vallejo,Sombre Grey,COMPLETE,1,1,0,Game Color,Acrylic paint,VAL_GAME_COLOR_SOMBRE_GREY,,#4C5C7D,"76,92,125",VAL_GAME_COLOR_SOMBRE_GREY,No action needed.
vallejo|space grey,Vallejo,Space Grey,COMPLETE,1,1,0,Xpress Color,Contrast-style acrylic,VAL_XPRESS_COLOR_SPACE_GREY,,#6C7480,"108,116,128",VAL_XPRESS_COLOR_SPACE_GREY,No action needed.
vallejo|splinter green,Vallejo,Splinter Green,COMPLETE,1,1,0,Model Color,Acrylic paint,VAL_MODEL_COLOR_SPLINTER_GREEN,,#446441,"68,100,65",VAL_MODEL_COLOR_SPLINTER_GREEN,No action needed.
vallejo|squid pink,Vallejo,Squid Pink,COMPLETE,1,1,0,Game Color,Acrylic Paint,VAL_GAME_COLOR_SQUID_PINK,,#DA7FB5,"218,127,181",VAL_GAME_COLOR_SQUID_PINK,No action needed.
vallejo|starship steel,Vallejo,Starship Steel,COMPLETE,1,1,0,Xpress Color,Contrast-style acrylic,VAL_XPRESS_COLOR_STARSHIP_STEEL,,#2D4F53,"45,79,83",VAL_XPRESS_COLOR_STARSHIP_STEEL,No action needed.
vallejo|steel,Vallejo,Steel,COMPLETE,1,1,0,Model Air,Acrylic Paint,VAL_MODEL_AIR_STEEL,,#7B737B,"123,115,123",VAL_MODEL_AIR_STEEL,No action needed.
vallejo|steel grey,Vallejo,Steel Grey,COMPLETE,1,1,0,Game Color,Acrylic paint,VAL_GAME_COLOR_STEEL_GREY,,#64889D,"100,136,157",VAL_GAME_COLOR_STEEL_GREY,No action needed.
vallejo|stone grey,Vallejo,Stone Grey,COMPLETE,1,1,0,Model Color,Acrylic paint,VAL_MODEL_COLOR_STONE_GREY,,#959980,"149,153,128",VAL_MODEL_COLOR_STONE_GREY,No action needed.
vallejo|stonewall grey,Vallejo,Stonewall Grey,COMPLETE,1,1,0,Game Color,Acrylic Paint,VAL_GAME_COLOR_STONEWALL_GREY,,#828E95,"130,142,149",VAL_GAME_COLOR_STONEWALL_GREY,No action needed.
vallejo|storm blue,Vallejo,Storm Blue,COMPLETE,1,1,0,Xpress Color,Contrast-style acrylic,VAL_XPRESS_COLOR_STORM_BLUE,,#1E3F78,"30,63,120",VAL_XPRESS_COLOR_STORM_BLUE,No action needed.
vallejo|stormy blue,Vallejo,Stormy Blue,COMPLETE,1,1,0,Game Color,Acrylic Paint,VAL_GAME_COLOR_STORMY_BLUE,,#27357E,"39,53,126",VAL_GAME_COLOR_STORMY_BLUE,No action needed.
vallejo|succubus skin,Vallejo,Succubus Skin,COMPLETE,1,1,0,Game Color,Acrylic paint,VAL_GAME_COLOR_SUCCUBUS_SKIN,,#73413A,"115,65,58",VAL_GAME_COLOR_SUCCUBUS_SKIN,No action needed.
vallejo|sun yellow,Vallejo,Sun Yellow,COMPLETE,1,1,0,Game Color,Acrylic paint,VAL_GAME_COLOR_SUN_YELLOW,,#FFCF07,"255,207,7",VAL_GAME_COLOR_SUN_YELLOW,No action needed.
vallejo|sunblast yellow,Vallejo,Sunblast Yellow,COMPLETE,1,1,0,Game Color,Acrylic Paint,VAL_GAME_COLOR_SUNBLAST_YELLOW,,#FFE700,"255,231,0",VAL_GAME_COLOR_SUNBLAST_YELLOW,No action needed.
vallejo|sunny skin tone,Vallejo,Sunny Skin Tone,COMPLETE,1,1,0,Model Color,Acrylic paint,VAL_MODEL_COLOR_SUNNY_SKIN_TONE,,#E0A46F,"224,164,111",VAL_MODEL_COLOR_SUNNY_SKIN_TONE,No action needed.
vallejo|sunrise blue,Vallejo,Sunrise Blue,COMPLETE,1,1,0,Game Color,Acrylic paint,VAL_GAME_COLOR_SUNRISE_BLUE,,#5FB8E0,"95,184,224",VAL_GAME_COLOR_SUNRISE_BLUE,No action needed.
vallejo|sunset orange,Vallejo,Sunset Orange,COMPLETE,1,1,0,Game Color,Acrylic paint,VAL_GAME_COLOR_SUNSET_ORANGE,,#F08231,"240,130,49",VAL_GAME_COLOR_SUNSET_ORANGE,No action needed.
vallejo|sunset red,Vallejo,Sunset Red,COMPLETE,1,1,0,Model Color,Acrylic paint,VAL_MODEL_COLOR_SUNSET_RED,,#C22C5F,"194,44,95",VAL_MODEL_COLOR_SUNSET_RED,No action needed.
vallejo|tan,Vallejo,Tan,COMPLETE,1,1,0,Game Color,Acrylic Paint,VAL_GAME_COLOR_TAN,,#A95C3E,"169,92,62",VAL_GAME_COLOR_TAN,No action needed.
vallejo|tan earth,Vallejo,Tan Earth,COMPLETE,1,1,0,Model Color,Acrylic paint,VAL_MODEL_COLOR_TAN_EARTH,,#9C7962,"156,121,98",VAL_MODEL_COLOR_TAN_EARTH,No action needed.
vallejo|tank brown,Vallejo,Tank Brown,COMPLETE,1,1,0,Model Air,Acrylic Paint,VAL_MODEL_AIR_TANK_BROWN,,#390008,"57,0,8",VAL_MODEL_AIR_TANK_BROWN,No action needed.
vallejo|tank green,Vallejo,Tank Green,COMPLETE,1,1,0,Model Air,Acrylic Paint,VAL_MODEL_AIR_TANK_GREEN,,#083C2A,"8,60,42",VAL_MODEL_AIR_TANK_GREEN,No action needed.
vallejo|tanned skin,Vallejo,Tanned Skin,COMPLETE,1,1,0,Xpress Color,Contrast-style acrylic,VAL_XPRESS_COLOR_TANNED_SKIN,,#502722,"80,39,34",VAL_XPRESS_COLOR_TANNED_SKIN,No action needed.
vallejo|templar white,Vallejo,Templar White,COMPLETE,1,1,0,Xpress Color,Contrast-style acrylic,VAL_XPRESS_COLOR_TEMPLAR_WHITE,,#F4F4F6,"244,244,246",VAL_XPRESS_COLOR_TEMPLAR_WHITE,No action needed.
vallejo|terracotta,Vallejo,Terracotta,COMPLETE,1,1,0,Game Color,Acrylic Paint,VAL_GAME_COLOR_TERRACOTTA,,#793721,"121,55,33",VAL_GAME_COLOR_TERRACOTTA,No action needed.
vallejo|thick blood,Vallejo,Thick Blood,COMPLETE,2,2,0,Game Color | Game Color Special FX,Acrylic Paint | Effect,VAL_GAME_COLOR_SPECIAL_FX_THICK_BLOOD | VAL_GAME_COLOR_THICK_BLOOD,,#99483A,"153,72,58",VAL_GAME_COLOR_THICK_BLOOD,No action needed.
vallejo|tinny tin,Vallejo,Tinny Tin,COMPLETE,1,1,0,Game Color,Acrylic paint,VAL_GAME_COLOR_TINNY_TIN,,#393121,"57,49,33",VAL_GAME_COLOR_TINNY_TIN,No action needed.
vallejo|toxic yellow,Vallejo,Toxic Yellow,COMPLETE,1,1,0,Game Color,Acrylic paint,VAL_GAME_COLOR_TOXIC_YELLOW,,#E2C339,"226,195,57",VAL_GAME_COLOR_TOXIC_YELLOW,No action needed.
vallejo|transparent blue,Vallejo,Transparent Blue,COMPLETE,1,1,0,Model Color,Acrylic Paint,VAL_MODEL_COLOR_TRANSPARENT_BLUE,,#27357E,"39,53,126",VAL_MODEL_COLOR_TRANSPARENT_BLUE,No action needed.
vallejo|transparent green,Vallejo,Transparent Green,COMPLETE,1,1,0,Model Color,Acrylic Paint,VAL_MODEL_COLOR_TRANSPARENT_GREEN,,#8BB36A,"139,179,106",VAL_MODEL_COLOR_TRANSPARENT_GREEN,No action needed.
vallejo|transparent orange,Vallejo,Transparent Orange,COMPLETE,1,1,0,Model Color,Acrylic Paint,VAL_MODEL_COLOR_TRANSPARENT_ORANGE,,#F1552C,"241,85,44",VAL_MODEL_COLOR_TRANSPARENT_ORANGE,No action needed.
vallejo|transparent red,Vallejo,Transparent Red,COMPLETE,1,1,0,Model Color,Acrylic Paint,VAL_MODEL_COLOR_TRANSPARENT_RED,,#91323A,"145,50,58",VAL_MODEL_COLOR_TRANSPARENT_RED,No action needed.
vallejo|troll green,Vallejo,Troll Green,COMPLETE,1,1,0,Xpress Color,Contrast-style acrylic,VAL_XPRESS_COLOR_TROLL_GREEN,,#3D782D,"61,120,45",VAL_XPRESS_COLOR_TROLL_GREEN,No action needed.
vallejo|turn signal red,Vallejo,Turn Signal Red,COMPLETE,1,1,0,Model Air,Acrylic Paint,VAL_MODEL_AIR_TURN_SIGNAL_RED,,#A24A46,"162,74,70",VAL_MODEL_AIR_TURN_SIGNAL_RED,No action needed.
vallejo|turquesa,Vallejo,Turquesa,COMPLETE,1,1,0,Model Color,Acrylic Paint,VAL_MODEL_COLOR_TURQUESA,,#3B6B82,"59,107,130",VAL_MODEL_COLOR_TURQUESA,No action needed.
vallejo|turquoise,Vallejo,Turquoise,COMPLETE,2,2,0,Game Color | Model Color,Acrylic paint,VAL_GAME_COLOR_TURQUOISE | VAL_MODEL_COLOR_TURQUOISE,,#03676F,"3,103,111",VAL_GAME_COLOR_TURQUOISE,No action needed.
vallejo|twilight rose,Vallejo,Twilight Rose,COMPLETE,1,1,0,Xpress Color,Contrast-style acrylic,VAL_XPRESS_COLOR_TWILIGHT_ROSE,,#44283A,"68,40,58",VAL_XPRESS_COLOR_TWILIGHT_ROSE,No action needed.
vallejo|uk azure,Vallejo,UK Azure,COMPLETE,1,1,0,Model Air,Acrylic Paint,VAL_MODEL_AIR_UK_AZURE,,#6B9CCE,"107,156,206",VAL_MODEL_AIR_UK_AZURE,No action needed.
vallejo|uk azure blue,Vallejo,UK Azure Blue,COMPLETE,1,1,0,Model Air,Acrylic airbrush paint,VAL_MODEL_AIR_UK_AZURE_BLUE,,#6B9CCE,"107,156,206",VAL_MODEL_AIR_UK_AZURE_BLUE,No action needed.
vallejo|uk bsc 49 light purple brown,Vallejo,UK BSC 49 Light Purple Brown,COMPLETE,1,1,0,Model Air,Acrylic airbrush paint,VAL_MODEL_AIR_UK_BSC_49_LIGHT_PURPLE_BROWN,,#663300,"102,51,0",VAL_MODEL_AIR_UK_BSC_49_LIGHT_PURPLE_BROWN,No action needed.
vallejo|uk bsc 64 portland stone,Vallejo,UK BSC 64 Portland Stone,COMPLETE,1,1,0,Model Air,Acrylic airbrush paint,VAL_MODEL_AIR_UK_BSC_64_PORTLAND_STONE,,#D2CA9F,"210,202,159",VAL_MODEL_AIR_UK_BSC_64_PORTLAND_STONE,No action needed.
vallejo|uk ext dk sea grey,Vallejo,UK Ext DK Sea Grey,COMPLETE,1,1,0,Model Air,Acrylic Paint,VAL_MODEL_AIR_UK_EXT_DK_SEA_GREY,,#56595D,"86,89,93",VAL_MODEL_AIR_UK_EXT_DK_SEA_GREY,No action needed.
vallejo|uk light mud,Vallejo,UK Light Mud,COMPLETE,1,1,0,Model Air,Acrylic airbrush paint,VAL_MODEL_AIR_UK_LIGHT_MUD,,#857E70,"133,126,112",VAL_MODEL_AIR_UK_LIGHT_MUD,No action needed.
vallejo|uk mediterranean blue,Vallejo,UK Mediterranean Blue,COMPLETE,1,1,0,Model Air,Acrylic Paint,VAL_MODEL_AIR_UK_MEDITERRANEAN_BLUE,,#436872,"67,104,114",VAL_MODEL_AIR_UK_MEDITERRANEAN_BLUE,No action needed.
vallejo|uk pru blue,Vallejo,UK P.R.U. Blue,COMPLETE,1,1,0,Model Air,Acrylic Paint,VAL_MODEL_AIR_UK_P_R_U_BLUE,,#6B9CCE,"107,156,206",VAL_MODEL_AIR_UK_P_R_U_BLUE,No action needed.
vallejo|us blue grey,Vallejo,US Blue Grey,COMPLETE,1,1,0,Model Air,Acrylic Paint,VAL_MODEL_AIR_US_BLUE_GREY,,#708989,"112,137,137",VAL_MODEL_AIR_US_BLUE_GREY,No action needed.
vallejo|us dark green,Vallejo,US Dark Green,COMPLETE,2,2,0,Model Air | Model Color,Acrylic airbrush paint | Acrylic paint,VAL_MODEL_AIR_US_DARK_GREEN | VAL_MODEL_COLOR_US_DARK_GREEN,,#5B6955,"91,105,85",VAL_MODEL_AIR_US_DARK_GREEN,No action needed.
vallejo|us desert armour 686,Vallejo,US Desert Armour 686,COMPLETE,1,1,0,Model Air,Acrylic airbrush paint,VAL_MODEL_AIR_US_DESERT_ARMOUR_686,,#AE9A80,"174,154,128",VAL_MODEL_AIR_US_DESERT_ARMOUR_686,No action needed.
vallejo|us desert sand,Vallejo,US Desert Sand,COMPLETE,1,1,0,Model Air,Acrylic airbrush paint,VAL_MODEL_AIR_US_DESERT_SAND,,#9C8855,"156,136,85",VAL_MODEL_AIR_US_DESERT_SAND,No action needed.
vallejo|us earth brown,Vallejo,US Earth Brown,COMPLETE,1,1,0,Model Air,Acrylic airbrush paint,VAL_MODEL_AIR_US_EARTH_BROWN,,#764823,"118,72,35",VAL_MODEL_AIR_US_EARTH_BROWN,No action needed.
vallejo|us earth red,Vallejo,US Earth Red,COMPLETE,1,1,0,Model Air,Acrylic airbrush paint,VAL_MODEL_AIR_US_EARTH_RED,,#663300,"102,51,0",VAL_MODEL_AIR_US_EARTH_RED,No action needed.
vallejo|us earth yellow,Vallejo,US Earth Yellow,COMPLETE,1,1,0,Model Air,Acrylic airbrush paint,VAL_MODEL_AIR_US_EARTH_YELLOW,,#9C8855,"156,136,85",VAL_MODEL_AIR_US_EARTH_YELLOW,No action needed.
vallejo|us field drab,Vallejo,US Field Drab,COMPLETE,2,2,0,Model Air | Model Color,Acrylic airbrush paint | Acrylic paint,VAL_MODEL_AIR_US_FIELD_DRAB | VAL_MODEL_COLOR_US_FIELD_DRAB,,#705D43,"112,93,67",VAL_MODEL_AIR_US_FIELD_DRAB,No action needed.
vallejo|us flat brown,Vallejo,US Flat Brown,COMPLETE,1,1,0,Model Air,Acrylic Paint,VAL_MODEL_AIR_US_FLAT_BROWN,,#896747,"137,103,71",VAL_MODEL_AIR_US_FLAT_BROWN,No action needed.
vallejo|us forest green,Vallejo,US Forest Green,COMPLETE,1,1,0,Model Air,Acrylic airbrush paint,VAL_MODEL_AIR_US_FOREST_GREEN,,#083C2A,"8,60,42",VAL_MODEL_AIR_US_FOREST_GREEN,No action needed.
vallejo|us grey,Vallejo,US Grey,COMPLETE,1,1,0,Model Air,Acrylic Paint,VAL_MODEL_AIR_US_GREY,,#436872,"67,104,114",VAL_MODEL_AIR_US_GREY,No action needed.
vallejo|us grey light,Vallejo,US Grey Light,COMPLETE,1,1,0,Model Air,Acrylic Paint,VAL_MODEL_AIR_US_GREY_LIGHT,,#909482,"144,148,130",VAL_MODEL_AIR_US_GREY_LIGHT,No action needed.
vallejo|us interior yellow,Vallejo,US Interior Yellow,COMPLETE,1,1,0,Model Air,Acrylic airbrush paint,VAL_MODEL_AIR_US_INTERIOR_YELLOW,,#DBC58E,"219,197,142",VAL_MODEL_AIR_US_INTERIOR_YELLOW,No action needed.
vallejo|us intermediate blue,Vallejo,US Intermediate Blue,COMPLETE,1,1,0,Model Air,Acrylic Paint,VAL_MODEL_AIR_US_INTERMEDIATE_BLUE,,#657B7B,"101,123,123",VAL_MODEL_AIR_US_INTERMEDIATE_BLUE,No action needed.
vallejo|us light green,Vallejo,US Light Green,COMPLETE,1,1,0,Model Air,Acrylic airbrush paint,VAL_MODEL_AIR_US_LIGHT_GREEN,,#A9D171,"169,209,113",VAL_MODEL_AIR_US_LIGHT_GREEN,No action needed.
vallejo|us loam,Vallejo,US Loam,COMPLETE,1,1,0,Model Air,Acrylic airbrush paint,VAL_MODEL_AIR_US_LOAM,,#083C2A,"8,60,42",VAL_MODEL_AIR_US_LOAM,No action needed.
vallejo|us olive drab,Vallejo,US Olive Drab,COMPLETE,1,1,0,Model Color,Acrylic paint,VAL_MODEL_COLOR_US_OLIVE_DRAB,,#333439,"51,52,57",VAL_MODEL_COLOR_US_OLIVE_DRAB,No action needed.
vallejo|us sand,Vallejo,US Sand,COMPLETE,1,1,0,Model Air,Acrylic airbrush paint,VAL_MODEL_AIR_US_SAND,,#9C8855,"156,136,85",VAL_MODEL_AIR_US_SAND,No action needed.
vallejo|usaf green,Vallejo,USAF Green,COMPLETE,1,1,0,Model Air,Acrylic airbrush paint,VAL_MODEL_AIR_USAF_GREEN,,#083C2A,"8,60,42",VAL_MODEL_AIR_USAF_GREEN,No action needed.
vallejo|usn sea blue,Vallejo,USN Sea Blue,COMPLETE,1,1,0,Model Air,Acrylic airbrush paint,VAL_MODEL_AIR_USN_SEA_BLUE,,#252B31,"37,43,49",VAL_MODEL_AIR_USN_SEA_BLUE,No action needed.
vallejo|ultra marine blue,Vallejo,Ultra Marine Blue,COMPLETE,1,1,0,Game Color,Acrylic Paint,VAL_GAME_COLOR_ULTRA_MARINE_BLUE,,#29397B,"41,57,123",VAL_GAME_COLOR_ULTRA_MARINE_BLUE,No action needed.
vallejo|ultramarine,Vallejo,Ultramarine,COMPLETE,1,1,0,Model Color,Acrylic Paint,VAL_MODEL_COLOR_ULTRAMARINE,,#3B5DA7,"59,93,167",VAL_MODEL_COLOR_ULTRAMARINE,No action needed.
vallejo|ultramarine blue,Vallejo,Ultramarine Blue,COMPLETE,1,1,0,Game Color,Acrylic paint,VAL_GAME_COLOR_ULTRAMARINE_BLUE,,#29397B,"41,57,123",VAL_GAME_COLOR_ULTRAMARINE_BLUE,No action needed.
vallejo|umber,Vallejo,Umber,COMPLETE,1,1,0,Game Color Wash,Wash,VAL_GAME_COLOR_WASH_UMBER,,#393121,"57,49,33",VAL_GAME_COLOR_WASH_UMBER,No action needed.
vallejo|umber shade wash,Vallejo,Umber Shade Wash,COMPLETE,1,1,0,Game Color,Acrylic Paint,VAL_GAME_COLOR_UMBER_SHADE_WASH,,#393121,"57,49,33",VAL_GAME_COLOR_UMBER_SHADE_WASH,No action needed.
vallejo|umber wash,Vallejo,Umber Wash,COMPLETE,1,1,0,Game Color,Acrylic Paint,VAL_GAME_COLOR_UMBER_WASH,,#393121,"57,49,33",VAL_GAME_COLOR_UMBER_WASH,No action needed.
vallejo|uniform green,Vallejo,Uniform Green,COMPLETE,1,1,0,Model Color,Acrylic paint,VAL_MODEL_COLOR_UNIFORM_GREEN,,#577A38,"87,122,56",VAL_MODEL_COLOR_UNIFORM_GREEN,No action needed.
vallejo|vampiric purple,Vallejo,Vampiric Purple,COMPLETE,1,1,0,Xpress Color,Contrast-style acrylic,VAL_XPRESS_COLOR_VAMPIRIC_PURPLE,,#37254A,"55,37,74",VAL_XPRESS_COLOR_VAMPIRIC_PURPLE,No action needed.
vallejo|velvet red,Vallejo,Velvet Red,COMPLETE,1,1,0,Xpress Color,Contrast-style acrylic,VAL_XPRESS_COLOR_VELVET_RED,,#8B1C1C,"139,28,28",VAL_XPRESS_COLOR_VELVET_RED,No action needed.
vallejo|verdigris,Vallejo,Verdigris,COMPLETE,1,1,0,Game Color Ink,Ink,VAL_GAME_COLOR_INK_VERDIGRIS,,#B3CECA,"179,206,202",VAL_GAME_COLOR_INK_VERDIGRIS,No action needed.
vallejo|verdigris glaze,Vallejo,Verdigris Glaze,COMPLETE,1,1,0,Model Color,Acrylic Paint,VAL_MODEL_COLOR_VERDIGRIS_GLAZE,,#00A850,"0,168,80",VAL_MODEL_COLOR_VERDIGRIS_GLAZE,No action needed.
vallejo|vermilion,Vallejo,Vermilion,COMPLETE,1,1,0,Model Color,Acrylic paint,VAL_MODEL_COLOR_VERMILION,,#BA4734,"186,71,52",VAL_MODEL_COLOR_VERMILION,No action needed.
vallejo|vermillion,Vallejo,Vermillion,COMPLETE,1,1,0,Model Color,Acrylic Paint,VAL_MODEL_COLOR_VERMILLION,,#D22B2D,"210,43,45",VAL_MODEL_COLOR_VERMILLION,No action needed.
vallejo|viking grey,Vallejo,Viking Grey,COMPLETE,1,1,0,Xpress Color,Contrast-style acrylic,VAL_XPRESS_COLOR_VIKING_GREY,,#24353D,"36,53,61",VAL_XPRESS_COLOR_VIKING_GREY,No action needed.
vallejo|violet,Vallejo,Violet,COMPLETE,3,3,0,Game Color Ink | Game Color Wash | Model Color,Acrylic Paint | Ink | Wash,VAL_GAME_COLOR_INK_VIOLET | VAL_GAME_COLOR_WASH_VIOLET | VAL_MODEL_COLOR_VIOLET,,#4B2F65,"75,47,101",VAL_GAME_COLOR_INK_VIOLET,No action needed.
vallejo|violet grey,Vallejo,Violet Grey,COMPLETE,1,1,0,Model Color,Acrylic paint,VAL_MODEL_COLOR_VIOLET_GREY,,#5A5957,"90,89,87",VAL_MODEL_COLOR_VIOLET_GREY,No action needed.
vallejo|violet ink,Vallejo,Violet Ink,COMPLETE,1,1,0,Game Color,Acrylic Paint,VAL_GAME_COLOR_VIOLET_INK,,#513D3C,"81,61,60",VAL_GAME_COLOR_VIOLET_INK,No action needed.
vallejo|violet red,Vallejo,Violet Red,COMPLETE,1,1,0,Model Color,Acrylic paint,VAL_MODEL_COLOR_VIOLET_RED,,#6B2946,"107,41,70",VAL_MODEL_COLOR_VIOLET_RED,No action needed.
vallejo|violet wash,Vallejo,Violet Wash,COMPLETE,1,1,0,Game Color,Acrylic Paint,VAL_GAME_COLOR_VIOLET_WASH,,#4B2F65,"75,47,101",VAL_GAME_COLOR_VIOLET_WASH,No action needed.
vallejo|vomit,Vallejo,Vomit,COMPLETE,2,2,0,Game Color | Game Color Special FX,Acrylic Paint | Effect,VAL_GAME_COLOR_SPECIAL_FX_VOMIT | VAL_GAME_COLOR_VOMIT,,#F6AB2A,"246,171,42",VAL_GAME_COLOR_VOMIT,No action needed.
vallejo|wwii luftwaffe uniform,Vallejo,WWII Luftwaffe Uniform,COMPLETE,1,1,0,Model Color,Acrylic Paint,VAL_MODEL_COLOR_WWII_LUFTWAFFE_UNIFORM,,#2D3035,"45,48,53",VAL_MODEL_COLOR_WWII_LUFTWAFFE_UNIFORM,No action needed.
vallejo|wagram blue,Vallejo,Wagram Blue,COMPLETE,1,1,0,Xpress Color,Contrast-style acrylic,VAL_XPRESS_COLOR_WAGRAM_BLUE,,#133144,"19,49,68",VAL_XPRESS_COLOR_WAGRAM_BLUE,No action needed.
vallejo|warlord purple,Vallejo,Warlord Purple,COMPLETE,1,1,0,Game Color,Acrylic Paint,VAL_GAME_COLOR_WARLORD_PURPLE,,#7D1A44,"125,26,68",VAL_GAME_COLOR_WARLORD_PURPLE,No action needed.
vallejo|warm grey,Vallejo,Warm Grey,COMPLETE,1,1,0,Game Color,Acrylic paint,VAL_GAME_COLOR_WARM_GREY,,#939066,"147,144,102",VAL_GAME_COLOR_WARM_GREY,No action needed.
vallejo|wasteland brown,Vallejo,Wasteland Brown,COMPLETE,1,1,0,Xpress Color,Contrast-style acrylic,VAL_XPRESS_COLOR_WASTELAND_BROWN,,#6E442B,"110,68,43",VAL_XPRESS_COLOR_WASTELAND_BROWN,No action needed.
vallejo|white,Vallejo,White,COMPLETE,3,3,0,Game Color Ink | Model Air | Model Color,Acrylic Paint | Ink,VAL_GAME_COLOR_INK_WHITE | VAL_MODEL_AIR_WHITE | VAL_MODEL_COLOR_WHITE,,#FFFFFF,"255,255,255",VAL_GAME_COLOR_INK_WHITE,No action needed.
vallejo|white gold,Vallejo,White Gold,COMPLETE,1,1,0,Model Color,Acrylic paint,VAL_MODEL_COLOR_WHITE_GOLD,,#B5B2AD,"181,178,173",VAL_MODEL_COLOR_WHITE_GOLD,No action needed.
vallejo|white grey,Vallejo,White Grey,COMPLETE,2,2,0,Model Air | Model Color,Acrylic airbrush paint | Acrylic paint,VAL_MODEL_AIR_WHITE_GREY | VAL_MODEL_COLOR_WHITE_GREY,,#EEF1EC,"238,241,236",VAL_MODEL_AIR_WHITE_GREY,No action needed.
vallejo|white primer,Vallejo,White Primer,COMPLETE,1,1,0,Game Color,Acrylic Paint,VAL_GAME_COLOR_WHITE_PRIMER,,#FFFFFF,"255,255,255",VAL_GAME_COLOR_WHITE_PRIMER,No action needed.
vallejo|wicked purple,Vallejo,Wicked Purple,COMPLETE,1,1,0,Xpress Color,Contrast-style acrylic,VAL_XPRESS_COLOR_WICKED_PURPLE,,#4C3F43,"76,63,67",VAL_XPRESS_COLOR_WICKED_PURPLE,No action needed.
vallejo|willow bark,Vallejo,Willow Bark,COMPLETE,1,1,0,Xpress Color,Contrast-style acrylic,VAL_XPRESS_COLOR_WILLOW_BARK,,#261D19,"38,29,25",VAL_XPRESS_COLOR_WILLOW_BARK,No action needed.
vallejo|wolf grey,Vallejo,Wolf Grey,COMPLETE,1,1,0,Game Color,Acrylic Paint,VAL_GAME_COLOR_WOLF_GREY,,#5B8093,"91,128,147",VAL_GAME_COLOR_WOLF_GREY,No action needed.
vallejo|wood,Vallejo,Wood,COMPLETE,1,1,0,Model Air,Acrylic Paint,VAL_MODEL_AIR_WOOD,,#C08245,"192,130,69",VAL_MODEL_AIR_WOOD,No action needed.
vallejo|woodgrain,Vallejo,Woodgrain,COMPLETE,1,1,0,Model Color,Acrylic Paint,VAL_MODEL_COLOR_WOODGRAIN,,#664540,"102,69,64",VAL_MODEL_COLOR_WOODGRAIN,No action needed.
vallejo|yellow,Vallejo,Yellow,COMPLETE,3,3,0,Game Color Ink | Game Color Wash | Model Air,Acrylic Paint | Ink | Wash,VAL_GAME_COLOR_INK_YELLOW | VAL_GAME_COLOR_WASH_YELLOW | VAL_MODEL_AIR_YELLOW,,#E4E566,"228,229,102",VAL_GAME_COLOR_INK_YELLOW,No action needed.
vallejo|yellow fluo,Vallejo,Yellow Fluo,COMPLETE,1,1,0,Model Color,Acrylic Paint,VAL_MODEL_COLOR_YELLOW_FLUO,,#E4E566,"228,229,102",VAL_MODEL_COLOR_YELLOW_FLUO,No action needed.
vallejo|yellow green,Vallejo,Yellow Green,COMPLETE,1,1,0,Model Color,Acrylic Paint,VAL_MODEL_COLOR_YELLOW_GREEN,,#A9D171,"169,209,113",VAL_MODEL_COLOR_YELLOW_GREEN,No action needed.
vallejo|yellow lazure rlm 05,Vallejo,Yellow Lazure RLM 05,COMPLETE,1,1,0,Model Air,Acrylic Paint,VAL_MODEL_AIR_YELLOW_LAZURE_RLM_05,,#E7EFC6,"231,239,198",VAL_MODEL_AIR_YELLOW_LAZURE_RLM_05,No action needed.
vallejo|yellow ochre,Vallejo,Yellow Ochre,COMPLETE,2,2,0,Model Air | Model Color,Acrylic Paint | Acrylic airbrush paint,VAL_MODEL_AIR_YELLOW_OCHRE | VAL_MODEL_COLOR_YELLOW_OCHRE,,#C19448,"193,148,72",VAL_MODEL_AIR_YELLOW_OCHRE,No action needed.
vallejo|yellow olive,Vallejo,Yellow Olive,COMPLETE,2,2,0,Model Air | Model Color,Acrylic Paint | Acrylic paint,VAL_MODEL_AIR_YELLOW_OLIVE | VAL_MODEL_COLOR_YELLOW_OLIVE,,#063B2F,"6,59,47",VAL_MODEL_AIR_YELLOW_OLIVE,No action needed.
vallejo|yellow rlm04,Vallejo,Yellow RLM04,COMPLETE,1,1,0,Model Air,Acrylic airbrush paint,VAL_MODEL_AIR_YELLOW_RLM04,,#FFE700,"255,231,0",VAL_MODEL_AIR_YELLOW_RLM04,No action needed.
vallejo|zombie flesh,Vallejo,Zombie Flesh,COMPLETE,1,1,0,Xpress Color,Contrast-style acrylic,VAL_XPRESS_COLOR_ZOMBIE_FLESH,,#5B4640,"91,70,64",VAL_XPRESS_COLOR_ZOMBIE_FLESH,No action needed.
army painter|abyssal blue,Army Painter,Abyssal Blue,ENTIRE_CLUSTER_MISSING,1,0,1,Fanatic,Acrylic,AP_FANATIC_ABYSSAL_BLUE,AP_FANATIC_ABYSSAL_BLUE,,,,"Research this color once, then apply Hex/RGB to every row in the cluster if product lines represent the same color."
army painter|aegis aqua,Army Painter,Aegis Aqua,ENTIRE_CLUSTER_MISSING,1,0,1,Fanatic,Acrylic,AP_FANATIC_AEGIS_AQUA,AP_FANATIC_AEGIS_AQUA,,,,"Research this color once, then apply Hex/RGB to every row in the cluster if product lines represent the same color."
army painter|afterglow,Army Painter,Afterglow,ENTIRE_CLUSTER_MISSING,1,0,1,Fanatic,Acrylic,AP_FANATIC_AFTERGLOW,AP_FANATIC_AFTERGLOW,,,,"Research this color once, then apply Hex/RGB to every row in the cluster if product lines represent the same color."
army painter|agate skin,Army Painter,Agate Skin,ENTIRE_CLUSTER_MISSING,1,0,1,Fanatic,Acrylic,AP_FANATIC_AGATE_SKIN,AP_FANATIC_AGATE_SKIN,,,,"Research this color once, then apply Hex/RGB to every row in the cluster if product lines represent the same color."
army painter|airbrush cleaner,Army Painter,Airbrush Cleaner,ENTIRE_CLUSTER_MISSING,1,0,1,Air,Auxiliary,AP_AIR_AIRBRUSH_CLEANER,AP_AIR_AIRBRUSH_CLEANER,,,,"Research this color once, then apply Hex/RGB to every row in the cluster if product lines represent the same color."
army painter|airbrush medium,Army Painter,Airbrush Medium,ENTIRE_CLUSTER_MISSING,1,0,1,Air,Auxiliary,AP_AIR_AIRBRUSH_MEDIUM,AP_AIR_AIRBRUSH_MEDIUM,,,,"Research this color once, then apply Hex/RGB to every row in the cluster if product lines represent the same color."
army painter|alpha blue,Army Painter,Alpha Blue,ENTIRE_CLUSTER_MISSING,1,0,1,Fanatic,Acrylic,AP_FANATIC_ALPHA_BLUE,AP_FANATIC_ALPHA_BLUE,,,,"Research this color once, then apply Hex/RGB to every row in the cluster if product lines represent the same color."
army painter|amber skin,Army Painter,Amber Skin,ENTIRE_CLUSTER_MISSING,1,0,1,Fanatic,Acrylic,AP_FANATIC_AMBER_SKIN,AP_FANATIC_AMBER_SKIN,,,,"Research this color once, then apply Hex/RGB to every row in the cluster if product lines represent the same color."
army painter|amulet aqua,Army Painter,Amulet Aqua,ENTIRE_CLUSTER_MISSING,1,0,1,Fanatic,Acrylic,AP_FANATIC_AMULET_AQUA,AP_FANATIC_AMULET_AQUA,,,,"Research this color once, then apply Hex/RGB to every row in the cluster if product lines represent the same color."
army painter|ancient stone,Army Painter,Ancient Stone,ENTIRE_CLUSTER_MISSING,1,0,1,Fanatic,Acrylic,AP_FANATIC_ANCIENT_STONE,AP_FANATIC_ANCIENT_STONE,,,,"Research this color once, then apply Hex/RGB to every row in the cluster if product lines represent the same color."
army painter|angelic red,Army Painter,Angelic Red,ENTIRE_CLUSTER_MISSING,1,0,1,Fanatic,Acrylic,AP_FANATIC_ANGELIC_RED,AP_FANATIC_ANGELIC_RED,,,,"Research this color once, then apply Hex/RGB to every row in the cluster if product lines represent the same color."
army painter|aqua alchemy,Army Painter,Aqua Alchemy,ENTIRE_CLUSTER_MISSING,1,0,1,Fanatic,Acrylic,AP_FANATIC_AQUA_ALCHEMY,AP_FANATIC_AQUA_ALCHEMY,,,,"Research this color once, then apply Hex/RGB to every row in the cluster if product lines represent the same color."
army painter|aquamarine,Army Painter,Aquamarine,ENTIRE_CLUSTER_MISSING,1,0,1,Fanatic,Acrylic,AP_FANATIC_AQUAMARINE,AP_FANATIC_AQUAMARINE,,,,"Research this color once, then apply Hex/RGB to every row in the cluster if product lines represent the same color."
army painter|archangel red,Army Painter,Archangel Red,ENTIRE_CLUSTER_MISSING,1,0,1,Air,Air,AP_AIR_ARCHANGEL_RED,AP_AIR_ARCHANGEL_RED,,,,"Research this color once, then apply Hex/RGB to every row in the cluster if product lines represent the same color."
army painter|arctic gem,Army Painter,Arctic Gem,ENTIRE_CLUSTER_MISSING,1,0,1,Fanatic,Acrylic,AP_FANATIC_ARCTIC_GEM,AP_FANATIC_ARCTIC_GEM,,,,"Research this color once, then apply Hex/RGB to every row in the cluster if product lines represent the same color."
army painter|augur blue,Army Painter,Augur Blue,ENTIRE_CLUSTER_MISSING,1,0,1,Fanatic,Acrylic,AP_FANATIC_AUGUR_BLUE,AP_FANATIC_AUGUR_BLUE,,,,"Research this color once, then apply Hex/RGB to every row in the cluster if product lines represent the same color."
army painter|autumn sage,Army Painter,Autumn Sage,ENTIRE_CLUSTER_MISSING,1,0,1,Fanatic,Acrylic,AP_FANATIC_AUTUMN_SAGE,AP_FANATIC_AUTUMN_SAGE,,,,"Research this color once, then apply Hex/RGB to every row in the cluster if product lines represent the same color."
army painter|aztec gold,Army Painter,Aztec Gold,ENTIRE_CLUSTER_MISSING,1,0,1,Speedpaint,Speedpaint Metallic,AP_SPEEDPAINT_AZTEC_GOLD,AP_SPEEDPAINT_AZTEC_GOLD,,,,"Research this color once, then apply Hex/RGB to every row in the cluster if product lines represent the same color."
army painter|azure magic,Army Painter,Azure Magic,ENTIRE_CLUSTER_MISSING,1,0,1,Air,Air Metallic/Effect,AP_AIR_AZURE_MAGIC,AP_AIR_AZURE_MAGIC,,,,"Research this color once, then apply Hex/RGB to every row in the cluster if product lines represent the same color."
army painter|baron blue,Army Painter,Baron Blue,ENTIRE_CLUSTER_MISSING,1,0,1,Fanatic,Acrylic,AP_FANATIC_BARON_BLUE,AP_FANATIC_BARON_BLUE,,,,"Research this color once, then apply Hex/RGB to every row in the cluster if product lines represent the same color."
army painter|barren dune,Army Painter,Barren Dune,ENTIRE_CLUSTER_MISSING,1,0,1,Fanatic,Acrylic,AP_FANATIC_BARREN_DUNE,AP_FANATIC_BARREN_DUNE,,,,"Research this color once, then apply Hex/RGB to every row in the cluster if product lines represent the same color."
army painter|barren yellow,Army Painter,Barren Yellow,ENTIRE_CLUSTER_MISSING,1,0,1,Air,Air,AP_AIR_BARREN_YELLOW,AP_AIR_BARREN_YELLOW,,,,"Research this color once, then apply Hex/RGB to every row in the cluster if product lines represent the same color."
army painter|basilisk red,Army Painter,Basilisk Red,ENTIRE_CLUSTER_MISSING,1,0,1,Fanatic,Acrylic,AP_FANATIC_BASILISK_RED,AP_FANATIC_BASILISK_RED,,,,"Research this color once, then apply Hex/RGB to every row in the cluster if product lines represent the same color."
army painter|blood chalice,Army Painter,Blood Chalice,ENTIRE_CLUSTER_MISSING,1,0,1,Fanatic,Effect,AP_FANATIC_BLOOD_CHALICE,AP_FANATIC_BLOOD_CHALICE,,,,"Research this color once, then apply Hex/RGB to every row in the cluster if product lines represent the same color."
army painter|blue flux,Army Painter,Blue Flux,ENTIRE_CLUSTER_MISSING,1,0,1,Air,Air,AP_AIR_BLUE_FLUX,AP_AIR_BLUE_FLUX,,,,"Research this color once, then apply Hex/RGB to every row in the cluster if product lines represent the same color."
army painter|blue tone,Army Painter,Blue Tone,ENTIRE_CLUSTER_MISSING,1,0,1,Fanatic,Wash/Shade,AP_FANATIC_BLUE_TONE,AP_FANATIC_BLUE_TONE,,,,"Research this color once, then apply Hex/RGB to every row in the cluster if product lines represent the same color."
army painter|bogey green,Army Painter,Bogey Green,ENTIRE_CLUSTER_MISSING,1,0,1,Air,Air,AP_AIR_BOGEY_GREEN,AP_AIR_BOGEY_GREEN,,,,"Research this color once, then apply Hex/RGB to every row in the cluster if product lines represent the same color."
army painter|bony spikes,Army Painter,Bony Spikes,ENTIRE_CLUSTER_MISSING,1,0,1,Fanatic,Acrylic,AP_FANATIC_BONY_SPIKES,AP_FANATIC_BONY_SPIKES,,,,"Research this color once, then apply Hex/RGB to every row in the cluster if product lines represent the same color."
army painter|bootstrap brown,Army Painter,Bootstrap Brown,ENTIRE_CLUSTER_MISSING,1,0,1,Fanatic,Acrylic,AP_FANATIC_BOOTSTRAP_BROWN,AP_FANATIC_BOOTSTRAP_BROWN,,,,"Research this color once, then apply Hex/RGB to every row in the cluster if product lines represent the same color."
army painter|brazen copper,Army Painter,Brazen Copper,ENTIRE_CLUSTER_MISSING,1,0,1,Speedpaint,Speedpaint Metallic,AP_SPEEDPAINT_BRAZEN_COPPER,AP_SPEEDPAINT_BRAZEN_COPPER,,,,"Research this color once, then apply Hex/RGB to every row in the cluster if product lines represent the same color."
army painter|brethil blush,Army Painter,Brethil Blush,ENTIRE_CLUSTER_MISSING,1,0,1,Air,Air,AP_AIR_BRETHIL_BLUSH,AP_AIR_BRETHIL_BLUSH,,,,"Research this color once, then apply Hex/RGB to every row in the cluster if product lines represent the same color."
army painter|brigade grey,Army Painter,Brigade Grey,ENTIRE_CLUSTER_MISSING,1,0,1,Fanatic,Acrylic,AP_FANATIC_BRIGADE_GREY,AP_FANATIC_BRIGADE_GREY,,,,"Research this color once, then apply Hex/RGB to every row in the cluster if product lines represent the same color."
army painter|brigandine brown,Army Painter,Brigandine Brown,ENTIRE_CLUSTER_MISSING,1,0,1,Fanatic,Acrylic,AP_FANATIC_BRIGANDINE_BROWN,AP_FANATIC_BRIGANDINE_BROWN,,,,"Research this color once, then apply Hex/RGB to every row in the cluster if product lines represent the same color."
army painter|bright gold,Army Painter,Bright Gold,ENTIRE_CLUSTER_MISSING,2,0,2,Air | Fanatic,Air Metallic/Effect | Metallic,AP_AIR_BRIGHT_GOLD | AP_FANATIC_BRIGHT_GOLD,AP_AIR_BRIGHT_GOLD | AP_FANATIC_BRIGHT_GOLD,,,,"Research this color once, then apply Hex/RGB to every row in the cluster if product lines represent the same color."
army painter|bright sapphire,Army Painter,Bright Sapphire,ENTIRE_CLUSTER_MISSING,1,0,1,Fanatic,Acrylic,AP_FANATIC_BRIGHT_SAPPHIRE,AP_FANATIC_BRIGHT_SAPPHIRE,,,,"Research this color once, then apply Hex/RGB to every row in the cluster if product lines represent the same color."
army painter|broadsword silver,Army Painter,Broadsword Silver,ENTIRE_CLUSTER_MISSING,1,0,1,Speedpaint,Speedpaint Metallic,AP_SPEEDPAINT_BROADSWORD_SILVER,AP_SPEEDPAINT_BROADSWORD_SILVER,,,,"Research this color once, then apply Hex/RGB to every row in the cluster if product lines represent the same color."
army painter|broodmother purple,Army Painter,Broodmother Purple,ENTIRE_CLUSTER_MISSING,1,0,1,Air,Air,AP_AIR_BROODMOTHER_PURPLE,AP_AIR_BROODMOTHER_PURPLE,,,,"Research this color once, then apply Hex/RGB to every row in the cluster if product lines represent the same color."
army painter|brush on primer,Army Painter,Brush-On Primer,ENTIRE_CLUSTER_MISSING,1,0,1,Fanatic,Auxiliary,AP_FANATIC_BRUSH_ON_PRIMER,AP_FANATIC_BRUSH_ON_PRIMER,,,,"Research this color once, then apply Hex/RGB to every row in the cluster if product lines represent the same color."
army painter|buffed hide,Army Painter,Buffed Hide,ENTIRE_CLUSTER_MISSING,1,0,1,Fanatic,Acrylic,AP_FANATIC_BUFFED_HIDE,AP_FANATIC_BUFFED_HIDE,,,,"Research this color once, then apply Hex/RGB to every row in the cluster if product lines represent the same color."
army painter|bullwhack brown,Army Painter,Bullwhack Brown,ENTIRE_CLUSTER_MISSING,1,0,1,Air,Air,AP_AIR_BULLWHACK_BROWN,AP_AIR_BULLWHACK_BROWN,,,,"Research this color once, then apply Hex/RGB to every row in the cluster if product lines represent the same color."
army painter|burning ore,Army Painter,Burning Ore,ENTIRE_CLUSTER_MISSING,1,0,1,Fanatic,Acrylic,AP_FANATIC_BURNING_ORE,AP_FANATIC_BURNING_ORE,,,,"Research this color once, then apply Hex/RGB to every row in the cluster if product lines represent the same color."
army painter|burnt turf,Army Painter,Burnt Turf,ENTIRE_CLUSTER_MISSING,1,0,1,Fanatic,Acrylic,AP_FANATIC_BURNT_TURF,AP_FANATIC_BURNT_TURF,,,,"Research this color once, then apply Hex/RGB to every row in the cluster if product lines represent the same color."
army painter|cadre grey,Army Painter,Cadre Grey,ENTIRE_CLUSTER_MISSING,1,0,1,Air,Air,AP_AIR_CADRE_GREY,AP_AIR_CADRE_GREY,,,,"Research this color once, then apply Hex/RGB to every row in the cluster if product lines represent the same color."
army painter|canopy green,Army Painter,Canopy Green,ENTIRE_CLUSTER_MISSING,1,0,1,Air,Air,AP_AIR_CANOPY_GREEN,AP_AIR_CANOPY_GREEN,,,,"Research this color once, then apply Hex/RGB to every row in the cluster if product lines represent the same color."
army painter|caribbean ocean,Army Painter,Caribbean Ocean,ENTIRE_CLUSTER_MISSING,1,0,1,Speedpaint,Speedpaint,AP_SPEEDPAINT_CARIBBEAN_OCEAN,AP_SPEEDPAINT_CARIBBEAN_OCEAN,,,,"Research this color once, then apply Hex/RGB to every row in the cluster if product lines represent the same color."
army painter|carmine dragon,Army Painter,Carmine Dragon,ENTIRE_CLUSTER_MISSING,1,0,1,Speedpaint,Speedpaint,AP_SPEEDPAINT_CARMINE_DRAGON,AP_SPEEDPAINT_CARMINE_DRAGON,,,,"Research this color once, then apply Hex/RGB to every row in the cluster if product lines represent the same color."
army painter|carnelian skin,Army Painter,Carnelian Skin,ENTIRE_CLUSTER_MISSING,1,0,1,Fanatic,Acrylic,AP_FANATIC_CARNELIAN_SKIN,AP_FANATIC_CARNELIAN_SKIN,,,,"Research this color once, then apply Hex/RGB to every row in the cluster if product lines represent the same color."
army painter|charred bone,Army Painter,Charred Bone,ENTIRE_CLUSTER_MISSING,1,0,1,Air,Air,AP_AIR_CHARRED_BONE,AP_AIR_CHARRED_BONE,,,,"Research this color once, then apply Hex/RGB to every row in the cluster if product lines represent the same color."
army painter|chimera red,Army Painter,Chimera Red,ENTIRE_CLUSTER_MISSING,1,0,1,Air,Air,AP_AIR_CHIMERA_RED,AP_AIR_CHIMERA_RED,,,,"Research this color once, then apply Hex/RGB to every row in the cluster if product lines represent the same color."
army painter|cobalt metal,Army Painter,Cobalt Metal,ENTIRE_CLUSTER_MISSING,1,0,1,Fanatic,Metallic,AP_FANATIC_COBALT_METAL,AP_FANATIC_COBALT_METAL,,,,"Research this color once, then apply Hex/RGB to every row in the cluster if product lines represent the same color."
army painter|command khaki,Army Painter,Command Khaki,ENTIRE_CLUSTER_MISSING,1,0,1,Fanatic,Acrylic,AP_FANATIC_COMMAND_KHAKI,AP_FANATIC_COMMAND_KHAKI,,,,"Research this color once, then apply Hex/RGB to every row in the cluster if product lines represent the same color."
army painter|company grey,Army Painter,Company Grey,ENTIRE_CLUSTER_MISSING,1,0,1,Fanatic,Acrylic,AP_FANATIC_COMPANY_GREY,AP_FANATIC_COMPANY_GREY,,,,"Research this color once, then apply Hex/RGB to every row in the cluster if product lines represent the same color."
army painter|consul blue,Army Painter,Consul Blue,ENTIRE_CLUSTER_MISSING,1,0,1,Air,Air,AP_AIR_CONSUL_BLUE,AP_AIR_CONSUL_BLUE,,,,"Research this color once, then apply Hex/RGB to every row in the cluster if product lines represent the same color."
army painter|cosmic dust,Army Painter,Cosmic Dust,ENTIRE_CLUSTER_MISSING,1,0,1,Air,Air Metallic/Effect,AP_AIR_COSMIC_DUST,AP_AIR_COSMIC_DUST,,,,"Research this color once, then apply Hex/RGB to every row in the cluster if product lines represent the same color."
army painter|coven purple,Army Painter,Coven Purple,ENTIRE_CLUSTER_MISSING,1,0,1,Air,Air,AP_AIR_COVEN_PURPLE,AP_AIR_COVEN_PURPLE,,,,"Research this color once, then apply Hex/RGB to every row in the cluster if product lines represent the same color."
army painter|crow hue,Army Painter,Crow Hue,ENTIRE_CLUSTER_MISSING,1,0,1,Air,Air,AP_AIR_CROW_HUE,AP_AIR_CROW_HUE,,,,"Research this color once, then apply Hex/RGB to every row in the cluster if product lines represent the same color."
army painter|cultist purple,Army Painter,Cultist Purple,ENTIRE_CLUSTER_MISSING,1,0,1,Fanatic,Acrylic,AP_FANATIC_CULTIST_PURPLE,AP_FANATIC_CULTIST_PURPLE,,,,"Research this color once, then apply Hex/RGB to every row in the cluster if product lines represent the same color."
army painter|cypress brown,Army Painter,Cypress Brown,ENTIRE_CLUSTER_MISSING,1,0,1,Air,Air,AP_AIR_CYPRESS_BROWN,AP_AIR_CYPRESS_BROWN,,,,"Research this color once, then apply Hex/RGB to every row in the cluster if product lines represent the same color."
army painter|dark blue tone,Army Painter,Dark Blue Tone,ENTIRE_CLUSTER_MISSING,1,0,1,Fanatic,Wash/Shade,AP_FANATIC_DARK_BLUE_TONE,AP_FANATIC_DARK_BLUE_TONE,,,,"Research this color once, then apply Hex/RGB to every row in the cluster if product lines represent the same color."
army painter|dark emerald,Army Painter,Dark Emerald,ENTIRE_CLUSTER_MISSING,1,0,1,Fanatic,Metallic,AP_FANATIC_DARK_EMERALD,AP_FANATIC_DARK_EMERALD,,,,"Research this color once, then apply Hex/RGB to every row in the cluster if product lines represent the same color."
army painter|dark red tone,Army Painter,Dark Red Tone,ENTIRE_CLUSTER_MISSING,1,0,1,Fanatic,Wash/Shade,AP_FANATIC_DARK_RED_TONE,AP_FANATIC_DARK_RED_TONE,,,,"Research this color once, then apply Hex/RGB to every row in the cluster if product lines represent the same color."
army painter|dark rust,Army Painter,Dark Rust,ENTIRE_CLUSTER_MISSING,1,0,1,Fanatic,Effect,AP_FANATIC_DARK_RUST,AP_FANATIC_DARK_RUST,,,,"Research this color once, then apply Hex/RGB to every row in the cluster if product lines represent the same color."
army painter|dark skin shade,Army Painter,Dark Skin Shade,ENTIRE_CLUSTER_MISSING,1,0,1,Fanatic,Wash/Shade,AP_FANATIC_DARK_SKIN_SHADE,AP_FANATIC_DARK_SKIN_SHADE,,,,"Research this color once, then apply Hex/RGB to every row in the cluster if product lines represent the same color."
army painter|dark tone,Army Painter,Dark Tone,ENTIRE_CLUSTER_MISSING,1,0,1,Fanatic,Wash/Shade,AP_FANATIC_DARK_TONE,AP_FANATIC_DARK_TONE,,,,"Research this color once, then apply Hex/RGB to every row in the cluster if product lines represent the same color."
army painter|data system glow,Army Painter,Data System Glow,ENTIRE_CLUSTER_MISSING,1,0,1,Fanatic,Effect,AP_FANATIC_DATA_SYSTEM_GLOW,AP_FANATIC_DATA_SYSTEM_GLOW,,,,"Research this color once, then apply Hex/RGB to every row in the cluster if product lines represent the same color."
army painter|death metal,Army Painter,Death Metal,ENTIRE_CLUSTER_MISSING,1,0,1,Fanatic,Metallic,AP_FANATIC_DEATH_METAL,AP_FANATIC_DEATH_METAL,,,,"Research this color once, then apply Hex/RGB to every row in the cluster if product lines represent the same color."
army painter|deep azure,Army Painter,Deep Azure,ENTIRE_CLUSTER_MISSING,1,0,1,Fanatic,Acrylic,AP_FANATIC_DEEP_AZURE,AP_FANATIC_DEEP_AZURE,,,,"Research this color once, then apply Hex/RGB to every row in the cluster if product lines represent the same color."
army painter|deep grey,Army Painter,Deep Grey,ENTIRE_CLUSTER_MISSING,1,0,1,Fanatic,Acrylic,AP_FANATIC_DEEP_GREY,AP_FANATIC_DEEP_GREY,,,,"Research this color once, then apply Hex/RGB to every row in the cluster if product lines represent the same color."
army painter|deep ocean blue,Army Painter,Deep Ocean Blue,ENTIRE_CLUSTER_MISSING,1,0,1,Fanatic,Acrylic,AP_FANATIC_DEEP_OCEAN_BLUE,AP_FANATIC_DEEP_OCEAN_BLUE,,,,"Research this color once, then apply Hex/RGB to every row in the cluster if product lines represent the same color."
army painter|demigod flames,Army Painter,Demigod Flames,ENTIRE_CLUSTER_MISSING,1,0,1,Fanatic,Acrylic,AP_FANATIC_DEMIGOD_FLAMES,AP_FANATIC_DEMIGOD_FLAMES,,,,"Research this color once, then apply Hex/RGB to every row in the cluster if product lines represent the same color."
army painter|diabolic plum,Army Painter,Diabolic Plum,ENTIRE_CLUSTER_MISSING,1,0,1,Fanatic,Acrylic,AP_FANATIC_DIABOLIC_PLUM,AP_FANATIC_DIABOLIC_PLUM,,,,"Research this color once, then apply Hex/RGB to every row in the cluster if product lines represent the same color."
army painter|disgusting slime,Army Painter,Disgusting Slime,ENTIRE_CLUSTER_MISSING,1,0,1,Fanatic,Effect,AP_FANATIC_DISGUSTING_SLIME,AP_FANATIC_DISGUSTING_SLIME,,,,"Research this color once, then apply Hex/RGB to every row in the cluster if product lines represent the same color."
army painter|diviner light,Army Painter,Diviner Light,ENTIRE_CLUSTER_MISSING,1,0,1,Fanatic,Acrylic,AP_FANATIC_DIVINER_LIGHT,AP_FANATIC_DIVINER_LIGHT,,,,"Research this color once, then apply Hex/RGB to every row in the cluster if product lines represent the same color."
army painter|doomfire drab,Army Painter,Doomfire Drab,ENTIRE_CLUSTER_MISSING,1,0,1,Fanatic,Acrylic,AP_FANATIC_DOOMFIRE_DRAB,AP_FANATIC_DOOMFIRE_DRAB,,,,"Research this color once, then apply Hex/RGB to every row in the cluster if product lines represent the same color."
army painter|dorado skin,Army Painter,Dorado Skin,ENTIRE_CLUSTER_MISSING,1,0,1,Fanatic,Acrylic,AP_FANATIC_DORADO_SKIN,AP_FANATIC_DORADO_SKIN,,,,"Research this color once, then apply Hex/RGB to every row in the cluster if product lines represent the same color."
army painter|drab green,Army Painter,Drab Green,ENTIRE_CLUSTER_MISSING,1,0,1,Air,Air,AP_AIR_DRAB_GREEN,AP_AIR_DRAB_GREEN,,,,"Research this color once, then apply Hex/RGB to every row in the cluster if product lines represent the same color."
army painter|dry blood,Army Painter,Dry Blood,ENTIRE_CLUSTER_MISSING,1,0,1,Fanatic,Effect,AP_FANATIC_DRY_BLOOD,AP_FANATIC_DRY_BLOOD,,,,"Research this color once, then apply Hex/RGB to every row in the cluster if product lines represent the same color."
army painter|dryad brown,Army Painter,Dryad Brown,ENTIRE_CLUSTER_MISSING,1,0,1,Fanatic,Acrylic,AP_FANATIC_DRYAD_BROWN,AP_FANATIC_DRYAD_BROWN,,,,"Research this color once, then apply Hex/RGB to every row in the cluster if product lines represent the same color."
army painter|dusty skull,Army Painter,Dusty Skull,ENTIRE_CLUSTER_MISSING,1,0,1,Fanatic,Acrylic,AP_FANATIC_DUSTY_SKULL,AP_FANATIC_DUSTY_SKULL,,,,"Research this color once, then apply Hex/RGB to every row in the cluster if product lines represent the same color."
army painter|elder flower,Army Painter,Elder Flower,ENTIRE_CLUSTER_MISSING,1,0,1,Fanatic,Acrylic,AP_FANATIC_ELDER_FLOWER,AP_FANATIC_ELDER_FLOWER,,,,"Research this color once, then apply Hex/RGB to every row in the cluster if product lines represent the same color."
army painter|electric lime,Army Painter,Electric Lime,ENTIRE_CLUSTER_MISSING,1,0,1,Fanatic,Acrylic,AP_FANATIC_ELECTRIC_LIME,AP_FANATIC_ELECTRIC_LIME,,,,"Research this color once, then apply Hex/RGB to every row in the cluster if product lines represent the same color."
army painter|elven armour,Army Painter,Elven Armour,ENTIRE_CLUSTER_MISSING,1,0,1,Air,Air Metallic/Effect,AP_AIR_ELVEN_ARMOUR,AP_AIR_ELVEN_ARMOUR,,,,"Research this color once, then apply Hex/RGB to every row in the cluster if product lines represent the same color."
army painter|emerald forest,Army Painter,Emerald Forest,ENTIRE_CLUSTER_MISSING,1,0,1,Fanatic,Metallic,AP_FANATIC_EMERALD_FOREST,AP_FANATIC_EMERALD_FOREST,,,,"Research this color once, then apply Hex/RGB to every row in the cluster if product lines represent the same color."
army painter|encarmine red,Army Painter,Encarmine Red,ENTIRE_CLUSTER_MISSING,1,0,1,Air,Air,AP_AIR_ENCARMINE_RED,AP_AIR_ENCARMINE_RED,,,,"Research this color once, then apply Hex/RGB to every row in the cluster if product lines represent the same color."
army painter|enchanted pink,Army Painter,Enchanted Pink,ENTIRE_CLUSTER_MISSING,1,0,1,Fanatic,Acrylic,AP_FANATIC_ENCHANTED_PINK,AP_FANATIC_ENCHANTED_PINK,,,,"Research this color once, then apply Hex/RGB to every row in the cluster if product lines represent the same color."
army painter|enchanted steel,Army Painter,Enchanted Steel,ENTIRE_CLUSTER_MISSING,1,0,1,Speedpaint,Speedpaint Metallic,AP_SPEEDPAINT_ENCHANTED_STEEL,AP_SPEEDPAINT_ENCHANTED_STEEL,,,,"Research this color once, then apply Hex/RGB to every row in the cluster if product lines represent the same color."
army painter|eternal hunt,Army Painter,Eternal Hunt,ENTIRE_CLUSTER_MISSING,1,0,1,Fanatic,Acrylic,AP_FANATIC_ETERNAL_HUNT,AP_FANATIC_ETERNAL_HUNT,,,,"Research this color once, then apply Hex/RGB to every row in the cluster if product lines represent the same color."
army painter|evergreen fog,Army Painter,Evergreen Fog,ENTIRE_CLUSTER_MISSING,1,0,1,Fanatic,Acrylic,AP_FANATIC_EVERGREEN_FOG,AP_FANATIC_EVERGREEN_FOG,,,,"Research this color once, then apply Hex/RGB to every row in the cluster if product lines represent the same color."
army painter|evil chrome,Army Painter,Evil Chrome,ENTIRE_CLUSTER_MISSING,2,0,2,Air | Fanatic,Air | Metallic,AP_AIR_EVIL_CHROME | AP_FANATIC_EVIL_CHROME,AP_AIR_EVIL_CHROME | AP_FANATIC_EVIL_CHROME,,,,"Research this color once, then apply Hex/RGB to every row in the cluster if product lines represent the same color."
army painter|exile green,Army Painter,Exile Green,ENTIRE_CLUSTER_MISSING,1,0,1,Air,Air,AP_AIR_EXILE_GREEN,AP_AIR_EXILE_GREEN,,,,"Research this color once, then apply Hex/RGB to every row in the cluster if product lines represent the same color."
army painter|fairy dust,Army Painter,Fairy Dust,ENTIRE_CLUSTER_MISSING,1,0,1,Air,Air Metallic/Effect,AP_AIR_FAIRY_DUST,AP_AIR_FAIRY_DUST,,,,"Research this color once, then apply Hex/RGB to every row in the cluster if product lines represent the same color."
army painter|fairy pink,Army Painter,Fairy Pink,ENTIRE_CLUSTER_MISSING,1,0,1,Air,Air,AP_AIR_FAIRY_PINK,AP_AIR_FAIRY_PINK,,,,"Research this color once, then apply Hex/RGB to every row in the cluster if product lines represent the same color."
army painter|feral green,Army Painter,Feral Green,ENTIRE_CLUSTER_MISSING,1,0,1,Air,Air,AP_AIR_FERAL_GREEN,AP_AIR_FERAL_GREEN,,,,"Research this color once, then apply Hex/RGB to every row in the cluster if product lines represent the same color."
army painter|ferocious green,Army Painter,Ferocious Green,ENTIRE_CLUSTER_MISSING,1,0,1,Fanatic,Acrylic,AP_FANATIC_FEROCIOUS_GREEN,AP_FANATIC_FEROCIOUS_GREEN,,,,"Research this color once, then apply Hex/RGB to every row in the cluster if product lines represent the same color."
army painter|fey pink,Army Painter,Fey Pink,ENTIRE_CLUSTER_MISSING,1,0,1,Air,Air,AP_AIR_FEY_PINK,AP_AIR_FEY_PINK,,,,"Research this color once, then apply Hex/RGB to every row in the cluster if product lines represent the same color."
army painter|feywild glow,Army Painter,Feywild Glow,ENTIRE_CLUSTER_MISSING,1,0,1,Air,Air,AP_AIR_FEYWILD_GLOW,AP_AIR_FEYWILD_GLOW,,,,"Research this color once, then apply Hex/RGB to every row in the cluster if product lines represent the same color."
army painter|fiendish yellow,Army Painter,Fiendish Yellow,ENTIRE_CLUSTER_MISSING,1,0,1,Fanatic,Acrylic,AP_FANATIC_FIENDISH_YELLOW,AP_FANATIC_FIENDISH_YELLOW,,,,"Research this color once, then apply Hex/RGB to every row in the cluster if product lines represent the same color."
army painter|figgy pink,Army Painter,Figgy Pink,ENTIRE_CLUSTER_MISSING,1,0,1,Fanatic,Acrylic,AP_FANATIC_FIGGY_PINK,AP_FANATIC_FIGGY_PINK,,,,"Research this color once, then apply Hex/RGB to every row in the cluster if product lines represent the same color."
army painter|flickering flame,Army Painter,Flickering Flame,ENTIRE_CLUSTER_MISSING,1,0,1,Fanatic,Acrylic,AP_FANATIC_FLICKERING_FLAME,AP_FANATIC_FLICKERING_FLAME,,,,"Research this color once, then apply Hex/RGB to every row in the cluster if product lines represent the same color."
army painter|forbidden fruit,Army Painter,Forbidden Fruit,ENTIRE_CLUSTER_MISSING,1,0,1,Fanatic,Acrylic,AP_FANATIC_FORBIDDEN_FRUIT,AP_FANATIC_FORBIDDEN_FRUIT,,,,"Research this color once, then apply Hex/RGB to every row in the cluster if product lines represent the same color."
army painter|forest faun,Army Painter,Forest Faun,ENTIRE_CLUSTER_MISSING,1,0,1,Fanatic,Acrylic,AP_FANATIC_FOREST_FAUN,AP_FANATIC_FOREST_FAUN,,,,"Research this color once, then apply Hex/RGB to every row in the cluster if product lines represent the same color."
army painter|forest sprite,Army Painter,Forest Sprite,ENTIRE_CLUSTER_MISSING,1,0,1,Speedpaint,Speedpaint,AP_SPEEDPAINT_FOREST_SPRITE,AP_SPEEDPAINT_FOREST_SPRITE,,,,"Research this color once, then apply Hex/RGB to every row in the cluster if product lines represent the same color."
army painter|fresh rust,Army Painter,Fresh Rust,ENTIRE_CLUSTER_MISSING,1,0,1,Fanatic,Effect,AP_FANATIC_FRESH_RUST,AP_FANATIC_FRESH_RUST,,,,"Research this color once, then apply Hex/RGB to every row in the cluster if product lines represent the same color."
army painter|frost blue,Army Painter,Frost Blue,ENTIRE_CLUSTER_MISSING,1,0,1,Fanatic,Acrylic,AP_FANATIC_FROST_BLUE,AP_FANATIC_FROST_BLUE,,,,"Research this color once, then apply Hex/RGB to every row in the cluster if product lines represent the same color."
army painter|gargoyle grey,Army Painter,Gargoyle Grey,ENTIRE_CLUSTER_MISSING,1,0,1,Fanatic,Acrylic,AP_FANATIC_GARGOYLE_GREY,AP_FANATIC_GARGOYLE_GREY,,,,"Research this color once, then apply Hex/RGB to every row in the cluster if product lines represent the same color."
army painter|gauss green,Army Painter,Gauss Green,ENTIRE_CLUSTER_MISSING,1,0,1,Air,Air,AP_AIR_GAUSS_GREEN,AP_AIR_GAUSS_GREEN,,,,"Research this color once, then apply Hex/RGB to every row in the cluster if product lines represent the same color."
army painter|gemstone red,Army Painter,Gemstone Red,ENTIRE_CLUSTER_MISSING,2,0,2,Air | Fanatic,Air Metallic/Effect | Metallic,AP_AIR_GEMSTONE_RED | AP_FANATIC_GEMSTONE_RED,AP_AIR_GEMSTONE_RED | AP_FANATIC_GEMSTONE_RED,,,,"Research this color once, then apply Hex/RGB to every row in the cluster if product lines represent the same color."
army painter|glittering green,Army Painter,Glittering Green,ENTIRE_CLUSTER_MISSING,2,0,2,Air | Fanatic,Air Metallic/Effect | Metallic,AP_AIR_GLITTERING_GREEN | AP_FANATIC_GLITTERING_GREEN,AP_AIR_GLITTERING_GREEN | AP_FANATIC_GLITTERING_GREEN,,,,"Research this color once, then apply Hex/RGB to every row in the cluster if product lines represent the same color."
army painter|glittering loot,Army Painter,Glittering Loot,ENTIRE_CLUSTER_MISSING,1,0,1,Speedpaint,Speedpaint Metallic,AP_SPEEDPAINT_GLITTERING_LOOT,AP_SPEEDPAINT_GLITTERING_LOOT,,,,"Research this color once, then apply Hex/RGB to every row in the cluster if product lines represent the same color."
army painter|gloss varnish,Army Painter,Gloss Varnish,ENTIRE_CLUSTER_MISSING,2,0,2,Air | Fanatic,Auxiliary,AP_AIR_GLOSS_VARNISH | AP_FANATIC_GLOSS_VARNISH,AP_AIR_GLOSS_VARNISH | AP_FANATIC_GLOSS_VARNISH,,,,"Research this color once, then apply Hex/RGB to every row in the cluster if product lines represent the same color."
army painter|glowing inferno,Army Painter,Glowing Inferno,ENTIRE_CLUSTER_MISSING,1,0,1,Fanatic,Effect,AP_FANATIC_GLOWING_INFERNO,AP_FANATIC_GLOWING_INFERNO,,,,"Research this color once, then apply Hex/RGB to every row in the cluster if product lines represent the same color."
army painter|gnome cheeks,Army Painter,Gnome Cheeks,ENTIRE_CLUSTER_MISSING,1,0,1,Air,Air,AP_AIR_GNOME_CHEEKS,AP_AIR_GNOME_CHEEKS,,,,"Research this color once, then apply Hex/RGB to every row in the cluster if product lines represent the same color."
army painter|golden armour,Army Painter,Golden Armour,ENTIRE_CLUSTER_MISSING,1,0,1,Speedpaint,Speedpaint Metallic,AP_SPEEDPAINT_GOLDEN_ARMOUR,AP_SPEEDPAINT_GOLDEN_ARMOUR,,,,"Research this color once, then apply Hex/RGB to every row in the cluster if product lines represent the same color."
army painter|gothic blue,Army Painter,Gothic Blue,ENTIRE_CLUSTER_MISSING,1,0,1,Fanatic,Acrylic,AP_FANATIC_GOTHIC_BLUE,AP_FANATIC_GOTHIC_BLUE,,,,"Research this color once, then apply Hex/RGB to every row in the cluster if product lines represent the same color."
army painter|great hall grey,Army Painter,Great Hall Grey,ENTIRE_CLUSTER_MISSING,1,0,1,Fanatic,Acrylic,AP_FANATIC_GREAT_HALL_GREY,AP_FANATIC_GREAT_HALL_GREY,,,,"Research this color once, then apply Hex/RGB to every row in the cluster if product lines represent the same color."
army painter|greedy gold,Army Painter,Greedy Gold,ENTIRE_CLUSTER_MISSING,2,0,2,Air | Fanatic,Air Metallic/Effect | Metallic,AP_AIR_GREEDY_GOLD | AP_FANATIC_GREEDY_GOLD,AP_AIR_GREEDY_GOLD | AP_FANATIC_GREEDY_GOLD,,,,"Research this color once, then apply Hex/RGB to every row in the cluster if product lines represent the same color."
army painter|green tone,Army Painter,Green Tone,ENTIRE_CLUSTER_MISSING,1,0,1,Fanatic,Wash/Shade,AP_FANATIC_GREEN_TONE,AP_FANATIC_GREEN_TONE,,,,"Research this color once, then apply Hex/RGB to every row in the cluster if product lines represent the same color."
army painter|gremlin green,Army Painter,Gremlin Green,ENTIRE_CLUSTER_MISSING,1,0,1,Air,Air,AP_AIR_GREMLIN_GREEN,AP_AIR_GREMLIN_GREEN,,,,"Research this color once, then apply Hex/RGB to every row in the cluster if product lines represent the same color."
army painter|grey castle,Army Painter,Grey Castle,ENTIRE_CLUSTER_MISSING,1,0,1,Fanatic,Acrylic,AP_FANATIC_GREY_CASTLE,AP_FANATIC_GREY_CASTLE,,,,"Research this color once, then apply Hex/RGB to every row in the cluster if product lines represent the same color."
army painter|grotesque green,Army Painter,Grotesque Green,ENTIRE_CLUSTER_MISSING,1,0,1,Fanatic,Acrylic,AP_FANATIC_GROTESQUE_GREEN,AP_FANATIC_GROTESQUE_GREEN,,,,"Research this color once, then apply Hex/RGB to every row in the cluster if product lines represent the same color."
army painter|guardian green,Army Painter,Guardian Green,ENTIRE_CLUSTER_MISSING,1,0,1,Fanatic,Acrylic,AP_FANATIC_GUARDIAN_GREEN,AP_FANATIC_GUARDIAN_GREEN,,,,"Research this color once, then apply Hex/RGB to every row in the cluster if product lines represent the same color."
army painter|hazardous smog,Army Painter,Hazardous Smog,ENTIRE_CLUSTER_MISSING,1,0,1,Air,Air,AP_AIR_HAZARDOUS_SMOG,AP_AIR_HAZARDOUS_SMOG,,,,"Research this color once, then apply Hex/RGB to every row in the cluster if product lines represent the same color."
army painter|hexed violet,Army Painter,Hexed Violet,ENTIRE_CLUSTER_MISSING,1,0,1,Fanatic,Acrylic,AP_FANATIC_HEXED_VIOLET,AP_FANATIC_HEXED_VIOLET,,,,"Research this color once, then apply Hex/RGB to every row in the cluster if product lines represent the same color."
army painter|hoard bronze,Army Painter,Hoard Bronze,ENTIRE_CLUSTER_MISSING,1,0,1,Speedpaint,Speedpaint Metallic,AP_SPEEDPAINT_HOARD_BRONZE,AP_SPEEDPAINT_HOARD_BRONZE,,,,"Research this color once, then apply Hex/RGB to every row in the cluster if product lines represent the same color."
army painter|hobgoblin hue,Army Painter,Hobgoblin Hue,ENTIRE_CLUSTER_MISSING,1,0,1,Air,Air,AP_AIR_HOBGOBLIN_HUE,AP_AIR_HOBGOBLIN_HUE,,,,"Research this color once, then apply Hex/RGB to every row in the cluster if product lines represent the same color."
army painter|hoplite gold,Army Painter,Hoplite Gold,ENTIRE_CLUSTER_MISSING,1,0,1,Speedpaint,Speedpaint Metallic,AP_SPEEDPAINT_HOPLITE_GOLD,AP_SPEEDPAINT_HOPLITE_GOLD,,,,"Research this color once, then apply Hex/RGB to every row in the cluster if product lines represent the same color."
army painter|hot pink,Army Painter,Hot Pink,ENTIRE_CLUSTER_MISSING,1,0,1,Air,Air,AP_AIR_HOT_PINK,AP_AIR_HOT_PINK,,,,"Research this color once, then apply Hex/RGB to every row in the cluster if product lines represent the same color."
army painter|husk brown,Army Painter,Husk Brown,ENTIRE_CLUSTER_MISSING,1,0,1,Air,Air,AP_AIR_HUSK_BROWN,AP_AIR_HUSK_BROWN,,,,"Research this color once, then apply Hex/RGB to every row in the cluster if product lines represent the same color."
army painter|ice yellow,Army Painter,Ice Yellow,ENTIRE_CLUSTER_MISSING,1,0,1,Fanatic,Acrylic,AP_FANATIC_ICE_YELLOW,AP_FANATIC_ICE_YELLOW,,,,"Research this color once, then apply Hex/RGB to every row in the cluster if product lines represent the same color."
army painter|imp yellow,Army Painter,Imp Yellow,ENTIRE_CLUSTER_MISSING,1,0,1,Air,Air,AP_AIR_IMP_YELLOW,AP_AIR_IMP_YELLOW,,,,"Research this color once, then apply Hex/RGB to every row in the cluster if product lines represent the same color."
army painter|imperial navy,Army Painter,Imperial Navy,ENTIRE_CLUSTER_MISSING,1,0,1,Fanatic,Acrylic,AP_FANATIC_IMPERIAL_NAVY,AP_FANATIC_IMPERIAL_NAVY,,,,"Research this color once, then apply Hex/RGB to every row in the cluster if product lines represent the same color."
army painter|impish rouge,Army Painter,Impish Rouge,ENTIRE_CLUSTER_MISSING,1,0,1,Fanatic,Acrylic,AP_FANATIC_IMPISH_ROUGE,AP_FANATIC_IMPISH_ROUGE,,,,"Research this color once, then apply Hex/RGB to every row in the cluster if product lines represent the same color."
army painter|incursion orange,Army Painter,Incursion Orange,ENTIRE_CLUSTER_MISSING,1,0,1,Air,Air,AP_AIR_INCURSION_ORANGE,AP_AIR_INCURSION_ORANGE,,,,"Research this color once, then apply Hex/RGB to every row in the cluster if product lines represent the same color."
army painter|inner light,Army Painter,Inner Light,ENTIRE_CLUSTER_MISSING,1,0,1,Fanatic,Acrylic,AP_FANATIC_INNER_LIGHT,AP_FANATIC_INNER_LIGHT,,,,"Research this color once, then apply Hex/RGB to every row in the cluster if product lines represent the same color."
army painter|ionic blue,Army Painter,Ionic Blue,ENTIRE_CLUSTER_MISSING,1,0,1,Air,Air,AP_AIR_IONIC_BLUE,AP_AIR_IONIC_BLUE,,,,"Research this color once, then apply Hex/RGB to every row in the cluster if product lines represent the same color."
army painter|iron wolf,Army Painter,Iron Wolf,ENTIRE_CLUSTER_MISSING,1,0,1,Air,Air Metallic/Effect,AP_AIR_IRON_WOLF,AP_AIR_IRON_WOLF,,,,"Research this color once, then apply Hex/RGB to every row in the cluster if product lines represent the same color."
army painter|jasper skin,Army Painter,Jasper Skin,ENTIRE_CLUSTER_MISSING,1,0,1,Fanatic,Acrylic,AP_FANATIC_JASPER_SKIN,AP_FANATIC_JASPER_SKIN,,,,"Research this color once, then apply Hex/RGB to every row in the cluster if product lines represent the same color."
army painter|kraken lavender,Army Painter,Kraken Lavender,ENTIRE_CLUSTER_MISSING,1,0,1,Fanatic,Acrylic,AP_FANATIC_KRAKEN_LAVENDER,AP_FANATIC_KRAKEN_LAVENDER,,,,"Research this color once, then apply Hex/RGB to every row in the cluster if product lines represent the same color."
army painter|leafy green,Army Painter,Leafy Green,ENTIRE_CLUSTER_MISSING,1,0,1,Fanatic,Acrylic,AP_FANATIC_LEAFY_GREEN,AP_FANATIC_LEAFY_GREEN,,,,"Research this color once, then apply Hex/RGB to every row in the cluster if product lines represent the same color."
army painter|legendary red,Army Painter,Legendary Red,ENTIRE_CLUSTER_MISSING,1,0,1,Fanatic,Acrylic,AP_FANATIC_LEGENDARY_RED,AP_FANATIC_LEGENDARY_RED,,,,"Research this color once, then apply Hex/RGB to every row in the cluster if product lines represent the same color."
army painter|lens flare glow,Army Painter,Lens Flare Glow,ENTIRE_CLUSTER_MISSING,1,0,1,Fanatic,Effect,AP_FANATIC_LENS_FLARE_GLOW,AP_FANATIC_LENS_FLARE_GLOW,,,,"Research this color once, then apply Hex/RGB to every row in the cluster if product lines represent the same color."
army painter|leopard stone skin,Army Painter,Leopard Stone Skin,ENTIRE_CLUSTER_MISSING,1,0,1,Fanatic,Acrylic,AP_FANATIC_LEOPARD_STONE_SKIN,AP_FANATIC_LEOPARD_STONE_SKIN,,,,"Research this color once, then apply Hex/RGB to every row in the cluster if product lines represent the same color."
army painter|leviathan light,Army Painter,Leviathan Light,ENTIRE_CLUSTER_MISSING,1,0,1,Air,Air,AP_AIR_LEVIATHAN_LIGHT,AP_AIR_LEVIATHAN_LIGHT,,,,"Research this color once, then apply Hex/RGB to every row in the cluster if product lines represent the same color."
army painter|light tone,Army Painter,Light Tone,ENTIRE_CLUSTER_MISSING,1,0,1,Fanatic,Wash/Shade,AP_FANATIC_LIGHT_TONE,AP_FANATIC_LIGHT_TONE,,,,"Research this color once, then apply Hex/RGB to every row in the cluster if product lines represent the same color."
army painter|magecast magenta,Army Painter,Magecast Magenta,ENTIRE_CLUSTER_MISSING,1,0,1,Fanatic,Acrylic,AP_FANATIC_MAGECAST_MAGENTA,AP_FANATIC_MAGECAST_MAGENTA,,,,"Research this color once, then apply Hex/RGB to every row in the cluster if product lines represent the same color."
army painter|magenta tone,Army Painter,Magenta Tone,ENTIRE_CLUSTER_MISSING,1,0,1,Fanatic,Wash/Shade,AP_FANATIC_MAGENTA_TONE,AP_FANATIC_MAGENTA_TONE,,,,"Research this color once, then apply Hex/RGB to every row in the cluster if product lines represent the same color."
army painter|magnolia brown,Army Painter,Magnolia Brown,ENTIRE_CLUSTER_MISSING,1,0,1,Air,Air,AP_AIR_MAGNOLIA_BROWN,AP_AIR_MAGNOLIA_BROWN,,,,"Research this color once, then apply Hex/RGB to every row in the cluster if product lines represent the same color."
army painter|majestic fortress,Army Painter,Majestic Fortress,ENTIRE_CLUSTER_MISSING,1,0,1,Air,Air,AP_AIR_MAJESTIC_FORTRESS,AP_AIR_MAJESTIC_FORTRESS,,,,"Research this color once, then apply Hex/RGB to every row in the cluster if product lines represent the same color."
army painter|marine mist,Army Painter,Marine Mist,ENTIRE_CLUSTER_MISSING,1,0,1,Fanatic,Acrylic,AP_FANATIC_MARINE_MIST,AP_FANATIC_MARINE_MIST,,,,"Research this color once, then apply Hex/RGB to every row in the cluster if product lines represent the same color."
army painter|matt black primer,Army Painter,Matt Black Primer,ENTIRE_CLUSTER_MISSING,1,0,1,Air,Primer,AP_AIR_MATT_BLACK_PRIMER,AP_AIR_MATT_BLACK_PRIMER,,,,"Research this color once, then apply Hex/RGB to every row in the cluster if product lines represent the same color."
army painter|matt grey primer,Army Painter,Matt Grey Primer,ENTIRE_CLUSTER_MISSING,1,0,1,Air,Primer,AP_AIR_MATT_GREY_PRIMER,AP_AIR_MATT_GREY_PRIMER,,,,"Research this color once, then apply Hex/RGB to every row in the cluster if product lines represent the same color."
army painter|matt varnish,Army Painter,Matt Varnish,ENTIRE_CLUSTER_MISSING,2,0,2,Air | Fanatic,Auxiliary,AP_AIR_MATT_VARNISH | AP_FANATIC_MATT_VARNISH,AP_AIR_MATT_VARNISH | AP_FANATIC_MATT_VARNISH,,,,"Research this color once, then apply Hex/RGB to every row in the cluster if product lines represent the same color."
army painter|matt white primer,Army Painter,Matt White Primer,ENTIRE_CLUSTER_MISSING,1,0,1,Air,Primer,AP_AIR_MATT_WHITE_PRIMER,AP_AIR_MATT_WHITE_PRIMER,,,,"Research this color once, then apply Hex/RGB to every row in the cluster if product lines represent the same color."
army painter|medieval forest,Army Painter,Medieval Forest,ENTIRE_CLUSTER_MISSING,1,0,1,Fanatic,Acrylic,AP_FANATIC_MEDIEVAL_FOREST,AP_FANATIC_MEDIEVAL_FOREST,,,,"Research this color once, then apply Hex/RGB to every row in the cluster if product lines represent the same color."
army painter|meteor rock,Army Painter,Meteor Rock,ENTIRE_CLUSTER_MISSING,1,0,1,Air,Air,AP_AIR_METEOR_ROCK,AP_AIR_METEOR_ROCK,,,,"Research this color once, then apply Hex/RGB to every row in the cluster if product lines represent the same color."
army painter|military shade,Army Painter,Military Shade,ENTIRE_CLUSTER_MISSING,1,0,1,Fanatic,Wash/Shade,AP_FANATIC_MILITARY_SHADE,AP_FANATIC_MILITARY_SHADE,,,,"Research this color once, then apply Hex/RGB to every row in the cluster if product lines represent the same color."
army painter|militia green,Army Painter,Militia Green,ENTIRE_CLUSTER_MISSING,1,0,1,Air,Air,AP_AIR_MILITIA_GREEN,AP_AIR_MILITIA_GREEN,,,,"Research this color once, then apply Hex/RGB to every row in the cluster if product lines represent the same color."
army painter|mithril,Army Painter,Mithril,ENTIRE_CLUSTER_MISSING,1,0,1,Fanatic,Metallic,AP_FANATIC_MITHRIL,AP_FANATIC_MITHRIL,,,,"Research this color once, then apply Hex/RGB to every row in the cluster if product lines represent the same color."
army painter|mocca skin,Army Painter,Mocca Skin,ENTIRE_CLUSTER_MISSING,1,0,1,Fanatic,Acrylic,AP_FANATIC_MOCCA_SKIN,AP_FANATIC_MOCCA_SKIN,,,,"Research this color once, then apply Hex/RGB to every row in the cluster if product lines represent the same color."
army painter|moldy wine,Army Painter,Moldy Wine,ENTIRE_CLUSTER_MISSING,1,0,1,Fanatic,Acrylic,AP_FANATIC_MOLDY_WINE,AP_FANATIC_MOLDY_WINE,,,,"Research this color once, then apply Hex/RGB to every row in the cluster if product lines represent the same color."
army painter|molten lava,Army Painter,Molten Lava,ENTIRE_CLUSTER_MISSING,1,0,1,Fanatic,Acrylic,AP_FANATIC_MOLTEN_LAVA,AP_FANATIC_MOLTEN_LAVA,,,,"Research this color once, then apply Hex/RGB to every row in the cluster if product lines represent the same color."
army painter|molten orange,Army Painter,Molten Orange,ENTIRE_CLUSTER_MISSING,1,0,1,Air,Air,AP_AIR_MOLTEN_ORANGE,AP_AIR_MOLTEN_ORANGE,,,,"Research this color once, then apply Hex/RGB to every row in the cluster if product lines represent the same color."
army painter|moonstone skin,Army Painter,Moonstone Skin,ENTIRE_CLUSTER_MISSING,1,0,1,Fanatic,Acrylic,AP_FANATIC_MOONSTONE_SKIN,AP_FANATIC_MOONSTONE_SKIN,,,,"Research this color once, then apply Hex/RGB to every row in the cluster if product lines represent the same color."
army painter|mossy green,Army Painter,Mossy Green,ENTIRE_CLUSTER_MISSING,1,0,1,Fanatic,Acrylic,AP_FANATIC_MOSSY_GREEN,AP_FANATIC_MOSSY_GREEN,,,,"Research this color once, then apply Hex/RGB to every row in the cluster if product lines represent the same color."
army painter|mulled berry,Army Painter,Mulled Berry,ENTIRE_CLUSTER_MISSING,1,0,1,Fanatic,Acrylic,AP_FANATIC_MULLED_BERRY,AP_FANATIC_MULLED_BERRY,,,,"Research this color once, then apply Hex/RGB to every row in the cluster if product lines represent the same color."
army painter|neon yellow,Army Painter,Neon Yellow,ENTIRE_CLUSTER_MISSING,1,0,1,Air,Air,AP_AIR_NEON_YELLOW,AP_AIR_NEON_YELLOW,,,,"Research this color once, then apply Hex/RGB to every row in the cluster if product lines represent the same color."
army painter|neptune glow,Army Painter,Neptune Glow,ENTIRE_CLUSTER_MISSING,1,0,1,Fanatic,Effect,AP_FANATIC_NEPTUNE_GLOW,AP_FANATIC_NEPTUNE_GLOW,,,,"Research this color once, then apply Hex/RGB to every row in the cluster if product lines represent the same color."
army painter|night scales,Army Painter,Night Scales,ENTIRE_CLUSTER_MISSING,1,0,1,Air,Air,AP_AIR_NIGHT_SCALES,AP_AIR_NIGHT_SCALES,,,,"Research this color once, then apply Hex/RGB to every row in the cluster if product lines represent the same color."
army painter|night sky,Army Painter,Night Sky,ENTIRE_CLUSTER_MISSING,1,0,1,Fanatic,Acrylic,AP_FANATIC_NIGHT_SKY,AP_FANATIC_NIGHT_SKY,,,,"Research this color once, then apply Hex/RGB to every row in the cluster if product lines represent the same color."
army painter|nomad flesh,Army Painter,Nomad Flesh,ENTIRE_CLUSTER_MISSING,1,0,1,Air,Air,AP_AIR_NOMAD_FLESH,AP_AIR_NOMAD_FLESH,,,,"Research this color once, then apply Hex/RGB to every row in the cluster if product lines represent the same color."
army painter|obsidian skin,Army Painter,Obsidian Skin,ENTIRE_CLUSTER_MISSING,1,0,1,Fanatic,Acrylic,AP_FANATIC_OBSIDIAN_SKIN,AP_FANATIC_OBSIDIAN_SKIN,,,,"Research this color once, then apply Hex/RGB to every row in the cluster if product lines represent the same color."
army painter|ocean depths,Army Painter,Ocean Depths,ENTIRE_CLUSTER_MISSING,1,0,1,Air,Air,AP_AIR_OCEAN_DEPTHS,AP_AIR_OCEAN_DEPTHS,,,,"Research this color once, then apply Hex/RGB to every row in the cluster if product lines represent the same color."
army painter|oil stains,Army Painter,Oil Stains,ENTIRE_CLUSTER_MISSING,1,0,1,Fanatic,Effect,AP_FANATIC_OIL_STAINS,AP_FANATIC_OIL_STAINS,,,,"Research this color once, then apply Hex/RGB to every row in the cluster if product lines represent the same color."
army painter|olive drab,Army Painter,Olive Drab,ENTIRE_CLUSTER_MISSING,1,0,1,Fanatic,Acrylic,AP_FANATIC_OLIVE_DRAB,AP_FANATIC_OLIVE_DRAB,,,,"Research this color once, then apply Hex/RGB to every row in the cluster if product lines represent the same color."
army painter|omega blue,Army Painter,Omega Blue,ENTIRE_CLUSTER_MISSING,1,0,1,Air,Air,AP_AIR_OMEGA_BLUE,AP_AIR_OMEGA_BLUE,,,,"Research this color once, then apply Hex/RGB to every row in the cluster if product lines represent the same color."
army painter|onyx skin,Army Painter,Onyx Skin,ENTIRE_CLUSTER_MISSING,1,0,1,Fanatic,Acrylic,AP_FANATIC_ONYX_SKIN,AP_FANATIC_ONYX_SKIN,,,,"Research this color once, then apply Hex/RGB to every row in the cluster if product lines represent the same color."
army painter|oozing vomit,Army Painter,Oozing Vomit,ENTIRE_CLUSTER_MISSING,1,0,1,Fanatic,Effect,AP_FANATIC_OOZING_VOMIT,AP_FANATIC_OOZING_VOMIT,,,,"Research this color once, then apply Hex/RGB to every row in the cluster if product lines represent the same color."
army painter|opal skin,Army Painter,Opal Skin,ENTIRE_CLUSTER_MISSING,1,0,1,Fanatic,Acrylic,AP_FANATIC_OPAL_SKIN,AP_FANATIC_OPAL_SKIN,,,,"Research this color once, then apply Hex/RGB to every row in the cluster if product lines represent the same color."
army painter|orange magma,Army Painter,Orange Magma,ENTIRE_CLUSTER_MISSING,1,0,1,Air,Air,AP_AIR_ORANGE_MAGMA,AP_AIR_ORANGE_MAGMA,,,,"Research this color once, then apply Hex/RGB to every row in the cluster if product lines represent the same color."
army painter|orange tone,Army Painter,Orange Tone,ENTIRE_CLUSTER_MISSING,1,0,1,Fanatic,Wash/Shade,AP_FANATIC_ORANGE_TONE,AP_FANATIC_ORANGE_TONE,,,,"Research this color once, then apply Hex/RGB to every row in the cluster if product lines represent the same color."
army painter|pale sand,Army Painter,Pale Sand,ENTIRE_CLUSTER_MISSING,1,0,1,Fanatic,Acrylic,AP_FANATIC_PALE_SAND,AP_FANATIC_PALE_SAND,,,,"Research this color once, then apply Hex/RGB to every row in the cluster if product lines represent the same color."
army painter|paratrooper tan,Army Painter,Paratrooper Tan,ENTIRE_CLUSTER_MISSING,1,0,1,Fanatic,Acrylic,AP_FANATIC_PARATROOPER_TAN,AP_FANATIC_PARATROOPER_TAN,,,,"Research this color once, then apply Hex/RGB to every row in the cluster if product lines represent the same color."
army painter|pastel lavender,Army Painter,Pastel Lavender,ENTIRE_CLUSTER_MISSING,1,0,1,Speedpaint,Speedpaint,AP_SPEEDPAINT_PASTEL_LAVENDER,AP_SPEEDPAINT_PASTEL_LAVENDER,,,,"Research this color once, then apply Hex/RGB to every row in the cluster if product lines represent the same color."
army painter|patagon pine,Army Painter,Patagon Pine,ENTIRE_CLUSTER_MISSING,1,0,1,Fanatic,Acrylic,AP_FANATIC_PATAGON_PINE,AP_FANATIC_PATAGON_PINE,,,,"Research this color once, then apply Hex/RGB to every row in the cluster if product lines represent the same color."
army painter|pearl skin,Army Painter,Pearl Skin,ENTIRE_CLUSTER_MISSING,1,0,1,Fanatic,Acrylic,AP_FANATIC_PEARL_SKIN,AP_FANATIC_PEARL_SKIN,,,,"Research this color once, then apply Hex/RGB to every row in the cluster if product lines represent the same color."
army painter|pestilent flesh,Army Painter,Pestilent Flesh,ENTIRE_CLUSTER_MISSING,1,0,1,Air,Air,AP_AIR_PESTILENT_FLESH,AP_AIR_PESTILENT_FLESH,,,,"Research this color once, then apply Hex/RGB to every row in the cluster if product lines represent the same color."
army painter|phalanx blue,Army Painter,Phalanx Blue,ENTIRE_CLUSTER_MISSING,1,0,1,Fanatic,Acrylic,AP_FANATIC_PHALANX_BLUE,AP_FANATIC_PHALANX_BLUE,,,,"Research this color once, then apply Hex/RGB to every row in the cluster if product lines represent the same color."
army painter|phantasmal blue,Army Painter,Phantasmal Blue,ENTIRE_CLUSTER_MISSING,1,0,1,Air,Air,AP_AIR_PHANTASMAL_BLUE,AP_AIR_PHANTASMAL_BLUE,,,,"Research this color once, then apply Hex/RGB to every row in the cluster if product lines represent the same color."
army painter|pharaoh guard,Army Painter,Pharaoh Guard,ENTIRE_CLUSTER_MISSING,1,0,1,Fanatic,Acrylic,AP_FANATIC_PHARAOH_GUARD,AP_FANATIC_PHARAOH_GUARD,,,,"Research this color once, then apply Hex/RGB to every row in the cluster if product lines represent the same color."
army painter|pink potion,Army Painter,Pink Potion,ENTIRE_CLUSTER_MISSING,1,0,1,Fanatic,Acrylic,AP_FANATIC_PINK_POTION,AP_FANATIC_PINK_POTION,,,,"Research this color once, then apply Hex/RGB to every row in the cluster if product lines represent the same color."
army painter|plasma coil glow,Army Painter,Plasma Coil Glow,ENTIRE_CLUSTER_MISSING,1,0,1,Fanatic,Effect,AP_FANATIC_PLASMA_COIL_GLOW,AP_FANATIC_PLASMA_COIL_GLOW,,,,"Research this color once, then apply Hex/RGB to every row in the cluster if product lines represent the same color."
army painter|plasmatic bolt,Army Painter,Plasmatic Bolt,ENTIRE_CLUSTER_MISSING,1,0,1,Speedpaint,Speedpaint,AP_SPEEDPAINT_PLASMATIC_BOLT,AP_SPEEDPAINT_PLASMATIC_BOLT,,,,"Research this color once, then apply Hex/RGB to every row in the cluster if product lines represent the same color."
army painter|plate mail metal,Army Painter,Plate Mail Metal,ENTIRE_CLUSTER_MISSING,2,0,2,Air | Fanatic,Air Metallic/Effect | Metallic,AP_AIR_PLATE_MAIL_METAL | AP_FANATIC_PLATE_MAIL_METAL,AP_AIR_PLATE_MAIL_METAL | AP_FANATIC_PLATE_MAIL_METAL,,,,"Research this color once, then apply Hex/RGB to every row in the cluster if product lines represent the same color."
army painter|polished silver,Army Painter,Polished Silver,ENTIRE_CLUSTER_MISSING,1,0,1,Speedpaint,Speedpaint Metallic,AP_SPEEDPAINT_POLISHED_SILVER,AP_SPEEDPAINT_POLISHED_SILVER,,,,"Research this color once, then apply Hex/RGB to every row in the cluster if product lines represent the same color."
army painter|potion green,Army Painter,Potion Green,ENTIRE_CLUSTER_MISSING,1,0,1,Air,Air,AP_AIR_POTION_GREEN,AP_AIR_POTION_GREEN,,,,"Research this color once, then apply Hex/RGB to every row in the cluster if product lines represent the same color."
army painter|power node glow,Army Painter,Power Node Glow,ENTIRE_CLUSTER_MISSING,1,0,1,Fanatic,Effect,AP_FANATIC_POWER_NODE_GLOW,AP_FANATIC_POWER_NODE_GLOW,,,,"Research this color once, then apply Hex/RGB to every row in the cluster if product lines represent the same color."
army painter|prairie ochre,Army Painter,Prairie Ochre,ENTIRE_CLUSTER_MISSING,1,0,1,Fanatic,Acrylic,AP_FANATIC_PRAIRIE_OCHRE,AP_FANATIC_PRAIRIE_OCHRE,,,,"Research this color once, then apply Hex/RGB to every row in the cluster if product lines represent the same color."
army painter|psychic shock,Army Painter,Psychic Shock,ENTIRE_CLUSTER_MISSING,1,0,1,Air,Air,AP_AIR_PSYCHIC_SHOCK,AP_AIR_PSYCHIC_SHOCK,,,,"Research this color once, then apply Hex/RGB to every row in the cluster if product lines represent the same color."
army painter|purple swarm,Army Painter,Purple Swarm,ENTIRE_CLUSTER_MISSING,1,0,1,Speedpaint,Speedpaint,AP_SPEEDPAINT_PURPLE_SWARM,AP_SPEEDPAINT_PURPLE_SWARM,,,,"Research this color once, then apply Hex/RGB to every row in the cluster if product lines represent the same color."
army painter|purple tone,Army Painter,Purple Tone,ENTIRE_CLUSTER_MISSING,1,0,1,Fanatic,Wash/Shade,AP_FANATIC_PURPLE_TONE,AP_FANATIC_PURPLE_TONE,,,,"Research this color once, then apply Hex/RGB to every row in the cluster if product lines represent the same color."
army painter|quartz skin,Army Painter,Quartz Skin,ENTIRE_CLUSTER_MISSING,1,0,1,Fanatic,Acrylic,AP_FANATIC_QUARTZ_SKIN,AP_FANATIC_QUARTZ_SKIN,,,,"Research this color once, then apply Hex/RGB to every row in the cluster if product lines represent the same color."
army painter|radiation glow,Army Painter,Radiation Glow,ENTIRE_CLUSTER_MISSING,1,0,1,Fanatic,Effect,AP_FANATIC_RADIATION_GLOW,AP_FANATIC_RADIATION_GLOW,,,,"Research this color once, then apply Hex/RGB to every row in the cluster if product lines represent the same color."
army painter|raging rose,Army Painter,Raging Rose,ENTIRE_CLUSTER_MISSING,1,0,1,Fanatic,Acrylic,AP_FANATIC_RAGING_ROSE,AP_FANATIC_RAGING_ROSE,,,,"Research this color once, then apply Hex/RGB to every row in the cluster if product lines represent the same color."
army painter|raging rouge,Army Painter,Raging Rouge,ENTIRE_CLUSTER_MISSING,1,0,1,Fanatic,Acrylic,AP_FANATIC_RAGING_ROUGE,AP_FANATIC_RAGING_ROUGE,,,,"Research this color once, then apply Hex/RGB to every row in the cluster if product lines represent the same color."
army painter|rainforest,Army Painter,Rainforest,ENTIRE_CLUSTER_MISSING,1,0,1,Fanatic,Acrylic,AP_FANATIC_RAINFOREST,AP_FANATIC_RAINFOREST,,,,"Research this color once, then apply Hex/RGB to every row in the cluster if product lines represent the same color."
army painter|raven black,Army Painter,Raven Black,ENTIRE_CLUSTER_MISSING,1,0,1,Air,Air,AP_AIR_RAVEN_BLACK,AP_AIR_RAVEN_BLACK,,,,"Research this color once, then apply Hex/RGB to every row in the cluster if product lines represent the same color."
army painter|rawhide brown,Army Painter,Rawhide Brown,ENTIRE_CLUSTER_MISSING,1,0,1,Air,Air,AP_AIR_RAWHIDE_BROWN,AP_AIR_RAWHIDE_BROWN,,,,"Research this color once, then apply Hex/RGB to every row in the cluster if product lines represent the same color."
army painter|rebel red,Army Painter,Rebel Red,ENTIRE_CLUSTER_MISSING,1,0,1,Air,Air,AP_AIR_REBEL_RED,AP_AIR_REBEL_RED,,,,"Research this color once, then apply Hex/RGB to every row in the cluster if product lines represent the same color."
army painter|red copper,Army Painter,Red Copper,ENTIRE_CLUSTER_MISSING,1,0,1,Fanatic,Metallic,AP_FANATIC_RED_COPPER,AP_FANATIC_RED_COPPER,,,,"Research this color once, then apply Hex/RGB to every row in the cluster if product lines represent the same color."
army painter|red tone,Army Painter,Red Tone,ENTIRE_CLUSTER_MISSING,1,0,1,Fanatic,Wash/Shade,AP_FANATIC_RED_TONE,AP_FANATIC_RED_TONE,,,,"Research this color once, then apply Hex/RGB to every row in the cluster if product lines represent the same color."
army painter|regiment grey,Army Painter,Regiment Grey,ENTIRE_CLUSTER_MISSING,1,0,1,Air,Air,AP_AIR_REGIMENT_GREY,AP_AIR_REGIMENT_GREY,,,,"Research this color once, then apply Hex/RGB to every row in the cluster if product lines represent the same color."
army painter|resplendent red,Army Painter,Resplendent Red,ENTIRE_CLUSTER_MISSING,1,0,1,Fanatic,Acrylic,AP_FANATIC_RESPLENDENT_RED,AP_FANATIC_RESPLENDENT_RED,,,,"Research this color once, then apply Hex/RGB to every row in the cluster if product lines represent the same color."
army painter|rough iron,Army Painter,Rough Iron,ENTIRE_CLUSTER_MISSING,2,0,2,Air | Fanatic,Air Metallic/Effect | Metallic,AP_AIR_ROUGH_IRON | AP_FANATIC_ROUGH_IRON,AP_AIR_ROUGH_IRON | AP_FANATIC_ROUGH_IRON,,,,"Research this color once, then apply Hex/RGB to every row in the cluster if product lines represent the same color."
army painter|ruby skin,Army Painter,Ruby Skin,ENTIRE_CLUSTER_MISSING,1,0,1,Fanatic,Acrylic,AP_FANATIC_RUBY_SKIN,AP_FANATIC_RUBY_SKIN,,,,"Research this color once, then apply Hex/RGB to every row in the cluster if product lines represent the same color."
army painter|ruddy umber,Army Painter,Ruddy Umber,ENTIRE_CLUSTER_MISSING,1,0,1,Fanatic,Acrylic,AP_FANATIC_RUDDY_UMBER,AP_FANATIC_RUDDY_UMBER,,,,"Research this color once, then apply Hex/RGB to every row in the cluster if product lines represent the same color."
army painter|ruinous spell,Army Painter,Ruinous Spell,ENTIRE_CLUSTER_MISSING,1,0,1,Air,Air,AP_AIR_RUINOUS_SPELL,AP_AIR_RUINOUS_SPELL,,,,"Research this color once, then apply Hex/RGB to every row in the cluster if product lines represent the same color."
army painter|runic cobalt,Army Painter,Runic Cobalt,ENTIRE_CLUSTER_MISSING,1,0,1,Fanatic,Acrylic,AP_FANATIC_RUNIC_COBALT,AP_FANATIC_RUNIC_COBALT,,,,"Research this color once, then apply Hex/RGB to every row in the cluster if product lines represent the same color."
army painter|rust tone,Army Painter,Rust Tone,ENTIRE_CLUSTER_MISSING,1,0,1,Fanatic,Effect,AP_FANATIC_RUST_TONE,AP_FANATIC_RUST_TONE,,,,"Research this color once, then apply Hex/RGB to every row in the cluster if product lines represent the same color."
army painter|sacred scarlet,Army Painter,Sacred Scarlet,ENTIRE_CLUSTER_MISSING,1,0,1,Fanatic,Acrylic,AP_FANATIC_SACRED_SCARLET,AP_FANATIC_SACRED_SCARLET,,,,"Research this color once, then apply Hex/RGB to every row in the cluster if product lines represent the same color."
army painter|safety orange,Army Painter,Safety Orange,ENTIRE_CLUSTER_MISSING,1,0,1,Air,Air,AP_AIR_SAFETY_ORANGE,AP_AIR_SAFETY_ORANGE,,,,"Research this color once, then apply Hex/RGB to every row in the cluster if product lines represent the same color."
army painter|sapphire gem,Army Painter,Sapphire Gem,ENTIRE_CLUSTER_MISSING,1,0,1,Air,Air,AP_AIR_SAPPHIRE_GEM,AP_AIR_SAPPHIRE_GEM,,,,"Research this color once, then apply Hex/RGB to every row in the cluster if product lines represent the same color."
army painter|satin varnish,Army Painter,Satin Varnish,ENTIRE_CLUSTER_MISSING,1,0,1,Air,Auxiliary,AP_AIR_SATIN_VARNISH,AP_AIR_SATIN_VARNISH,,,,"Research this color once, then apply Hex/RGB to every row in the cluster if product lines represent the same color."
army painter|savage green,Army Painter,Savage Green,ENTIRE_CLUSTER_MISSING,1,0,1,Air,Air,AP_AIR_SAVAGE_GREEN,AP_AIR_SAVAGE_GREEN,,,,"Research this color once, then apply Hex/RGB to every row in the cluster if product lines represent the same color."
army painter|scarab green,Army Painter,Scarab Green,ENTIRE_CLUSTER_MISSING,1,0,1,Fanatic,Acrylic,AP_FANATIC_SCARAB_GREEN,AP_FANATIC_SCARAB_GREEN,,,,"Research this color once, then apply Hex/RGB to every row in the cluster if product lines represent the same color."
army painter|sepia tone,Army Painter,Sepia Tone,ENTIRE_CLUSTER_MISSING,1,0,1,Fanatic,Wash/Shade,AP_FANATIC_SEPIA_TONE,AP_FANATIC_SEPIA_TONE,,,,"Research this color once, then apply Hex/RGB to every row in the cluster if product lines represent the same color."
army painter|shark white,Army Painter,Shark White,ENTIRE_CLUSTER_MISSING,1,0,1,Air,Air,AP_AIR_SHARK_WHITE,AP_AIR_SHARK_WHITE,,,,"Research this color once, then apply Hex/RGB to every row in the cluster if product lines represent the same color."
army painter|shieldwall blue,Army Painter,Shieldwall Blue,ENTIRE_CLUSTER_MISSING,1,0,1,Fanatic,Acrylic,AP_FANATIC_SHIELDWALL_BLUE,AP_FANATIC_SHIELDWALL_BLUE,,,,"Research this color once, then apply Hex/RGB to every row in the cluster if product lines represent the same color."
army painter|shining silver,Army Painter,Shining Silver,ENTIRE_CLUSTER_MISSING,2,0,2,Air | Fanatic,Air Metallic/Effect | Metallic,AP_AIR_SHINING_SILVER | AP_FANATIC_SHINING_SILVER,AP_AIR_SHINING_SILVER | AP_FANATIC_SHINING_SILVER,,,,"Research this color once, then apply Hex/RGB to every row in the cluster if product lines represent the same color."
army painter|soft tone,Army Painter,Soft Tone,ENTIRE_CLUSTER_MISSING,1,0,1,Fanatic,Wash/Shade,AP_FANATIC_SOFT_TONE,AP_FANATIC_SOFT_TONE,,,,"Research this color once, then apply Hex/RGB to every row in the cluster if product lines represent the same color."
army painter|space dust,Army Painter,Space Dust,ENTIRE_CLUSTER_MISSING,1,0,1,Fanatic,Acrylic,AP_FANATIC_SPACE_DUST,AP_FANATIC_SPACE_DUST,,,,"Research this color once, then apply Hex/RGB to every row in the cluster if product lines represent the same color."
army painter|speedpaint medium,Army Painter,Speedpaint Medium,ENTIRE_CLUSTER_MISSING,1,0,1,Speedpaint,Speedpaint,AP_SPEEDPAINT_SPEEDPAINT_MEDIUM,AP_SPEEDPAINT_SPEEDPAINT_MEDIUM,,,,"Research this color once, then apply Hex/RGB to every row in the cluster if product lines represent the same color."
army painter|spellbound fuchsia,Army Painter,Spellbound Fuchsia,ENTIRE_CLUSTER_MISSING,1,0,1,Fanatic,Acrylic,AP_FANATIC_SPELLBOUND_FUCHSIA,AP_FANATIC_SPELLBOUND_FUCHSIA,,,,"Research this color once, then apply Hex/RGB to every row in the cluster if product lines represent the same color."
army painter|storm wolf,Army Painter,Storm Wolf,ENTIRE_CLUSTER_MISSING,1,0,1,Air,Air,AP_AIR_STORM_WOLF,AP_AIR_STORM_WOLF,,,,"Research this color once, then apply Hex/RGB to every row in the cluster if product lines represent the same color."
army painter|stratos blue,Army Painter,Stratos Blue,ENTIRE_CLUSTER_MISSING,1,0,1,Fanatic,Acrylic,AP_FANATIC_STRATOS_BLUE,AP_FANATIC_STRATOS_BLUE,,,,"Research this color once, then apply Hex/RGB to every row in the cluster if product lines represent the same color."
army painter|strong skin shade,Army Painter,Strong Skin Shade,ENTIRE_CLUSTER_MISSING,1,0,1,Fanatic,Wash/Shade,AP_FANATIC_STRONG_SKIN_SHADE,AP_FANATIC_STRONG_SKIN_SHADE,,,,"Research this color once, then apply Hex/RGB to every row in the cluster if product lines represent the same color."
army painter|strong tone,Army Painter,Strong Tone,ENTIRE_CLUSTER_MISSING,1,0,1,Fanatic,Wash/Shade,AP_FANATIC_STRONG_TONE,AP_FANATIC_STRONG_TONE,,,,"Research this color once, then apply Hex/RGB to every row in the cluster if product lines represent the same color."
army painter|tainted gold,Army Painter,Tainted Gold,ENTIRE_CLUSTER_MISSING,2,0,2,Air | Fanatic,Air Metallic/Effect | Metallic,AP_AIR_TAINTED_GOLD | AP_FANATIC_TAINTED_GOLD,AP_AIR_TAINTED_GOLD | AP_FANATIC_TAINTED_GOLD,,,,"Research this color once, then apply Hex/RGB to every row in the cluster if product lines represent the same color."
army painter|talisman purple,Army Painter,Talisman Purple,ENTIRE_CLUSTER_MISSING,1,0,1,Air,Air,AP_AIR_TALISMAN_PURPLE,AP_AIR_TALISMAN_PURPLE,,,,"Research this color once, then apply Hex/RGB to every row in the cluster if product lines represent the same color."
army painter|talisman teal,Army Painter,Talisman Teal,ENTIRE_CLUSTER_MISSING,1,0,1,Fanatic,Acrylic,AP_FANATIC_TALISMAN_TEAL,AP_FANATIC_TALISMAN_TEAL,,,,"Research this color once, then apply Hex/RGB to every row in the cluster if product lines represent the same color."
army painter|talos bronze,Army Painter,Talos Bronze,ENTIRE_CLUSTER_MISSING,1,0,1,Speedpaint,Speedpaint Metallic,AP_SPEEDPAINT_TALOS_BRONZE,AP_SPEEDPAINT_TALOS_BRONZE,,,,"Research this color once, then apply Hex/RGB to every row in the cluster if product lines represent the same color."
army painter|temple gate teal,Army Painter,Temple Gate Teal,ENTIRE_CLUSTER_MISSING,1,0,1,Fanatic,Acrylic,AP_FANATIC_TEMPLE_GATE_TEAL,AP_FANATIC_TEMPLE_GATE_TEAL,,,,"Research this color once, then apply Hex/RGB to every row in the cluster if product lines represent the same color."
army painter|terrestrial titan,Army Painter,Terrestrial Titan,ENTIRE_CLUSTER_MISSING,1,0,1,Fanatic,Acrylic,AP_FANATIC_TERRESTRIAL_TITAN,AP_FANATIC_TERRESTRIAL_TITAN,,,,"Research this color once, then apply Hex/RGB to every row in the cluster if product lines represent the same color."
army painter|thunder storm,Army Painter,Thunder Storm,ENTIRE_CLUSTER_MISSING,1,0,1,Air,Air,AP_AIR_THUNDER_STORM,AP_AIR_THUNDER_STORM,,,,"Research this color once, then apply Hex/RGB to every row in the cluster if product lines represent the same color."
army painter|thunderous blue,Army Painter,Thunderous Blue,ENTIRE_CLUSTER_MISSING,1,0,1,Fanatic,Acrylic,AP_FANATIC_THUNDEROUS_BLUE,AP_FANATIC_THUNDEROUS_BLUE,,,,"Research this color once, then apply Hex/RGB to every row in the cluster if product lines represent the same color."
army painter|tidal blue,Army Painter,Tidal Blue,ENTIRE_CLUSTER_MISSING,1,0,1,Fanatic,Acrylic,AP_FANATIC_TIDAL_BLUE,AP_FANATIC_TIDAL_BLUE,,,,"Research this color once, then apply Hex/RGB to every row in the cluster if product lines represent the same color."
army painter|tigers eye skin,Army Painter,Tiger'S Eye Skin,ENTIRE_CLUSTER_MISSING,1,0,1,Fanatic,Acrylic,AP_FANATIC_TIGER_S_EYE_SKIN,AP_FANATIC_TIGER_S_EYE_SKIN,,,,"Research this color once, then apply Hex/RGB to every row in the cluster if product lines represent the same color."
army painter|tomb king tan,Army Painter,Tomb King Tan,ENTIRE_CLUSTER_MISSING,1,0,1,Fanatic,Acrylic,AP_FANATIC_TOMB_KING_TAN,AP_FANATIC_TOMB_KING_TAN,,,,"Research this color once, then apply Hex/RGB to every row in the cluster if product lines represent the same color."
army painter|topaz skin,Army Painter,Topaz Skin,ENTIRE_CLUSTER_MISSING,1,0,1,Fanatic,Acrylic,AP_FANATIC_TOPAZ_SKIN,AP_FANATIC_TOPAZ_SKIN,,,,"Research this color once, then apply Hex/RGB to every row in the cluster if product lines represent the same color."
army painter|tourmaline skin,Army Painter,Tourmaline Skin,ENTIRE_CLUSTER_MISSING,1,0,1,Fanatic,Acrylic,AP_FANATIC_TOURMALINE_SKIN,AP_FANATIC_TOURMALINE_SKIN,,,,"Research this color once, then apply Hex/RGB to every row in the cluster if product lines represent the same color."
army painter|traitor red,Army Painter,Traitor Red,ENTIRE_CLUSTER_MISSING,1,0,1,Air,Air,AP_AIR_TRAITOR_RED,AP_AIR_TRAITOR_RED,,,,"Research this color once, then apply Hex/RGB to every row in the cluster if product lines represent the same color."
army painter|tree ancient,Army Painter,Tree Ancient,ENTIRE_CLUSTER_MISSING,1,0,1,Fanatic,Acrylic,AP_FANATIC_TREE_ANCIENT,AP_FANATIC_TREE_ANCIENT,,,,"Research this color once, then apply Hex/RGB to every row in the cluster if product lines represent the same color."
army painter|triumphant navy,Army Painter,Triumphant Navy,ENTIRE_CLUSTER_MISSING,1,0,1,Fanatic,Acrylic,AP_FANATIC_TRIUMPHANT_NAVY,AP_FANATIC_TRIUMPHANT_NAVY,,,,"Research this color once, then apply Hex/RGB to every row in the cluster if product lines represent the same color."
army painter|true blood,Army Painter,True Blood,ENTIRE_CLUSTER_MISSING,1,0,1,Fanatic,Effect,AP_FANATIC_TRUE_BLOOD,AP_FANATIC_TRUE_BLOOD,,,,"Research this color once, then apply Hex/RGB to every row in the cluster if product lines represent the same color."
army painter|true brass,Army Painter,True Brass,ENTIRE_CLUSTER_MISSING,1,0,1,Fanatic,Metallic,AP_FANATIC_TRUE_BRASS,AP_FANATIC_TRUE_BRASS,,,,"Research this color once, then apply Hex/RGB to every row in the cluster if product lines represent the same color."
army painter|true copper,Army Painter,True Copper,ENTIRE_CLUSTER_MISSING,2,0,2,Air | Fanatic,Air Metallic/Effect | Metallic,AP_AIR_TRUE_COPPER | AP_FANATIC_TRUE_COPPER,AP_AIR_TRUE_COPPER | AP_FANATIC_TRUE_COPPER,,,,"Research this color once, then apply Hex/RGB to every row in the cluster if product lines represent the same color."
army painter|tundra taupe,Army Painter,Tundra Taupe,ENTIRE_CLUSTER_MISSING,1,0,1,Fanatic,Acrylic,AP_FANATIC_TUNDRA_TAUPE,AP_FANATIC_TUNDRA_TAUPE,,,,"Research this color once, then apply Hex/RGB to every row in the cluster if product lines represent the same color."
army painter|turquoise siren,Army Painter,Turquoise Siren,ENTIRE_CLUSTER_MISSING,1,0,1,Fanatic,Acrylic,AP_FANATIC_TURQUOISE_SIREN,AP_FANATIC_TURQUOISE_SIREN,,,,"Research this color once, then apply Hex/RGB to every row in the cluster if product lines represent the same color."
army painter|twilight sky,Army Painter,Twilight Sky,ENTIRE_CLUSTER_MISSING,1,0,1,Air,Air,AP_AIR_TWILIGHT_SKY,AP_AIR_TWILIGHT_SKY,,,,"Research this color once, then apply Hex/RGB to every row in the cluster if product lines represent the same color."
army painter|undergrowth green,Army Painter,Undergrowth Green,ENTIRE_CLUSTER_MISSING,1,0,1,Air,Air,AP_AIR_UNDERGROWTH_GREEN,AP_AIR_UNDERGROWTH_GREEN,,,,"Research this color once, then apply Hex/RGB to every row in the cluster if product lines represent the same color."
army painter|unforgiven green,Army Painter,Unforgiven Green,ENTIRE_CLUSTER_MISSING,1,0,1,Air,Air,AP_AIR_UNFORGIVEN_GREEN,AP_AIR_UNFORGIVEN_GREEN,,,,"Research this color once, then apply Hex/RGB to every row in the cluster if product lines represent the same color."
army painter|urban buff,Army Painter,Urban Buff,ENTIRE_CLUSTER_MISSING,1,0,1,Fanatic,Acrylic,AP_FANATIC_URBAN_BUFF,AP_FANATIC_URBAN_BUFF,,,,"Research this color once, then apply Hex/RGB to every row in the cluster if product lines represent the same color."
army painter|violent vermillion,Army Painter,Violent Vermillion,ENTIRE_CLUSTER_MISSING,1,0,1,Fanatic,Acrylic,AP_FANATIC_VIOLENT_VERMILLION,AP_FANATIC_VIOLENT_VERMILLION,,,,"Research this color once, then apply Hex/RGB to every row in the cluster if product lines represent the same color."
army painter|violet coven,Army Painter,Violet Coven,ENTIRE_CLUSTER_MISSING,1,0,1,Fanatic,Acrylic,AP_FANATIC_VIOLET_COVEN,AP_FANATIC_VIOLET_COVEN,,,,"Research this color once, then apply Hex/RGB to every row in the cluster if product lines represent the same color."
army painter|violet volt,Army Painter,Violet Volt,ENTIRE_CLUSTER_MISSING,1,0,1,Air,Air,AP_AIR_VIOLET_VOLT,AP_AIR_VIOLET_VOLT,,,,"Research this color once, then apply Hex/RGB to every row in the cluster if product lines represent the same color."
army painter|viper brown,Army Painter,Viper Brown,ENTIRE_CLUSTER_MISSING,1,0,1,Air,Air,AP_AIR_VIPER_BROWN,AP_AIR_VIPER_BROWN,,,,"Research this color once, then apply Hex/RGB to every row in the cluster if product lines represent the same color."
army painter|vivid volt,Army Painter,Vivid Volt,ENTIRE_CLUSTER_MISSING,1,0,1,Fanatic,Acrylic,AP_FANATIC_VIVID_VOLT,AP_FANATIC_VIVID_VOLT,,,,"Research this color once, then apply Hex/RGB to every row in the cluster if product lines represent the same color."
army painter|warlock magenta,Army Painter,Warlock Magenta,ENTIRE_CLUSTER_MISSING,1,0,1,Fanatic,Acrylic,AP_FANATIC_WARLOCK_MAGENTA,AP_FANATIC_WARLOCK_MAGENTA,,,,"Research this color once, then apply Hex/RGB to every row in the cluster if product lines represent the same color."
army painter|warpaints retarder,Army Painter,Warpaints Retarder,ENTIRE_CLUSTER_MISSING,1,0,1,Fanatic,Auxiliary,AP_FANATIC_WARPAINTS_RETARDER,AP_FANATIC_WARPAINTS_RETARDER,,,,"Research this color once, then apply Hex/RGB to every row in the cluster if product lines represent the same color."
army painter|warpaints stabilizer,Army Painter,Warpaints Stabilizer,ENTIRE_CLUSTER_MISSING,1,0,1,Fanatic,Auxiliary,AP_FANATIC_WARPAINTS_STABILIZER,AP_FANATIC_WARPAINTS_STABILIZER,,,,"Research this color once, then apply Hex/RGB to every row in the cluster if product lines represent the same color."
army painter|warped yellow,Army Painter,Warped Yellow,ENTIRE_CLUSTER_MISSING,1,0,1,Fanatic,Acrylic,AP_FANATIC_WARPED_YELLOW,AP_FANATIC_WARPED_YELLOW,,,,"Research this color once, then apply Hex/RGB to every row in the cluster if product lines represent the same color."
army painter|wash medium,Army Painter,Wash Medium,ENTIRE_CLUSTER_MISSING,1,0,1,Fanatic,Wash/Shade,AP_FANATIC_WASH_MEDIUM,AP_FANATIC_WASH_MEDIUM,,,,"Research this color once, then apply Hex/RGB to every row in the cluster if product lines represent the same color."
army painter|wasteland clay,Army Painter,Wasteland Clay,ENTIRE_CLUSTER_MISSING,1,0,1,Fanatic,Acrylic,AP_FANATIC_WASTELAND_CLAY,AP_FANATIC_WASTELAND_CLAY,,,,"Research this color once, then apply Hex/RGB to every row in the cluster if product lines represent the same color."
army painter|weapon bronze,Army Painter,Weapon Bronze,ENTIRE_CLUSTER_MISSING,2,0,2,Air | Fanatic,Air Metallic/Effect | Metallic,AP_AIR_WEAPON_BRONZE | AP_FANATIC_WEAPON_BRONZE,AP_AIR_WEAPON_BRONZE | AP_FANATIC_WEAPON_BRONZE,,,,"Research this color once, then apply Hex/RGB to every row in the cluster if product lines represent the same color."
army painter|weird elixir,Army Painter,Weird Elixir,ENTIRE_CLUSTER_MISSING,1,0,1,Fanatic,Acrylic,AP_FANATIC_WEIRD_ELIXIR,AP_FANATIC_WEIRD_ELIXIR,,,,"Research this color once, then apply Hex/RGB to every row in the cluster if product lines represent the same color."
army painter|wicked pink,Army Painter,Wicked Pink,ENTIRE_CLUSTER_MISSING,1,0,1,Fanatic,Acrylic,AP_FANATIC_WICKED_PINK,AP_FANATIC_WICKED_PINK,,,,"Research this color once, then apply Hex/RGB to every row in the cluster if product lines represent the same color."
army painter|wild green,Army Painter,Wild Green,ENTIRE_CLUSTER_MISSING,1,0,1,Fanatic,Acrylic,AP_FANATIC_WILD_GREEN,AP_FANATIC_WILD_GREEN,,,,"Research this color once, then apply Hex/RGB to every row in the cluster if product lines represent the same color."
army painter|wildling flesh,Army Painter,Wildling Flesh,ENTIRE_CLUSTER_MISSING,1,0,1,Air,Air,AP_AIR_WILDLING_FLESH,AP_AIR_WILDLING_FLESH,,,,"Research this color once, then apply Hex/RGB to every row in the cluster if product lines represent the same color."
army painter|wilted rose,Army Painter,Wilted Rose,ENTIRE_CLUSTER_MISSING,1,0,1,Fanatic,Acrylic,AP_FANATIC_WILTED_ROSE,AP_FANATIC_WILTED_ROSE,,,,"Research this color once, then apply Hex/RGB to every row in the cluster if product lines represent the same color."
army painter|witchbane plum,Army Painter,Witchbane Plum,ENTIRE_CLUSTER_MISSING,1,0,1,Air,Air,AP_AIR_WITCHBANE_PLUM,AP_AIR_WITCHBANE_PLUM,,,,"Research this color once, then apply Hex/RGB to every row in the cluster if product lines represent the same color."
army painter|woodland camo,Army Painter,Woodland Camo,ENTIRE_CLUSTER_MISSING,1,0,1,Fanatic,Acrylic,AP_FANATIC_WOODLAND_CAMO,AP_FANATIC_WOODLAND_CAMO,,,,"Research this color once, then apply Hex/RGB to every row in the cluster if product lines represent the same color."
army painter|worn stone,Army Painter,Worn Stone,ENTIRE_CLUSTER_MISSING,1,0,1,Fanatic,Acrylic,AP_FANATIC_WORN_STONE,AP_FANATIC_WORN_STONE,,,,"Research this color once, then apply Hex/RGB to every row in the cluster if product lines represent the same color."
army painter|wyrmling red,Army Painter,Wyrmling Red,ENTIRE_CLUSTER_MISSING,1,0,1,Air,Air,AP_AIR_WYRMLING_RED,AP_AIR_WYRMLING_RED,,,,"Research this color once, then apply Hex/RGB to every row in the cluster if product lines represent the same color."
army painter|wyvern fury,Army Painter,Wyvern Fury,ENTIRE_CLUSTER_MISSING,1,0,1,Fanatic,Acrylic,AP_FANATIC_WYVERN_FURY,AP_FANATIC_WYVERN_FURY,,,,"Research this color once, then apply Hex/RGB to every row in the cluster if product lines represent the same color."
army painter|yellow dune,Army Painter,Yellow Dune,ENTIRE_CLUSTER_MISSING,1,0,1,Air,Air,AP_AIR_YELLOW_DUNE,AP_AIR_YELLOW_DUNE,,,,"Research this color once, then apply Hex/RGB to every row in the cluster if product lines represent the same color."
army painter|yeti white,Army Painter,Yeti White,ENTIRE_CLUSTER_MISSING,1,0,1,Air,Air,AP_AIR_YETI_WHITE,AP_AIR_YETI_WHITE,,,,"Research this color once, then apply Hex/RGB to every row in the cluster if product lines represent the same color."
army painter|zephyr pink,Army Painter,Zephyr Pink,ENTIRE_CLUSTER_MISSING,1,0,1,Air,Air,AP_AIR_ZEPHYR_PINK,AP_AIR_ZEPHYR_PINK,,,,"Research this color once, then apply Hex/RGB to every row in the cluster if product lines represent the same color."
army painter|zombie flesh,Army Painter,Zombie Flesh,ENTIRE_CLUSTER_MISSING,1,0,1,Air,Air,AP_AIR_ZOMBIE_FLESH,AP_AIR_ZOMBIE_FLESH,,,,"Research this color once, then apply Hex/RGB to every row in the cluster if product lines represent the same color."
games workshop|air caste thinner,Games Workshop,Air Caste Thinner,ENTIRE_CLUSTER_MISSING,1,0,1,Air,Air,GW_AIR_AIR_CASTE_THINNER,GW_AIR_AIR_CASTE_THINNER,,,,"Research this color once, then apply Hex/RGB to every row in the cluster if product lines represent the same color."
games workshop|contrast medium,Games Workshop,Contrast Medium,ENTIRE_CLUSTER_MISSING,1,0,1,Technical,Technical,GW_TECHNICAL_CONTRAST_MEDIUM,GW_TECHNICAL_CONTRAST_MEDIUM,,,,"Research this color once, then apply Hex/RGB to every row in the cluster if product lines represent the same color."
games workshop|munitorum varnish,Games Workshop,Munitorum Varnish,ENTIRE_CLUSTER_MISSING,1,0,1,Spray,Spray,GW_SPRAY_MUNITORUM_VARNISH,GW_SPRAY_MUNITORUM_VARNISH,,,,"Research this color once, then apply Hex/RGB to every row in the cluster if product lines represent the same color."
games workshop|stormshield,Games Workshop,Stormshield,ENTIRE_CLUSTER_MISSING,1,0,1,Technical,Technical,GW_TECHNICAL_STORMSHIELD,GW_TECHNICAL_STORMSHIELD,,,,"Research this color once, then apply Hex/RGB to every row in the cluster if product lines represent the same color."
vallejo|airbrush,Vallejo,Airbrush,ENTIRE_CLUSTER_MISSING,1,0,1,Model Air,Acrylic airbrush paint,VAL_MODEL_AIR_AIRBRUSH,VAL_MODEL_AIR_AIRBRUSH,,,,"Research this color once, then apply Hex/RGB to every row in the cluster if product lines represent the same color."
vallejo|airbrush thinner,Vallejo,Airbrush Thinner,ENTIRE_CLUSTER_MISSING,2,0,2,Game Color Auxiliary | Model Air,Acrylic airbrush paint | Auxiliary,VAL_GAME_COLOR_AUXILIARY_AIRBRUSH_THINNER | VAL_MODEL_AIR_AIRBRUSH_THINNER,VAL_GAME_COLOR_AUXILIARY_AIRBRUSH_THINNER | VAL_MODEL_AIR_AIRBRUSH_THINNER,,,,"Research this color once, then apply Hex/RGB to every row in the cluster if product lines represent the same color."
vallejo|black glaze,Vallejo,Black Glaze,ENTIRE_CLUSTER_MISSING,1,0,1,Model Color,Acrylic Paint,VAL_MODEL_COLOR_BLACK_GLAZE,VAL_MODEL_COLOR_BLACK_GLAZE,,,,"Research this color once, then apply Hex/RGB to every row in the cluster if product lines represent the same color."
vallejo|brown glaze,Vallejo,Brown Glaze,ENTIRE_CLUSTER_MISSING,1,0,1,Model Color,Acrylic Paint,VAL_MODEL_COLOR_BROWN_GLAZE,VAL_MODEL_COLOR_BROWN_GLAZE,,,,"Research this color once, then apply Hex/RGB to every row in the cluster if product lines represent the same color."
vallejo|chipping medium,Vallejo,Chipping Medium,ENTIRE_CLUSTER_MISSING,1,0,1,Model Color Related,Auxiliary,VAL_MODEL_COLOR_RELATED_CHIPPING_MEDIUM,VAL_MODEL_COLOR_RELATED_CHIPPING_MEDIUM,,,,"Research this color once, then apply Hex/RGB to every row in the cluster if product lines represent the same color."
vallejo|decal fix,Vallejo,Decal Fix,ENTIRE_CLUSTER_MISSING,1,0,1,Model Color Related,Auxiliary,VAL_MODEL_COLOR_RELATED_DECAL_FIX,VAL_MODEL_COLOR_RELATED_DECAL_FIX,,,,"Research this color once, then apply Hex/RGB to every row in the cluster if product lines represent the same color."
vallejo|decal softener,Vallejo,Decal Softener,ENTIRE_CLUSTER_MISSING,1,0,1,Model Color Related,Auxiliary,VAL_MODEL_COLOR_RELATED_DECAL_SOFTENER,VAL_MODEL_COLOR_RELATED_DECAL_SOFTENER,,,,"Research this color once, then apply Hex/RGB to every row in the cluster if product lines represent the same color."
vallejo|drying retarder,Vallejo,Drying Retarder,ENTIRE_CLUSTER_MISSING,1,0,1,Model Color,Acrylic Paint,VAL_MODEL_COLOR_DRYING_RETARDER,VAL_MODEL_COLOR_DRYING_RETARDER,,,,"Research this color once, then apply Hex/RGB to every row in the cluster if product lines represent the same color."
vallejo|glaze medium,Vallejo,Glaze Medium,ENTIRE_CLUSTER_MISSING,2,0,2,Game Color Auxiliary | Model Color,Acrylic paint | Auxiliary,VAL_GAME_COLOR_AUXILIARY_GLAZE_MEDIUM | VAL_MODEL_COLOR_GLAZE_MEDIUM,VAL_GAME_COLOR_AUXILIARY_GLAZE_MEDIUM | VAL_MODEL_COLOR_GLAZE_MEDIUM,,,,"Research this color once, then apply Hex/RGB to every row in the cluster if product lines represent the same color."
vallejo|gloss medium,Vallejo,Gloss Medium,ENTIRE_CLUSTER_MISSING,1,0,1,Model Color,Acrylic paint,VAL_MODEL_COLOR_GLOSS_MEDIUM,VAL_MODEL_COLOR_GLOSS_MEDIUM,,,,"Research this color once, then apply Hex/RGB to every row in the cluster if product lines represent the same color."
vallejo|gloss poly varnish,Vallejo,Gloss Poly. Varnish,ENTIRE_CLUSTER_MISSING,1,0,1,Game Color Special FX,Effect,VAL_GAME_COLOR_SPECIAL_FX_GLOSS_POLY_VARNISH,VAL_GAME_COLOR_SPECIAL_FX_GLOSS_POLY_VARNISH,,,,"Research this color once, then apply Hex/RGB to every row in the cluster if product lines represent the same color."
vallejo|gloss varnish,Vallejo,Gloss Varnish,ENTIRE_CLUSTER_MISSING,1,0,1,Model Color,Acrylic paint,VAL_MODEL_COLOR_GLOSS_VARNISH,VAL_MODEL_COLOR_GLOSS_VARNISH,,,,"Research this color once, then apply Hex/RGB to every row in the cluster if product lines represent the same color."
vallejo|glossy varnish,Vallejo,Glossy Varnish,ENTIRE_CLUSTER_MISSING,1,0,1,Model Color,Acrylic Paint,VAL_MODEL_COLOR_GLOSSY_VARNISH,VAL_MODEL_COLOR_GLOSSY_VARNISH,,,,"Research this color once, then apply Hex/RGB to every row in the cluster if product lines represent the same color."
vallejo|liquid mask,Vallejo,Liquid Mask,ENTIRE_CLUSTER_MISSING,1,0,1,Model Color,Acrylic paint,VAL_MODEL_COLOR_LIQUID_MASK,VAL_MODEL_COLOR_LIQUID_MASK,,,,"Research this color once, then apply Hex/RGB to every row in the cluster if product lines represent the same color."
vallejo|matt base,Vallejo,Matt Base,ENTIRE_CLUSTER_MISSING,1,0,1,Model Color,Acrylic paint,VAL_MODEL_COLOR_MATT_BASE,VAL_MODEL_COLOR_MATT_BASE,,,,"Research this color once, then apply Hex/RGB to every row in the cluster if product lines represent the same color."
vallejo|matt poly varnish,Vallejo,Matt Poly. Varnish,ENTIRE_CLUSTER_MISSING,1,0,1,Game Color Special FX,Effect,VAL_GAME_COLOR_SPECIAL_FX_MATT_POLY_VARNISH,VAL_GAME_COLOR_SPECIAL_FX_MATT_POLY_VARNISH,,,,"Research this color once, then apply Hex/RGB to every row in the cluster if product lines represent the same color."
vallejo|matt varnish,Vallejo,Matt Varnish,ENTIRE_CLUSTER_MISSING,1,0,1,Model Color,Acrylic paint,VAL_MODEL_COLOR_MATT_VARNISH,VAL_MODEL_COLOR_MATT_VARNISH,,,,"Research this color once, then apply Hex/RGB to every row in the cluster if product lines represent the same color."
vallejo|matte varnish,Vallejo,Matte Varnish,ENTIRE_CLUSTER_MISSING,1,0,1,Model Color,Acrylic Paint,VAL_MODEL_COLOR_MATTE_VARNISH,VAL_MODEL_COLOR_MATTE_VARNISH,,,,"Research this color once, then apply Hex/RGB to every row in the cluster if product lines represent the same color."
vallejo|medium grey blue,Vallejo,Medium Grey Blue,ENTIRE_CLUSTER_MISSING,1,0,1,Model Color,Acrylic paint,VAL_MODEL_COLOR_MEDIUM_GREY_BLUE,VAL_MODEL_COLOR_MEDIUM_GREY_BLUE,,,,"Research this color once, then apply Hex/RGB to every row in the cluster if product lines represent the same color."
vallejo|metal medium,Vallejo,Metal Medium,ENTIRE_CLUSTER_MISSING,2,0,2,Game Color Metallic | Model Color,Acrylic paint | Metallic,VAL_GAME_COLOR_METALLIC_METAL_MEDIUM | VAL_MODEL_COLOR_METAL_MEDIUM,VAL_GAME_COLOR_METALLIC_METAL_MEDIUM | VAL_MODEL_COLOR_METAL_MEDIUM,,,,"Research this color once, then apply Hex/RGB to every row in the cluster if product lines represent the same color."
vallejo|plastic putty,Vallejo,Plastic Putty,ENTIRE_CLUSTER_MISSING,1,0,1,Model Color,Acrylic paint,VAL_MODEL_COLOR_PLASTIC_PUTTY,VAL_MODEL_COLOR_PLASTIC_PUTTY,,,,"Research this color once, then apply Hex/RGB to every row in the cluster if product lines represent the same color."
vallejo|retarder medium,Vallejo,Retarder Medium,ENTIRE_CLUSTER_MISSING,1,0,1,Model Color,Acrylic paint,VAL_MODEL_COLOR_RETARDER_MEDIUM,VAL_MODEL_COLOR_RETARDER_MEDIUM,,,,"Research this color once, then apply Hex/RGB to every row in the cluster if product lines represent the same color."
vallejo|satin poly varnish,Vallejo,Satin Poly. Varnish,ENTIRE_CLUSTER_MISSING,1,0,1,Game Color Special FX,Effect,VAL_GAME_COLOR_SPECIAL_FX_SATIN_POLY_VARNISH,VAL_GAME_COLOR_SPECIAL_FX_SATIN_POLY_VARNISH,,,,"Research this color once, then apply Hex/RGB to every row in the cluster if product lines represent the same color."
vallejo|satin varnish,Vallejo,Satin Varnish,ENTIRE_CLUSTER_MISSING,1,0,1,Model Color,Acrylic paint,VAL_MODEL_COLOR_SATIN_VARNISH,VAL_MODEL_COLOR_SATIN_VARNISH,,,,"Research this color once, then apply Hex/RGB to every row in the cluster if product lines represent the same color."
vallejo|tan glaze,Vallejo,Tan Glaze,ENTIRE_CLUSTER_MISSING,1,0,1,Model Color,Acrylic Paint,VAL_MODEL_COLOR_TAN_GLAZE,VAL_MODEL_COLOR_TAN_GLAZE,,,,"Research this color once, then apply Hex/RGB to every row in the cluster if product lines represent the same color."
vallejo|thinner medium,Vallejo,Thinner Medium,ENTIRE_CLUSTER_MISSING,1,0,1,Model Color,Acrylic paint,VAL_MODEL_COLOR_THINNER_MEDIUM,VAL_MODEL_COLOR_THINNER_MEDIUM,,,,"Research this color once, then apply Hex/RGB to every row in the cluster if product lines represent the same color."
vallejo|transparent yellow,Vallejo,Transparent Yellow,ENTIRE_CLUSTER_MISSING,1,0,1,Model Color,Acrylic Paint,VAL_MODEL_COLOR_TRANSPARENT_YELLOW,VAL_MODEL_COLOR_TRANSPARENT_YELLOW,,,,"Research this color once, then apply Hex/RGB to every row in the cluster if product lines represent the same color."
vallejo|ultra matt pol varn,Vallejo,Ultra Matt Pol. Varn.,ENTIRE_CLUSTER_MISSING,1,0,1,Game Color Special FX,Effect,VAL_GAME_COLOR_SPECIAL_FX_ULTRA_MATT_POL_VARN,VAL_GAME_COLOR_SPECIAL_FX_ULTRA_MATT_POL_VARN,,,,"Research this color once, then apply Hex/RGB to every row in the cluster if product lines represent the same color."
vallejo|white glaze,Vallejo,White Glaze,ENTIRE_CLUSTER_MISSING,1,0,1,Model Color,Acrylic Paint,VAL_MODEL_COLOR_WHITE_GLAZE,VAL_MODEL_COLOR_WHITE_GLAZE,,,,"Research this color once, then apply Hex/RGB to every row in the cluster if product lines represent the same color."
vallejo|xpress medium,Vallejo,Xpress Medium,ENTIRE_CLUSTER_MISSING,1,0,1,Xpress Color,Contrast-style acrylic,VAL_XPRESS_COLOR_XPRESS_MEDIUM,VAL_XPRESS_COLOR_XPRESS_MEDIUM,,,,"Research this color once, then apply Hex/RGB to every row in the cluster if product lines represent the same color."
