Source_Company,Source_Product_Line,Source_Paint_Name,Source_Paint_ID,Equivalent_Company,Equivalent_Product_Line,Equivalent_Paint_Name,Equivalent_Paint_ID,Match_Type,Similarity_Percent,Confidence,Source,Notes,Hex
Games Workshop,Citadel,Citadel,,Vallejo,Game Color,Skull White,,Dakka Chart Equivalency,,Medium,258583605-Dakka-Dakka.txt,Parsed from Dakka paint compatibility chart; hex is approximate.,FFFFFF
Games Workshop,Citadel,Citadel,,Vallejo,Model Color,Dead White,001,Dakka Chart Equivalency,,Medium,258583605-Dakka-Dakka.txt,Parsed from Dakka paint compatibility chart; hex is approximate.,FFFFFF
Games Workshop,Citadel,Citadel,,Rackham,,White,951,Dakka Chart Equivalency,,Medium,258583605-Dakka-Dakka.txt,Parsed from Dakka paint compatibility chart; hex is approximate.,FFFFFF
Games Workshop,Citadel,Citadel,,Reaper,Master Series,Eternal White,1,Dakka Chart Equivalency,,Medium,258583605-Dakka-Dakka.txt,Parsed from Dakka paint compatibility chart; hex is approximate.,FFFFFF
Games Workshop,Citadel,Citadel,,Coat D'arms,,Pure White,9039,Dakka Chart Equivalency,,Medium,258583605-Dakka-Dakka.txt,Parsed from Dakka paint compatibility chart; hex is approximate.,FFFFFF
Games Workshop,Citadel,Smelly Primer*,,Vallejo,Game Color,White Primer,002,Dakka Chart Equivalency,,Medium,258583605-Dakka-Dakka.txt,Parsed from Dakka paint compatibility chart; hex is approximate.,FFFFFF
Games Workshop,Citadel,Smelly Primer*,,Vallejo,Model Color,Foundation White,919,Dakka Chart Equivalency,,Medium,258583605-Dakka-Dakka.txt,Parsed from Dakka paint compatibility chart; hex is approximate.,FFFFFF
Games Workshop,Citadel,Smelly Primer*,,Rackham,,Brush-on Primer,9108,Dakka Chart Equivalency,,Medium,258583605-Dakka-Dakka.txt,Parsed from Dakka paint compatibility chart; hex is approximate.,FFFFFF
Games Workshop,Citadel,Smelly Primer*,,Reaper,Master Series,Grey Primer,141,Dakka Chart Equivalency,,Medium,258583605-Dakka-Dakka.txt,Parsed from Dakka paint compatibility chart; hex is approximate.,FFFFFF
Games Workshop,Citadel,Pallid Flesh*,,Vallejo,Game Color,Pale Flesh,003,Dakka Chart Equivalency,,Medium,258583605-Dakka-Dakka.txt,Parsed from Dakka paint compatibility chart; hex is approximate.,EEC8C7
Games Workshop,Citadel,Pallid Flesh*,,Vallejo,Model Color,Light Flesh,928,Dakka Chart Equivalency,,Medium,258583605-Dakka-Dakka.txt,Parsed from Dakka paint compatibility chart; hex is approximate.,EEC8C7
Games Workshop,Citadel,Pallid Flesh*,,Rackham,,Pearly Flesh,31,Dakka Chart Equivalency,,Medium,258583605-Dakka-Dakka.txt,Parsed from Dakka paint compatibility chart; hex is approximate.,EEC8C7
Games Workshop,Citadel,Pallid Flesh*,,Reaper,Master Series,Rosy Highlight,9069,Dakka Chart Equivalency,,Medium,258583605-Dakka-Dakka.txt,Parsed from Dakka paint compatibility chart; hex is approximate.,EEC8C7
Games Workshop,Citadel,Pallid Flesh*,,Coat D'arms,,Flesh,213,Dakka Chart Equivalency,,Medium,258583605-Dakka-Dakka.txt,Parsed from Dakka paint compatibility chart; hex is approximate.,EEC8C7
Games Workshop,Citadel,Elf Flesh,,Vallejo,Game Color,Elf Skintone,004,Dakka Chart Equivalency,,Medium,258583605-Dakka-Dakka.txt,Parsed from Dakka paint compatibility chart; hex is approximate.,F7BD7B
Games Workshop,Citadel,Elf Flesh,,Vallejo,Model Color,Flat Flesh,955,Dakka Chart Equivalency,,Medium,258583605-Dakka-Dakka.txt,Parsed from Dakka paint compatibility chart; hex is approximate.,F7BD7B
Games Workshop,Citadel,Elf Flesh,,Rackham,,Craggy Skin,30,Dakka Chart Equivalency,,Medium,258583605-Dakka-Dakka.txt,Parsed from Dakka paint compatibility chart; hex is approximate.,F7BD7B
Games Workshop,Citadel,Elf Flesh,,Reaper,Master Series,Rosy Highlight **,9069,Dakka Chart Equivalency,,Medium,258583605-Dakka-Dakka.txt,Parsed from Dakka paint compatibility chart; hex is approximate.,F7BD7B
Games Workshop,Citadel,Elf Flesh,,Coat D'arms,,Elven Flesh,123,Dakka Chart Equivalency,,Medium,258583605-Dakka-Dakka.txt,Parsed from Dakka paint compatibility chart; hex is approximate.,F7BD7B
Games Workshop,Citadel,Bad Moon Yellow*,,Vallejo,Game Color,Bald Moon Yellow,005,Dakka Chart Equivalency,,Medium,258583605-Dakka-Dakka.txt,Parsed from Dakka paint compatibility chart; hex is approximate.,FFF700
Games Workshop,Citadel,Bad Moon Yellow*,,Vallejo,Model Color,Lemon Yellow,952,Dakka Chart Equivalency,,Medium,258583605-Dakka-Dakka.txt,Parsed from Dakka paint compatibility chart; hex is approximate.,FFF700
Games Workshop,Citadel,Bad Moon Yellow*,,Rackham,,Clear Yellow,9095,Dakka Chart Equivalency,,Medium,258583605-Dakka-Dakka.txt,Parsed from Dakka paint compatibility chart; hex is approximate.,FFF700
Games Workshop,Citadel,Bad Moon Yellow*,,Reaper,Master Series,Dusky Yellow,146,Dakka Chart Equivalency,,Medium,258583605-Dakka-Dakka.txt,Parsed from Dakka paint compatibility chart; hex is approximate.,FFF700
Games Workshop,Citadel,Sunburst Yellow,,Vallejo,Game Color,Sunblast Yellow,006,Dakka Chart Equivalency,,Medium,258583605-Dakka-Dakka.txt,Parsed from Dakka paint compatibility chart; hex is approximate.,FFE700
Games Workshop,Citadel,Sunburst Yellow,,Vallejo,Model Color,Deep Yellow,915,Dakka Chart Equivalency,,Medium,258583605-Dakka-Dakka.txt,Parsed from Dakka paint compatibility chart; hex is approximate.,FFE700
Games Workshop,Citadel,Sunburst Yellow,,Rackham,,Lahn Yellow,40,Dakka Chart Equivalency,,Medium,258583605-Dakka-Dakka.txt,Parsed from Dakka paint compatibility chart; hex is approximate.,FFE700
Games Workshop,Citadel,Sunburst Yellow,,Reaper,Master Series,Sun Yellow,9008,Dakka Chart Equivalency,,Medium,258583605-Dakka-Dakka.txt,Parsed from Dakka paint compatibility chart; hex is approximate.,FFE700
Games Workshop,Citadel,Sunburst Yellow,,Coat D'arms,,Sun Yellow,103,Dakka Chart Equivalency,,Medium,258583605-Dakka-Dakka.txt,Parsed from Dakka paint compatibility chart; hex is approximate.,FFE700
Games Workshop,Citadel,Golden Yellow,,Vallejo,Game Color,Gold Yellow,007,Dakka Chart Equivalency,,Medium,258583605-Dakka-Dakka.txt,Parsed from Dakka paint compatibility chart; hex is approximate.,FFCE00
Games Workshop,Citadel,Golden Yellow,,Vallejo,Model Color,Golden Yellow,948,Dakka Chart Equivalency,,Medium,258583605-Dakka-Dakka.txt,Parsed from Dakka paint compatibility chart; hex is approximate.,FFCE00
Games Workshop,Citadel,Golden Yellow,,Rackham,,Royal Yellow,39,Dakka Chart Equivalency,,Medium,258583605-Dakka-Dakka.txt,Parsed from Dakka paint compatibility chart; hex is approximate.,FFCE00
Games Workshop,Citadel,Golden Yellow,,Reaper,Master Series,Marigold Yellow,9007,Dakka Chart Equivalency,,Medium,258583605-Dakka-Dakka.txt,Parsed from Dakka paint compatibility chart; hex is approximate.,FFCE00
Games Workshop,Citadel,Golden Yellow,,Coat D'arms,,Golden Yellow,159,Dakka Chart Equivalency,,Medium,258583605-Dakka-Dakka.txt,Parsed from Dakka paint compatibility chart; hex is approximate.,FFCE00
Games Workshop,Citadel,Desert Yellow,,Vallejo,Game Color,Desert Yellow,063,Dakka Chart Equivalency,,Medium,258583605-Dakka-Dakka.txt,Parsed from Dakka paint compatibility chart; hex is approximate.,9C8855
Games Workshop,Citadel,Desert Yellow,,Vallejo,Model Color,Faded Khaki,9129,Dakka Chart Equivalency,,Medium,258583605-Dakka-Dakka.txt,Parsed from Dakka paint compatibility chart; hex is approximate.,9C8855
Games Workshop,Citadel,Fiery Orange *,,Vallejo,Game Color,Orange Fire,008,Dakka Chart Equivalency,,Medium,258583605-Dakka-Dakka.txt,Parsed from Dakka paint compatibility chart; hex is approximate.,FF7B00
Games Workshop,Citadel,Fiery Orange *,,Vallejo,Model Color,Light Orange,911,Dakka Chart Equivalency,,Medium,258583605-Dakka-Dakka.txt,Parsed from Dakka paint compatibility chart; hex is approximate.,FF7B00
Games Workshop,Citadel,Fiery Orange *,,Rackham,,Merin's Fire,38,Dakka Chart Equivalency,,Medium,258583605-Dakka-Dakka.txt,Parsed from Dakka paint compatibility chart; hex is approximate.,FF7B00
Games Workshop,Citadel,Fiery Orange *,,Reaper,Master Series,Fire Orange,9006,Dakka Chart Equivalency,,Medium,258583605-Dakka-Dakka.txt,Parsed from Dakka paint compatibility chart; hex is approximate.,FF7B00
Games Workshop,Citadel,Fiery Orange *,,Coat D'arms,,Flame Orange,105,Dakka Chart Equivalency,,Medium,258583605-Dakka-Dakka.txt,Parsed from Dakka paint compatibility chart; hex is approximate.,FF7B00
Games Workshop,Citadel,Blazing Orange,,Vallejo,Game Color,Hot Orange,009,Dakka Chart Equivalency,,Medium,258583605-Dakka-Dakka.txt,Parsed from Dakka paint compatibility chart; hex is approximate.,FF3108
Games Workshop,Citadel,Blazing Orange,,Vallejo,Model Color,Scarlet,817,Dakka Chart Equivalency,,Medium,258583605-Dakka-Dakka.txt,Parsed from Dakka paint compatibility chart; hex is approximate.,FF3108
Games Workshop,Citadel,Blazing Orange,,Rackham,,Fusion Red,37,Dakka Chart Equivalency,,Medium,258583605-Dakka-Dakka.txt,Parsed from Dakka paint compatibility chart; hex is approximate.,FF3108
Games Workshop,Citadel,Blazing Orange,,Reaper,Master Series,Phoenix Red,9005,Dakka Chart Equivalency,,Medium,258583605-Dakka-Dakka.txt,Parsed from Dakka paint compatibility chart; hex is approximate.,FF3108
Games Workshop,Citadel,Blazing Orange,,Coat D'arms,,Burnt Orange,147,Dakka Chart Equivalency,,Medium,258583605-Dakka-Dakka.txt,Parsed from Dakka paint compatibility chart; hex is approximate.,FF3108
Games Workshop,Citadel,Blood Red,,Vallejo,Game Color,Bloody Red,010,Dakka Chart Equivalency,,Medium,258583605-Dakka-Dakka.txt,Parsed from Dakka paint compatibility chart; hex is approximate.,CE0018
Games Workshop,Citadel,Blood Red,,Vallejo,Model Color,Vermillion,909,Dakka Chart Equivalency,,Medium,258583605-Dakka-Dakka.txt,Parsed from Dakka paint compatibility chart; hex is approximate.,CE0018
Games Workshop,Citadel,Blood Red,,Rackham,,Clear Red,9094,Dakka Chart Equivalency,,Medium,258583605-Dakka-Dakka.txt,Parsed from Dakka paint compatibility chart; hex is approximate.,CE0018
Games Workshop,Citadel,Blood Red,,Reaper,Master Series,Blood Red,104,Dakka Chart Equivalency,,Medium,258583605-Dakka-Dakka.txt,Parsed from Dakka paint compatibility chart; hex is approximate.,CE0018
Games Workshop,Citadel,Red Gore,,Vallejo,Game Color,Gory Red,011,Dakka Chart Equivalency,,Medium,258583605-Dakka-Dakka.txt,Parsed from Dakka paint compatibility chart; hex is approximate.,940008
Games Workshop,Citadel,Red Gore,,Vallejo,Model Color,Cavalry Brown,982,Dakka Chart Equivalency,,Medium,258583605-Dakka-Dakka.txt,Parsed from Dakka paint compatibility chart; hex is approximate.,940008
Games Workshop,Citadel,Red Gore,,Rackham,,Natural Leather,34,Dakka Chart Equivalency,,Medium,258583605-Dakka-Dakka.txt,Parsed from Dakka paint compatibility chart; hex is approximate.,940008
Games Workshop,Citadel,Red Gore,,Reaper,Master Series,Carnage Red,9135,Dakka Chart Equivalency,,Medium,258583605-Dakka-Dakka.txt,Parsed from Dakka paint compatibility chart; hex is approximate.,940008
Games Workshop,Citadel,Red Gore,,Coat D'arms,,Vampire Red,129,Dakka Chart Equivalency,,Medium,258583605-Dakka-Dakka.txt,Parsed from Dakka paint compatibility chart; hex is approximate.,940008
Games Workshop,Citadel,Scab Red,,Vallejo,Game Color,Scarlett Red,012,Dakka Chart Equivalency,,Medium,258583605-Dakka-Dakka.txt,Parsed from Dakka paint compatibility chart; hex is approximate.,990033
Games Workshop,Citadel,Scab Red,,Vallejo,Model Color,Carmine Red,908,Dakka Chart Equivalency,,Medium,258583605-Dakka-Dakka.txt,Parsed from Dakka paint compatibility chart; hex is approximate.,990033
Games Workshop,Citadel,Scab Red,,Rackham,,Arcavia Red,35,Dakka Chart Equivalency,,Medium,258583605-Dakka-Dakka.txt,Parsed from Dakka paint compatibility chart; hex is approximate.,990033
Games Workshop,Citadel,Scab Red,,Reaper,Master Series,Deep Red,9002,Dakka Chart Equivalency,,Medium,258583605-Dakka-Dakka.txt,Parsed from Dakka paint compatibility chart; hex is approximate.,990033
Games Workshop,Citadel,Terracotta*,,Vallejo,Game Color,Terracotta,065,Dakka Chart Equivalency,,Medium,258583605-Dakka-Dakka.txt,Parsed from Dakka paint compatibility chart; hex is approximate.,793721
Games Workshop,Citadel,Terracotta*,,Vallejo,Model Color,Clotted Red,9134,Dakka Chart Equivalency,,Medium,258583605-Dakka-Dakka.txt,Parsed from Dakka paint compatibility chart; hex is approximate.,793721
Games Workshop,Citadel,Tentacle Pink*,,Vallejo,Game Color,Squid Pink,013,Dakka Chart Equivalency,,Medium,258583605-Dakka-Dakka.txt,Parsed from Dakka paint compatibility chart; hex is approximate.,EF9CB5
Games Workshop,Citadel,Tentacle Pink*,,Vallejo,Model Color,Pink,958,Dakka Chart Equivalency,,Medium,258583605-Dakka-Dakka.txt,Parsed from Dakka paint compatibility chart; hex is approximate.,EF9CB5
Games Workshop,Citadel,Tentacle Pink*,,Rackham,,Friend Flesh,33,Dakka Chart Equivalency,,Medium,258583605-Dakka-Dakka.txt,Parsed from Dakka paint compatibility chart; hex is approximate.,EF9CB5
Games Workshop,Citadel,Tentacle Pink*,,Reaper,Master Series,Pale Violet **,9027,Dakka Chart Equivalency,,Medium,258583605-Dakka-Dakka.txt,Parsed from Dakka paint compatibility chart; hex is approximate.,EF9CB5
Games Workshop,Citadel,Tentacle Pink*,,Coat D'arms,,Shocking Pink,144,Dakka Chart Equivalency,,Medium,258583605-Dakka-Dakka.txt,Parsed from Dakka paint compatibility chart; hex is approximate.,EF9CB5
Games Workshop,Citadel,Warlock Purple,,Vallejo,Game Color,Warlord Purple,014,Dakka Chart Equivalency,,Medium,258583605-Dakka-Dakka.txt,Parsed from Dakka paint compatibility chart; hex is approximate.,9C004A
Games Workshop,Citadel,Warlock Purple,,Vallejo,Model Color,Magenta,945,Dakka Chart Equivalency,,Medium,258583605-Dakka-Dakka.txt,Parsed from Dakka paint compatibility chart; hex is approximate.,9C004A
Games Workshop,Citadel,Warlock Purple,,Rackham,,Celestial Pink,46,Dakka Chart Equivalency,,Medium,258583605-Dakka-Dakka.txt,Parsed from Dakka paint compatibility chart; hex is approximate.,9C004A
Games Workshop,Citadel,Warlock Purple,,Reaper,Master Series,Pale Violet Red,9027,Dakka Chart Equivalency,,Medium,258583605-Dakka-Dakka.txt,Parsed from Dakka paint compatibility chart; hex is approximate.,9C004A
Games Workshop,Citadel,Warlock Purple,,Coat D'arms,,Warlock Purple,157,Dakka Chart Equivalency,,Medium,258583605-Dakka-Dakka.txt,Parsed from Dakka paint compatibility chart; hex is approximate.,9C004A
Games Workshop,Citadel,Liche Purple,,Vallejo,Game Color,Royal Purple,810,Dakka Chart Equivalency,,Medium,258583605-Dakka-Dakka.txt,Parsed from Dakka paint compatibility chart; hex is approximate.,5A005A
Games Workshop,Citadel,Liche Purple,,Vallejo,Model Color,Divine Purple,6,Dakka Chart Equivalency,,Medium,258583605-Dakka-Dakka.txt,Parsed from Dakka paint compatibility chart; hex is approximate.,5A005A
Games Workshop,Citadel,Liche Purple,,Rackham,,Clear Plum,9132,Dakka Chart Equivalency,,Medium,258583605-Dakka-Dakka.txt,Parsed from Dakka paint compatibility chart; hex is approximate.,5A005A
Games Workshop,Citadel,Liche Purple,,Reaper,Master Series,Poison Purple,118,Dakka Chart Equivalency,,Medium,258583605-Dakka-Dakka.txt,Parsed from Dakka paint compatibility chart; hex is approximate.,5A005A
Games Workshop,Citadel,Imperial Purple*,,Vallejo,Game Color,Royal Purple,016,Dakka Chart Equivalency,,Medium,258583605-Dakka-Dakka.txt,Parsed from Dakka paint compatibility chart; hex is approximate.,562F7E
Games Workshop,Citadel,Imperial Purple*,,Vallejo,Model Color,Royal Purple,810,Dakka Chart Equivalency,,Medium,258583605-Dakka-Dakka.txt,Parsed from Dakka paint compatibility chart; hex is approximate.,562F7E
Games Workshop,Citadel,Imperial Purple*,,Rackham,,Deep Amethyst,9079,Dakka Chart Equivalency,,Medium,258583605-Dakka-Dakka.txt,Parsed from Dakka paint compatibility chart; hex is approximate.,562F7E
Games Workshop,Citadel,Imperial Purple*,,Reaper,Master Series,Amethest Purple,160,Dakka Chart Equivalency,,Medium,258583605-Dakka-Dakka.txt,Parsed from Dakka paint compatibility chart; hex is approximate.,562F7E
Games Workshop,Citadel,Nauseating Blue *,,Vallejo,Game Color,Sick Blue,017,Dakka Chart Equivalency,,Medium,258583605-Dakka-Dakka.txt,Parsed from Dakka paint compatibility chart; hex is approximate.,412A7A
Games Workshop,Citadel,Nauseating Blue *,,Vallejo,Model Color,Violet **,960,Dakka Chart Equivalency,,Medium,258583605-Dakka-Dakka.txt,Parsed from Dakka paint compatibility chart; hex is approximate.,412A7A
Games Workshop,Citadel,Nauseating Blue *,,Rackham,,Clear Purple,9099,Dakka Chart Equivalency,,Medium,258583605-Dakka-Dakka.txt,Parsed from Dakka paint compatibility chart; hex is approximate.,412A7A
Games Workshop,Citadel,Nauseating Blue *,,Reaper,Master Series,Nauseous Blue,162,Dakka Chart Equivalency,,Medium,258583605-Dakka-Dakka.txt,Parsed from Dakka paint compatibility chart; hex is approximate.,412A7A
Games Workshop,Citadel,Storm Blue *,,Vallejo,Game Color,Stormy Blue,018,Dakka Chart Equivalency,,Medium,258583605-Dakka-Dakka.txt,Parsed from Dakka paint compatibility chart; hex is approximate.,27357E
Games Workshop,Citadel,Storm Blue *,,Vallejo,Model Color,Blue,925,Dakka Chart Equivalency,,Medium,258583605-Dakka-Dakka.txt,Parsed from Dakka paint compatibility chart; hex is approximate.,27357E
Games Workshop,Citadel,Storm Blue *,,Rackham,,Migol Blue,5,Dakka Chart Equivalency,,Medium,258583605-Dakka-Dakka.txt,Parsed from Dakka paint compatibility chart; hex is approximate.,27357E
Games Workshop,Citadel,Storm Blue *,,Reaper,Master Series,Ritterlich Blue **,9115,Dakka Chart Equivalency,,Medium,258583605-Dakka-Dakka.txt,Parsed from Dakka paint compatibility chart; hex is approximate.,27357E
Games Workshop,Citadel,Midnight Blue*,,Vallejo,Game Color,Night Blue,019,Dakka Chart Equivalency,,Medium,258583605-Dakka-Dakka.txt,Parsed from Dakka paint compatibility chart; hex is approximate.,000031
Games Workshop,Citadel,Midnight Blue*,,Vallejo,Model Color,Dark Prussian Blue,899,Dakka Chart Equivalency,,Medium,258583605-Dakka-Dakka.txt,Parsed from Dakka paint compatibility chart; hex is approximate.,000031
Games Workshop,Citadel,Midnight Blue*,,Rackham,,Abyssal Blue,3,Dakka Chart Equivalency,,Medium,258583605-Dakka-Dakka.txt,Parsed from Dakka paint compatibility chart; hex is approximate.,000031
Games Workshop,Citadel,Midnight Blue*,,Reaper,Master Series,Ultramarine Shadow,9187,Dakka Chart Equivalency,,Medium,258583605-Dakka-Dakka.txt,Parsed from Dakka paint compatibility chart; hex is approximate.,000031
Games Workshop,Citadel,Regal Blue,,Vallejo,Game Color,Imperial Blue,020,Dakka Chart Equivalency,,Medium,258583605-Dakka-Dakka.txt,Parsed from Dakka paint compatibility chart; hex is approximate.,08085A
Games Workshop,Citadel,Regal Blue,,Vallejo,Model Color,Royal Blue,809,Dakka Chart Equivalency,,Medium,258583605-Dakka-Dakka.txt,Parsed from Dakka paint compatibility chart; hex is approximate.,08085A
Games Workshop,Citadel,Regal Blue,,Rackham,,Brilliant Blue,9116,Dakka Chart Equivalency,,Medium,258583605-Dakka-Dakka.txt,Parsed from Dakka paint compatibility chart; hex is approximate.,08085A
Games Workshop,Citadel,Regal Blue,,Reaper,Master Series,Royal Blue,110,Dakka Chart Equivalency,,Medium,258583605-Dakka-Dakka.txt,Parsed from Dakka paint compatibility chart; hex is approximate.,08085A
Games Workshop,Citadel,Enchanted Blue,,Vallejo,Game Color,Magic Blue,021,Dakka Chart Equivalency,,Medium,258583605-Dakka-Dakka.txt,Parsed from Dakka paint compatibility chart; hex is approximate.,31639C
Games Workshop,Citadel,Enchanted Blue,,Vallejo,Model Color,Dark Blue,930,Dakka Chart Equivalency,,Medium,258583605-Dakka-Dakka.txt,Parsed from Dakka paint compatibility chart; hex is approximate.,31639C
Games Workshop,Citadel,Enchanted Blue,,Rackham,,Ephren Blue,4,Dakka Chart Equivalency,,Medium,258583605-Dakka-Dakka.txt,Parsed from Dakka paint compatibility chart; hex is approximate.,31639C
Games Workshop,Citadel,Enchanted Blue,,Reaper,Master Series,Cyan Blue **,9117,Dakka Chart Equivalency,,Medium,258583605-Dakka-Dakka.txt,Parsed from Dakka paint compatibility chart; hex is approximate.,31639C
Games Workshop,Citadel,Enchanted Blue,,Coat D'arms,,Wizard Blue,114,Dakka Chart Equivalency,,Medium,258583605-Dakka-Dakka.txt,Parsed from Dakka paint compatibility chart; hex is approximate.,31639C
Games Workshop,Citadel,Ultramarine Blue,,Vallejo,Game Color,Ultra Marine Blue,022,Dakka Chart Equivalency,,Medium,258583605-Dakka-Dakka.txt,Parsed from Dakka paint compatibility chart; hex is approximate.,29397B
Games Workshop,Citadel,Ultramarine Blue,,Vallejo,Model Color,Ultramarine,839,Dakka Chart Equivalency,,Medium,258583605-Dakka-Dakka.txt,Parsed from Dakka paint compatibility chart; hex is approximate.,29397B
Games Workshop,Citadel,Ultramarine Blue,,Rackham,,Wizard Blue **,7,Dakka Chart Equivalency,,Medium,258583605-Dakka-Dakka.txt,Parsed from Dakka paint compatibility chart; hex is approximate.,29397B
Games Workshop,Citadel,Ultramarine Blue,,Reaper,Master Series,Ultramarine Highlight **,9189,Dakka Chart Equivalency,,Medium,258583605-Dakka-Dakka.txt,Parsed from Dakka paint compatibility chart; hex is approximate.,29397B
Games Workshop,Citadel,Ultramarine Blue,,Coat D'arms,,Marine Blue,148,Dakka Chart Equivalency,,Medium,258583605-Dakka-Dakka.txt,Parsed from Dakka paint compatibility chart; hex is approximate.,29397B
Games Workshop,Citadel,Ice Blue,,Vallejo,Game Color,Ice Blue,095,Dakka Chart Equivalency,,Medium,258583605-Dakka-Dakka.txt,Parsed from Dakka paint compatibility chart; hex is approximate.,6B9CCE
Games Workshop,Citadel,Ice Blue,,Vallejo,Model Color,Azure **,902,Dakka Chart Equivalency,,Medium,258583605-Dakka-Dakka.txt,Parsed from Dakka paint compatibility chart; hex is approximate.,6B9CCE
Games Workshop,Citadel,Ice Blue,,Rackham,,Glacier Blue,9,Dakka Chart Equivalency,,Medium,258583605-Dakka-Dakka.txt,Parsed from Dakka paint compatibility chart; hex is approximate.,6B9CCE
Games Workshop,Citadel,Lightning Bolt Blue *,,Vallejo,Game Color,Electric Blue,023,Dakka Chart Equivalency,,Medium,258583605-Dakka-Dakka.txt,Parsed from Dakka paint compatibility chart; hex is approximate.,8BB9DD
Games Workshop,Citadel,Lightning Bolt Blue *,,Vallejo,Model Color,Sky Blue,961,Dakka Chart Equivalency,,Medium,258583605-Dakka-Dakka.txt,Parsed from Dakka paint compatibility chart; hex is approximate.,8BB9DD
Games Workshop,Citadel,Lightning Bolt Blue *,,Rackham,,Sacred Blue **,8,Dakka Chart Equivalency,,Medium,258583605-Dakka-Dakka.txt,Parsed from Dakka paint compatibility chart; hex is approximate.,8BB9DD
Games Workshop,Citadel,Lightning Bolt Blue *,,Reaper,Master Series,Sky Blue **,9018,Dakka Chart Equivalency,,Medium,258583605-Dakka-Dakka.txt,Parsed from Dakka paint compatibility chart; hex is approximate.,8BB9DD
Games Workshop,Citadel,Lightning Bolt Blue *,,Coat D'arms,,High Elf Blue,117,Dakka Chart Equivalency,,Medium,258583605-Dakka-Dakka.txt,Parsed from Dakka paint compatibility chart; hex is approximate.,8BB9DD
Games Workshop,Citadel,Hawk Turquoise,,Vallejo,Game Color,Falcon Turquoise,024,Dakka Chart Equivalency,,Medium,258583605-Dakka-Dakka.txt,Parsed from Dakka paint compatibility chart; hex is approximate.,006B5A
Games Workshop,Citadel,Hawk Turquoise,,Vallejo,Model Color,Light Turquoise,840,Dakka Chart Equivalency,,Medium,258583605-Dakka-Dakka.txt,Parsed from Dakka paint compatibility chart; hex is approximate.,006B5A
Games Workshop,Citadel,Hawk Turquoise,,Rackham,,Precious Blue,12,Dakka Chart Equivalency,,Medium,258583605-Dakka-Dakka.txt,Parsed from Dakka paint compatibility chart; hex is approximate.,006B5A
Games Workshop,Citadel,Hawk Turquoise,,Reaper,Master Series,Marine Teal,9077,Dakka Chart Equivalency,,Medium,258583605-Dakka-Dakka.txt,Parsed from Dakka paint compatibility chart; hex is approximate.,006B5A
Games Workshop,Citadel,Hawk Turquoise,,Coat D'arms,,Aquamarine,132,Dakka Chart Equivalency,,Medium,258583605-Dakka-Dakka.txt,Parsed from Dakka paint compatibility chart; hex is approximate.,006B5A
Games Workshop,Citadel,Vile Green *,,Vallejo,Game Color,Foul Green,025,Dakka Chart Equivalency,,Medium,258583605-Dakka-Dakka.txt,Parsed from Dakka paint compatibility chart; hex is approximate.,82C59C
Games Workshop,Citadel,Vile Green *,,Vallejo,Model Color,Park Green Flat,969,Dakka Chart Equivalency,,Medium,258583605-Dakka-Dakka.txt,Parsed from Dakka paint compatibility chart; hex is approximate.,82C59C
Games Workshop,Citadel,Vile Green *,,Rackham,,Antique Green,13,Dakka Chart Equivalency,,Medium,258583605-Dakka-Dakka.txt,Parsed from Dakka paint compatibility chart; hex is approximate.,82C59C
Games Workshop,Citadel,Jade Green*,,Vallejo,Game Color,Jade Green,026,Dakka Chart Equivalency,,Medium,258583605-Dakka-Dakka.txt,Parsed from Dakka paint compatibility chart; hex is approximate.,069B7D
Games Workshop,Citadel,Jade Green*,,Vallejo,Model Color,Light Turquoise,840,Dakka Chart Equivalency,,Medium,258583605-Dakka-Dakka.txt,Parsed from Dakka paint compatibility chart; hex is approximate.,069B7D
Games Workshop,Citadel,Jade Green*,,Rackham,,Reptilian Greens Triad **,9184/9185/9186,Dakka Chart Equivalency,,Medium,258583605-Dakka-Dakka.txt,Parsed from Dakka paint compatibility chart; hex is approximate.,069B7D
Games Workshop,Citadel,Jade Green*,,Reaper,Master Series,Jade Green**,158,Dakka Chart Equivalency,,Medium,258583605-Dakka-Dakka.txt,Parsed from Dakka paint compatibility chart; hex is approximate.,069B7D
Games Workshop,Citadel,Scaly Green *,,Vallejo,Game Color,Scurf Green,027,Dakka Chart Equivalency,,Medium,258583605-Dakka-Dakka.txt,Parsed from Dakka paint compatibility chart; hex is approximate.,026B67
Games Workshop,Citadel,Scaly Green *,,Vallejo,Model Color,Emerald,838,Dakka Chart Equivalency,,Medium,258583605-Dakka-Dakka.txt,Parsed from Dakka paint compatibility chart; hex is approximate.,026B67
Games Workshop,Citadel,Scaly Green *,,Rackham,,Chitin Green,19,Dakka Chart Equivalency,,Medium,258583605-Dakka-Dakka.txt,Parsed from Dakka paint compatibility chart; hex is approximate.,026B67
Games Workshop,Citadel,Scaly Green *,,Reaper,Master Series,Clear Viridian,9131,Dakka Chart Equivalency,,Medium,258583605-Dakka-Dakka.txt,Parsed from Dakka paint compatibility chart; hex is approximate.,026B67
Games Workshop,Citadel,Dark Angels Green,,Vallejo,Game Color,Dark Green,028,Dakka Chart Equivalency,,Medium,258583605-Dakka-Dakka.txt,Parsed from Dakka paint compatibility chart; hex is approximate.,005221
Games Workshop,Citadel,Dark Angels Green,,Vallejo,Model Color,Deep Green,970,Dakka Chart Equivalency,,Medium,258583605-Dakka-Dakka.txt,Parsed from Dakka paint compatibility chart; hex is approximate.,005221
Games Workshop,Citadel,Dark Angels Green,,Rackham,,Diisha Green,18,Dakka Chart Equivalency,,Medium,258583605-Dakka-Dakka.txt,Parsed from Dakka paint compatibility chart; hex is approximate.,005221
Games Workshop,Citadel,Dark Angels Green,,Reaper,Master Series,Pine Green **,9010,Dakka Chart Equivalency,,Medium,258583605-Dakka-Dakka.txt,Parsed from Dakka paint compatibility chart; hex is approximate.,005221
Games Workshop,Citadel,Dark Angels Green,,Coat D'arms,,Dark Elf Green,111,Dakka Chart Equivalency,,Medium,258583605-Dakka-Dakka.txt,Parsed from Dakka paint compatibility chart; hex is approximate.,005221
Games Workshop,Citadel,Snot Green,,Vallejo,Game Color,Sick Green,029,Dakka Chart Equivalency,,Medium,258583605-Dakka-Dakka.txt,Parsed from Dakka paint compatibility chart; hex is approximate.,106B21
Games Workshop,Citadel,Snot Green,,Vallejo,Model Color,Intermediate Green,891,Dakka Chart Equivalency,,Medium,258583605-Dakka-Dakka.txt,Parsed from Dakka paint compatibility chart; hex is approximate.,106B21
Games Workshop,Citadel,Snot Green,,Rackham,,Avagddu Green,17,Dakka Chart Equivalency,,Medium,258583605-Dakka-Dakka.txt,Parsed from Dakka paint compatibility chart; hex is approximate.,106B21
Games Workshop,Citadel,Snot Green,,Reaper,Master Series,Clear Green,9096,Dakka Chart Equivalency,,Medium,258583605-Dakka-Dakka.txt,Parsed from Dakka paint compatibility chart; hex is approximate.,106B21
Games Workshop,Citadel,Snot Green,,Coat D'arms,,Bogey Green,121,Dakka Chart Equivalency,,Medium,258583605-Dakka-Dakka.txt,Parsed from Dakka paint compatibility chart; hex is approximate.,106B21
Games Workshop,Citadel,Goblin Green,,Vallejo,Game Color,Goblin Green,030,Dakka Chart Equivalency,,Medium,258583605-Dakka-Dakka.txt,Parsed from Dakka paint compatibility chart; hex is approximate.,63B521
Games Workshop,Citadel,Goblin Green,,Vallejo,Model Color,Pastel Green,885,Dakka Chart Equivalency,,Medium,258583605-Dakka-Dakka.txt,Parsed from Dakka paint compatibility chart; hex is approximate.,63B521
Games Workshop,Citadel,Goblin Green,,Rackham,,Chasm Green,16,Dakka Chart Equivalency,,Medium,258583605-Dakka-Dakka.txt,Parsed from Dakka paint compatibility chart; hex is approximate.,63B521
Games Workshop,Citadel,Goblin Green,,Reaper,Master Series,Field Green **,9167,Dakka Chart Equivalency,,Medium,258583605-Dakka-Dakka.txt,Parsed from Dakka paint compatibility chart; hex is approximate.,63B521
Games Workshop,Citadel,Goblin Green,,Coat D'arms,,Goblin Green,108,Dakka Chart Equivalency,,Medium,258583605-Dakka-Dakka.txt,Parsed from Dakka paint compatibility chart; hex is approximate.,63B521
Games Workshop,Citadel,Camo Green,,Vallejo,Game Color,Camouflage Green,031,Dakka Chart Equivalency,,Medium,258583605-Dakka-Dakka.txt,Parsed from Dakka paint compatibility chart; hex is approximate.,A5A542
Games Workshop,Citadel,Camo Green,,Vallejo,Model Color,Olive Green,967,Dakka Chart Equivalency,,Medium,258583605-Dakka-Dakka.txt,Parsed from Dakka paint compatibility chart; hex is approximate.,A5A542
Games Workshop,Citadel,Camo Green,,Rackham,,Camoflage Green **,9177,Dakka Chart Equivalency,,Medium,258583605-Dakka-Dakka.txt,Parsed from Dakka paint compatibility chart; hex is approximate.,A5A542
Games Workshop,Citadel,Scorpion Green,,Vallejo,Game Color,Scorpy Green,032,Dakka Chart Equivalency,,Medium,258583605-Dakka-Dakka.txt,Parsed from Dakka paint compatibility chart; hex is approximate.,A5D610
Games Workshop,Citadel,Scorpion Green,,Vallejo,Model Color,Light Green,942,Dakka Chart Equivalency,,Medium,258583605-Dakka-Dakka.txt,Parsed from Dakka paint compatibility chart; hex is approximate.,A5D610
Games Workshop,Citadel,Scorpion Green,,Rackham,,Quithayran Green,14,Dakka Chart Equivalency,,Medium,258583605-Dakka-Dakka.txt,Parsed from Dakka paint compatibility chart; hex is approximate.,A5D610
Games Workshop,Citadel,Scorpion Green,,Reaper,Master Series,Pale Green,9012,Dakka Chart Equivalency,,Medium,258583605-Dakka-Dakka.txt,Parsed from Dakka paint compatibility chart; hex is approximate.,A5D610
Games Workshop,Citadel,Scorpion Green,,Coat D'arms,,Scorpion Green,152,Dakka Chart Equivalency,,Medium,258583605-Dakka-Dakka.txt,Parsed from Dakka paint compatibility chart; hex is approximate.,A5D610
Games Workshop,Citadel,Bilious Green *,,Vallejo,Game Color,Livery Green,033,Dakka Chart Equivalency,,Medium,258583605-Dakka-Dakka.txt,Parsed from Dakka paint compatibility chart; hex is approximate.,A9D171
Games Workshop,Citadel,Bilious Green *,,Vallejo,Model Color,Yellow Green **,954,Dakka Chart Equivalency,,Medium,258583605-Dakka-Dakka.txt,Parsed from Dakka paint compatibility chart; hex is approximate.,A9D171
Games Workshop,Citadel,Bilious Green *,,Rackham,,Mystic Green,15,Dakka Chart Equivalency,,Medium,258583605-Dakka-Dakka.txt,Parsed from Dakka paint compatibility chart; hex is approximate.,A9D171
Games Workshop,Citadel,Bilious Green *,,Reaper,Master Series,Spring Green **,9146,Dakka Chart Equivalency,,Medium,258583605-Dakka-Dakka.txt,Parsed from Dakka paint compatibility chart; hex is approximate.,A9D171
Games Workshop,Citadel,Catachan Green,,Vallejo,Game Color,Cayman Green,067,Dakka Chart Equivalency,,Medium,258583605-Dakka-Dakka.txt,Parsed from Dakka paint compatibility chart; hex is approximate.,455440
Games Workshop,Citadel,Catachan Green,,Vallejo,Model Color,Muddy Olive,9034,Dakka Chart Equivalency,,Medium,258583605-Dakka-Dakka.txt,Parsed from Dakka paint compatibility chart; hex is approximate.,455440
Games Workshop,Citadel,Bleached Bone,,Vallejo,Game Color,Bonewhite,034,Dakka Chart Equivalency,,Medium,258583605-Dakka-Dakka.txt,Parsed from Dakka paint compatibility chart; hex is approximate.,EFD9A8
Games Workshop,Citadel,Bleached Bone,,Vallejo,Model Color,Pale Sand,837,Dakka Chart Equivalency,,Medium,258583605-Dakka-Dakka.txt,Parsed from Dakka paint compatibility chart; hex is approximate.,EFD9A8
Games Workshop,Citadel,Bleached Bone,,Rackham,,Wildcat Gray **,42,Dakka Chart Equivalency,,Medium,258583605-Dakka-Dakka.txt,Parsed from Dakka paint compatibility chart; hex is approximate.,EFD9A8
Games Workshop,Citadel,Bleached Bone,,Reaper,Master Series,Yellowed Bone,9143,Dakka Chart Equivalency,,Medium,258583605-Dakka-Dakka.txt,Parsed from Dakka paint compatibility chart; hex is approximate.,EFD9A8
Games Workshop,Citadel,Bleached Bone,,Coat D'arms,,Bone,112,Dakka Chart Equivalency,,Medium,258583605-Dakka-Dakka.txt,Parsed from Dakka paint compatibility chart; hex is approximate.,EFD9A8
Games Workshop,Citadel,Rotting Flesh,,Vallejo,Game Color,Dead Flesh,035,Dakka Chart Equivalency,,Medium,258583605-Dakka-Dakka.txt,Parsed from Dakka paint compatibility chart; hex is approximate.,E7EFC6
Games Workshop,Citadel,Rotting Flesh,,Vallejo,Model Color,German Yellow **,806,Dakka Chart Equivalency,,Medium,258583605-Dakka-Dakka.txt,Parsed from Dakka paint compatibility chart; hex is approximate.,E7EFC6
Games Workshop,Citadel,Rotting Flesh,,Rackham,,Dead Flesh,11,Dakka Chart Equivalency,,Medium,258583605-Dakka-Dakka.txt,Parsed from Dakka paint compatibility chart; hex is approximate.,E7EFC6
Games Workshop,Citadel,Rotting Flesh,,Reaper,Master Series,Pale Olive,9036,Dakka Chart Equivalency,,Medium,258583605-Dakka-Dakka.txt,Parsed from Dakka paint compatibility chart; hex is approximate.,E7EFC6
Games Workshop,Citadel,Rotting Flesh,,Coat D'arms,,Putrid Green,125,Dakka Chart Equivalency,,Medium,258583605-Dakka-Dakka.txt,Parsed from Dakka paint compatibility chart; hex is approximate.,E7EFC6
Games Workshop,Citadel,Bronzed Flesh *,,Vallejo,Game Color,Bronze Flesh,036,Dakka Chart Equivalency,,Medium,258583605-Dakka-Dakka.txt,Parsed from Dakka paint compatibility chart; hex is approximate.,F7944A
Games Workshop,Citadel,Bronzed Flesh *,,Vallejo,Model Color,Dark Flesh,927,Dakka Chart Equivalency,,Medium,258583605-Dakka-Dakka.txt,Parsed from Dakka paint compatibility chart; hex is approximate.,F7944A
Games Workshop,Citadel,Bronzed Flesh *,,Rackham,,Burnt Orange **,9111,Dakka Chart Equivalency,,Medium,258583605-Dakka-Dakka.txt,Parsed from Dakka paint compatibility chart; hex is approximate.,F7944A
Games Workshop,Citadel,Bronzed Flesh *,,Reaper,Master Series,Tanned Flesh,115,Dakka Chart Equivalency,,Medium,258583605-Dakka-Dakka.txt,Parsed from Dakka paint compatibility chart; hex is approximate.,F7944A
Games Workshop,Citadel,Vomit Brown,,Vallejo,Game Color,Filthy Brown,037,Dakka Chart Equivalency,,Medium,258583605-Dakka-Dakka.txt,Parsed from Dakka paint compatibility chart; hex is approximate.,DE9408
Games Workshop,Citadel,Vomit Brown,,Vallejo,Model Color,Beige Red,804,Dakka Chart Equivalency,,Medium,258583605-Dakka-Dakka.txt,Parsed from Dakka paint compatibility chart; hex is approximate.,DE9408
Games Workshop,Citadel,Vomit Brown,,Rackham,,Tanned Skin,29,Dakka Chart Equivalency,,Medium,258583605-Dakka-Dakka.txt,Parsed from Dakka paint compatibility chart; hex is approximate.,DE9408
Games Workshop,Citadel,Vomit Brown,,Reaper,Master Series,Tanned Leather,9031,Dakka Chart Equivalency,,Medium,258583605-Dakka-Dakka.txt,Parsed from Dakka paint compatibility chart; hex is approximate.,DE9408
Games Workshop,Citadel,Vomit Brown,,Coat D'arms,,Bilious Brown,130,Dakka Chart Equivalency,,Medium,258583605-Dakka-Dakka.txt,Parsed from Dakka paint compatibility chart; hex is approximate.,DE9408
Games Workshop,Citadel,Leprous Brown*,,Vallejo,Game Color,Scrofulous Brown,038,Dakka Chart Equivalency,,Medium,258583605-Dakka-Dakka.txt,Parsed from Dakka paint compatibility chart; hex is approximate.,D88E2D
Games Workshop,Citadel,Leprous Brown*,,Vallejo,Model Color,Gold Brown,877,Dakka Chart Equivalency,,Medium,258583605-Dakka-Dakka.txt,Parsed from Dakka paint compatibility chart; hex is approximate.,D88E2D
Games Workshop,Citadel,Leprous Brown*,,Rackham,,Saffron Sunset **,9182,Dakka Chart Equivalency,,Medium,258583605-Dakka-Dakka.txt,Parsed from Dakka paint compatibility chart; hex is approximate.,D88E2D
Games Workshop,Citadel,Leprous Brown*,,Reaper,Master Series,Leprous Brown,156,Dakka Chart Equivalency,,Medium,258583605-Dakka-Dakka.txt,Parsed from Dakka paint compatibility chart; hex is approximate.,D88E2D
Games Workshop,Citadel,Bubonic Brown,,Vallejo,Game Color,Plague Brown,039,Dakka Chart Equivalency,,Medium,258583605-Dakka-Dakka.txt,Parsed from Dakka paint compatibility chart; hex is approximate.,C68400
Games Workshop,Citadel,Bubonic Brown,,Vallejo,Model Color,Yellow Ochre,913,Dakka Chart Equivalency,,Medium,258583605-Dakka-Dakka.txt,Parsed from Dakka paint compatibility chart; hex is approximate.,C68400
Games Workshop,Citadel,Bubonic Brown,,Rackham,,Forgotten Gold,25,Dakka Chart Equivalency,,Medium,258583605-Dakka-Dakka.txt,Parsed from Dakka paint compatibility chart; hex is approximate.,C68400
Games Workshop,Citadel,Bubonic Brown,,Reaper,Master Series,Palomino Gold,9074,Dakka Chart Equivalency,,Medium,258583605-Dakka-Dakka.txt,Parsed from Dakka paint compatibility chart; hex is approximate.,C68400
Games Workshop,Citadel,Bubonic Brown,,Coat D'arms,,Festering Brown,126,Dakka Chart Equivalency,,Medium,258583605-Dakka-Dakka.txt,Parsed from Dakka paint compatibility chart; hex is approximate.,C68400
Games Workshop,Citadel,Snakebite Leather,,Vallejo,Game Color,Cobra Leather,040,Dakka Chart Equivalency,,Medium,258583605-Dakka-Dakka.txt,Parsed from Dakka paint compatibility chart; hex is approximate.,9C6B08
Games Workshop,Citadel,Snakebite Leather,,Vallejo,Model Color,Brown Sand,876,Dakka Chart Equivalency,,Medium,258583605-Dakka-Dakka.txt,Parsed from Dakka paint compatibility chart; hex is approximate.,9C6B08
Games Workshop,Citadel,Snakebite Leather,,Rackham,,Kalliene Yellow,23,Dakka Chart Equivalency,,Medium,258583605-Dakka-Dakka.txt,Parsed from Dakka paint compatibility chart; hex is approximate.,9C6B08
Games Workshop,Citadel,Snakebite Leather,,Reaper,Master Series,Chestnut Gold,9073,Dakka Chart Equivalency,,Medium,258583605-Dakka-Dakka.txt,Parsed from Dakka paint compatibility chart; hex is approximate.,9C6B08
Games Workshop,Citadel,Snakebite Leather,,Coat D'arms,,Barbarian Leather,116,Dakka Chart Equivalency,,Medium,258583605-Dakka-Dakka.txt,Parsed from Dakka paint compatibility chart; hex is approximate.,9C6B08
Games Workshop,Citadel,Dwarf Flesh,,Vallejo,Game Color,Dwarf Skin,041,Dakka Chart Equivalency,,Medium,258583605-Dakka-Dakka.txt,Parsed from Dakka paint compatibility chart; hex is approximate.,F78C5A
Games Workshop,Citadel,Dwarf Flesh,,Vallejo,Model Color,Brown Rose,803,Dakka Chart Equivalency,,Medium,258583605-Dakka-Dakka.txt,Parsed from Dakka paint compatibility chart; hex is approximate.,F78C5A
Games Workshop,Citadel,Dwarf Flesh,,Rackham,,Rosy Skin,9068,Dakka Chart Equivalency,,Medium,258583605-Dakka-Dakka.txt,Parsed from Dakka paint compatibility chart; hex is approximate.,F78C5A
Games Workshop,Citadel,Dwarf Flesh,,Reaper,Master Series,Dwarven Flesh,124,Dakka Chart Equivalency,,Medium,258583605-Dakka-Dakka.txt,Parsed from Dakka paint compatibility chart; hex is approximate.,F78C5A
Games Workshop,Citadel,Vermin Brown,,Vallejo,Game Color,Parasite Brown,042,Dakka Chart Equivalency,,Medium,258583605-Dakka-Dakka.txt,Parsed from Dakka paint compatibility chart; hex is approximate.,843910
Games Workshop,Citadel,Vermin Brown,,Vallejo,Model Color,Orange Brown,981,Dakka Chart Equivalency,,Medium,258583605-Dakka-Dakka.txt,Parsed from Dakka paint compatibility chart; hex is approximate.,843910
Games Workshop,Citadel,Vermin Brown,,Rackham,,Syhar Soil,24,Dakka Chart Equivalency,,Medium,258583605-Dakka-Dakka.txt,Parsed from Dakka paint compatibility chart; hex is approximate.,843910
Games Workshop,Citadel,Vermin Brown,,Reaper,Master Series,Chestnut Brown **,9071,Dakka Chart Equivalency,,Medium,258583605-Dakka-Dakka.txt,Parsed from Dakka paint compatibility chart; hex is approximate.,843910
Games Workshop,Citadel,Vermin Brown,,Coat D'arms,,Rat Brown,119,Dakka Chart Equivalency,,Medium,258583605-Dakka-Dakka.txt,Parsed from Dakka paint compatibility chart; hex is approximate.,843910
Games Workshop,Citadel,Bestial Brown,,Vallejo,Game Color,Beasty Brown,043,Dakka Chart Equivalency,,Medium,258583605-Dakka-Dakka.txt,Parsed from Dakka paint compatibility chart; hex is approximate.,663300
Games Workshop,Citadel,Bestial Brown,,Vallejo,Model Color,Flat Brown,984,Dakka Chart Equivalency,,Medium,258583605-Dakka-Dakka.txt,Parsed from Dakka paint compatibility chart; hex is approximate.,663300
Games Workshop,Citadel,Bestial Brown,,Rackham,,Soil of Avagddu,22,Dakka Chart Equivalency,,Medium,258583605-Dakka-Dakka.txt,Parsed from Dakka paint compatibility chart; hex is approximate.,663300
Games Workshop,Citadel,Bestial Brown,,Reaper,Master Series,Intense Brown,9138,Dakka Chart Equivalency,,Medium,258583605-Dakka-Dakka.txt,Parsed from Dakka paint compatibility chart; hex is approximate.,663300
Games Workshop,Citadel,Bestial Brown,,Coat D'arms,,Hairy Brown,120,Dakka Chart Equivalency,,Medium,258583605-Dakka-Dakka.txt,Parsed from Dakka paint compatibility chart; hex is approximate.,663300
Games Workshop,Citadel,Graveyard Earth,,Vallejo,Game Color,Earth,062,Dakka Chart Equivalency,,Medium,258583605-Dakka-Dakka.txt,Parsed from Dakka paint compatibility chart; hex is approximate.,655138
Games Workshop,Citadel,Graveyard Earth,,Vallejo,Model Color,Uniform Brown,9127,Dakka Chart Equivalency,,Medium,258583605-Dakka-Dakka.txt,Parsed from Dakka paint compatibility chart; hex is approximate.,655138
Games Workshop,Citadel,Kommando Khaki,,Vallejo,Game Color,Khaki,061,Dakka Chart Equivalency,,Medium,258583605-Dakka-Dakka.txt,Parsed from Dakka paint compatibility chart; hex is approximate.,9B8C7B
Games Workshop,Citadel,Kommando Khaki,,Vallejo,Model Color,Terran Khaki,9122,Dakka Chart Equivalency,,Medium,258583605-Dakka-Dakka.txt,Parsed from Dakka paint compatibility chart; hex is approximate.,9B8C7B
Games Workshop,Citadel,Dark Flesh,,Vallejo,Game Color,Dark Fleshtone,044,Dakka Chart Equivalency,,Medium,258583605-Dakka-Dakka.txt,Parsed from Dakka paint compatibility chart; hex is approximate.,630808
Games Workshop,Citadel,Dark Flesh,,Vallejo,Model Color,Mahogany Brown,846,Dakka Chart Equivalency,,Medium,258583605-Dakka-Dakka.txt,Parsed from Dakka paint compatibility chart; hex is approximate.,630808
Games Workshop,Citadel,Dark Flesh,,Rackham,,Beastly Flesh,21,Dakka Chart Equivalency,,Medium,258583605-Dakka-Dakka.txt,Parsed from Dakka paint compatibility chart; hex is approximate.,630808
Games Workshop,Citadel,Dark Flesh,,Reaper,Master Series,Chestnut Brown,9071,Dakka Chart Equivalency,,Medium,258583605-Dakka-Dakka.txt,Parsed from Dakka paint compatibility chart; hex is approximate.,630808
Games Workshop,Citadel,Tanned Flesh *,,Vallejo,Game Color,Tan,066,Dakka Chart Equivalency,,Medium,258583605-Dakka-Dakka.txt,Parsed from Dakka paint compatibility chart; hex is approximate.,A95C3E
Games Workshop,Citadel,Tanned Flesh *,,Vallejo,Model Color,Antique Rose,9139,Dakka Chart Equivalency,,Medium,258583605-Dakka-Dakka.txt,Parsed from Dakka paint compatibility chart; hex is approximate.,A95C3E
Games Workshop,Citadel,Scorched Brown,,Vallejo,Game Color,Charred Brown,045,Dakka Chart Equivalency,,Medium,258583605-Dakka-Dakka.txt,Parsed from Dakka paint compatibility chart; hex is approximate.,390008
Games Workshop,Citadel,Scorched Brown,,Vallejo,Model Color,Hull Red,985,Dakka Chart Equivalency,,Medium,258583605-Dakka-Dakka.txt,Parsed from Dakka paint compatibility chart; hex is approximate.,390008
Games Workshop,Citadel,Scorched Brown,,Rackham,,Dirty Leather,20,Dakka Chart Equivalency,,Medium,258583605-Dakka-Dakka.txt,Parsed from Dakka paint compatibility chart; hex is approximate.,390008
Games Workshop,Citadel,Scorched Brown,,Reaper,Master Series,Muddy Brown,9028,Dakka Chart Equivalency,,Medium,258583605-Dakka-Dakka.txt,Parsed from Dakka paint compatibility chart; hex is approximate.,390008
Games Workshop,Citadel,Ghostly Grey *,,Vallejo,Game Color,Ghost Grey,046,Dakka Chart Equivalency,,Medium,258583605-Dakka-Dakka.txt,Parsed from Dakka paint compatibility chart; hex is approximate.,C3C6CD
Games Workshop,Citadel,Ghostly Grey *,,Vallejo,Model Color,Flat Aluminum,993,Dakka Chart Equivalency,,Medium,258583605-Dakka-Dakka.txt,Parsed from Dakka paint compatibility chart; hex is approximate.,C3C6CD
Games Workshop,Citadel,Ghostly Grey *,,Rackham,,Ghost White,9063,Dakka Chart Equivalency,,Medium,258583605-Dakka-Dakka.txt,Parsed from Dakka paint compatibility chart; hex is approximate.,C3C6CD
Games Workshop,Citadel,Space Wolves Grey,,Vallejo,Game Color,Wolf Grey,047,Dakka Chart Equivalency,,Medium,258583605-Dakka-Dakka.txt,Parsed from Dakka paint compatibility chart; hex is approximate.,CEDEE7
Games Workshop,Citadel,Space Wolves Grey,,Vallejo,Model Color,Pale Greyblue,907,Dakka Chart Equivalency,,Medium,258583605-Dakka-Dakka.txt,Parsed from Dakka paint compatibility chart; hex is approximate.,CEDEE7
Games Workshop,Citadel,Space Wolves Grey,,Rackham,,Snow Shadow,9021,Dakka Chart Equivalency,,Medium,258583605-Dakka-Dakka.txt,Parsed from Dakka paint compatibility chart; hex is approximate.,CEDEE7
Games Workshop,Citadel,Space Wolves Grey,,Reaper,Master Series,Lupin Grey,151,Dakka Chart Equivalency,,Medium,258583605-Dakka-Dakka.txt,Parsed from Dakka paint compatibility chart; hex is approximate.,CEDEE7
Games Workshop,Citadel,Shadow Grey,,Vallejo,Game Color,Sombre Grey,048,Dakka Chart Equivalency,,Medium,258583605-Dakka-Dakka.txt,Parsed from Dakka paint compatibility chart; hex is approximate.,4E5067
Games Workshop,Citadel,Shadow Grey,,Vallejo,Model Color,Oxford Blue,807,Dakka Chart Equivalency,,Medium,258583605-Dakka-Dakka.txt,Parsed from Dakka paint compatibility chart; hex is approximate.,4E5067
Games Workshop,Citadel,Shadow Grey,,Rackham,,Twilight Blue,9020,Dakka Chart Equivalency,,Medium,258583605-Dakka-Dakka.txt,Parsed from Dakka paint compatibility chart; hex is approximate.,4E5067
Games Workshop,Citadel,Shadow Grey,,Reaper,Master Series,Shadow Grey,150,Dakka Chart Equivalency,,Medium,258583605-Dakka-Dakka.txt,Parsed from Dakka paint compatibility chart; hex is approximate.,4E5067
Games Workshop,Citadel,Fortress Grey,,Vallejo,Game Color,Stonewall Grey,049,Dakka Chart Equivalency,,Medium,258583605-Dakka-Dakka.txt,Parsed from Dakka paint compatibility chart; hex is approximate.,B5B5B5
Games Workshop,Citadel,Fortress Grey,,Vallejo,Model Color,Pale Grey Blue,907,Dakka Chart Equivalency,,Medium,258583605-Dakka-Dakka.txt,Parsed from Dakka paint compatibility chart; hex is approximate.,B5B5B5
Games Workshop,Citadel,Fortress Grey,,Rackham,,Sharp Gray,43,Dakka Chart Equivalency,,Medium,258583605-Dakka-Dakka.txt,Parsed from Dakka paint compatibility chart; hex is approximate.,B5B5B5
Games Workshop,Citadel,Fortress Grey,,Reaper,Master Series,Weathered Stone,9087,Dakka Chart Equivalency,,Medium,258583605-Dakka-Dakka.txt,Parsed from Dakka paint compatibility chart; hex is approximate.,B5B5B5
Games Workshop,Citadel,Cold Grey,050,Vallejo,Game Color,Basalt Grey,869,Dakka Chart Equivalency,,Medium,258583605-Dakka-Dakka.txt,Parsed from Dakka paint compatibility chart; hex is approximate.,999999
Games Workshop,Citadel,Cold Grey,050,Vallejo,Model Color,Gray of Darkness,45,Dakka Chart Equivalency,,Medium,258583605-Dakka-Dakka.txt,Parsed from Dakka paint compatibility chart; hex is approximate.,999999
Games Workshop,Citadel,Cold Grey,050,Rackham,,Rainy Grey,9038,Dakka Chart Equivalency,,Medium,258583605-Dakka-Dakka.txt,Parsed from Dakka paint compatibility chart; hex is approximate.,999999
Games Workshop,Citadel,Chaos Black,,Vallejo,Game Color,Chaos Black,051,Dakka Chart Equivalency,,Medium,258583605-Dakka-Dakka.txt,Parsed from Dakka paint compatibility chart; hex is approximate.,000000
Games Workshop,Citadel,Chaos Black,,Vallejo,Model Color,Black,950,Dakka Chart Equivalency,,Medium,258583605-Dakka-Dakka.txt,Parsed from Dakka paint compatibility chart; hex is approximate.,000000
Games Workshop,Citadel,Chaos Black,,Rackham,,Accursed Black,2,Dakka Chart Equivalency,,Medium,258583605-Dakka-Dakka.txt,Parsed from Dakka paint compatibility chart; hex is approximate.,000000
Games Workshop,Citadel,Chaos Black,,Reaper,Master Series,Pure Black,9037,Dakka Chart Equivalency,,Medium,258583605-Dakka-Dakka.txt,Parsed from Dakka paint compatibility chart; hex is approximate.,000000
Games Workshop,Citadel,Chaos Black,,Coat D'arms,,Black,102,Dakka Chart Equivalency,,Medium,258583605-Dakka-Dakka.txt,Parsed from Dakka paint compatibility chart; hex is approximate.,000000
Games Workshop,Citadel,Mithril Silver,,Vallejo,Game Color,Mithril Silver,052,Dakka Chart Equivalency,,Medium,258583605-Dakka-Dakka.txt,Parsed from Dakka paint compatibility chart; hex is approximate.,B5B5BD
Games Workshop,Citadel,Mithril Silver,,Vallejo,Model Color,Silver,997,Dakka Chart Equivalency,,Medium,258583605-Dakka-Dakka.txt,Parsed from Dakka paint compatibility chart; hex is approximate.,B5B5BD
Games Workshop,Citadel,Mithril Silver,,Rackham,,Polished Silver,49,Dakka Chart Equivalency,,Medium,258583605-Dakka-Dakka.txt,Parsed from Dakka paint compatibility chart; hex is approximate.,B5B5BD
Games Workshop,Citadel,Mithril Silver,,Reaper,Master Series,Polished Silver,9054,Dakka Chart Equivalency,,Medium,258583605-Dakka-Dakka.txt,Parsed from Dakka paint compatibility chart; hex is approximate.,B5B5BD
Games Workshop,Citadel,Mithril Silver,,Coat D'arms,,Enchanted Silver,106,Dakka Chart Equivalency,,Medium,258583605-Dakka-Dakka.txt,Parsed from Dakka paint compatibility chart; hex is approximate.,B5B5BD
Games Workshop,Citadel,Chainmail,,Vallejo,Game Color,Chain Mail,053,Dakka Chart Equivalency,,Medium,258583605-Dakka-Dakka.txt,Parsed from Dakka paint compatibility chart; hex is approximate.,7B737B
Games Workshop,Citadel,Chainmail,,Vallejo,Model Color,Natural Steel,864,Dakka Chart Equivalency,,Medium,258583605-Dakka-Dakka.txt,Parsed from Dakka paint compatibility chart; hex is approximate.,7B737B
Games Workshop,Citadel,Chainmail,,Rackham,,Honed Steel,9053,Dakka Chart Equivalency,,Medium,258583605-Dakka-Dakka.txt,Parsed from Dakka paint compatibility chart; hex is approximate.,7B737B
Games Workshop,Citadel,Chainmail,,Reaper,Master Series,Chainmail,109,Dakka Chart Equivalency,,Medium,258583605-Dakka-Dakka.txt,Parsed from Dakka paint compatibility chart; hex is approximate.,7B737B
Games Workshop,Citadel,Boltgun Metal,,Vallejo,Game Color,Gunmetal,054,Dakka Chart Equivalency,,Medium,258583605-Dakka-Dakka.txt,Parsed from Dakka paint compatibility chart; hex is approximate.,393939
Games Workshop,Citadel,Boltgun Metal,,Vallejo,Model Color,Gunmetal Grey,863,Dakka Chart Equivalency,,Medium,258583605-Dakka-Dakka.txt,Parsed from Dakka paint compatibility chart; hex is approximate.,393939
Games Workshop,Citadel,Boltgun Metal,,Rackham,,Shadowed Steel,9052,Dakka Chart Equivalency,,Medium,258583605-Dakka-Dakka.txt,Parsed from Dakka paint compatibility chart; hex is approximate.,393939
Games Workshop,Citadel,Boltgun Metal,,Reaper,Master Series,Gun Metal,142,Dakka Chart Equivalency,,Medium,258583605-Dakka-Dakka.txt,Parsed from Dakka paint compatibility chart; hex is approximate.,393939
Games Workshop,Citadel,Burnished Gold,,Vallejo,Game Color,Polished Gold,055,Dakka Chart Equivalency,,Medium,258583605-Dakka-Dakka.txt,Parsed from Dakka paint compatibility chart; hex is approximate.,E7BD42
Games Workshop,Citadel,Burnished Gold,,Vallejo,Model Color,Gold,996,Dakka Chart Equivalency,,Medium,258583605-Dakka-Dakka.txt,Parsed from Dakka paint compatibility chart; hex is approximate.,E7BD42
Games Workshop,Citadel,Burnished Gold,,Rackham,,New Gold,9051,Dakka Chart Equivalency,,Medium,258583605-Dakka-Dakka.txt,Parsed from Dakka paint compatibility chart; hex is approximate.,E7BD42
Games Workshop,Citadel,Shining Gold,,Vallejo,Game Color,Glorious Gold,056,Dakka Chart Equivalency,,Medium,258583605-Dakka-Dakka.txt,Parsed from Dakka paint compatibility chart; hex is approximate.,CCCC33
Games Workshop,Citadel,Shining Gold,,Vallejo,Model Color,Old Gold,878,Dakka Chart Equivalency,,Medium,258583605-Dakka-Dakka.txt,Parsed from Dakka paint compatibility chart; hex is approximate.,CCCC33
Games Workshop,Citadel,Shining Gold,,Rackham,,Antique Gold,9050,Dakka Chart Equivalency,,Medium,258583605-Dakka-Dakka.txt,Parsed from Dakka paint compatibility chart; hex is approximate.,CCCC33
Games Workshop,Citadel,Shining Gold,,Reaper,Master Series,Bright Gold,107,Dakka Chart Equivalency,,Medium,258583605-Dakka-Dakka.txt,Parsed from Dakka paint compatibility chart; hex is approximate.,CCCC33
Games Workshop,Citadel,Dwarf Bronze,,Vallejo,Game Color,Bright Bronze,057,Dakka Chart Equivalency,,Medium,258583605-Dakka-Dakka.txt,Parsed from Dakka paint compatibility chart; hex is approximate.,9C5221
Games Workshop,Citadel,Dwarf Bronze,,Vallejo,Model Color,Bronze,998,Dakka Chart Equivalency,,Medium,258583605-Dakka-Dakka.txt,Parsed from Dakka paint compatibility chart; hex is approximate.,9C5221
Games Workshop,Citadel,Dwarf Bronze,,Rackham,,Ancient Bronze,9049,Dakka Chart Equivalency,,Medium,258583605-Dakka-Dakka.txt,Parsed from Dakka paint compatibility chart; hex is approximate.,9C5221
Games Workshop,Citadel,Dwarf Bronze,,Reaper,Master Series,Dwarven Bronze,143,Dakka Chart Equivalency,,Medium,258583605-Dakka-Dakka.txt,Parsed from Dakka paint compatibility chart; hex is approximate.,9C5221
Games Workshop,Citadel,Brazen Brass *,,Vallejo,Game Color,Brassy Brass,058,Dakka Chart Equivalency,,Medium,258583605-Dakka-Dakka.txt,Parsed from Dakka paint compatibility chart; hex is approximate.,735A21
Games Workshop,Citadel,Brazen Brass *,,Vallejo,Model Color,Brass,801,Dakka Chart Equivalency,,Medium,258583605-Dakka-Dakka.txt,Parsed from Dakka paint compatibility chart; hex is approximate.,735A21
Games Workshop,Citadel,Brazen Brass *,,Rackham,,Tarnished Brass **,9198,Dakka Chart Equivalency,,Medium,258583605-Dakka-Dakka.txt,Parsed from Dakka paint compatibility chart; hex is approximate.,735A21
Games Workshop,Citadel,Brazen Brass *,,Reaper,Master Series,Brass,131,Dakka Chart Equivalency,,Medium,258583605-Dakka-Dakka.txt,Parsed from Dakka paint compatibility chart; hex is approximate.,735A21
Games Workshop,Citadel,Beaten Copper *,,Vallejo,Game Color,Hammered Copper,059,Dakka Chart Equivalency,,Medium,258583605-Dakka-Dakka.txt,Parsed from Dakka paint compatibility chart; hex is approximate.,73372D
Games Workshop,Citadel,Beaten Copper *,,Vallejo,Model Color,Copper,999,Dakka Chart Equivalency,,Medium,258583605-Dakka-Dakka.txt,Parsed from Dakka paint compatibility chart; hex is approximate.,73372D
Games Workshop,Citadel,Beaten Copper *,,Rackham,,Coppery Orange,9102,Dakka Chart Equivalency,,Medium,258583605-Dakka-Dakka.txt,Parsed from Dakka paint compatibility chart; hex is approximate.,73372D
Games Workshop,Citadel,Tin Bitz,,Vallejo,Game Color,Tinny Tin,060,Dakka Chart Equivalency,,Medium,258583605-Dakka-Dakka.txt,Parsed from Dakka paint compatibility chart; hex is approximate.,393121
Games Workshop,Citadel,Tin Bitz,,Vallejo,Model Color,Scorched Metal,9125,Dakka Chart Equivalency,,Medium,258583605-Dakka-Dakka.txt,Parsed from Dakka paint compatibility chart; hex is approximate.,393121
Games Workshop,Citadel,Tin Bitz,,Rackham,,Magic Metal,113,Dakka Chart Equivalency,,Medium,258583605-Dakka-Dakka.txt,Parsed from Dakka paint compatibility chart; hex is approximate.,393121
Games Workshop,Citadel,Black Ink *,,Vallejo,Game Color,Black Ink,94,Dakka Chart Equivalency,,Medium,258583605-Dakka-Dakka.txt,Parsed from Dakka paint compatibility chart; hex is approximate.,000000
Games Workshop,Citadel,Dark Green Ink *,,Vallejo,Game Color,Green Ink,89,Dakka Chart Equivalency,,Medium,258583605-Dakka-Dakka.txt,Parsed from Dakka paint compatibility chart; hex is approximate.,108473
Games Workshop,Citadel,Flesh Wash *,,Vallejo,Game Color,Ink Wash - Flesh,133,Dakka Chart Equivalency,,Medium,258583605-Dakka-Dakka.txt,Parsed from Dakka paint compatibility chart; hex is approximate.,CE8C42
Games Workshop,Citadel,Purple Ink *,,Vallejo,Game Color,Violet Ink,87,Dakka Chart Equivalency,,Medium,258583605-Dakka-Dakka.txt,Parsed from Dakka paint compatibility chart; hex is approximate.,513D3C
Games Workshop,Citadel,Adeptus Battlegrey,,Vallejo,Game Color,Heavy Grey,145,Dakka Chart Equivalency,,Medium,258583605-Dakka-Dakka.txt,Parsed from Dakka paint compatibility chart; hex is approximate.,7C8286
Games Workshop,Citadel,Adeptus Battlegrey,,Vallejo,Model Color,Russian Uniform,924,Dakka Chart Equivalency,,Medium,258583605-Dakka-Dakka.txt,Parsed from Dakka paint compatibility chart; hex is approximate.,7C8286
Games Workshop,Citadel,Adeptus Battlegrey,,Rackham,,Military Green,9176,Dakka Chart Equivalency,,Medium,258583605-Dakka-Dakka.txt,Parsed from Dakka paint compatibility chart; hex is approximate.,7C8286
Games Workshop,Citadel,Astronomicon Grey,,Vallejo,Game Color,Heavy Bluegrey,144,Dakka Chart Equivalency,,Medium,258583605-Dakka-Dakka.txt,Parsed from Dakka paint compatibility chart; hex is approximate.,96A5A9
Games Workshop,Citadel,Astronomicon Grey,,Vallejo,Model Color,Pale Blue Grey,905,Dakka Chart Equivalency,,Medium,258583605-Dakka-Dakka.txt,Parsed from Dakka paint compatibility chart; hex is approximate.,96A5A9
Games Workshop,Citadel,Astronomicon Grey,,Rackham,,Weathered Stone,9087,Dakka Chart Equivalency,,Medium,258583605-Dakka-Dakka.txt,Parsed from Dakka paint compatibility chart; hex is approximate.,96A5A9
Games Workshop,Citadel,Calthan Brown,,Vallejo,Game Color,Heavy Siena,154,Dakka Chart Equivalency,,Medium,258583605-Dakka-Dakka.txt,Parsed from Dakka paint compatibility chart; hex is approximate.,6D5044
Games Workshop,Citadel,Calthan Brown,,Vallejo,Model Color,Flat Brown,984,Dakka Chart Equivalency,,Medium,258583605-Dakka-Dakka.txt,Parsed from Dakka paint compatibility chart; hex is approximate.,6D5044
Games Workshop,Citadel,Calthan Brown,,Rackham,,Dark Highlight,9042,Dakka Chart Equivalency,,Medium,258583605-Dakka-Dakka.txt,Parsed from Dakka paint compatibility chart; hex is approximate.,6D5044
Games Workshop,Citadel,Charadon Granite,,Vallejo,Game Color,Heavy Charcoal,155,Dakka Chart Equivalency,,Medium,258583605-Dakka-Dakka.txt,Parsed from Dakka paint compatibility chart; hex is approximate.,4D4A4A
Games Workshop,Citadel,Charadon Granite,,Vallejo,Model Color,German Grey,995,Dakka Chart Equivalency,,Medium,258583605-Dakka-Dakka.txt,Parsed from Dakka paint compatibility chart; hex is approximate.,4D4A4A
Games Workshop,Citadel,Charadon Granite,,Rackham,,Pure Black,9103,Dakka Chart Equivalency,,Medium,258583605-Dakka-Dakka.txt,Parsed from Dakka paint compatibility chart; hex is approximate.,4D4A4A
Games Workshop,Citadel,Dheneb Stone,,Vallejo,Game Color,Heavy Warmgrey,148,Dakka Chart Equivalency,,Medium,258583605-Dakka-Dakka.txt,Parsed from Dakka paint compatibility chart; hex is approximate.,B9ADA1
Games Workshop,Citadel,Dheneb Stone,,Vallejo,Model Color,Ruddy Leather,9109,Dakka Chart Equivalency,,Medium,258583605-Dakka-Dakka.txt,Parsed from Dakka paint compatibility chart; hex is approximate.,B9ADA1
Games Workshop,Citadel,Gretchin Green,,Vallejo,Game Color,Heavy Khaki,149,Dakka Chart Equivalency,,Medium,258583605-Dakka-Dakka.txt,Parsed from Dakka paint compatibility chart; hex is approximate.,6A6445
Games Workshop,Citadel,Gretchin Green,,Vallejo,Model Color,Middlestone,882,Dakka Chart Equivalency,,Medium,258583605-Dakka-Dakka.txt,Parsed from Dakka paint compatibility chart; hex is approximate.,6A6445
Games Workshop,Citadel,Gretchin Green,,Rackham,,Worn Olive,9159,Dakka Chart Equivalency,,Medium,258583605-Dakka-Dakka.txt,Parsed from Dakka paint compatibility chart; hex is approximate.,6A6445
Games Workshop,Citadel,Hormagaunt Purple,,Vallejo,Game Color,Heavy Violet,142,Dakka Chart Equivalency,,Medium,258583605-Dakka-Dakka.txt,Parsed from Dakka paint compatibility chart; hex is approximate.,4F566C
Games Workshop,Citadel,Hormagaunt Purple,,Vallejo,Model Color,Violet,960,Dakka Chart Equivalency,,Medium,258583605-Dakka-Dakka.txt,Parsed from Dakka paint compatibility chart; hex is approximate.,4F566C
Games Workshop,Citadel,Hormagaunt Purple,,Rackham,,Nightshade Purple,9022,Dakka Chart Equivalency,,Medium,258583605-Dakka-Dakka.txt,Parsed from Dakka paint compatibility chart; hex is approximate.,4F566C
Games Workshop,Citadel,Iyanden Darksun,,Vallejo,Game Color,Heavy Goldbrown,151,Dakka Chart Equivalency,,Medium,258583605-Dakka-Dakka.txt,Parsed from Dakka paint compatibility chart; hex is approximate.,9C8A53
Games Workshop,Citadel,Iyanden Darksun,,Vallejo,Model Color,Goldbrown,877,Dakka Chart Equivalency,,Medium,258583605-Dakka-Dakka.txt,Parsed from Dakka paint compatibility chart; hex is approximate.,9C8A53
Games Workshop,Citadel,Iyanden Darksun,,Rackham,,Green Ochre,9128,Dakka Chart Equivalency,,Medium,258583605-Dakka-Dakka.txt,Parsed from Dakka paint compatibility chart; hex is approximate.,9C8A53
Games Workshop,Citadel,Khemri Brown,,Vallejo,Game Color,Heavy Brown,153,Dakka Chart Equivalency,,Medium,258583605-Dakka-Dakka.txt,Parsed from Dakka paint compatibility chart; hex is approximate.,705E48
Games Workshop,Citadel,Khemri Brown,,Vallejo,Model Color,Us Field Drab,873,Dakka Chart Equivalency,,Medium,258583605-Dakka-Dakka.txt,Parsed from Dakka paint compatibility chart; hex is approximate.,705E48
Games Workshop,Citadel,Khemri Brown,,Rackham,,Woodstain Brown,9160,Dakka Chart Equivalency,,Medium,258583605-Dakka-Dakka.txt,Parsed from Dakka paint compatibility chart; hex is approximate.,705E48
Games Workshop,Citadel,Knarloc Green,,Vallejo,Game Color,Heavy Green,146,Dakka Chart Equivalency,,Medium,258583605-Dakka-Dakka.txt,Parsed from Dakka paint compatibility chart; hex is approximate.,434F38
Games Workshop,Citadel,Knarloc Green,,Vallejo,Model Color,Luftwaffe Ca. Green,823,Dakka Chart Equivalency,,Medium,258583605-Dakka-Dakka.txt,Parsed from Dakka paint compatibility chart; hex is approximate.,434F38
Games Workshop,Citadel,Knarloc Green,,Rackham,,Olive Drab,9158,Dakka Chart Equivalency,,Medium,258583605-Dakka-Dakka.txt,Parsed from Dakka paint compatibility chart; hex is approximate.,434F38
Games Workshop,Citadel,Macharius Solar Orange,,Vallejo,Game Color,Heavy Orange,152,Dakka Chart Equivalency,,Medium,258583605-Dakka-Dakka.txt,Parsed from Dakka paint compatibility chart; hex is approximate.,A4593D
Games Workshop,Citadel,Macharius Solar Orange,,Vallejo,Model Color,German Orange,805,Dakka Chart Equivalency,,Medium,258583605-Dakka-Dakka.txt,Parsed from Dakka paint compatibility chart; hex is approximate.,A4593D
Games Workshop,Citadel,Macharius Solar Orange,,Rackham,,Phoenix Red,9005,Dakka Chart Equivalency,,Medium,258583605-Dakka-Dakka.txt,Parsed from Dakka paint compatibility chart; hex is approximate.,A4593D
Games Workshop,Citadel,Mechrite Red,,Vallejo,Game Color,Heavy Red,141,Dakka Chart Equivalency,,Medium,258583605-Dakka-Dakka.txt,Parsed from Dakka paint compatibility chart; hex is approximate.,793638
Games Workshop,Citadel,Mechrite Red,,Vallejo,Model Color,Red,926,Dakka Chart Equivalency,,Medium,258583605-Dakka-Dakka.txt,Parsed from Dakka paint compatibility chart; hex is approximate.,793638
Games Workshop,Citadel,Mechrite Red,,Rackham,,Clotted Red,9134,Dakka Chart Equivalency,,Medium,258583605-Dakka-Dakka.txt,Parsed from Dakka paint compatibility chart; hex is approximate.,793638
Games Workshop,Citadel,Mordian Blue,,Vallejo,Game Color,Heavy Blue,143,Dakka Chart Equivalency,,Medium,258583605-Dakka-Dakka.txt,Parsed from Dakka paint compatibility chart; hex is approximate.,2D567C
Games Workshop,Citadel,Mordian Blue,,Vallejo,Model Color,Prussian Blue,965,Dakka Chart Equivalency,,Medium,258583605-Dakka-Dakka.txt,Parsed from Dakka paint compatibility chart; hex is approximate.,2D567C
Games Workshop,Citadel,Mordian Blue,,Rackham,,Breonne Blue,9055,Dakka Chart Equivalency,,Medium,258583605-Dakka-Dakka.txt,Parsed from Dakka paint compatibility chart; hex is approximate.,2D567C
Games Workshop,Citadel,Orkhide Shade,,Vallejo,Game Color,Heavy Blackgreen,147,Dakka Chart Equivalency,,Medium,258583605-Dakka-Dakka.txt,Parsed from Dakka paint compatibility chart; hex is approximate.,384E49
Games Workshop,Citadel,Orkhide Shade,,Vallejo,Model Color,Black Green,980,Dakka Chart Equivalency,,Medium,258583605-Dakka-Dakka.txt,Parsed from Dakka paint compatibility chart; hex is approximate.,384E49
Games Workshop,Citadel,Orkhide Shade,,Rackham,,Jungle Moss,9082,Dakka Chart Equivalency,,Medium,258583605-Dakka-Dakka.txt,Parsed from Dakka paint compatibility chart; hex is approximate.,384E49
Games Workshop,Citadel,Tausept Ochre,,Vallejo,Game Color,Heavy Ochre,150,Dakka Chart Equivalency,,Medium,258583605-Dakka-Dakka.txt,Parsed from Dakka paint compatibility chart; hex is approximate.,976F3C
Games Workshop,Citadel,Tausept Ochre,,Vallejo,Model Color,Ochre Brown,856,Dakka Chart Equivalency,,Medium,258583605-Dakka-Dakka.txt,Parsed from Dakka paint compatibility chart; hex is approximate.,976F3C
Games Workshop,Citadel,Tausept Ochre,,Rackham,,Half Orc Highlight,9204,Dakka Chart Equivalency,,Medium,258583605-Dakka-Dakka.txt,Parsed from Dakka paint compatibility chart; hex is approximate.,976F3C
Games Workshop,Citadel,Tallarn Flesh,,Vallejo,Game Color,Heavy Skintone,140,Dakka Chart Equivalency,,Medium,258583605-Dakka-Dakka.txt,Parsed from Dakka paint compatibility chart; hex is approximate.,8D736C
Games Workshop,Citadel,Tallarn Flesh,,Vallejo,Model Color,Brown Sand,876,Dakka Chart Equivalency,,Medium,258583605-Dakka-Dakka.txt,Parsed from Dakka paint compatibility chart; hex is approximate.,8D736C
Games Workshop,Citadel,Tallarn Flesh,,Rackham,,Leather Brown,9030,Dakka Chart Equivalency,,Medium,258583605-Dakka-Dakka.txt,Parsed from Dakka paint compatibility chart; hex is approximate.,8D736C
Games Workshop,Citadel,Vintage,,Games Workshop,Old Citadel,Coats8,,Dakka Chart Equivalency,,Medium,738184066-Paint-Range-Compatibility-Chart-Articles-DakkaDakka-Instinctive-behavior-m.txt,Parsed from Dakka paint compatibility chart; hex is approximate.,FFFFFF
Games Workshop,Citadel,Vintage,,Vallejo,Game Color,White Scar,,Dakka Chart Equivalency,,Medium,738184066-Paint-Range-Compatibility-Chart-Articles-DakkaDakka-Instinctive-behavior-m.txt,Parsed from Dakka paint compatibility chart; hex is approximate.,FFFFFF
Games Workshop,Citadel,Vintage,,Vallejo,Model Color,Skull White 1,,Dakka Chart Equivalency,,Medium,738184066-Paint-Range-Compatibility-Chart-Articles-DakkaDakka-Instinctive-behavior-m.txt,Parsed from Dakka paint compatibility chart; hex is approximate.,FFFFFF
Games Workshop,Citadel,Vintage,,Rackham,,Arctic,,Dakka Chart Equivalency,,Medium,738184066-Paint-Range-Compatibility-Chart-Articles-DakkaDakka-Instinctive-behavior-m.txt,Parsed from Dakka paint compatibility chart; hex is approximate.,FFFFFF
Games Workshop,Citadel,Vintage,,Reaper,Master Series,White,,Dakka Chart Equivalency,,Medium,738184066-Paint-Range-Compatibility-Chart-Articles-DakkaDakka-Instinctive-behavior-m.txt,Parsed from Dakka paint compatibility chart; hex is approximate.,FFFFFF
Games Workshop,Citadel,Vintage,,Privateer Press,P3,Eternal White,,Dakka Chart Equivalency,,Medium,738184066-Paint-Range-Compatibility-Chart-Articles-DakkaDakka-Instinctive-behavior-m.txt,Parsed from Dakka paint compatibility chart; hex is approximate.,FFFFFF
Games Workshop,Citadel,Vintage,,Coat D'arms,,,1,Dakka Chart Equivalency,,Medium,738184066-Paint-Range-Compatibility-Chart-Articles-DakkaDakka-Instinctive-behavior-m.txt,Parsed from Dakka paint compatibility chart; hex is approximate.,FFFFFF
Games Workshop,Citadel,Vintage,,Army Painter,,Pure White,9039,Dakka Chart Equivalency,,Medium,738184066-Paint-Range-Compatibility-Chart-Articles-DakkaDakka-Instinctive-behavior-m.txt,Parsed from Dakka paint compatibility chart; hex is approximate.,FFFFFF
Games Workshop,Citadel,Vintage,,Scale75,,Morrow white,,Dakka Chart Equivalency,,Medium,738184066-Paint-Range-Compatibility-Chart-Articles-DakkaDakka-Instinctive-behavior-m.txt,Parsed from Dakka paint compatibility chart; hex is approximate.,FFFFFF
Games Workshop,Citadel,Vintage,,Two Thin Coats,,White,101,Dakka Chart Equivalency,,Medium,738184066-Paint-Range-Compatibility-Chart-Articles-DakkaDakka-Instinctive-behavior-m.txt,Parsed from Dakka paint compatibility chart; hex is approximate.,FFFFFF
Games Workshop,Citadel,Ceramite White,,Games Workshop,Old Citadel,Smelly Primer 1,,Dakka Chart Equivalency,,Medium,738184066-Paint-Range-Compatibility-Chart-Articles-DakkaDakka-Instinctive-behavior-m.txt,Parsed from Dakka paint compatibility chart; hex is approximate.,FFFFFF
Games Workshop,Citadel,Ceramite White,,Vallejo,Game Color,White Primer,002,Dakka Chart Equivalency,,Medium,738184066-Paint-Range-Compatibility-Chart-Articles-DakkaDakka-Instinctive-behavior-m.txt,Parsed from Dakka paint compatibility chart; hex is approximate.,FFFFFF
Games Workshop,Citadel,Ceramite White,,Vallejo,Model Color,Foundation White,,Dakka Chart Equivalency,,Medium,738184066-Paint-Range-Compatibility-Chart-Articles-DakkaDakka-Instinctive-behavior-m.txt,Parsed from Dakka paint compatibility chart; hex is approximate.,FFFFFF
Games Workshop,Citadel,Ceramite White,,Rackham,,White,,Dakka Chart Equivalency,,Medium,738184066-Paint-Range-Compatibility-Chart-Articles-DakkaDakka-Instinctive-behavior-m.txt,Parsed from Dakka paint compatibility chart; hex is approximate.,FFFFFF
Games Workshop,Citadel,Ceramite White,,Reaper,Master Series,Brush-on Primer,9108,Dakka Chart Equivalency,,Medium,738184066-Paint-Range-Compatibility-Chart-Articles-DakkaDakka-Instinctive-behavior-m.txt,Parsed from Dakka paint compatibility chart; hex is approximate.,FFFFFF
Games Workshop,Citadel,Ceramite White,,Privateer Press,P3,Morrow white,,Dakka Chart Equivalency,,Medium,738184066-Paint-Range-Compatibility-Chart-Articles-DakkaDakka-Instinctive-behavior-m.txt,Parsed from Dakka paint compatibility chart; hex is approximate.,FFFFFF
Games Workshop,Citadel,Ceramite White,,Coat D'arms,,Grey Primer,,Dakka Chart Equivalency,,Medium,738184066-Paint-Range-Compatibility-Chart-Articles-DakkaDakka-Instinctive-behavior-m.txt,Parsed from Dakka paint compatibility chart; hex is approximate.,FFFFFF
Games Workshop,Citadel,Ceramite White,,Army Painter,,,141,Dakka Chart Equivalency,,Medium,738184066-Paint-Range-Compatibility-Chart-Articles-DakkaDakka-Instinctive-behavior-m.txt,Parsed from Dakka paint compatibility chart; hex is approximate.,FFFFFF
Games Workshop,Citadel,Kislev flesh,,Games Workshop,Old Citadel,Pallid Flesh 1,,Dakka Chart Equivalency,,Medium,738184066-Paint-Range-Compatibility-Chart-Articles-DakkaDakka-Instinctive-behavior-m.txt,Parsed from Dakka paint compatibility chart; hex is approximate.,EEC8C7
Games Workshop,Citadel,Kislev flesh,,Vallejo,Game Color,Pale Flesh,003,Dakka Chart Equivalency,,Medium,738184066-Paint-Range-Compatibility-Chart-Articles-DakkaDakka-Instinctive-behavior-m.txt,Parsed from Dakka paint compatibility chart; hex is approximate.,EEC8C7
Games Workshop,Citadel,Kislev flesh,,Vallejo,Model Color,Light Flesh,928,Dakka Chart Equivalency,,Medium,738184066-Paint-Range-Compatibility-Chart-Articles-DakkaDakka-Instinctive-behavior-m.txt,Parsed from Dakka paint compatibility chart; hex is approximate.,EEC8C7
Games Workshop,Citadel,Kislev flesh,,Rackham,,,31,Dakka Chart Equivalency,,Medium,738184066-Paint-Range-Compatibility-Chart-Articles-DakkaDakka-Instinctive-behavior-m.txt,Parsed from Dakka paint compatibility chart; hex is approximate.,EEC8C7
Games Workshop,Citadel,Kislev flesh,,Reaper,Master Series,Rosy Highlight,9069,Dakka Chart Equivalency,,Medium,738184066-Paint-Range-Compatibility-Chart-Articles-DakkaDakka-Instinctive-behavior-m.txt,Parsed from Dakka paint compatibility chart; hex is approximate.,EEC8C7
Games Workshop,Citadel,Kislev flesh,,Privateer Press,P3,Ryn Flesh,,Dakka Chart Equivalency,,Medium,738184066-Paint-Range-Compatibility-Chart-Articles-DakkaDakka-Instinctive-behavior-m.txt,Parsed from Dakka paint compatibility chart; hex is approximate.,EEC8C7
Games Workshop,Citadel,Kislev flesh,,Coat D'arms,,Flesh,213,Dakka Chart Equivalency,,Medium,738184066-Paint-Range-Compatibility-Chart-Articles-DakkaDakka-Instinctive-behavior-m.txt,Parsed from Dakka paint compatibility chart; hex is approximate.,EEC8C7
Games Workshop,Citadel,Kislev flesh,,Army Painter,,Kobold Skin,,Dakka Chart Equivalency,,Medium,738184066-Paint-Range-Compatibility-Chart-Articles-DakkaDakka-Instinctive-behavior-m.txt,Parsed from Dakka paint compatibility chart; hex is approximate.,EEC8C7
Games Workshop,Citadel,Kislev flesh,,Scale75,,Pale Skin,,Dakka Chart Equivalency,,Medium,738184066-Paint-Range-Compatibility-Chart-Articles-DakkaDakka-Instinctive-behavior-m.txt,Parsed from Dakka paint compatibility chart; hex is approximate.,EEC8C7
Games Workshop,Citadel,Kislev flesh,,Two Thin Coats,,Matt,,Dakka Chart Equivalency,,Medium,738184066-Paint-Range-Compatibility-Chart-Articles-DakkaDakka-Instinctive-behavior-m.txt,Parsed from Dakka paint compatibility chart; hex is approximate.,EEC8C7
Games Workshop,Citadel,Bestigor Flesh,,Games Workshop,Old Citadel,Elf Flesh 1,,Dakka Chart Equivalency,,Medium,738184066-Paint-Range-Compatibility-Chart-Articles-DakkaDakka-Instinctive-behavior-m.txt,Parsed from Dakka paint compatibility chart; hex is approximate.,F7BD7B
Games Workshop,Citadel,Bestigor Flesh,,Vallejo,Game Color,Elf Skintone,004,Dakka Chart Equivalency,,Medium,738184066-Paint-Range-Compatibility-Chart-Articles-DakkaDakka-Instinctive-behavior-m.txt,Parsed from Dakka paint compatibility chart; hex is approximate.,F7BD7B
Games Workshop,Citadel,Bestigor Flesh,,Vallejo,Model Color,Flat Flesh,955,Dakka Chart Equivalency,,Medium,738184066-Paint-Range-Compatibility-Chart-Articles-DakkaDakka-Instinctive-behavior-m.txt,Parsed from Dakka paint compatibility chart; hex is approximate.,F7BD7B
Games Workshop,Citadel,Bestigor Flesh,,Rackham,,Rosy Highlight 2,9069,Dakka Chart Equivalency,,Medium,738184066-Paint-Range-Compatibility-Chart-Articles-DakkaDakka-Instinctive-behavior-m.txt,Parsed from Dakka paint compatibility chart; hex is approximate.,F7BD7B
Games Workshop,Citadel,Bestigor Flesh,,Reaper,Master Series,Elven Flesh,,Dakka Chart Equivalency,,Medium,738184066-Paint-Range-Compatibility-Chart-Articles-DakkaDakka-Instinctive-behavior-m.txt,Parsed from Dakka paint compatibility chart; hex is approximate.,F7BD7B
Games Workshop,Citadel,Bestigor Flesh,,Privateer Press,P3,,123,Dakka Chart Equivalency,,Medium,738184066-Paint-Range-Compatibility-Chart-Articles-DakkaDakka-Instinctive-behavior-m.txt,Parsed from Dakka paint compatibility chart; hex is approximate.,F7BD7B
Games Workshop,Citadel,Dorn yellow 2,,Games Workshop,Old Citadel,Bad Moon,,Dakka Chart Equivalency,,Medium,738184066-Paint-Range-Compatibility-Chart-Articles-DakkaDakka-Instinctive-behavior-m.txt,Parsed from Dakka paint compatibility chart; hex is approximate.,FFF700
Games Workshop,Citadel,Dorn yellow 2,,Vallejo,Game Color,Yellow 1,,Dakka Chart Equivalency,,Medium,738184066-Paint-Range-Compatibility-Chart-Articles-DakkaDakka-Instinctive-behavior-m.txt,Parsed from Dakka paint compatibility chart; hex is approximate.,FFF700
Games Workshop,Citadel,Dorn yellow 2,,Vallejo,Model Color,Bad Moon Yellow,005,Dakka Chart Equivalency,,Medium,738184066-Paint-Range-Compatibility-Chart-Articles-DakkaDakka-Instinctive-behavior-m.txt,Parsed from Dakka paint compatibility chart; hex is approximate.,FFF700
Games Workshop,Citadel,Dorn yellow 2,,Rackham,,Dusky Yellow,,Dakka Chart Equivalency,,Medium,738184066-Paint-Range-Compatibility-Chart-Articles-DakkaDakka-Instinctive-behavior-m.txt,Parsed from Dakka paint compatibility chart; hex is approximate.,FFF700
Games Workshop,Citadel,Dorn yellow 2,,Reaper,Master Series,,146,Dakka Chart Equivalency,,Medium,738184066-Paint-Range-Compatibility-Chart-Articles-DakkaDakka-Instinctive-behavior-m.txt,Parsed from Dakka paint compatibility chart; hex is approximate.,FFF700
Games Workshop,Citadel,Flash Gitz Yellow,,Games Workshop,Old Citadel,Sunburst Yellow,,Dakka Chart Equivalency,,Medium,738184066-Paint-Range-Compatibility-Chart-Articles-DakkaDakka-Instinctive-behavior-m.txt,Parsed from Dakka paint compatibility chart; hex is approximate.,FFE700
Games Workshop,Citadel,Flash Gitz Yellow,,Vallejo,Game Color,1,,Dakka Chart Equivalency,,Medium,738184066-Paint-Range-Compatibility-Chart-Articles-DakkaDakka-Instinctive-behavior-m.txt,Parsed from Dakka paint compatibility chart; hex is approximate.,FFE700
Games Workshop,Citadel,Flash Gitz Yellow,,Vallejo,Model Color,Sunblast Yellow,006,Dakka Chart Equivalency,,Medium,738184066-Paint-Range-Compatibility-Chart-Articles-DakkaDakka-Instinctive-behavior-m.txt,Parsed from Dakka paint compatibility chart; hex is approximate.,FFE700
Games Workshop,Citadel,Flash Gitz Yellow,,Rackham,,Yellow,,Dakka Chart Equivalency,,Medium,738184066-Paint-Range-Compatibility-Chart-Articles-DakkaDakka-Instinctive-behavior-m.txt,Parsed from Dakka paint compatibility chart; hex is approximate.,FFE700
Games Workshop,Citadel,Flash Gitz Yellow,,Reaper,Master Series,IV-29 7,,Dakka Chart Equivalency,,Medium,738184066-Paint-Range-Compatibility-Chart-Articles-DakkaDakka-Instinctive-behavior-m.txt,Parsed from Dakka paint compatibility chart; hex is approximate.,FFE700
Games Workshop,Citadel,Flash Gitz Yellow,,Privateer Press,P3,Lahn Yellow,,Dakka Chart Equivalency,,Medium,738184066-Paint-Range-Compatibility-Chart-Articles-DakkaDakka-Instinctive-behavior-m.txt,Parsed from Dakka paint compatibility chart; hex is approximate.,FFE700
Games Workshop,Citadel,Flash Gitz Yellow,,Coat D'arms,,,40,Dakka Chart Equivalency,,Medium,738184066-Paint-Range-Compatibility-Chart-Articles-DakkaDakka-Instinctive-behavior-m.txt,Parsed from Dakka paint compatibility chart; hex is approximate.,FFE700
Games Workshop,Citadel,Flash Gitz Yellow,,Army Painter,,Sun Yellow,9008,Dakka Chart Equivalency,,Medium,738184066-Paint-Range-Compatibility-Chart-Articles-DakkaDakka-Instinctive-behavior-m.txt,Parsed from Dakka paint compatibility chart; hex is approximate.,FFE700
Games Workshop,Citadel,Flash Gitz Yellow,,Scale75,,Sun Yellow,,Dakka Chart Equivalency,,Medium,738184066-Paint-Range-Compatibility-Chart-Articles-DakkaDakka-Instinctive-behavior-m.txt,Parsed from Dakka paint compatibility chart; hex is approximate.,FFE700
Games Workshop,Citadel,Flash Gitz Yellow,,Two Thin Coats,,,103,Dakka Chart Equivalency,,Medium,738184066-Paint-Range-Compatibility-Chart-Articles-DakkaDakka-Instinctive-behavior-m.txt,Parsed from Dakka paint compatibility chart; hex is approximate.,FFE700
Games Workshop,Citadel,Yriel Yellow,,Games Workshop,Old Citadel,Golden Yellow 1,,Dakka Chart Equivalency,,Medium,738184066-Paint-Range-Compatibility-Chart-Articles-DakkaDakka-Instinctive-behavior-m.txt,Parsed from Dakka paint compatibility chart; hex is approximate.,FFCE00
Games Workshop,Citadel,Yriel Yellow,,Vallejo,Game Color,Gold Yellow,007,Dakka Chart Equivalency,,Medium,738184066-Paint-Range-Compatibility-Chart-Articles-DakkaDakka-Instinctive-behavior-m.txt,Parsed from Dakka paint compatibility chart; hex is approximate.,FFCE00
Games Workshop,Citadel,Yriel Yellow,,Vallejo,Model Color,Golden Yellow,948,Dakka Chart Equivalency,,Medium,738184066-Paint-Range-Compatibility-Chart-Articles-DakkaDakka-Instinctive-behavior-m.txt,Parsed from Dakka paint compatibility chart; hex is approximate.,FFCE00
Games Workshop,Citadel,Yriel Yellow,,Rackham,,Marigold Yellow,9007,Dakka Chart Equivalency,,Medium,738184066-Paint-Range-Compatibility-Chart-Articles-DakkaDakka-Instinctive-behavior-m.txt,Parsed from Dakka paint compatibility chart; hex is approximate.,FFCE00
Games Workshop,Citadel,Yriel Yellow,,Reaper,Master Series,Heartfire,,Dakka Chart Equivalency,,Medium,738184066-Paint-Range-Compatibility-Chart-Articles-DakkaDakka-Instinctive-behavior-m.txt,Parsed from Dakka paint compatibility chart; hex is approximate.,FFCE00
Games Workshop,Citadel,Yriel Yellow,,Privateer Press,P3,Golden Yellow,,Dakka Chart Equivalency,,Medium,738184066-Paint-Range-Compatibility-Chart-Articles-DakkaDakka-Instinctive-behavior-m.txt,Parsed from Dakka paint compatibility chart; hex is approximate.,FFCE00
Games Workshop,Citadel,Yriel Yellow,,Coat D'arms,,,159,Dakka Chart Equivalency,,Medium,738184066-Paint-Range-Compatibility-Chart-Articles-DakkaDakka-Instinctive-behavior-m.txt,Parsed from Dakka paint compatibility chart; hex is approximate.,FFCE00
Games Workshop,Citadel,Yriel Yellow,,Army Painter,,Sol Yellow,,Dakka Chart Equivalency,,Medium,738184066-Paint-Range-Compatibility-Chart-Articles-DakkaDakka-Instinctive-behavior-m.txt,Parsed from Dakka paint compatibility chart; hex is approximate.,FFCE00
Games Workshop,Citadel,Yriel Yellow,,Scale75,,Matt,,Dakka Chart Equivalency,,Medium,738184066-Paint-Range-Compatibility-Chart-Articles-DakkaDakka-Instinctive-behavior-m.txt,Parsed from Dakka paint compatibility chart; hex is approximate.,FFCE00
Games Workshop,Citadel,Yriel Yellow,,Two Thin Coats,,Skulker,,Dakka Chart Equivalency,,Medium,738184066-Paint-Range-Compatibility-Chart-Articles-DakkaDakka-Instinctive-behavior-m.txt,Parsed from Dakka paint compatibility chart; hex is approximate.,FFCE00
Games Workshop,Citadel,Tallarn Sand,,Games Workshop,Old Citadel,Desert Yellow 1,,Dakka Chart Equivalency,,Medium,738184066-Paint-Range-Compatibility-Chart-Articles-DakkaDakka-Instinctive-behavior-m.txt,Parsed from Dakka paint compatibility chart; hex is approximate.,9C8855
Games Workshop,Citadel,Tallarn Sand,,Vallejo,Game Color,Desert Yellow,063,Dakka Chart Equivalency,,Medium,738184066-Paint-Range-Compatibility-Chart-Articles-DakkaDakka-Instinctive-behavior-m.txt,Parsed from Dakka paint compatibility chart; hex is approximate.,9C8855
Games Workshop,Citadel,Tallarn Sand,,Vallejo,Model Color,Dark Yellow,978,Dakka Chart Equivalency,,Medium,738184066-Paint-Range-Compatibility-Chart-Articles-DakkaDakka-Instinctive-behavior-m.txt,Parsed from Dakka paint compatibility chart; hex is approximate.,9C8855
Games Workshop,Citadel,Tallarn Sand,,Rackham,,Desert Yellow,WP1121,Dakka Chart Equivalency,,Medium,738184066-Paint-Range-Compatibility-Chart-Articles-DakkaDakka-Instinctive-behavior-m.txt,Parsed from Dakka paint compatibility chart; hex is approximate.,9C8855
Games Workshop,Citadel,Tallarn Sand,,Reaper,Master Series,Sahara Yellow,,Dakka Chart Equivalency,,Medium,738184066-Paint-Range-Compatibility-Chart-Articles-DakkaDakka-Instinctive-behavior-m.txt,Parsed from Dakka paint compatibility chart; hex is approximate.,9C8855
Games Workshop,Citadel,Tallarn Sand,,Privateer Press,P3,Matt,,Dakka Chart Equivalency,,Medium,738184066-Paint-Range-Compatibility-Chart-Articles-DakkaDakka-Instinctive-behavior-m.txt,Parsed from Dakka paint compatibility chart; hex is approximate.,9C8855
Games Workshop,Citadel,Jokaero Orange,,Games Workshop,Old Citadel,Macharius Solar,,Dakka Chart Equivalency,,Medium,738184066-Paint-Range-Compatibility-Chart-Articles-DakkaDakka-Instinctive-behavior-m.txt,Parsed from Dakka paint compatibility chart; hex is approximate.,EE3823
Games Workshop,Citadel,Jokaero Orange,,Vallejo,Game Color,Orange 1,,Dakka Chart Equivalency,,Medium,738184066-Paint-Range-Compatibility-Chart-Articles-DakkaDakka-Instinctive-behavior-m.txt,Parsed from Dakka paint compatibility chart; hex is approximate.,EE3823
Games Workshop,Citadel,Jokaero Orange,,Vallejo,Model Color,Heavy Orange,152,Dakka Chart Equivalency,,Medium,738184066-Paint-Range-Compatibility-Chart-Articles-DakkaDakka-Instinctive-behavior-m.txt,Parsed from Dakka paint compatibility chart; hex is approximate.,EE3823
Games Workshop,Citadel,Jokaero Orange,,Rackham,,Sunset,,Dakka Chart Equivalency,,Medium,738184066-Paint-Range-Compatibility-Chart-Articles-DakkaDakka-Instinctive-behavior-m.txt,Parsed from Dakka paint compatibility chart; hex is approximate.,EE3823
Games Workshop,Citadel,Jokaero Orange,,Reaper,Master Series,Orange,,Dakka Chart Equivalency,,Medium,738184066-Paint-Range-Compatibility-Chart-Articles-DakkaDakka-Instinctive-behavior-m.txt,Parsed from Dakka paint compatibility chart; hex is approximate.,EE3823
Games Workshop,Citadel,Jokaero Orange,,Privateer Press,P3,IV-17,,Dakka Chart Equivalency,,Medium,738184066-Paint-Range-Compatibility-Chart-Articles-DakkaDakka-Instinctive-behavior-m.txt,Parsed from Dakka paint compatibility chart; hex is approximate.,EE3823
Games Workshop,Citadel,Jokaero Orange,,Coat D'arms,,Phoenix Red,,Dakka Chart Equivalency,,Medium,738184066-Paint-Range-Compatibility-Chart-Articles-DakkaDakka-Instinctive-behavior-m.txt,Parsed from Dakka paint compatibility chart; hex is approximate.,EE3823
Games Workshop,Citadel,Jokaero Orange,,Army Painter,,,9005,Dakka Chart Equivalency,,Medium,738184066-Paint-Range-Compatibility-Chart-Articles-DakkaDakka-Instinctive-behavior-m.txt,Parsed from Dakka paint compatibility chart; hex is approximate.,EE3823
Games Workshop,Citadel,Fire Dragon Bright,,Games Workshop,Old Citadel,Fiery Orange 1,,Dakka Chart Equivalency,,Medium,738184066-Paint-Range-Compatibility-Chart-Articles-DakkaDakka-Instinctive-behavior-m.txt,Parsed from Dakka paint compatibility chart; hex is approximate.,FF8552
Games Workshop,Citadel,Fire Dragon Bright,,Vallejo,Game Color,Orange Fire,008,Dakka Chart Equivalency,,Medium,738184066-Paint-Range-Compatibility-Chart-Articles-DakkaDakka-Instinctive-behavior-m.txt,Parsed from Dakka paint compatibility chart; hex is approximate.,FF8552
Games Workshop,Citadel,Fire Dragon Bright,,Vallejo,Model Color,Light Orange,911,Dakka Chart Equivalency,,Medium,738184066-Paint-Range-Compatibility-Chart-Articles-DakkaDakka-Instinctive-behavior-m.txt,Parsed from Dakka paint compatibility chart; hex is approximate.,FF8552
Games Workshop,Citadel,Fire Dragon Bright,,Rackham,,Fire Orange,9006,Dakka Chart Equivalency,,Medium,738184066-Paint-Range-Compatibility-Chart-Articles-DakkaDakka-Instinctive-behavior-m.txt,Parsed from Dakka paint compatibility chart; hex is approximate.,FF8552
Games Workshop,Citadel,Fire Dragon Bright,,Reaper,Master Series,Flame Orange,,Dakka Chart Equivalency,,Medium,738184066-Paint-Range-Compatibility-Chart-Articles-DakkaDakka-Instinctive-behavior-m.txt,Parsed from Dakka paint compatibility chart; hex is approximate.,FF8552
Games Workshop,Citadel,Fire Dragon Bright,,Privateer Press,P3,,105,Dakka Chart Equivalency,,Medium,738184066-Paint-Range-Compatibility-Chart-Articles-DakkaDakka-Instinctive-behavior-m.txt,Parsed from Dakka paint compatibility chart; hex is approximate.,FF8552
Games Workshop,Citadel,Fire Dragon Bright,,Coat D'arms,,Prison Jumpsuit (WP1211,,Dakka Chart Equivalency,,Medium,738184066-Paint-Range-Compatibility-Chart-Articles-DakkaDakka-Instinctive-behavior-m.txt,Parsed from Dakka paint compatibility chart; hex is approximate.,FF8552
Games Workshop,Citadel,Fire Dragon Bright,,Army Painter,,Zombiecide),,Dakka Chart Equivalency,,Medium,738184066-Paint-Range-Compatibility-Chart-Articles-DakkaDakka-Instinctive-behavior-m.txt,Parsed from Dakka paint compatibility chart; hex is approximate.,FF8552
Games Workshop,Citadel,Fire Dragon Bright,,Scale75,,Orange Flare,,Dakka Chart Equivalency,,Medium,738184066-Paint-Range-Compatibility-Chart-Articles-DakkaDakka-Instinctive-behavior-m.txt,Parsed from Dakka paint compatibility chart; hex is approximate.,FF8552
Games Workshop,Citadel,Troll Slayer,,Games Workshop,Old Citadel,Orange,,Dakka Chart Equivalency,,Medium,738184066-Paint-Range-Compatibility-Chart-Articles-DakkaDakka-Instinctive-behavior-m.txt,Parsed from Dakka paint compatibility chart; hex is approximate.,F46C2E
Games Workshop,Citadel,Troll Slayer,,Vallejo,Game Color,Blazing Orange 1,,Dakka Chart Equivalency,,Medium,738184066-Paint-Range-Compatibility-Chart-Articles-DakkaDakka-Instinctive-behavior-m.txt,Parsed from Dakka paint compatibility chart; hex is approximate.,F46C2E
Games Workshop,Citadel,Troll Slayer,,Vallejo,Model Color,Hot Orange,009,Dakka Chart Equivalency,,Medium,738184066-Paint-Range-Compatibility-Chart-Articles-DakkaDakka-Instinctive-behavior-m.txt,Parsed from Dakka paint compatibility chart; hex is approximate.,F46C2E
Games Workshop,Citadel,Troll Slayer,,Rackham,,,37,Dakka Chart Equivalency,,Medium,738184066-Paint-Range-Compatibility-Chart-Articles-DakkaDakka-Instinctive-behavior-m.txt,Parsed from Dakka paint compatibility chart; hex is approximate.,F46C2E
Games Workshop,Citadel,Troll Slayer,,Reaper,Master Series,Phoenix Red,9005,Dakka Chart Equivalency,,Medium,738184066-Paint-Range-Compatibility-Chart-Articles-DakkaDakka-Instinctive-behavior-m.txt,Parsed from Dakka paint compatibility chart; hex is approximate.,F46C2E
Games Workshop,Citadel,Troll Slayer,,Privateer Press,P3,Burnt Orange,,Dakka Chart Equivalency,,Medium,738184066-Paint-Range-Compatibility-Chart-Articles-DakkaDakka-Instinctive-behavior-m.txt,Parsed from Dakka paint compatibility chart; hex is approximate.,F46C2E
Games Workshop,Citadel,Troll Slayer,,Coat D'arms,,,147,Dakka Chart Equivalency,,Medium,738184066-Paint-Range-Compatibility-Chart-Articles-DakkaDakka-Instinctive-behavior-m.txt,Parsed from Dakka paint compatibility chart; hex is approximate.,F46C2E
Games Workshop,Citadel,Troll Slayer,,Army Painter,,Mythical Orange,,Dakka Chart Equivalency,,Medium,738184066-Paint-Range-Compatibility-Chart-Articles-DakkaDakka-Instinctive-behavior-m.txt,Parsed from Dakka paint compatibility chart; hex is approximate.,F46C2E
Games Workshop,Citadel,Troll Slayer,,Scale75,,,WP1442,Dakka Chart Equivalency,,Medium,738184066-Paint-Range-Compatibility-Chart-Articles-DakkaDakka-Instinctive-behavior-m.txt,Parsed from Dakka paint compatibility chart; hex is approximate.,F46C2E
Games Workshop,Citadel,Troll Slayer,,Two Thin Coats,,Fanatic,,Dakka Chart Equivalency,,Medium,738184066-Paint-Range-Compatibility-Chart-Articles-DakkaDakka-Instinctive-behavior-m.txt,Parsed from Dakka paint compatibility chart; hex is approximate.,F46C2E
Games Workshop,Citadel,Mephiston Red,,Games Workshop,Old Citadel,Mechrite Red 1,,Dakka Chart Equivalency,,Medium,738184066-Paint-Range-Compatibility-Chart-Articles-DakkaDakka-Instinctive-behavior-m.txt,Parsed from Dakka paint compatibility chart; hex is approximate.,991115
Games Workshop,Citadel,Mephiston Red,,Vallejo,Game Color,Heavy Red,141,Dakka Chart Equivalency,,Medium,738184066-Paint-Range-Compatibility-Chart-Articles-DakkaDakka-Instinctive-behavior-m.txt,Parsed from Dakka paint compatibility chart; hex is approximate.,991115
Games Workshop,Citadel,Mephiston Red,,Vallejo,Model Color,Red,926,Dakka Chart Equivalency,,Medium,738184066-Paint-Range-Compatibility-Chart-Articles-DakkaDakka-Instinctive-behavior-m.txt,Parsed from Dakka paint compatibility chart; hex is approximate.,991115
Games Workshop,Citadel,Mephiston Red,,Rackham,,IV-07,,Dakka Chart Equivalency,,Medium,738184066-Paint-Range-Compatibility-Chart-Articles-DakkaDakka-Instinctive-behavior-m.txt,Parsed from Dakka paint compatibility chart; hex is approximate.,991115
Games Workshop,Citadel,Mephiston Red,,Reaper,Master Series,Clotted Red,9134,Dakka Chart Equivalency,,Medium,738184066-Paint-Range-Compatibility-Chart-Articles-DakkaDakka-Instinctive-behavior-m.txt,Parsed from Dakka paint compatibility chart; hex is approximate.,991115
Games Workshop,Citadel,Mephiston Red,,Privateer Press,P3,Vampire Red,WP1460,Dakka Chart Equivalency,,Medium,738184066-Paint-Range-Compatibility-Chart-Articles-DakkaDakka-Instinctive-behavior-m.txt,Parsed from Dakka paint compatibility chart; hex is approximate.,991115
Games Workshop,Citadel,Mephiston Red,,Coat D'arms,,Sanguine,,Dakka Chart Equivalency,,Medium,738184066-Paint-Range-Compatibility-Chart-Articles-DakkaDakka-Instinctive-behavior-m.txt,Parsed from Dakka paint compatibility chart; hex is approximate.,991115
Games Workshop,Citadel,Mephiston Red,,Army Painter,,Scarlet,,Dakka Chart Equivalency,,Medium,738184066-Paint-Range-Compatibility-Chart-Articles-DakkaDakka-Instinctive-behavior-m.txt,Parsed from Dakka paint compatibility chart; hex is approximate.,991115
Games Workshop,Citadel,Evil Sunz Scarlet,,Games Workshop,Old Citadel,Blood Red 1,,Dakka Chart Equivalency,,Medium,738184066-Paint-Range-Compatibility-Chart-Articles-DakkaDakka-Instinctive-behavior-m.txt,Parsed from Dakka paint compatibility chart; hex is approximate.,C21920
Games Workshop,Citadel,Evil Sunz Scarlet,,Vallejo,Game Color,Bloody Red,010,Dakka Chart Equivalency,,Medium,738184066-Paint-Range-Compatibility-Chart-Articles-DakkaDakka-Instinctive-behavior-m.txt,Parsed from Dakka paint compatibility chart; hex is approximate.,C21920
Games Workshop,Citadel,Evil Sunz Scarlet,,Vallejo,Model Color,Vermillion,909,Dakka Chart Equivalency,,Medium,738184066-Paint-Range-Compatibility-Chart-Articles-DakkaDakka-Instinctive-behavior-m.txt,Parsed from Dakka paint compatibility chart; hex is approximate.,C21920
Games Workshop,Citadel,Evil Sunz Scarlet,,Rackham,,,36,Dakka Chart Equivalency,,Medium,738184066-Paint-Range-Compatibility-Chart-Articles-DakkaDakka-Instinctive-behavior-m.txt,Parsed from Dakka paint compatibility chart; hex is approximate.,C21920
Games Workshop,Citadel,Evil Sunz Scarlet,,Reaper,Master Series,Clear Red,9094,Dakka Chart Equivalency,,Medium,738184066-Paint-Range-Compatibility-Chart-Articles-DakkaDakka-Instinctive-behavior-m.txt,Parsed from Dakka paint compatibility chart; hex is approximate.,C21920
Games Workshop,Citadel,Evil Sunz Scarlet,,Privateer Press,P3,Blood Red,,Dakka Chart Equivalency,,Medium,738184066-Paint-Range-Compatibility-Chart-Articles-DakkaDakka-Instinctive-behavior-m.txt,Parsed from Dakka paint compatibility chart; hex is approximate.,C21920
Games Workshop,Citadel,Evil Sunz Scarlet,,Coat D'arms,,,104,Dakka Chart Equivalency,,Medium,738184066-Paint-Range-Compatibility-Chart-Articles-DakkaDakka-Instinctive-behavior-m.txt,Parsed from Dakka paint compatibility chart; hex is approximate.,C21920
Games Workshop,Citadel,Evil Sunz Scarlet,,Army Painter,,Pure Red,WP1104,Dakka Chart Equivalency,,Medium,738184066-Paint-Range-Compatibility-Chart-Articles-DakkaDakka-Instinctive-behavior-m.txt,Parsed from Dakka paint compatibility chart; hex is approximate.,C21920
Games Workshop,Citadel,Evil Sunz Scarlet,,Scale75,,Antares Red,,Dakka Chart Equivalency,,Medium,738184066-Paint-Range-Compatibility-Chart-Articles-DakkaDakka-Instinctive-behavior-m.txt,Parsed from Dakka paint compatibility chart; hex is approximate.,C21920
Games Workshop,Citadel,Evil Sunz Scarlet,,Two Thin Coats,,Demon Red,,Dakka Chart Equivalency,,Medium,738184066-Paint-Range-Compatibility-Chart-Articles-DakkaDakka-Instinctive-behavior-m.txt,Parsed from Dakka paint compatibility chart; hex is approximate.,C21920
Games Workshop,Citadel,Wild Rider Red,,Games Workshop,Old Citadel,Racing Red,,Dakka Chart Equivalency,,Medium,738184066-Paint-Range-Compatibility-Chart-Articles-DakkaDakka-Instinctive-behavior-m.txt,Parsed from Dakka paint compatibility chart; hex is approximate.,EB2E28
Games Workshop,Citadel,Wild Rider Red,,Vallejo,Game Color,Mars Red,WP1436,Dakka Chart Equivalency,,Medium,738184066-Paint-Range-Compatibility-Chart-Articles-DakkaDakka-Instinctive-behavior-m.txt,Parsed from Dakka paint compatibility chart; hex is approximate.,EB2E28
Games Workshop,Citadel,Wazdakka Red,,Games Workshop,Old Citadel,Red Gore 1,,Dakka Chart Equivalency,,Medium,738184066-Paint-Range-Compatibility-Chart-Articles-DakkaDakka-Instinctive-behavior-m.txt,Parsed from Dakka paint compatibility chart; hex is approximate.,940008
Games Workshop,Citadel,Wazdakka Red,,Vallejo,Game Color,Gory Red,011,Dakka Chart Equivalency,,Medium,738184066-Paint-Range-Compatibility-Chart-Articles-DakkaDakka-Instinctive-behavior-m.txt,Parsed from Dakka paint compatibility chart; hex is approximate.,940008
Games Workshop,Citadel,Wazdakka Red,,Vallejo,Model Color,Cavalry Brown,982,Dakka Chart Equivalency,,Medium,738184066-Paint-Range-Compatibility-Chart-Articles-DakkaDakka-Instinctive-behavior-m.txt,Parsed from Dakka paint compatibility chart; hex is approximate.,940008
Games Workshop,Citadel,Wazdakka Red,,Rackham,,Carnage Red,9135,Dakka Chart Equivalency,,Medium,738184066-Paint-Range-Compatibility-Chart-Articles-DakkaDakka-Instinctive-behavior-m.txt,Parsed from Dakka paint compatibility chart; hex is approximate.,940008
Games Workshop,Citadel,Wazdakka Red,,Reaper,Master Series,Vampire Red,,Dakka Chart Equivalency,,Medium,738184066-Paint-Range-Compatibility-Chart-Articles-DakkaDakka-Instinctive-behavior-m.txt,Parsed from Dakka paint compatibility chart; hex is approximate.,940008
Games Workshop,Citadel,Wazdakka Red,,Privateer Press,P3,,129,Dakka Chart Equivalency,,Medium,738184066-Paint-Range-Compatibility-Chart-Articles-DakkaDakka-Instinctive-behavior-m.txt,Parsed from Dakka paint compatibility chart; hex is approximate.,940008
Games Workshop,Citadel,Wazdakka Red,,Coat D'arms,,Dragon Red,WP1105,Dakka Chart Equivalency,,Medium,738184066-Paint-Range-Compatibility-Chart-Articles-DakkaDakka-Instinctive-behavior-m.txt,Parsed from Dakka paint compatibility chart; hex is approximate.,940008
Games Workshop,Citadel,Wazdakka Red,,Army Painter,,Indian,,Dakka Chart Equivalency,,Medium,738184066-Paint-Range-Compatibility-Chart-Articles-DakkaDakka-Instinctive-behavior-m.txt,Parsed from Dakka paint compatibility chart; hex is approximate.,940008
Games Workshop,Citadel,Wazdakka Red,,Scale75,,Shadow,,Dakka Chart Equivalency,,Medium,738184066-Paint-Range-Compatibility-Chart-Articles-DakkaDakka-Instinctive-behavior-m.txt,Parsed from Dakka paint compatibility chart; hex is approximate.,940008
Games Workshop,Citadel,Wazdakka Red,,Two Thin Coats,,Evil Eye Red,,Dakka Chart Equivalency,,Medium,738184066-Paint-Range-Compatibility-Chart-Articles-DakkaDakka-Instinctive-behavior-m.txt,Parsed from Dakka paint compatibility chart; hex is approximate.,940008
Games Workshop,Citadel,Khorne Red,,Games Workshop,Old Citadel,Scab Red 1,,Dakka Chart Equivalency,,Medium,738184066-Paint-Range-Compatibility-Chart-Articles-DakkaDakka-Instinctive-behavior-m.txt,Parsed from Dakka paint compatibility chart; hex is approximate.,6A0002
Games Workshop,Citadel,Khorne Red,,Vallejo,Game Color,Scarlett Red,012,Dakka Chart Equivalency,,Medium,738184066-Paint-Range-Compatibility-Chart-Articles-DakkaDakka-Instinctive-behavior-m.txt,Parsed from Dakka paint compatibility chart; hex is approximate.,6A0002
Games Workshop,Citadel,Khorne Red,,Vallejo,Model Color,Carmine Red,908,Dakka Chart Equivalency,,Medium,738184066-Paint-Range-Compatibility-Chart-Articles-DakkaDakka-Instinctive-behavior-m.txt,Parsed from Dakka paint compatibility chart; hex is approximate.,6A0002
Games Workshop,Citadel,Khorne Red,,Rackham,,Arcavia Red,,Dakka Chart Equivalency,,Medium,738184066-Paint-Range-Compatibility-Chart-Articles-DakkaDakka-Instinctive-behavior-m.txt,Parsed from Dakka paint compatibility chart; hex is approximate.,6A0002
Games Workshop,Citadel,Khorne Red,,Reaper,Master Series,,35,Dakka Chart Equivalency,,Medium,738184066-Paint-Range-Compatibility-Chart-Articles-DakkaDakka-Instinctive-behavior-m.txt,Parsed from Dakka paint compatibility chart; hex is approximate.,6A0002
Games Workshop,Citadel,Khorne Red,,Privateer Press,P3,Deep Red,9002,Dakka Chart Equivalency,,Medium,738184066-Paint-Range-Compatibility-Chart-Articles-DakkaDakka-Instinctive-behavior-m.txt,Parsed from Dakka paint compatibility chart; hex is approximate.,6A0002
Games Workshop,Citadel,Khorne Red,,Coat D'arms,,Chaotic Red,WP1142,Dakka Chart Equivalency,,Medium,738184066-Paint-Range-Compatibility-Chart-Articles-DakkaDakka-Instinctive-behavior-m.txt,Parsed from Dakka paint compatibility chart; hex is approximate.,6A0002
Games Workshop,Citadel,Khorne Red,,Army Painter,,,too dark/brown,Dakka Chart Equivalency,,Medium,738184066-Paint-Range-Compatibility-Chart-Articles-DakkaDakka-Instinctive-behavior-m.txt,Parsed from Dakka paint compatibility chart; hex is approximate.,6A0002
Games Workshop,Citadel,Khorne Red,,Scale75,,Deep Red,,Dakka Chart Equivalency,,Medium,738184066-Paint-Range-Compatibility-Chart-Articles-DakkaDakka-Instinctive-behavior-m.txt,Parsed from Dakka paint compatibility chart; hex is approximate.,6A0002
Games Workshop,Citadel,Khorne Red,,Two Thin Coats,,Matt,,Dakka Chart Equivalency,,Medium,738184066-Paint-Range-Compatibility-Chart-Articles-DakkaDakka-Instinctive-behavior-m.txt,Parsed from Dakka paint compatibility chart; hex is approximate.,6A0002
Games Workshop,Citadel,Word Bearers Red,,Games Workshop,Old Citadel,Chaotic Red,,Dakka Chart Equivalency,,Medium,738184066-Paint-Range-Compatibility-Chart-Articles-DakkaDakka-Instinctive-behavior-m.txt,Parsed from Dakka paint compatibility chart; hex is approximate.,620104
Games Workshop,Citadel,Word Bearers Red,,Vallejo,Game Color,Berserker Red,,Dakka Chart Equivalency,,Medium,738184066-Paint-Range-Compatibility-Chart-Articles-DakkaDakka-Instinctive-behavior-m.txt,Parsed from Dakka paint compatibility chart; hex is approximate.,620104
Games Workshop,Citadel,Emperor's,,Games Workshop,Old Citadel,Children,,Dakka Chart Equivalency,,Medium,738184066-Paint-Range-Compatibility-Chart-Articles-DakkaDakka-Instinctive-behavior-m.txt,Parsed from Dakka paint compatibility chart; hex is approximate.,EF9CB5
Games Workshop,Citadel,Emperor's,,Vallejo,Game Color,Tentacle Pink 1,,Dakka Chart Equivalency,,Medium,738184066-Paint-Range-Compatibility-Chart-Articles-DakkaDakka-Instinctive-behavior-m.txt,Parsed from Dakka paint compatibility chart; hex is approximate.,EF9CB5
Games Workshop,Citadel,Emperor's,,Vallejo,Model Color,Squid Pink,013,Dakka Chart Equivalency,,Medium,738184066-Paint-Range-Compatibility-Chart-Articles-DakkaDakka-Instinctive-behavior-m.txt,Parsed from Dakka paint compatibility chart; hex is approximate.,EF9CB5
Games Workshop,Citadel,Emperor's,,Rackham,,Friend Flesh,,Dakka Chart Equivalency,,Medium,738184066-Paint-Range-Compatibility-Chart-Articles-DakkaDakka-Instinctive-behavior-m.txt,Parsed from Dakka paint compatibility chart; hex is approximate.,EF9CB5
Games Workshop,Citadel,Emperor's,,Reaper,Master Series,,33,Dakka Chart Equivalency,,Medium,738184066-Paint-Range-Compatibility-Chart-Articles-DakkaDakka-Instinctive-behavior-m.txt,Parsed from Dakka paint compatibility chart; hex is approximate.,EF9CB5
Games Workshop,Citadel,Emperor's,,Privateer Press,P3,Pale Violet 2,9027,Dakka Chart Equivalency,,Medium,738184066-Paint-Range-Compatibility-Chart-Articles-DakkaDakka-Instinctive-behavior-m.txt,Parsed from Dakka paint compatibility chart; hex is approximate.,EF9CB5
Games Workshop,Citadel,Emperor's,,Coat D'arms,,Carnal Pink,,Dakka Chart Equivalency,,Medium,738184066-Paint-Range-Compatibility-Chart-Articles-DakkaDakka-Instinctive-behavior-m.txt,Parsed from Dakka paint compatibility chart; hex is approximate.,EF9CB5
Games Workshop,Citadel,Emperor's,,Army Painter,,Shocking Pink,,Dakka Chart Equivalency,,Medium,738184066-Paint-Range-Compatibility-Chart-Articles-DakkaDakka-Instinctive-behavior-m.txt,Parsed from Dakka paint compatibility chart; hex is approximate.,EF9CB5
Games Workshop,Citadel,Emperor's,,Scale75,,,144,Dakka Chart Equivalency,,Medium,738184066-Paint-Range-Compatibility-Chart-Articles-DakkaDakka-Instinctive-behavior-m.txt,Parsed from Dakka paint compatibility chart; hex is approximate.,EF9CB5
Games Workshop,Citadel,Emperor's,,Two Thin Coats,,Hot Pink,,Dakka Chart Equivalency,,Medium,738184066-Paint-Range-Compatibility-Chart-Articles-DakkaDakka-Instinctive-behavior-m.txt,Parsed from Dakka paint compatibility chart; hex is approximate.,EF9CB5
Games Workshop,Citadel,Screamer Pink,,Games Workshop,Old Citadel,Warlock Purple 1,,Dakka Chart Equivalency,,Medium,738184066-Paint-Range-Compatibility-Chart-Articles-DakkaDakka-Instinctive-behavior-m.txt,Parsed from Dakka paint compatibility chart; hex is approximate.,9C004A
Games Workshop,Citadel,Screamer Pink,,Vallejo,Game Color,Warlord Purple,014,Dakka Chart Equivalency,,Medium,738184066-Paint-Range-Compatibility-Chart-Articles-DakkaDakka-Instinctive-behavior-m.txt,Parsed from Dakka paint compatibility chart; hex is approximate.,9C004A
Games Workshop,Citadel,Screamer Pink,,Vallejo,Model Color,Magenta,945,Dakka Chart Equivalency,,Medium,738184066-Paint-Range-Compatibility-Chart-Articles-DakkaDakka-Instinctive-behavior-m.txt,Parsed from Dakka paint compatibility chart; hex is approximate.,9C004A
Games Workshop,Citadel,Screamer Pink,,Rackham,,Celestial Pink,,Dakka Chart Equivalency,,Medium,738184066-Paint-Range-Compatibility-Chart-Articles-DakkaDakka-Instinctive-behavior-m.txt,Parsed from Dakka paint compatibility chart; hex is approximate.,9C004A
Games Workshop,Citadel,Screamer Pink,,Reaper,Master Series,,46,Dakka Chart Equivalency,,Medium,738184066-Paint-Range-Compatibility-Chart-Articles-DakkaDakka-Instinctive-behavior-m.txt,Parsed from Dakka paint compatibility chart; hex is approximate.,9C004A
Games Workshop,Citadel,Screamer Pink,,Privateer Press,P3,Pale Violet Red,9027,Dakka Chart Equivalency,,Medium,738184066-Paint-Range-Compatibility-Chart-Articles-DakkaDakka-Instinctive-behavior-m.txt,Parsed from Dakka paint compatibility chart; hex is approximate.,9C004A
Games Workshop,Citadel,Screamer Pink,,Coat D'arms,,Murderous,,Dakka Chart Equivalency,,Medium,738184066-Paint-Range-Compatibility-Chart-Articles-DakkaDakka-Instinctive-behavior-m.txt,Parsed from Dakka paint compatibility chart; hex is approximate.,9C004A
Games Workshop,Citadel,Screamer Pink,,Army Painter,,Magenta,,Dakka Chart Equivalency,,Medium,738184066-Paint-Range-Compatibility-Chart-Articles-DakkaDakka-Instinctive-behavior-m.txt,Parsed from Dakka paint compatibility chart; hex is approximate.,9C004A
Games Workshop,Citadel,Screamer Pink,,Scale75,,Warlock Purple,,Dakka Chart Equivalency,,Medium,738184066-Paint-Range-Compatibility-Chart-Articles-DakkaDakka-Instinctive-behavior-m.txt,Parsed from Dakka paint compatibility chart; hex is approximate.,9C004A
Games Workshop,Citadel,Screamer Pink,,Two Thin Coats,,,157,Dakka Chart Equivalency,,Medium,738184066-Paint-Range-Compatibility-Chart-Articles-DakkaDakka-Instinctive-behavior-m.txt,Parsed from Dakka paint compatibility chart; hex is approximate.,9C004A
Games Workshop,Citadel,Barak-Nar,,Games Workshop,Old Citadel,Burgundy,,Dakka Chart Equivalency,,Medium,738184066-Paint-Range-Compatibility-Chart-Articles-DakkaDakka-Instinctive-behavior-m.txt,Parsed from Dakka paint compatibility chart; hex is approximate.,451636
Games Workshop,Citadel,Barak-Nar,,Vallejo,Game Color,Crusted Sore,,Dakka Chart Equivalency,,Medium,738184066-Paint-Range-Compatibility-Chart-Articles-DakkaDakka-Instinctive-behavior-m.txt,Parsed from Dakka paint compatibility chart; hex is approximate.,451636
Games Workshop,Citadel,Barak-Nar,,Vallejo,Model Color,Royal Cloak,,Dakka Chart Equivalency,,Medium,738184066-Paint-Range-Compatibility-Chart-Articles-DakkaDakka-Instinctive-behavior-m.txt,Parsed from Dakka paint compatibility chart; hex is approximate.,451636
Games Workshop,Citadel,Gal Vorbak Red,,Games Workshop,Old Citadel,Crusted Sore,,Dakka Chart Equivalency,,Medium,738184066-Paint-Range-Compatibility-Chart-Articles-DakkaDakka-Instinctive-behavior-m.txt,Parsed from Dakka paint compatibility chart; hex is approximate.,4B213C
Games Workshop,Citadel,Gal Vorbak Red,,Vallejo,Game Color,Dread Red,,Dakka Chart Equivalency,,Medium,738184066-Paint-Range-Compatibility-Chart-Articles-DakkaDakka-Instinctive-behavior-m.txt,Parsed from Dakka paint compatibility chart; hex is approximate.,4B213C
Games Workshop,Citadel,Xereus Purple,,Games Workshop,Old Citadel,Liche Purple 1,,Dakka Chart Equivalency,,Medium,738184066-Paint-Range-Compatibility-Chart-Articles-DakkaDakka-Instinctive-behavior-m.txt,Parsed from Dakka paint compatibility chart; hex is approximate.,5A005A
Games Workshop,Citadel,Xereus Purple,,Vallejo,Game Color,Royal Purple,810,Dakka Chart Equivalency,,Medium,738184066-Paint-Range-Compatibility-Chart-Articles-DakkaDakka-Instinctive-behavior-m.txt,Parsed from Dakka paint compatibility chart; hex is approximate.,5A005A
Games Workshop,Citadel,Xereus Purple,,Vallejo,Model Color,IV-34 7,,Dakka Chart Equivalency,,Medium,738184066-Paint-Range-Compatibility-Chart-Articles-DakkaDakka-Instinctive-behavior-m.txt,Parsed from Dakka paint compatibility chart; hex is approximate.,5A005A
Games Workshop,Citadel,Xereus Purple,,Rackham,,Clear Plum,9132,Dakka Chart Equivalency,,Medium,738184066-Paint-Range-Compatibility-Chart-Articles-DakkaDakka-Instinctive-behavior-m.txt,Parsed from Dakka paint compatibility chart; hex is approximate.,5A005A
Games Workshop,Citadel,Xereus Purple,,Reaper,Master Series,Beaten Purple,,Dakka Chart Equivalency,,Medium,738184066-Paint-Range-Compatibility-Chart-Articles-DakkaDakka-Instinctive-behavior-m.txt,Parsed from Dakka paint compatibility chart; hex is approximate.,5A005A
Games Workshop,Citadel,Xereus Purple,,Privateer Press,P3,Poison Purple,,Dakka Chart Equivalency,,Medium,738184066-Paint-Range-Compatibility-Chart-Articles-DakkaDakka-Instinctive-behavior-m.txt,Parsed from Dakka paint compatibility chart; hex is approximate.,5A005A
Games Workshop,Citadel,Xereus Purple,,Coat D'arms,,,118,Dakka Chart Equivalency,,Medium,738184066-Paint-Range-Compatibility-Chart-Articles-DakkaDakka-Instinctive-behavior-m.txt,Parsed from Dakka paint compatibility chart; hex is approximate.,5A005A
Games Workshop,Citadel,Xereus Purple,,Army Painter,,Alien Purple,WP1128,Dakka Chart Equivalency,,Medium,738184066-Paint-Range-Compatibility-Chart-Articles-DakkaDakka-Instinctive-behavior-m.txt,Parsed from Dakka paint compatibility chart; hex is approximate.,5A005A
Games Workshop,Citadel,Xereus Purple,,Scale75,,Amethyst,,Dakka Chart Equivalency,,Medium,738184066-Paint-Range-Compatibility-Chart-Articles-DakkaDakka-Instinctive-behavior-m.txt,Parsed from Dakka paint compatibility chart; hex is approximate.,5A005A
Games Workshop,Citadel,Xereus Purple,,Two Thin Coats,,Rayne,,Dakka Chart Equivalency,,Medium,738184066-Paint-Range-Compatibility-Chart-Articles-DakkaDakka-Instinctive-behavior-m.txt,Parsed from Dakka paint compatibility chart; hex is approximate.,5A005A
Games Workshop,Citadel,Naggaroth Night,,Games Workshop,Old Citadel,Imperial Purple 1,,Dakka Chart Equivalency,,Medium,738184066-Paint-Range-Compatibility-Chart-Articles-DakkaDakka-Instinctive-behavior-m.txt,Parsed from Dakka paint compatibility chart; hex is approximate.,562F7E
Games Workshop,Citadel,Naggaroth Night,,Vallejo,Game Color,Royal Purple,016,Dakka Chart Equivalency,,Medium,738184066-Paint-Range-Compatibility-Chart-Articles-DakkaDakka-Instinctive-behavior-m.txt,Parsed from Dakka paint compatibility chart; hex is approximate.,562F7E
Games Workshop,Citadel,Naggaroth Night,,Vallejo,Model Color,Royal Purple,810,Dakka Chart Equivalency,,Medium,738184066-Paint-Range-Compatibility-Chart-Articles-DakkaDakka-Instinctive-behavior-m.txt,Parsed from Dakka paint compatibility chart; hex is approximate.,562F7E
Games Workshop,Citadel,Naggaroth Night,,Rackham,,Deep Amethyst,9079,Dakka Chart Equivalency,,Medium,738184066-Paint-Range-Compatibility-Chart-Articles-DakkaDakka-Instinctive-behavior-m.txt,Parsed from Dakka paint compatibility chart; hex is approximate.,562F7E
Games Workshop,Citadel,Naggaroth Night,,Reaper,Master Series,Amethest,,Dakka Chart Equivalency,,Medium,738184066-Paint-Range-Compatibility-Chart-Articles-DakkaDakka-Instinctive-behavior-m.txt,Parsed from Dakka paint compatibility chart; hex is approximate.,562F7E
Games Workshop,Citadel,Naggaroth Night,,Privateer Press,P3,Purple,160,Dakka Chart Equivalency,,Medium,738184066-Paint-Range-Compatibility-Chart-Articles-DakkaDakka-Instinctive-behavior-m.txt,Parsed from Dakka paint compatibility chart; hex is approximate.,562F7E
Games Workshop,Citadel,Nauseating Blue,,Games Workshop,Old Citadel,1,,Dakka Chart Equivalency,,Medium,738184066-Paint-Range-Compatibility-Chart-Articles-DakkaDakka-Instinctive-behavior-m.txt,Parsed from Dakka paint compatibility chart; hex is approximate.,412A7A
Games Workshop,Citadel,Nauseating Blue,,Vallejo,Game Color,Sick Blue,017,Dakka Chart Equivalency,,Medium,738184066-Paint-Range-Compatibility-Chart-Articles-DakkaDakka-Instinctive-behavior-m.txt,Parsed from Dakka paint compatibility chart; hex is approximate.,412A7A
Games Workshop,Citadel,Nauseating Blue,,Vallejo,Model Color,Violet 2,960,Dakka Chart Equivalency,,Medium,738184066-Paint-Range-Compatibility-Chart-Articles-DakkaDakka-Instinctive-behavior-m.txt,Parsed from Dakka paint compatibility chart; hex is approximate.,412A7A
Games Workshop,Citadel,Nauseating Blue,,Rackham,,Nauseous Blue,,Dakka Chart Equivalency,,Medium,738184066-Paint-Range-Compatibility-Chart-Articles-DakkaDakka-Instinctive-behavior-m.txt,Parsed from Dakka paint compatibility chart; hex is approximate.,412A7A
Games Workshop,Citadel,Nauseating Blue,,Reaper,Master Series,,162,Dakka Chart Equivalency,,Medium,738184066-Paint-Range-Compatibility-Chart-Articles-DakkaDakka-Instinctive-behavior-m.txt,Parsed from Dakka paint compatibility chart; hex is approximate.,412A7A
Games Workshop,Citadel,26/03/2024 00:22,,Games Workshop,Old Citadel,Storm Blue 1,,Dakka Chart Equivalency,,Medium,738184066-Paint-Range-Compatibility-Chart-Articles-DakkaDakka-Instinctive-behavior-m.txt,Parsed from Dakka paint compatibility chart; hex is approximate.,27357E
Games Workshop,Citadel,26/03/2024 00:22,,Vallejo,Game Color,Stormy Blue,018,Dakka Chart Equivalency,,Medium,738184066-Paint-Range-Compatibility-Chart-Articles-DakkaDakka-Instinctive-behavior-m.txt,Parsed from Dakka paint compatibility chart; hex is approximate.,27357E
Games Workshop,Citadel,26/03/2024 00:22,,Vallejo,Model Color,Blue,925,Dakka Chart Equivalency,,Medium,738184066-Paint-Range-Compatibility-Chart-Articles-DakkaDakka-Instinctive-behavior-m.txt,Parsed from Dakka paint compatibility chart; hex is approximate.,27357E
Games Workshop,Citadel,Midnight Blue 1,,Games Workshop,Old Citadel,Night Blue,019,Dakka Chart Equivalency,,Medium,738184066-Paint-Range-Compatibility-Chart-Articles-DakkaDakka-Instinctive-behavior-m.txt,Parsed from Dakka paint compatibility chart; hex is approximate.,000031
Games Workshop,Citadel,Midnight Blue 1,,Vallejo,Game Color,Dark sea blue,,Dakka Chart Equivalency,,Medium,738184066-Paint-Range-Compatibility-Chart-Articles-DakkaDakka-Instinctive-behavior-m.txt,Parsed from Dakka paint compatibility chart; hex is approximate.,000031
Games Workshop,Citadel,Midnight Blue 1,,Vallejo,Model Color,Abyssal Blue,,Dakka Chart Equivalency,,Medium,738184066-Paint-Range-Compatibility-Chart-Articles-DakkaDakka-Instinctive-behavior-m.txt,Parsed from Dakka paint compatibility chart; hex is approximate.,000031
Games Workshop,Citadel,Kantor Blue,,Games Workshop,Old Citadel,Regal Blue 1,,Dakka Chart Equivalency,,Medium,738184066-Paint-Range-Compatibility-Chart-Articles-DakkaDakka-Instinctive-behavior-m.txt,Parsed from Dakka paint compatibility chart; hex is approximate.,08085A
Games Workshop,Citadel,Kantor Blue,,Vallejo,Game Color,Imperial Blue,020,Dakka Chart Equivalency,,Medium,738184066-Paint-Range-Compatibility-Chart-Articles-DakkaDakka-Instinctive-behavior-m.txt,Parsed from Dakka paint compatibility chart; hex is approximate.,08085A
Games Workshop,Citadel,Kantor Blue,,Vallejo,Model Color,Dark Prussian blue,,Dakka Chart Equivalency,,Medium,738184066-Paint-Range-Compatibility-Chart-Articles-DakkaDakka-Instinctive-behavior-m.txt,Parsed from Dakka paint compatibility chart; hex is approximate.,08085A
Games Workshop,Citadel,Kantor Blue,,Rackham,,Brilliant Blue,9116,Dakka Chart Equivalency,,Medium,738184066-Paint-Range-Compatibility-Chart-Articles-DakkaDakka-Instinctive-behavior-m.txt,Parsed from Dakka paint compatibility chart; hex is approximate.,08085A
Games Workshop,Citadel,Kantor Blue,,Reaper,Master Series,Royal Blue,110,Dakka Chart Equivalency,,Medium,738184066-Paint-Range-Compatibility-Chart-Articles-DakkaDakka-Instinctive-behavior-m.txt,Parsed from Dakka paint compatibility chart; hex is approximate.,08085A
Games Workshop,Citadel,Kantor Blue,,Privateer Press,P3,Deep Blue,WP1116,Dakka Chart Equivalency,,Medium,738184066-Paint-Range-Compatibility-Chart-Articles-DakkaDakka-Instinctive-behavior-m.txt,Parsed from Dakka paint compatibility chart; hex is approximate.,08085A
Games Workshop,Citadel,Kantor Blue,,Coat D'arms,,Abyss Blue,,Dakka Chart Equivalency,,Medium,738184066-Paint-Range-Compatibility-Chart-Articles-DakkaDakka-Instinctive-behavior-m.txt,Parsed from Dakka paint compatibility chart; hex is approximate.,08085A
Games Workshop,Citadel,Altdorf Guard,,Games Workshop,Old Citadel,Blue,,Dakka Chart Equivalency,,Medium,738184066-Paint-Range-Compatibility-Chart-Articles-DakkaDakka-Instinctive-behavior-m.txt,Parsed from Dakka paint compatibility chart; hex is approximate.,29397B
Games Workshop,Citadel,Altdorf Guard,,Vallejo,Game Color,Ultramarine Blue,,Dakka Chart Equivalency,,Medium,738184066-Paint-Range-Compatibility-Chart-Articles-DakkaDakka-Instinctive-behavior-m.txt,Parsed from Dakka paint compatibility chart; hex is approximate.,29397B
Games Workshop,Citadel,Altdorf Guard,,Vallejo,Model Color,Ultra Marine Blue,022,Dakka Chart Equivalency,,Medium,738184066-Paint-Range-Compatibility-Chart-Articles-DakkaDakka-Instinctive-behavior-m.txt,Parsed from Dakka paint compatibility chart; hex is approximate.,29397B
Games Workshop,Citadel,Altdorf Guard,,Rackham,,Wizard Blue 2,,Dakka Chart Equivalency,,Medium,738184066-Paint-Range-Compatibility-Chart-Articles-DakkaDakka-Instinctive-behavior-m.txt,Parsed from Dakka paint compatibility chart; hex is approximate.,29397B
Games Workshop,Citadel,Altdorf Guard,,Reaper,Master Series,,7,Dakka Chart Equivalency,,Medium,738184066-Paint-Range-Compatibility-Chart-Articles-DakkaDakka-Instinctive-behavior-m.txt,Parsed from Dakka paint compatibility chart; hex is approximate.,29397B
Games Workshop,Citadel,Altdorf Guard,,Privateer Press,P3,Ultramarine Highlight 2,,Dakka Chart Equivalency,,Medium,738184066-Paint-Range-Compatibility-Chart-Articles-DakkaDakka-Instinctive-behavior-m.txt,Parsed from Dakka paint compatibility chart; hex is approximate.,29397B
Games Workshop,Citadel,Altdorf Guard,,Coat D'arms,,,9189,Dakka Chart Equivalency,,Medium,738184066-Paint-Range-Compatibility-Chart-Articles-DakkaDakka-Instinctive-behavior-m.txt,Parsed from Dakka paint compatibility chart; hex is approximate.,29397B
Games Workshop,Citadel,Altdorf Guard,,Army Painter,,Marine Blue,,Dakka Chart Equivalency,,Medium,738184066-Paint-Range-Compatibility-Chart-Articles-DakkaDakka-Instinctive-behavior-m.txt,Parsed from Dakka paint compatibility chart; hex is approximate.,29397B
Games Workshop,Citadel,Altdorf Guard,,Scale75,,,148,Dakka Chart Equivalency,,Medium,738184066-Paint-Range-Compatibility-Chart-Articles-DakkaDakka-Instinctive-behavior-m.txt,Parsed from Dakka paint compatibility chart; hex is approximate.,29397B
Games Workshop,Citadel,Altdorf Guard,,Two Thin Coats,,Ultramarine Blue,,Dakka Chart Equivalency,,Medium,738184066-Paint-Range-Compatibility-Chart-Articles-DakkaDakka-Instinctive-behavior-m.txt,Parsed from Dakka paint compatibility chart; hex is approximate.,29397B
Games Workshop,Citadel,Macragge Blue,,Games Workshop,Old Citadel,Mordian Blue 1,,Dakka Chart Equivalency,,Medium,738184066-Paint-Range-Compatibility-Chart-Articles-DakkaDakka-Instinctive-behavior-m.txt,Parsed from Dakka paint compatibility chart; hex is approximate.,2D567C
Games Workshop,Citadel,Macragge Blue,,Vallejo,Game Color,Heavy Blue,143,Dakka Chart Equivalency,,Medium,738184066-Paint-Range-Compatibility-Chart-Articles-DakkaDakka-Instinctive-behavior-m.txt,Parsed from Dakka paint compatibility chart; hex is approximate.,2D567C
Games Workshop,Citadel,Macragge Blue,,Vallejo,Model Color,Prussian Blue,965,Dakka Chart Equivalency,,Medium,738184066-Paint-Range-Compatibility-Chart-Articles-DakkaDakka-Instinctive-behavior-m.txt,Parsed from Dakka paint compatibility chart; hex is approximate.,2D567C
Games Workshop,Citadel,Macragge Blue,,Rackham,,Breonne Blue,9055,Dakka Chart Equivalency,,Medium,738184066-Paint-Range-Compatibility-Chart-Articles-DakkaDakka-Instinctive-behavior-m.txt,Parsed from Dakka paint compatibility chart; hex is approximate.,2D567C
Games Workshop,Citadel,Macragge Blue,,Reaper,Master Series,Dark Sky,,Dakka Chart Equivalency,,Medium,738184066-Paint-Range-Compatibility-Chart-Articles-DakkaDakka-Instinctive-behavior-m.txt,Parsed from Dakka paint compatibility chart; hex is approximate.,2D567C
Games Workshop,Citadel,Macragge Blue,,Privateer Press,P3,Navy Blue,,Dakka Chart Equivalency,,Medium,738184066-Paint-Range-Compatibility-Chart-Articles-DakkaDakka-Instinctive-behavior-m.txt,Parsed from Dakka paint compatibility chart; hex is approximate.,2D567C
Games Workshop,Citadel,Macragge Blue,,Coat D'arms,,Matt,,Dakka Chart Equivalency,,Medium,738184066-Paint-Range-Compatibility-Chart-Articles-DakkaDakka-Instinctive-behavior-m.txt,Parsed from Dakka paint compatibility chart; hex is approximate.,2D567C
Games Workshop,Citadel,Macragge Blue,,Army Painter,,Marine Blue,,Dakka Chart Equivalency,,Medium,738184066-Paint-Range-Compatibility-Chart-Articles-DakkaDakka-Instinctive-behavior-m.txt,Parsed from Dakka paint compatibility chart; hex is approximate.,2D567C
Games Workshop,Citadel,Caledor Sky,,Games Workshop,Old Citadel,Enchanted Blue,,Dakka Chart Equivalency,,Medium,738184066-Paint-Range-Compatibility-Chart-Articles-DakkaDakka-Instinctive-behavior-m.txt,Parsed from Dakka paint compatibility chart; hex is approximate.,31639C
Games Workshop,Citadel,Caledor Sky,,Vallejo,Game Color,1,,Dakka Chart Equivalency,,Medium,738184066-Paint-Range-Compatibility-Chart-Articles-DakkaDakka-Instinctive-behavior-m.txt,Parsed from Dakka paint compatibility chart; hex is approximate.,31639C
Games Workshop,Citadel,Caledor Sky,,Vallejo,Model Color,Magic Blue,021,Dakka Chart Equivalency,,Medium,738184066-Paint-Range-Compatibility-Chart-Articles-DakkaDakka-Instinctive-behavior-m.txt,Parsed from Dakka paint compatibility chart; hex is approximate.,31639C
Games Workshop,Citadel,Caledor Sky,,Rackham,,Blue,,Dakka Chart Equivalency,,Medium,738184066-Paint-Range-Compatibility-Chart-Articles-DakkaDakka-Instinctive-behavior-m.txt,Parsed from Dakka paint compatibility chart; hex is approximate.,31639C
Games Workshop,Citadel,Caledor Sky,,Reaper,Master Series,Ephren Blue,,Dakka Chart Equivalency,,Medium,738184066-Paint-Range-Compatibility-Chart-Articles-DakkaDakka-Instinctive-behavior-m.txt,Parsed from Dakka paint compatibility chart; hex is approximate.,31639C
Games Workshop,Citadel,Caledor Sky,,Privateer Press,P3,,4,Dakka Chart Equivalency,,Medium,738184066-Paint-Range-Compatibility-Chart-Articles-DakkaDakka-Instinctive-behavior-m.txt,Parsed from Dakka paint compatibility chart; hex is approximate.,31639C
Games Workshop,Citadel,Caledor Sky,,Coat D'arms,,Cyan Blue 2,9117,Dakka Chart Equivalency,,Medium,738184066-Paint-Range-Compatibility-Chart-Articles-DakkaDakka-Instinctive-behavior-m.txt,Parsed from Dakka paint compatibility chart; hex is approximate.,31639C
Games Workshop,Citadel,Caledor Sky,,Army Painter,,Cygnar Blue,,Dakka Chart Equivalency,,Medium,738184066-Paint-Range-Compatibility-Chart-Articles-DakkaDakka-Instinctive-behavior-m.txt,Parsed from Dakka paint compatibility chart; hex is approximate.,31639C
Games Workshop,Citadel,Caledor Sky,,Scale75,,Highlight,,Dakka Chart Equivalency,,Medium,738184066-Paint-Range-Compatibility-Chart-Articles-DakkaDakka-Instinctive-behavior-m.txt,Parsed from Dakka paint compatibility chart; hex is approximate.,31639C
Games Workshop,Citadel,Caledor Sky,,Two Thin Coats,,Wizard Blue,,Dakka Chart Equivalency,,Medium,738184066-Paint-Range-Compatibility-Chart-Articles-DakkaDakka-Instinctive-behavior-m.txt,Parsed from Dakka paint compatibility chart; hex is approximate.,31639C
Games Workshop,Citadel,Hoeth Blue,,Games Workshop,Old Citadel,Voidshield Blue,,Dakka Chart Equivalency,,Medium,738184066-Paint-Range-Compatibility-Chart-Articles-DakkaDakka-Instinctive-behavior-m.txt,Parsed from Dakka paint compatibility chart; hex is approximate.,4C78AF
Games Workshop,Citadel,Hoeth Blue,,Vallejo,Game Color,Leviathan,,Dakka Chart Equivalency,,Medium,738184066-Paint-Range-Compatibility-Chart-Articles-DakkaDakka-Instinctive-behavior-m.txt,Parsed from Dakka paint compatibility chart; hex is approximate.,4C78AF
Games Workshop,Citadel,Hoeth Blue,,Vallejo,Model Color,Blue,,Dakka Chart Equivalency,,Medium,738184066-Paint-Range-Compatibility-Chart-Articles-DakkaDakka-Instinctive-behavior-m.txt,Parsed from Dakka paint compatibility chart; hex is approximate.,4C78AF
Games Workshop,Citadel,Lothern Blue,,Games Workshop,Old Citadel,Ice Blue,,Dakka Chart Equivalency,,Medium,738184066-Paint-Range-Compatibility-Chart-Articles-DakkaDakka-Instinctive-behavior-m.txt,Parsed from Dakka paint compatibility chart; hex is approximate.,6B9CCE
Games Workshop,Citadel,Lothern Blue,,Vallejo,Game Color,Ice Blue,095,Dakka Chart Equivalency,,Medium,738184066-Paint-Range-Compatibility-Chart-Articles-DakkaDakka-Instinctive-behavior-m.txt,Parsed from Dakka paint compatibility chart; hex is approximate.,6B9CCE
Games Workshop,Citadel,Lothern Blue,,Vallejo,Model Color,Azure 2 / Deep,902,Dakka Chart Equivalency,,Medium,738184066-Paint-Range-Compatibility-Chart-Articles-DakkaDakka-Instinctive-behavior-m.txt,Parsed from Dakka paint compatibility chart; hex is approximate.,6B9CCE
Games Workshop,Citadel,Lothern Blue,,Rackham,,,9,Dakka Chart Equivalency,,Medium,738184066-Paint-Range-Compatibility-Chart-Articles-DakkaDakka-Instinctive-behavior-m.txt,Parsed from Dakka paint compatibility chart; hex is approximate.,6B9CCE
Games Workshop,Citadel,Lothern Blue,,Reaper,Master Series,Voidshield Blue,WP1452,Dakka Chart Equivalency,,Medium,738184066-Paint-Range-Compatibility-Chart-Articles-DakkaDakka-Instinctive-behavior-m.txt,Parsed from Dakka paint compatibility chart; hex is approximate.,6B9CCE
Games Workshop,Citadel,Lothern Blue,,Privateer Press,P3,Sky Blue,,Dakka Chart Equivalency,,Medium,738184066-Paint-Range-Compatibility-Chart-Articles-DakkaDakka-Instinctive-behavior-m.txt,Parsed from Dakka paint compatibility chart; hex is approximate.,6B9CCE
Games Workshop,Citadel,Teclis Blue,,Games Workshop,Old Citadel,Lightning Bolt,,Dakka Chart Equivalency,,Medium,738184066-Paint-Range-Compatibility-Chart-Articles-DakkaDakka-Instinctive-behavior-m.txt,Parsed from Dakka paint compatibility chart; hex is approximate.,8BB9DD
Games Workshop,Citadel,Teclis Blue,,Vallejo,Game Color,Blue 1,,Dakka Chart Equivalency,,Medium,738184066-Paint-Range-Compatibility-Chart-Articles-DakkaDakka-Instinctive-behavior-m.txt,Parsed from Dakka paint compatibility chart; hex is approximate.,8BB9DD
Games Workshop,Citadel,Teclis Blue,,Vallejo,Model Color,Electric Blue,023,Dakka Chart Equivalency,,Medium,738184066-Paint-Range-Compatibility-Chart-Articles-DakkaDakka-Instinctive-behavior-m.txt,Parsed from Dakka paint compatibility chart; hex is approximate.,8BB9DD
Games Workshop,Citadel,Teclis Blue,,Rackham,,Sacred Blue 2,,Dakka Chart Equivalency,,Medium,738184066-Paint-Range-Compatibility-Chart-Articles-DakkaDakka-Instinctive-behavior-m.txt,Parsed from Dakka paint compatibility chart; hex is approximate.,8BB9DD
Games Workshop,Citadel,Teclis Blue,,Reaper,Master Series,,8,Dakka Chart Equivalency,,Medium,738184066-Paint-Range-Compatibility-Chart-Articles-DakkaDakka-Instinctive-behavior-m.txt,Parsed from Dakka paint compatibility chart; hex is approximate.,8BB9DD
Games Workshop,Citadel,Teclis Blue,,Privateer Press,P3,Sky Blue 2,9018,Dakka Chart Equivalency,,Medium,738184066-Paint-Range-Compatibility-Chart-Articles-DakkaDakka-Instinctive-behavior-m.txt,Parsed from Dakka paint compatibility chart; hex is approximate.,8BB9DD
Games Workshop,Citadel,Teclis Blue,,Coat D'arms,,High Elf Blue,,Dakka Chart Equivalency,,Medium,738184066-Paint-Range-Compatibility-Chart-Articles-DakkaDakka-Instinctive-behavior-m.txt,Parsed from Dakka paint compatibility chart; hex is approximate.,8BB9DD
Games Workshop,Citadel,Teclis Blue,,Army Painter,,,117,Dakka Chart Equivalency,,Medium,738184066-Paint-Range-Compatibility-Chart-Articles-DakkaDakka-Instinctive-behavior-m.txt,Parsed from Dakka paint compatibility chart; hex is approximate.,8BB9DD
Games Workshop,Citadel,Teclis Blue,,Scale75,,Electric Blue,WP1113,Dakka Chart Equivalency,,Medium,738184066-Paint-Range-Compatibility-Chart-Articles-DakkaDakka-Instinctive-behavior-m.txt,Parsed from Dakka paint compatibility chart; hex is approximate.,8BB9DD
Games Workshop,Citadel,Thousand Sons,,Games Workshop,Old Citadel,Blue,,Dakka Chart Equivalency,,Medium,738184066-Paint-Range-Compatibility-Chart-Articles-DakkaDakka-Instinctive-behavior-m.txt,Parsed from Dakka paint compatibility chart; hex is approximate.,00506F
Games Workshop,Citadel,Thousand Sons,,Vallejo,Game Color,Hydra Turquoise,,Dakka Chart Equivalency,,Medium,738184066-Paint-Range-Compatibility-Chart-Articles-DakkaDakka-Instinctive-behavior-m.txt,Parsed from Dakka paint compatibility chart; hex is approximate.,00506F
Games Workshop,Citadel,Thousand Sons,,Vallejo,Model Color,Sentient,,Dakka Chart Equivalency,,Medium,738184066-Paint-Range-Compatibility-Chart-Articles-DakkaDakka-Instinctive-behavior-m.txt,Parsed from Dakka paint compatibility chart; hex is approximate.,00506F
Games Workshop,Citadel,Ahriman Blue,,Games Workshop,Old Citadel,Royal Cloak,,Dakka Chart Equivalency,,Medium,738184066-Paint-Range-Compatibility-Chart-Articles-DakkaDakka-Instinctive-behavior-m.txt,Parsed from Dakka paint compatibility chart; hex is approximate.,00708A
Games Workshop,Citadel,Ahriman Blue,,Vallejo,Game Color,Cursed Blue,,Dakka Chart Equivalency,,Medium,738184066-Paint-Range-Compatibility-Chart-Articles-DakkaDakka-Instinctive-behavior-m.txt,Parsed from Dakka paint compatibility chart; hex is approximate.,00708A
Games Workshop,Citadel,Sotek Green,,Games Workshop,Old Citadel,Hawk Turquoise,,Dakka Chart Equivalency,,Medium,738184066-Paint-Range-Compatibility-Chart-Articles-DakkaDakka-Instinctive-behavior-m.txt,Parsed from Dakka paint compatibility chart; hex is approximate.,006B5A
Games Workshop,Citadel,Sotek Green,,Vallejo,Game Color,Falcon Turquoise,024,Dakka Chart Equivalency,,Medium,738184066-Paint-Range-Compatibility-Chart-Articles-DakkaDakka-Instinctive-behavior-m.txt,Parsed from Dakka paint compatibility chart; hex is approximate.,006B5A
Games Workshop,Citadel,Sotek Green,,Vallejo,Model Color,Light Turquoise,,Dakka Chart Equivalency,,Medium,738184066-Paint-Range-Compatibility-Chart-Articles-DakkaDakka-Instinctive-behavior-m.txt,Parsed from Dakka paint compatibility chart; hex is approximate.,006B5A
Games Workshop,Citadel,Sotek Green,,Rackham,,,12,Dakka Chart Equivalency,,Medium,738184066-Paint-Range-Compatibility-Chart-Articles-DakkaDakka-Instinctive-behavior-m.txt,Parsed from Dakka paint compatibility chart; hex is approximate.,006B5A
Games Workshop,Citadel,Sotek Green,,Reaper,Master Series,Marine Teal,9077,Dakka Chart Equivalency,,Medium,738184066-Paint-Range-Compatibility-Chart-Articles-DakkaDakka-Instinctive-behavior-m.txt,Parsed from Dakka paint compatibility chart; hex is approximate.,006B5A
Games Workshop,Citadel,Sotek Green,,Privateer Press,P3,Meredius Blue,,Dakka Chart Equivalency,,Medium,738184066-Paint-Range-Compatibility-Chart-Articles-DakkaDakka-Instinctive-behavior-m.txt,Parsed from Dakka paint compatibility chart; hex is approximate.,006B5A
Games Workshop,Citadel,Sotek Green,,Coat D'arms,,Aquamarine,,Dakka Chart Equivalency,,Medium,738184066-Paint-Range-Compatibility-Chart-Articles-DakkaDakka-Instinctive-behavior-m.txt,Parsed from Dakka paint compatibility chart; hex is approximate.,006B5A
Games Workshop,Citadel,Sotek Green,,Army Painter,,,132,Dakka Chart Equivalency,,Medium,738184066-Paint-Range-Compatibility-Chart-Articles-DakkaDakka-Instinctive-behavior-m.txt,Parsed from Dakka paint compatibility chart; hex is approximate.,006B5A
Games Workshop,Citadel,Sotek Green,,Scale75,,Hydra Turquoise,WP1141,Dakka Chart Equivalency,,Medium,738184066-Paint-Range-Compatibility-Chart-Articles-DakkaDakka-Instinctive-behavior-m.txt,Parsed from Dakka paint compatibility chart; hex is approximate.,006B5A
Games Workshop,Citadel,Sotek Green,,Two Thin Coats,,Adriatic Blue,,Dakka Chart Equivalency,,Medium,738184066-Paint-Range-Compatibility-Chart-Articles-DakkaDakka-Instinctive-behavior-m.txt,Parsed from Dakka paint compatibility chart; hex is approximate.,006B5A
Games Workshop,Citadel,Sybarite Green,,Games Workshop,Old Citadel,Vile Green 1,,Dakka Chart Equivalency,,Medium,738184066-Paint-Range-Compatibility-Chart-Articles-DakkaDakka-Instinctive-behavior-m.txt,Parsed from Dakka paint compatibility chart; hex is approximate.,82C59C
Games Workshop,Citadel,Sybarite Green,,Vallejo,Game Color,Foul Green,025,Dakka Chart Equivalency,,Medium,738184066-Paint-Range-Compatibility-Chart-Articles-DakkaDakka-Instinctive-behavior-m.txt,Parsed from Dakka paint compatibility chart; hex is approximate.,82C59C
Games Workshop,Citadel,Sybarite Green,,Vallejo,Model Color,Park Green Flat,,Dakka Chart Equivalency,,Medium,738184066-Paint-Range-Compatibility-Chart-Articles-DakkaDakka-Instinctive-behavior-m.txt,Parsed from Dakka paint compatibility chart; hex is approximate.,82C59C
Games Workshop,Citadel,Sybarite Green,,Rackham,,,13,Dakka Chart Equivalency,,Medium,738184066-Paint-Range-Compatibility-Chart-Articles-DakkaDakka-Instinctive-behavior-m.txt,Parsed from Dakka paint compatibility chart; hex is approximate.,82C59C
Games Workshop,Citadel,Sybarite Green,,Reaper,Master Series,Ghoul Green,,Dakka Chart Equivalency,,Medium,738184066-Paint-Range-Compatibility-Chart-Articles-DakkaDakka-Instinctive-behavior-m.txt,Parsed from Dakka paint compatibility chart; hex is approximate.,82C59C
Games Workshop,Citadel,Kabalite Green,,Games Workshop,Old Citadel,Jade Green 1,,Dakka Chart Equivalency,,Medium,738184066-Paint-Range-Compatibility-Chart-Articles-DakkaDakka-Instinctive-behavior-m.txt,Parsed from Dakka paint compatibility chart; hex is approximate.,069B7D
Games Workshop,Citadel,Kabalite Green,,Vallejo,Game Color,Jade Green,026,Dakka Chart Equivalency,,Medium,738184066-Paint-Range-Compatibility-Chart-Articles-DakkaDakka-Instinctive-behavior-m.txt,Parsed from Dakka paint compatibility chart; hex is approximate.,069B7D
Games Workshop,Citadel,Kabalite Green,,Vallejo,Model Color,Emerald,838,Dakka Chart Equivalency,,Medium,738184066-Paint-Range-Compatibility-Chart-Articles-DakkaDakka-Instinctive-behavior-m.txt,Parsed from Dakka paint compatibility chart; hex is approximate.,069B7D
Games Workshop,Citadel,Kabalite Green,,Rackham,,Eldritch,,Dakka Chart Equivalency,,Medium,738184066-Paint-Range-Compatibility-Chart-Articles-DakkaDakka-Instinctive-behavior-m.txt,Parsed from Dakka paint compatibility chart; hex is approximate.,069B7D
Games Workshop,Citadel,Kabalite Green,,Reaper,Master Series,Jade Green 2,,Dakka Chart Equivalency,,Medium,738184066-Paint-Range-Compatibility-Chart-Articles-DakkaDakka-Instinctive-behavior-m.txt,Parsed from Dakka paint compatibility chart; hex is approximate.,069B7D
Games Workshop,Citadel,Kabalite Green,,Privateer Press,P3,,158,Dakka Chart Equivalency,,Medium,738184066-Paint-Range-Compatibility-Chart-Articles-DakkaDakka-Instinctive-behavior-m.txt,Parsed from Dakka paint compatibility chart; hex is approximate.,069B7D
Games Workshop,Citadel,Kabalite Green,,Coat D'arms,,Jade Green,,Dakka Chart Equivalency,,Medium,738184066-Paint-Range-Compatibility-Chart-Articles-DakkaDakka-Instinctive-behavior-m.txt,Parsed from Dakka paint compatibility chart; hex is approximate.,069B7D
Games Workshop,Citadel,Scaly Green 1,,Games Workshop,Old Citadel,Scurf/Scurvey Green,,Dakka Chart Equivalency,,Medium,738184066-Paint-Range-Compatibility-Chart-Articles-DakkaDakka-Instinctive-behavior-m.txt,Parsed from Dakka paint compatibility chart; hex is approximate.,026B67
Games Workshop,Citadel,Scaly Green 1,,Vallejo,Game Color,,027,Dakka Chart Equivalency,,Medium,738184066-Paint-Range-Compatibility-Chart-Articles-DakkaDakka-Instinctive-behavior-m.txt,Parsed from Dakka paint compatibility chart; hex is approximate.,026B67
Games Workshop,Citadel,Scaly Green 1,,Vallejo,Model Color,Emerald,838,Dakka Chart Equivalency,,Medium,738184066-Paint-Range-Compatibility-Chart-Articles-DakkaDakka-Instinctive-behavior-m.txt,Parsed from Dakka paint compatibility chart; hex is approximate.,026B67
Games Workshop,Citadel,Scaly Green 1,,Rackham,,Clear Viridian,9131,Dakka Chart Equivalency,,Medium,738184066-Paint-Range-Compatibility-Chart-Articles-DakkaDakka-Instinctive-behavior-m.txt,Parsed from Dakka paint compatibility chart; hex is approximate.,026B67
Games Workshop,Citadel,Incubi Darkness,,Games Workshop,Old Citadel,Dark Sea Blue,898,Dakka Chart Equivalency,,Medium,738184066-Paint-Range-Compatibility-Chart-Articles-DakkaDakka-Instinctive-behavior-m.txt,Parsed from Dakka paint compatibility chart; hex is approximate.,082E32
Games Workshop,Citadel,Incubi Darkness,,Vallejo,Game Color,Hydra Green,,Dakka Chart Equivalency,,Medium,738184066-Paint-Range-Compatibility-Chart-Articles-DakkaDakka-Instinctive-behavior-m.txt,Parsed from Dakka paint compatibility chart; hex is approximate.,082E32
Games Workshop,Citadel,Caliban Green,,Games Workshop,Old Citadel,Dark Angels,,Dakka Chart Equivalency,,Medium,738184066-Paint-Range-Compatibility-Chart-Articles-DakkaDakka-Instinctive-behavior-m.txt,Parsed from Dakka paint compatibility chart; hex is approximate.,005221
Games Workshop,Citadel,Caliban Green,,Vallejo,Game Color,Green 1,,Dakka Chart Equivalency,,Medium,738184066-Paint-Range-Compatibility-Chart-Articles-DakkaDakka-Instinctive-behavior-m.txt,Parsed from Dakka paint compatibility chart; hex is approximate.,005221
Games Workshop,Citadel,Caliban Green,,Vallejo,Model Color,Dark Green,028,Dakka Chart Equivalency,,Medium,738184066-Paint-Range-Compatibility-Chart-Articles-DakkaDakka-Instinctive-behavior-m.txt,Parsed from Dakka paint compatibility chart; hex is approximate.,005221
Games Workshop,Citadel,Caliban Green,,Rackham,,Green,,Dakka Chart Equivalency,,Medium,738184066-Paint-Range-Compatibility-Chart-Articles-DakkaDakka-Instinctive-behavior-m.txt,Parsed from Dakka paint compatibility chart; hex is approximate.,005221
Games Workshop,Citadel,Caliban Green,,Reaper,Master Series,IV-15 7,,Dakka Chart Equivalency,,Medium,738184066-Paint-Range-Compatibility-Chart-Articles-DakkaDakka-Instinctive-behavior-m.txt,Parsed from Dakka paint compatibility chart; hex is approximate.,005221
Games Workshop,Citadel,Caliban Green,,Privateer Press,P3,Diisha Green,,Dakka Chart Equivalency,,Medium,738184066-Paint-Range-Compatibility-Chart-Articles-DakkaDakka-Instinctive-behavior-m.txt,Parsed from Dakka paint compatibility chart; hex is approximate.,005221
Games Workshop,Citadel,Caliban Green,,Coat D'arms,,,18,Dakka Chart Equivalency,,Medium,738184066-Paint-Range-Compatibility-Chart-Articles-DakkaDakka-Instinctive-behavior-m.txt,Parsed from Dakka paint compatibility chart; hex is approximate.,005221
Games Workshop,Citadel,Caliban Green,,Army Painter,,Pine Green 2,9010,Dakka Chart Equivalency,,Medium,738184066-Paint-Range-Compatibility-Chart-Articles-DakkaDakka-Instinctive-behavior-m.txt,Parsed from Dakka paint compatibility chart; hex is approximate.,005221
Games Workshop,Citadel,Caliban Green,,Scale75,,Gnarls Green 2,,Dakka Chart Equivalency,,Medium,738184066-Paint-Range-Compatibility-Chart-Articles-DakkaDakka-Instinctive-behavior-m.txt,Parsed from Dakka paint compatibility chart; hex is approximate.,005221
Games Workshop,Citadel,Caliban Green,,Two Thin Coats,,Dark Elf Green,,Dakka Chart Equivalency,,Medium,738184066-Paint-Range-Compatibility-Chart-Articles-DakkaDakka-Instinctive-behavior-m.txt,Parsed from Dakka paint compatibility chart; hex is approximate.,005221
Games Workshop,Citadel,Warpstone Glow,,Games Workshop,Old Citadel,Snot Green 1,,Dakka Chart Equivalency,,Medium,738184066-Paint-Range-Compatibility-Chart-Articles-DakkaDakka-Instinctive-behavior-m.txt,Parsed from Dakka paint compatibility chart; hex is approximate.,106B21
Games Workshop,Citadel,Warpstone Glow,,Vallejo,Game Color,Sick Green,029,Dakka Chart Equivalency,,Medium,738184066-Paint-Range-Compatibility-Chart-Articles-DakkaDakka-Instinctive-behavior-m.txt,Parsed from Dakka paint compatibility chart; hex is approximate.,106B21
Games Workshop,Citadel,Warpstone Glow,,Vallejo,Model Color,Intermediate Green,,Dakka Chart Equivalency,,Medium,738184066-Paint-Range-Compatibility-Chart-Articles-DakkaDakka-Instinctive-behavior-m.txt,Parsed from Dakka paint compatibility chart; hex is approximate.,106B21
Games Workshop,Citadel,Warpstone Glow,,Rackham,,Green,,Dakka Chart Equivalency,,Medium,738184066-Paint-Range-Compatibility-Chart-Articles-DakkaDakka-Instinctive-behavior-m.txt,Parsed from Dakka paint compatibility chart; hex is approximate.,106B21
Games Workshop,Citadel,Warpstone Glow,,Reaper,Master Series,Avagddu,,Dakka Chart Equivalency,,Medium,738184066-Paint-Range-Compatibility-Chart-Articles-DakkaDakka-Instinctive-behavior-m.txt,Parsed from Dakka paint compatibility chart; hex is approximate.,106B21
Games Workshop,Citadel,Warpstone Glow,,Privateer Press,P3,Green,17,Dakka Chart Equivalency,,Medium,738184066-Paint-Range-Compatibility-Chart-Articles-DakkaDakka-Instinctive-behavior-m.txt,Parsed from Dakka paint compatibility chart; hex is approximate.,106B21
Games Workshop,Citadel,Warpstone Glow,,Coat D'arms,,Clear Green,9096,Dakka Chart Equivalency,,Medium,738184066-Paint-Range-Compatibility-Chart-Articles-DakkaDakka-Instinctive-behavior-m.txt,Parsed from Dakka paint compatibility chart; hex is approximate.,106B21
Games Workshop,Citadel,Warpstone Glow,,Army Painter,,Ioson Green,,Dakka Chart Equivalency,,Medium,738184066-Paint-Range-Compatibility-Chart-Articles-DakkaDakka-Instinctive-behavior-m.txt,Parsed from Dakka paint compatibility chart; hex is approximate.,106B21
Games Workshop,Citadel,Warpstone Glow,,Scale75,,Bogey Green,,Dakka Chart Equivalency,,Medium,738184066-Paint-Range-Compatibility-Chart-Articles-DakkaDakka-Instinctive-behavior-m.txt,Parsed from Dakka paint compatibility chart; hex is approximate.,106B21
Games Workshop,Citadel,Warpstone Glow,,Two Thin Coats,,,121,Dakka Chart Equivalency,,Medium,738184066-Paint-Range-Compatibility-Chart-Articles-DakkaDakka-Instinctive-behavior-m.txt,Parsed from Dakka paint compatibility chart; hex is approximate.,106B21
Games Workshop,Citadel,Warboss Green,,Games Workshop,Old Citadel,Goblin Green 1,,Dakka Chart Equivalency,,Medium,738184066-Paint-Range-Compatibility-Chart-Articles-DakkaDakka-Instinctive-behavior-m.txt,Parsed from Dakka paint compatibility chart; hex is approximate.,63B521
Games Workshop,Citadel,Warboss Green,,Vallejo,Game Color,Goblin Green,030,Dakka Chart Equivalency,,Medium,738184066-Paint-Range-Compatibility-Chart-Articles-DakkaDakka-Instinctive-behavior-m.txt,Parsed from Dakka paint compatibility chart; hex is approximate.,63B521
Games Workshop,Citadel,Warboss Green,,Vallejo,Model Color,Pastel Green,885,Dakka Chart Equivalency,,Medium,738184066-Paint-Range-Compatibility-Chart-Articles-DakkaDakka-Instinctive-behavior-m.txt,Parsed from Dakka paint compatibility chart; hex is approximate.,63B521
Games Workshop,Citadel,Warboss Green,,Rackham,,,16,Dakka Chart Equivalency,,Medium,738184066-Paint-Range-Compatibility-Chart-Articles-DakkaDakka-Instinctive-behavior-m.txt,Parsed from Dakka paint compatibility chart; hex is approximate.,63B521
Games Workshop,Citadel,Warboss Green,,Reaper,Master Series,Field Green 2,9167,Dakka Chart Equivalency,,Medium,738184066-Paint-Range-Compatibility-Chart-Articles-DakkaDakka-Instinctive-behavior-m.txt,Parsed from Dakka paint compatibility chart; hex is approximate.,63B521
Games Workshop,Citadel,Warboss Green,,Privateer Press,P3,Goblin Green,,Dakka Chart Equivalency,,Medium,738184066-Paint-Range-Compatibility-Chart-Articles-DakkaDakka-Instinctive-behavior-m.txt,Parsed from Dakka paint compatibility chart; hex is approximate.,63B521
Games Workshop,Citadel,Warboss Green,,Coat D'arms,,,108,Dakka Chart Equivalency,,Medium,738184066-Paint-Range-Compatibility-Chart-Articles-DakkaDakka-Instinctive-behavior-m.txt,Parsed from Dakka paint compatibility chart; hex is approximate.,63B521
Games Workshop,Citadel,Warboss Green,,Army Painter,,Goblin Green,WP1109,Dakka Chart Equivalency,,Medium,738184066-Paint-Range-Compatibility-Chart-Articles-DakkaDakka-Instinctive-behavior-m.txt,Parsed from Dakka paint compatibility chart; hex is approximate.,63B521
Games Workshop,Citadel,Warboss Green,,Scale75,,Goblinoid,,Dakka Chart Equivalency,,Medium,738184066-Paint-Range-Compatibility-Chart-Articles-DakkaDakka-Instinctive-behavior-m.txt,Parsed from Dakka paint compatibility chart; hex is approximate.,63B521
Games Workshop,Citadel,Warboss Green,,Two Thin Coats,,Green,,Dakka Chart Equivalency,,Medium,738184066-Paint-Range-Compatibility-Chart-Articles-DakkaDakka-Instinctive-behavior-m.txt,Parsed from Dakka paint compatibility chart; hex is approximate.,63B521
Games Workshop,Citadel,Elysian Green,,Games Workshop,Old Citadel,Camo Green 1,,Dakka Chart Equivalency,,Medium,738184066-Paint-Range-Compatibility-Chart-Articles-DakkaDakka-Instinctive-behavior-m.txt,Parsed from Dakka paint compatibility chart; hex is approximate.,A5A542
Games Workshop,Citadel,Elysian Green,,Vallejo,Game Color,Camouflage Green,,Dakka Chart Equivalency,,Medium,738184066-Paint-Range-Compatibility-Chart-Articles-DakkaDakka-Instinctive-behavior-m.txt,Parsed from Dakka paint compatibility chart; hex is approximate.,A5A542
Games Workshop,Citadel,Elysian Green,,Vallejo,Model Color,,031,Dakka Chart Equivalency,,Medium,738184066-Paint-Range-Compatibility-Chart-Articles-DakkaDakka-Instinctive-behavior-m.txt,Parsed from Dakka paint compatibility chart; hex is approximate.,A5A542
Games Workshop,Citadel,Elysian Green,,Rackham,,Ardennes,,Dakka Chart Equivalency,,Medium,738184066-Paint-Range-Compatibility-Chart-Articles-DakkaDakka-Instinctive-behavior-m.txt,Parsed from Dakka paint compatibility chart; hex is approximate.,A5A542
Games Workshop,Citadel,Elysian Green,,Reaper,Master Series,Green Matt,,Dakka Chart Equivalency,,Medium,738184066-Paint-Range-Compatibility-Chart-Articles-DakkaDakka-Instinctive-behavior-m.txt,Parsed from Dakka paint compatibility chart; hex is approximate.,A5A542
Games Workshop,Citadel,Moot Green,,Games Workshop,Old Citadel,Scorpion Green,,Dakka Chart Equivalency,,Medium,738184066-Paint-Range-Compatibility-Chart-Articles-DakkaDakka-Instinctive-behavior-m.txt,Parsed from Dakka paint compatibility chart; hex is approximate.,A5D610
Games Workshop,Citadel,Moot Green,,Vallejo,Game Color,1,,Dakka Chart Equivalency,,Medium,738184066-Paint-Range-Compatibility-Chart-Articles-DakkaDakka-Instinctive-behavior-m.txt,Parsed from Dakka paint compatibility chart; hex is approximate.,A5D610
Games Workshop,Citadel,Moot Green,,Vallejo,Model Color,Scorpy Green,032,Dakka Chart Equivalency,,Medium,738184066-Paint-Range-Compatibility-Chart-Articles-DakkaDakka-Instinctive-behavior-m.txt,Parsed from Dakka paint compatibility chart; hex is approximate.,A5D610
Games Workshop,Citadel,Moot Green,,Rackham,,Quithayran,,Dakka Chart Equivalency,,Medium,738184066-Paint-Range-Compatibility-Chart-Articles-DakkaDakka-Instinctive-behavior-m.txt,Parsed from Dakka paint compatibility chart; hex is approximate.,A5D610
Games Workshop,Citadel,Moot Green,,Reaper,Master Series,Green,14,Dakka Chart Equivalency,,Medium,738184066-Paint-Range-Compatibility-Chart-Articles-DakkaDakka-Instinctive-behavior-m.txt,Parsed from Dakka paint compatibility chart; hex is approximate.,A5D610
Games Workshop,Citadel,Moot Green,,Privateer Press,P3,Pale Green,9012,Dakka Chart Equivalency,,Medium,738184066-Paint-Range-Compatibility-Chart-Articles-DakkaDakka-Instinctive-behavior-m.txt,Parsed from Dakka paint compatibility chart; hex is approximate.,A5D610
Games Workshop,Citadel,Moot Green,,Coat D'arms,,Necrotite,,Dakka Chart Equivalency,,Medium,738184066-Paint-Range-Compatibility-Chart-Articles-DakkaDakka-Instinctive-behavior-m.txt,Parsed from Dakka paint compatibility chart; hex is approximate.,A5D610
Games Workshop,Citadel,Moot Green,,Army Painter,,Green,,Dakka Chart Equivalency,,Medium,738184066-Paint-Range-Compatibility-Chart-Articles-DakkaDakka-Instinctive-behavior-m.txt,Parsed from Dakka paint compatibility chart; hex is approximate.,A5D610
Games Workshop,Citadel,Moot Green,,Scale75,,Scorpion Green,,Dakka Chart Equivalency,,Medium,738184066-Paint-Range-Compatibility-Chart-Articles-DakkaDakka-Instinctive-behavior-m.txt,Parsed from Dakka paint compatibility chart; hex is approximate.,A5D610
Games Workshop,Citadel,Moot Green,,Two Thin Coats,,,152,Dakka Chart Equivalency,,Medium,738184066-Paint-Range-Compatibility-Chart-Articles-DakkaDakka-Instinctive-behavior-m.txt,Parsed from Dakka paint compatibility chart; hex is approximate.,A5D610
Games Workshop,Citadel,Bilious Green 1,,Games Workshop,Old Citadel,Livery Green,033,Dakka Chart Equivalency,,Medium,738184066-Paint-Range-Compatibility-Chart-Articles-DakkaDakka-Instinctive-behavior-m.txt,Parsed from Dakka paint compatibility chart; hex is approximate.,A9D171
Games Workshop,Citadel,Bilious Green 1,,Vallejo,Game Color,Yellow Green 2,954,Dakka Chart Equivalency,,Medium,738184066-Paint-Range-Compatibility-Chart-Articles-DakkaDakka-Instinctive-behavior-m.txt,Parsed from Dakka paint compatibility chart; hex is approximate.,A9D171
Games Workshop,Citadel,Bilious Green 1,,Vallejo,Model Color,Mystic Green,,Dakka Chart Equivalency,,Medium,738184066-Paint-Range-Compatibility-Chart-Articles-DakkaDakka-Instinctive-behavior-m.txt,Parsed from Dakka paint compatibility chart; hex is approximate.,A9D171
Games Workshop,Citadel,Castellan Green,,Games Workshop,Old Citadel,Catachan Green,,Dakka Chart Equivalency,,Medium,738184066-Paint-Range-Compatibility-Chart-Articles-DakkaDakka-Instinctive-behavior-m.txt,Parsed from Dakka paint compatibility chart; hex is approximate.,455440
Games Workshop,Citadel,Castellan Green,,Vallejo,Game Color,1,,Dakka Chart Equivalency,,Medium,738184066-Paint-Range-Compatibility-Chart-Articles-DakkaDakka-Instinctive-behavior-m.txt,Parsed from Dakka paint compatibility chart; hex is approximate.,455440
Games Workshop,Citadel,Castellan Green,,Vallejo,Model Color,Cayman Green,067,Dakka Chart Equivalency,,Medium,738184066-Paint-Range-Compatibility-Chart-Articles-DakkaDakka-Instinctive-behavior-m.txt,Parsed from Dakka paint compatibility chart; hex is approximate.,455440
Games Workshop,Citadel,Castellan Green,,Rackham,,Green,,Dakka Chart Equivalency,,Medium,738184066-Paint-Range-Compatibility-Chart-Articles-DakkaDakka-Instinctive-behavior-m.txt,Parsed from Dakka paint compatibility chart; hex is approximate.,455440
Games Workshop,Citadel,Castellan Green,,Reaper,Master Series,Muddy Olive,9034,Dakka Chart Equivalency,,Medium,738184066-Paint-Range-Compatibility-Chart-Articles-DakkaDakka-Instinctive-behavior-m.txt,Parsed from Dakka paint compatibility chart; hex is approximate.,455440
Games Workshop,Citadel,Castellan Green,,Privateer Press,P3,Boreal Green,,Dakka Chart Equivalency,,Medium,738184066-Paint-Range-Compatibility-Chart-Articles-DakkaDakka-Instinctive-behavior-m.txt,Parsed from Dakka paint compatibility chart; hex is approximate.,455440
Games Workshop,Citadel,Castellan Green,,Coat D'arms,,Matt,,Dakka Chart Equivalency,,Medium,738184066-Paint-Range-Compatibility-Chart-Articles-DakkaDakka-Instinctive-behavior-m.txt,Parsed from Dakka paint compatibility chart; hex is approximate.,455440
Games Workshop,Citadel,Castellan Green,,Army Painter,,Fury Green,,Dakka Chart Equivalency,,Medium,738184066-Paint-Range-Compatibility-Chart-Articles-DakkaDakka-Instinctive-behavior-m.txt,Parsed from Dakka paint compatibility chart; hex is approximate.,455440
Games Workshop,Citadel,Waaagh! Flesh,,Games Workshop,Old Citadel,Orkhide Shade 1,,Dakka Chart Equivalency,,Medium,738184066-Paint-Range-Compatibility-Chart-Articles-DakkaDakka-Instinctive-behavior-m.txt,Parsed from Dakka paint compatibility chart; hex is approximate.,384E49
Games Workshop,Citadel,Waaagh! Flesh,,Vallejo,Game Color,Heavy Blackgreen,147,Dakka Chart Equivalency,,Medium,738184066-Paint-Range-Compatibility-Chart-Articles-DakkaDakka-Instinctive-behavior-m.txt,Parsed from Dakka paint compatibility chart; hex is approximate.,384E49
Games Workshop,Citadel,Waaagh! Flesh,,Vallejo,Model Color,Black Green,980,Dakka Chart Equivalency,,Medium,738184066-Paint-Range-Compatibility-Chart-Articles-DakkaDakka-Instinctive-behavior-m.txt,Parsed from Dakka paint compatibility chart; hex is approximate.,384E49
Games Workshop,Citadel,Waaagh! Flesh,,Rackham,,Jungle Moss,9082,Dakka Chart Equivalency,,Medium,738184066-Paint-Range-Compatibility-Chart-Articles-DakkaDakka-Instinctive-behavior-m.txt,Parsed from Dakka paint compatibility chart; hex is approximate.,384E49
Games Workshop,Citadel,Waaagh! Flesh,,Reaper,Master Series,Black,,Dakka Chart Equivalency,,Medium,738184066-Paint-Range-Compatibility-Chart-Articles-DakkaDakka-Instinctive-behavior-m.txt,Parsed from Dakka paint compatibility chart; hex is approximate.,384E49
Games Workshop,Citadel,Waaagh! Flesh,,Privateer Press,P3,Orc Hide,,Dakka Chart Equivalency,,Medium,738184066-Paint-Range-Compatibility-Chart-Articles-DakkaDakka-Instinctive-behavior-m.txt,Parsed from Dakka paint compatibility chart; hex is approximate.,384E49
Games Workshop,Citadel,Loren Forest,,Games Workshop,Old Citadel,Knarloc Green 1,,Dakka Chart Equivalency,,Medium,738184066-Paint-Range-Compatibility-Chart-Articles-DakkaDakka-Instinctive-behavior-m.txt,Parsed from Dakka paint compatibility chart; hex is approximate.,434F38
Games Workshop,Citadel,Loren Forest,,Vallejo,Game Color,Heavy Green,146,Dakka Chart Equivalency,,Medium,738184066-Paint-Range-Compatibility-Chart-Articles-DakkaDakka-Instinctive-behavior-m.txt,Parsed from Dakka paint compatibility chart; hex is approximate.,434F38
Games Workshop,Citadel,Loren Forest,,Vallejo,Model Color,Luftwaffe Ca. Green,,Dakka Chart Equivalency,,Medium,738184066-Paint-Range-Compatibility-Chart-Articles-DakkaDakka-Instinctive-behavior-m.txt,Parsed from Dakka paint compatibility chart; hex is approximate.,434F38
Games Workshop,Citadel,Loren Forest,,Rackham,,Olive Drab,9158,Dakka Chart Equivalency,,Medium,738184066-Paint-Range-Compatibility-Chart-Articles-DakkaDakka-Instinctive-behavior-m.txt,Parsed from Dakka paint compatibility chart; hex is approximate.,434F38
Games Workshop,Citadel,Loren Forest,,Reaper,Master Series,Army Green,WP1110,Dakka Chart Equivalency,,Medium,738184066-Paint-Range-Compatibility-Chart-Articles-DakkaDakka-Instinctive-behavior-m.txt,Parsed from Dakka paint compatibility chart; hex is approximate.,434F38
Games Workshop,Citadel,Loren Forest,,Privateer Press,P3,Gung-Ho,,Dakka Chart Equivalency,,Medium,738184066-Paint-Range-Compatibility-Chart-Articles-DakkaDakka-Instinctive-behavior-m.txt,Parsed from Dakka paint compatibility chart; hex is approximate.,434F38
Games Workshop,Citadel,Loren Forest,,Coat D'arms,,Green,,Dakka Chart Equivalency,,Medium,738184066-Paint-Range-Compatibility-Chart-Articles-DakkaDakka-Instinctive-behavior-m.txt,Parsed from Dakka paint compatibility chart; hex is approximate.,434F38
Games Workshop,Citadel,Deathworld Forest,,Games Workshop,Old Citadel,Gretchin Green 1,,Dakka Chart Equivalency,,Medium,738184066-Paint-Range-Compatibility-Chart-Articles-DakkaDakka-Instinctive-behavior-m.txt,Parsed from Dakka paint compatibility chart; hex is approximate.,5D6732
Games Workshop,Citadel,Deathworld Forest,,Vallejo,Game Color,Heavy Khaki,149,Dakka Chart Equivalency,,Medium,738184066-Paint-Range-Compatibility-Chart-Articles-DakkaDakka-Instinctive-behavior-m.txt,Parsed from Dakka paint compatibility chart; hex is approximate.,5D6732
Games Workshop,Citadel,Deathworld Forest,,Vallejo,Model Color,Russian Uniform,,Dakka Chart Equivalency,,Medium,738184066-Paint-Range-Compatibility-Chart-Articles-DakkaDakka-Instinctive-behavior-m.txt,Parsed from Dakka paint compatibility chart; hex is approximate.,5D6732
Games Workshop,Citadel,Deathworld Forest,,Rackham,,Green,,Dakka Chart Equivalency,,Medium,738184066-Paint-Range-Compatibility-Chart-Articles-DakkaDakka-Instinctive-behavior-m.txt,Parsed from Dakka paint compatibility chart; hex is approximate.,5D6732
Games Workshop,Citadel,Deathworld Forest,,Reaper,Master Series,IV-25,,Dakka Chart Equivalency,,Medium,738184066-Paint-Range-Compatibility-Chart-Articles-DakkaDakka-Instinctive-behavior-m.txt,Parsed from Dakka paint compatibility chart; hex is approximate.,5D6732
Games Workshop,Citadel,Deathworld Forest,,Privateer Press,P3,Worn Olive,9159,Dakka Chart Equivalency,,Medium,738184066-Paint-Range-Compatibility-Chart-Articles-DakkaDakka-Instinctive-behavior-m.txt,Parsed from Dakka paint compatibility chart; hex is approximate.,5D6732
Games Workshop,Citadel,Deathworld Forest,,Coat D'arms,,Venom Wyrm,WP1461,Dakka Chart Equivalency,,Medium,738184066-Paint-Range-Compatibility-Chart-Articles-DakkaDakka-Instinctive-behavior-m.txt,Parsed from Dakka paint compatibility chart; hex is approximate.,5D6732
Games Workshop,Citadel,Straken Green,,Games Workshop,Old Citadel,Green Beret,,Dakka Chart Equivalency,,Medium,738184066-Paint-Range-Compatibility-Chart-Articles-DakkaDakka-Instinctive-behavior-m.txt,Parsed from Dakka paint compatibility chart; hex is approximate.,628026
Games Workshop,Citadel,Nurgling Green,,Games Workshop,Old Citadel,Rotting Flesh 1,,Dakka Chart Equivalency,,Medium,738184066-Paint-Range-Compatibility-Chart-Articles-DakkaDakka-Instinctive-behavior-m.txt,Parsed from Dakka paint compatibility chart; hex is approximate.,849B63
Games Workshop,Citadel,Nurgling Green,,Vallejo,Game Color,Dead Flesh,035,Dakka Chart Equivalency,,Medium,738184066-Paint-Range-Compatibility-Chart-Articles-DakkaDakka-Instinctive-behavior-m.txt,Parsed from Dakka paint compatibility chart; hex is approximate.,849B63
Games Workshop,Citadel,Nurgling Green,,Vallejo,Model Color,Green sky,,Dakka Chart Equivalency,,Medium,738184066-Paint-Range-Compatibility-Chart-Articles-DakkaDakka-Instinctive-behavior-m.txt,Parsed from Dakka paint compatibility chart; hex is approximate.,849B63
Games Workshop,Citadel,Nurgling Green,,Rackham,,Pale Olive,9036,Dakka Chart Equivalency,,Medium,738184066-Paint-Range-Compatibility-Chart-Articles-DakkaDakka-Instinctive-behavior-m.txt,Parsed from Dakka paint compatibility chart; hex is approximate.,849B63
Games Workshop,Citadel,Nurgling Green,,Reaper,Master Series,Jack Bone,,Dakka Chart Equivalency,,Medium,738184066-Paint-Range-Compatibility-Chart-Articles-DakkaDakka-Instinctive-behavior-m.txt,Parsed from Dakka paint compatibility chart; hex is approximate.,849B63
Games Workshop,Citadel,Nurgling Green,,Privateer Press,P3,Putrid Green,,Dakka Chart Equivalency,,Medium,738184066-Paint-Range-Compatibility-Chart-Articles-DakkaDakka-Instinctive-behavior-m.txt,Parsed from Dakka paint compatibility chart; hex is approximate.,849B63
Games Workshop,Citadel,Nurgling Green,,Coat D'arms,,,125,Dakka Chart Equivalency,,Medium,738184066-Paint-Range-Compatibility-Chart-Articles-DakkaDakka-Instinctive-behavior-m.txt,Parsed from Dakka paint compatibility chart; hex is approximate.,849B63
Games Workshop,Citadel,Nurgling Green,,Army Painter,,Necrotic Flesh,,Dakka Chart Equivalency,,Medium,738184066-Paint-Range-Compatibility-Chart-Articles-DakkaDakka-Instinctive-behavior-m.txt,Parsed from Dakka paint compatibility chart; hex is approximate.,849B63
Games Workshop,Citadel,Ushabti Bone,,Games Workshop,Old Citadel,Bleached Bone 1,,Dakka Chart Equivalency,,Medium,738184066-Paint-Range-Compatibility-Chart-Articles-DakkaDakka-Instinctive-behavior-m.txt,Parsed from Dakka paint compatibility chart; hex is approximate.,EFD9A8
Games Workshop,Citadel,Ushabti Bone,,Vallejo,Game Color,Bonewhite,034,Dakka Chart Equivalency,,Medium,738184066-Paint-Range-Compatibility-Chart-Articles-DakkaDakka-Instinctive-behavior-m.txt,Parsed from Dakka paint compatibility chart; hex is approximate.,EFD9A8
Games Workshop,Citadel,Ushabti Bone,,Vallejo,Model Color,Buff,976,Dakka Chart Equivalency,,Medium,738184066-Paint-Range-Compatibility-Chart-Articles-DakkaDakka-Instinctive-behavior-m.txt,Parsed from Dakka paint compatibility chart; hex is approximate.,EFD9A8
Games Workshop,Citadel,Ushabti Bone,,Rackham,,IV-38 7,,Dakka Chart Equivalency,,Medium,738184066-Paint-Range-Compatibility-Chart-Articles-DakkaDakka-Instinctive-behavior-m.txt,Parsed from Dakka paint compatibility chart; hex is approximate.,EFD9A8
Games Workshop,Citadel,Ushabti Bone,,Reaper,Master Series,Wildcat Gray 2,,Dakka Chart Equivalency,,Medium,738184066-Paint-Range-Compatibility-Chart-Articles-DakkaDakka-Instinctive-behavior-m.txt,Parsed from Dakka paint compatibility chart; hex is approximate.,EFD9A8
Games Workshop,Citadel,Ushabti Bone,,Privateer Press,P3,,42,Dakka Chart Equivalency,,Medium,738184066-Paint-Range-Compatibility-Chart-Articles-DakkaDakka-Instinctive-behavior-m.txt,Parsed from Dakka paint compatibility chart; hex is approximate.,EFD9A8
Games Workshop,Citadel,Ushabti Bone,,Coat D'arms,,Yellowed Bone,9143,Dakka Chart Equivalency,,Medium,738184066-Paint-Range-Compatibility-Chart-Articles-DakkaDakka-Instinctive-behavior-m.txt,Parsed from Dakka paint compatibility chart; hex is approximate.,EFD9A8
Games Workshop,Citadel,Ushabti Bone,,Army Painter,,Menoth White,,Dakka Chart Equivalency,,Medium,738184066-Paint-Range-Compatibility-Chart-Articles-DakkaDakka-Instinctive-behavior-m.txt,Parsed from Dakka paint compatibility chart; hex is approximate.,EFD9A8
Games Workshop,Citadel,Ushabti Bone,,Scale75,,Base,,Dakka Chart Equivalency,,Medium,738184066-Paint-Range-Compatibility-Chart-Articles-DakkaDakka-Instinctive-behavior-m.txt,Parsed from Dakka paint compatibility chart; hex is approximate.,EFD9A8
Games Workshop,Citadel,Ushabti Bone,,Two Thin Coats,,Bone,112,Dakka Chart Equivalency,,Medium,738184066-Paint-Range-Compatibility-Chart-Articles-DakkaDakka-Instinctive-behavior-m.txt,Parsed from Dakka paint compatibility chart; hex is approximate.,EFD9A8
Games Workshop,Citadel,Zandri Dust,,Games Workshop,Old Citadel,Kommando,,Dakka Chart Equivalency,,Medium,738184066-Paint-Range-Compatibility-Chart-Articles-DakkaDakka-Instinctive-behavior-m.txt,Parsed from Dakka paint compatibility chart; hex is approximate.,9E915C
Games Workshop,Citadel,Zandri Dust,,Vallejo,Game Color,Khaki 1,,Dakka Chart Equivalency,,Medium,738184066-Paint-Range-Compatibility-Chart-Articles-DakkaDakka-Instinctive-behavior-m.txt,Parsed from Dakka paint compatibility chart; hex is approximate.,9E915C
Games Workshop,Citadel,Zandri Dust,,Vallejo,Model Color,Khaki,061,Dakka Chart Equivalency,,Medium,738184066-Paint-Range-Compatibility-Chart-Articles-DakkaDakka-Instinctive-behavior-m.txt,Parsed from Dakka paint compatibility chart; hex is approximate.,9E915C
Games Workshop,Citadel,Zandri Dust,,Rackham,,Brown,,Dakka Chart Equivalency,,Medium,738184066-Paint-Range-Compatibility-Chart-Articles-DakkaDakka-Instinctive-behavior-m.txt,Parsed from Dakka paint compatibility chart; hex is approximate.,9E915C
Games Workshop,Citadel,Zandri Dust,,Reaper,Master Series,Terran Khaki,9122,Dakka Chart Equivalency,,Medium,738184066-Paint-Range-Compatibility-Chart-Articles-DakkaDakka-Instinctive-behavior-m.txt,Parsed from Dakka paint compatibility chart; hex is approximate.,9E915C
Games Workshop,Citadel,Zandri Dust,,Privateer Press,P3,Thar Brown,,Dakka Chart Equivalency,,Medium,738184066-Paint-Range-Compatibility-Chart-Articles-DakkaDakka-Instinctive-behavior-m.txt,Parsed from Dakka paint compatibility chart; hex is approximate.,9E915C
Games Workshop,Citadel,Zandri Dust,,Coat D'arms,,Matt,,Dakka Chart Equivalency,,Medium,738184066-Paint-Range-Compatibility-Chart-Articles-DakkaDakka-Instinctive-behavior-m.txt,Parsed from Dakka paint compatibility chart; hex is approximate.,9E915C
Games Workshop,Citadel,Zandri Dust,,Army Painter,,Dragon Fang,,Dakka Chart Equivalency,,Medium,738184066-Paint-Range-Compatibility-Chart-Articles-DakkaDakka-Instinctive-behavior-m.txt,Parsed from Dakka paint compatibility chart; hex is approximate.,9E915C
Games Workshop,Citadel,Pallid Wych Flesh,,Games Workshop,Old Citadel,Ivory Tusk,,Dakka Chart Equivalency,,Medium,738184066-Paint-Range-Compatibility-Chart-Articles-DakkaDakka-Instinctive-behavior-m.txt,Parsed from Dakka paint compatibility chart; hex is approximate.,CDCEBE
Games Workshop,Citadel,26/03/2024 00:22,,Games Workshop,Old Citadel,Screaming Skull,,Dakka Chart Equivalency,,Medium,738184066-Paint-Range-Compatibility-Chart-Articles-DakkaDakka-Instinctive-behavior-m.txt,Parsed from Dakka paint compatibility chart; hex is approximate.,F0F1CE
Games Workshop,Citadel,26/03/2024 00:22,,Vallejo,Game Color,Ivory,918,Dakka Chart Equivalency,,Medium,738184066-Paint-Range-Compatibility-Chart-Articles-DakkaDakka-Instinctive-behavior-m.txt,Parsed from Dakka paint compatibility chart; hex is approximate.,F0F1CE
Games Workshop,Citadel,26/03/2024 00:22,,Vallejo,Model Color,Menoth White,,Dakka Chart Equivalency,,Medium,738184066-Paint-Range-Compatibility-Chart-Articles-DakkaDakka-Instinctive-behavior-m.txt,Parsed from Dakka paint compatibility chart; hex is approximate.,F0F1CE
Games Workshop,Citadel,26/03/2024 00:22,,Rackham,,Matt,,Dakka Chart Equivalency,,Medium,738184066-Paint-Range-Compatibility-Chart-Articles-DakkaDakka-Instinctive-behavior-m.txt,Parsed from Dakka paint compatibility chart; hex is approximate.,F0F1CE
Games Workshop,Citadel,26/03/2024 00:22,,Reaper,Master Series,Vampire Fang,,Dakka Chart Equivalency,,Medium,738184066-Paint-Range-Compatibility-Chart-Articles-DakkaDakka-Instinctive-behavior-m.txt,Parsed from Dakka paint compatibility chart; hex is approximate.,F0F1CE
Games Workshop,Citadel,Bronzed Flesh 1,,Games Workshop,Old Citadel,Bronze Flesh,036,Dakka Chart Equivalency,,Medium,738184066-Paint-Range-Compatibility-Chart-Articles-DakkaDakka-Instinctive-behavior-m.txt,Parsed from Dakka paint compatibility chart; hex is approximate.,F7944A
Games Workshop,Citadel,Bronzed Flesh 1,,Vallejo,Game Color,Dark Flesh,927,Dakka Chart Equivalency,,Medium,738184066-Paint-Range-Compatibility-Chart-Articles-DakkaDakka-Instinctive-behavior-m.txt,Parsed from Dakka paint compatibility chart; hex is approximate.,F7944A
Games Workshop,Citadel,Bronzed Flesh 1,,Vallejo,Model Color,Burnt Orange 2,9111,Dakka Chart Equivalency,,Medium,738184066-Paint-Range-Compatibility-Chart-Articles-DakkaDakka-Instinctive-behavior-m.txt,Parsed from Dakka paint compatibility chart; hex is approximate.,F7944A
Games Workshop,Citadel,Tau Light Ochre,,Games Workshop,Old Citadel,Vomit Brown 1,,Dakka Chart Equivalency,,Medium,738184066-Paint-Range-Compatibility-Chart-Articles-DakkaDakka-Instinctive-behavior-m.txt,Parsed from Dakka paint compatibility chart; hex is approximate.,DE9408
Games Workshop,Citadel,Tau Light Ochre,,Vallejo,Game Color,Filthy Brown,037,Dakka Chart Equivalency,,Medium,738184066-Paint-Range-Compatibility-Chart-Articles-DakkaDakka-Instinctive-behavior-m.txt,Parsed from Dakka paint compatibility chart; hex is approximate.,DE9408
Games Workshop,Citadel,Tau Light Ochre,,Vallejo,Model Color,Beige Red 2,,Dakka Chart Equivalency,,Medium,738184066-Paint-Range-Compatibility-Chart-Articles-DakkaDakka-Instinctive-behavior-m.txt,Parsed from Dakka paint compatibility chart; hex is approximate.,DE9408
Games Workshop,Citadel,Tau Light Ochre,,Rackham,,Tanned Skin,,Dakka Chart Equivalency,,Medium,738184066-Paint-Range-Compatibility-Chart-Articles-DakkaDakka-Instinctive-behavior-m.txt,Parsed from Dakka paint compatibility chart; hex is approximate.,DE9408
Games Workshop,Citadel,Tau Light Ochre,,Reaper,Master Series,,29,Dakka Chart Equivalency,,Medium,738184066-Paint-Range-Compatibility-Chart-Articles-DakkaDakka-Instinctive-behavior-m.txt,Parsed from Dakka paint compatibility chart; hex is approximate.,DE9408
Games Workshop,Citadel,Tau Light Ochre,,Privateer Press,P3,Tanned Leather,9031,Dakka Chart Equivalency,,Medium,738184066-Paint-Range-Compatibility-Chart-Articles-DakkaDakka-Instinctive-behavior-m.txt,Parsed from Dakka paint compatibility chart; hex is approximate.,DE9408
Games Workshop,Citadel,Tau Light Ochre,,Coat D'arms,,Rucksack Tan,,Dakka Chart Equivalency,,Medium,738184066-Paint-Range-Compatibility-Chart-Articles-DakkaDakka-Instinctive-behavior-m.txt,Parsed from Dakka paint compatibility chart; hex is approximate.,DE9408
Games Workshop,Citadel,Tau Light Ochre,,Army Painter,,Bilious Brown,,Dakka Chart Equivalency,,Medium,738184066-Paint-Range-Compatibility-Chart-Articles-DakkaDakka-Instinctive-behavior-m.txt,Parsed from Dakka paint compatibility chart; hex is approximate.,DE9408
Games Workshop,Citadel,Tau Light Ochre,,Scale75,,,130,Dakka Chart Equivalency,,Medium,738184066-Paint-Range-Compatibility-Chart-Articles-DakkaDakka-Instinctive-behavior-m.txt,Parsed from Dakka paint compatibility chart; hex is approximate.,DE9408
Games Workshop,Citadel,Tau Light Ochre,,Two Thin Coats,,Manticore,,Dakka Chart Equivalency,,Medium,738184066-Paint-Range-Compatibility-Chart-Articles-DakkaDakka-Instinctive-behavior-m.txt,Parsed from Dakka paint compatibility chart; hex is approximate.,DE9408
Games Workshop,Citadel,Ratskin Flesh,,Games Workshop,Old Citadel,Dwarf Flesh 1,,Dakka Chart Equivalency,,Medium,738184066-Paint-Range-Compatibility-Chart-Articles-DakkaDakka-Instinctive-behavior-m.txt,Parsed from Dakka paint compatibility chart; hex is approximate.,F78C5A
Games Workshop,Citadel,Ratskin Flesh,,Vallejo,Game Color,Dwarf Skin,041,Dakka Chart Equivalency,,Medium,738184066-Paint-Range-Compatibility-Chart-Articles-DakkaDakka-Instinctive-behavior-m.txt,Parsed from Dakka paint compatibility chart; hex is approximate.,F78C5A
Games Workshop,Citadel,Ratskin Flesh,,Vallejo,Model Color,Brown Sand,,Dakka Chart Equivalency,,Medium,738184066-Paint-Range-Compatibility-Chart-Articles-DakkaDakka-Instinctive-behavior-m.txt,Parsed from Dakka paint compatibility chart; hex is approximate.,F78C5A
Games Workshop,Citadel,Ratskin Flesh,,Rackham,,Rosy Skin,9068,Dakka Chart Equivalency,,Medium,738184066-Paint-Range-Compatibility-Chart-Articles-DakkaDakka-Instinctive-behavior-m.txt,Parsed from Dakka paint compatibility chart; hex is approximate.,F78C5A
Games Workshop,Citadel,Ratskin Flesh,,Reaper,Master Series,Dwarven Flesh,,Dakka Chart Equivalency,,Medium,738184066-Paint-Range-Compatibility-Chart-Articles-DakkaDakka-Instinctive-behavior-m.txt,Parsed from Dakka paint compatibility chart; hex is approximate.,F78C5A
Games Workshop,Citadel,Ratskin Flesh,,Privateer Press,P3,,124,Dakka Chart Equivalency,,Medium,738184066-Paint-Range-Compatibility-Chart-Articles-DakkaDakka-Instinctive-behavior-m.txt,Parsed from Dakka paint compatibility chart; hex is approximate.,F78C5A
Games Workshop,Citadel,Ratskin Flesh,,Coat D'arms,,Barbarian Flesh,WP1126,Dakka Chart Equivalency,,Medium,738184066-Paint-Range-Compatibility-Chart-Articles-DakkaDakka-Instinctive-behavior-m.txt,Parsed from Dakka paint compatibility chart; hex is approximate.,F78C5A
Games Workshop,Citadel,Bugman's Glow,,Games Workshop,Old Citadel,Tanned Flesh 1,,Dakka Chart Equivalency,,Medium,738184066-Paint-Range-Compatibility-Chart-Articles-DakkaDakka-Instinctive-behavior-m.txt,Parsed from Dakka paint compatibility chart; hex is approximate.,A95C3E
Games Workshop,Citadel,Bugman's Glow,,Vallejo,Game Color,Tan,066,Dakka Chart Equivalency,,Medium,738184066-Paint-Range-Compatibility-Chart-Articles-DakkaDakka-Instinctive-behavior-m.txt,Parsed from Dakka paint compatibility chart; hex is approximate.,A95C3E
Games Workshop,Citadel,Bugman's Glow,,Vallejo,Model Color,Sunburnt,,Dakka Chart Equivalency,,Medium,738184066-Paint-Range-Compatibility-Chart-Articles-DakkaDakka-Instinctive-behavior-m.txt,Parsed from Dakka paint compatibility chart; hex is approximate.,A95C3E
Games Workshop,Citadel,Bugman's Glow,,Rackham,,Khardic Flesh,,Dakka Chart Equivalency,,Medium,738184066-Paint-Range-Compatibility-Chart-Articles-DakkaDakka-Instinctive-behavior-m.txt,Parsed from Dakka paint compatibility chart; hex is approximate.,A95C3E
Games Workshop,Citadel,Bugman's Glow,,Reaper,Master Series,Tanned Flesh,WP1127,Dakka Chart Equivalency,,Medium,738184066-Paint-Range-Compatibility-Chart-Articles-DakkaDakka-Instinctive-behavior-m.txt,Parsed from Dakka paint compatibility chart; hex is approximate.,A95C3E
Games Workshop,Citadel,Bugman's Glow,,Privateer Press,P3,Kalahari,,Dakka Chart Equivalency,,Medium,738184066-Paint-Range-Compatibility-Chart-Articles-DakkaDakka-Instinctive-behavior-m.txt,Parsed from Dakka paint compatibility chart; hex is approximate.,A95C3E
Games Workshop,Citadel,Bugman's Glow,,Coat D'arms,,Orange Matt,,Dakka Chart Equivalency,,Medium,738184066-Paint-Range-Compatibility-Chart-Articles-DakkaDakka-Instinctive-behavior-m.txt,Parsed from Dakka paint compatibility chart; hex is approximate.,A95C3E
Games Workshop,Citadel,Bugman's Glow,,Army Painter,,Barbarian,,Dakka Chart Equivalency,,Medium,738184066-Paint-Range-Compatibility-Chart-Articles-DakkaDakka-Instinctive-behavior-m.txt,Parsed from Dakka paint compatibility chart; hex is approximate.,A95C3E
Games Workshop,Citadel,Bugman's Glow,,Scale75,,Brawn,,Dakka Chart Equivalency,,Medium,738184066-Paint-Range-Compatibility-Chart-Articles-DakkaDakka-Instinctive-behavior-m.txt,Parsed from Dakka paint compatibility chart; hex is approximate.,A95C3E
Games Workshop,Citadel,Leprous Brown 1,,Games Workshop,Old Citadel,Scrofulous Brown,038,Dakka Chart Equivalency,,Medium,738184066-Paint-Range-Compatibility-Chart-Articles-DakkaDakka-Instinctive-behavior-m.txt,Parsed from Dakka paint compatibility chart; hex is approximate.,D88E2D
Games Workshop,Citadel,Leprous Brown 1,,Vallejo,Game Color,Gold Brown,877,Dakka Chart Equivalency,,Medium,738184066-Paint-Range-Compatibility-Chart-Articles-DakkaDakka-Instinctive-behavior-m.txt,Parsed from Dakka paint compatibility chart; hex is approximate.,D88E2D
Games Workshop,Citadel,Leprous Brown 1,,Vallejo,Model Color,Saffron Sunset 2,9182,Dakka Chart Equivalency,,Medium,738184066-Paint-Range-Compatibility-Chart-Articles-DakkaDakka-Instinctive-behavior-m.txt,Parsed from Dakka paint compatibility chart; hex is approximate.,D88E2D
Games Workshop,Citadel,Zamesi Desert,,Games Workshop,Old Citadel,Bubonic Brown 1,,Dakka Chart Equivalency,,Medium,738184066-Paint-Range-Compatibility-Chart-Articles-DakkaDakka-Instinctive-behavior-m.txt,Parsed from Dakka paint compatibility chart; hex is approximate.,C68400
Games Workshop,Citadel,Zamesi Desert,,Vallejo,Game Color,Plague Brown,039,Dakka Chart Equivalency,,Medium,738184066-Paint-Range-Compatibility-Chart-Articles-DakkaDakka-Instinctive-behavior-m.txt,Parsed from Dakka paint compatibility chart; hex is approximate.,C68400
Games Workshop,Citadel,Zamesi Desert,,Vallejo,Model Color,Yellow Ochre,913,Dakka Chart Equivalency,,Medium,738184066-Paint-Range-Compatibility-Chart-Articles-DakkaDakka-Instinctive-behavior-m.txt,Parsed from Dakka paint compatibility chart; hex is approximate.,C68400
Games Workshop,Citadel,Zamesi Desert,,Rackham,,IV-32 7,,Dakka Chart Equivalency,,Medium,738184066-Paint-Range-Compatibility-Chart-Articles-DakkaDakka-Instinctive-behavior-m.txt,Parsed from Dakka paint compatibility chart; hex is approximate.,C68400
Games Workshop,Citadel,Zamesi Desert,,Reaper,Master Series,Forgotten,,Dakka Chart Equivalency,,Medium,738184066-Paint-Range-Compatibility-Chart-Articles-DakkaDakka-Instinctive-behavior-m.txt,Parsed from Dakka paint compatibility chart; hex is approximate.,C68400
Games Workshop,Citadel,Zamesi Desert,,Privateer Press,P3,Gold,25,Dakka Chart Equivalency,,Medium,738184066-Paint-Range-Compatibility-Chart-Articles-DakkaDakka-Instinctive-behavior-m.txt,Parsed from Dakka paint compatibility chart; hex is approximate.,C68400
Games Workshop,Citadel,Zamesi Desert,,Coat D'arms,,Palomino Gold,9074,Dakka Chart Equivalency,,Medium,738184066-Paint-Range-Compatibility-Chart-Articles-DakkaDakka-Instinctive-behavior-m.txt,Parsed from Dakka paint compatibility chart; hex is approximate.,C68400
Games Workshop,Citadel,Zamesi Desert,,Army Painter,,Moldy Ochre,,Dakka Chart Equivalency,,Medium,738184066-Paint-Range-Compatibility-Chart-Articles-DakkaDakka-Instinctive-behavior-m.txt,Parsed from Dakka paint compatibility chart; hex is approximate.,C68400
Games Workshop,Citadel,Zamesi Desert,,Scale75,,Festering,,Dakka Chart Equivalency,,Medium,738184066-Paint-Range-Compatibility-Chart-Articles-DakkaDakka-Instinctive-behavior-m.txt,Parsed from Dakka paint compatibility chart; hex is approximate.,C68400
Games Workshop,Citadel,Zamesi Desert,,Two Thin Coats,,Brown,126,Dakka Chart Equivalency,,Medium,738184066-Paint-Range-Compatibility-Chart-Articles-DakkaDakka-Instinctive-behavior-m.txt,Parsed from Dakka paint compatibility chart; hex is approximate.,C68400
Games Workshop,Citadel,Balor Brown,,Games Workshop,Old Citadel,Snakebite,,Dakka Chart Equivalency,,Medium,738184066-Paint-Range-Compatibility-Chart-Articles-DakkaDakka-Instinctive-behavior-m.txt,Parsed from Dakka paint compatibility chart; hex is approximate.,9C6B08
Games Workshop,Citadel,Balor Brown,,Vallejo,Game Color,Leather 1,,Dakka Chart Equivalency,,Medium,738184066-Paint-Range-Compatibility-Chart-Articles-DakkaDakka-Instinctive-behavior-m.txt,Parsed from Dakka paint compatibility chart; hex is approximate.,9C6B08
Games Workshop,Citadel,Balor Brown,,Vallejo,Model Color,Cobra Leather /Leather,,Dakka Chart Equivalency,,Medium,738184066-Paint-Range-Compatibility-Chart-Articles-DakkaDakka-Instinctive-behavior-m.txt,Parsed from Dakka paint compatibility chart; hex is approximate.,9C6B08
Games Workshop,Citadel,Balor Brown,,Rackham,,IV-31 7,,Dakka Chart Equivalency,,Medium,738184066-Paint-Range-Compatibility-Chart-Articles-DakkaDakka-Instinctive-behavior-m.txt,Parsed from Dakka paint compatibility chart; hex is approximate.,9C6B08
Games Workshop,Citadel,Balor Brown,,Reaper,Master Series,Kalliene,,Dakka Chart Equivalency,,Medium,738184066-Paint-Range-Compatibility-Chart-Articles-DakkaDakka-Instinctive-behavior-m.txt,Parsed from Dakka paint compatibility chart; hex is approximate.,9C6B08
Games Workshop,Citadel,Balor Brown,,Privateer Press,P3,Yellow,23,Dakka Chart Equivalency,,Medium,738184066-Paint-Range-Compatibility-Chart-Articles-DakkaDakka-Instinctive-behavior-m.txt,Parsed from Dakka paint compatibility chart; hex is approximate.,9C6B08
Games Workshop,Citadel,Balor Brown,,Coat D'arms,,Chestnut Gold,9073,Dakka Chart Equivalency,,Medium,738184066-Paint-Range-Compatibility-Chart-Articles-DakkaDakka-Instinctive-behavior-m.txt,Parsed from Dakka paint compatibility chart; hex is approximate.,9C6B08
Games Workshop,Citadel,Balor Brown,,Army Painter,,Barbarian,,Dakka Chart Equivalency,,Medium,738184066-Paint-Range-Compatibility-Chart-Articles-DakkaDakka-Instinctive-behavior-m.txt,Parsed from Dakka paint compatibility chart; hex is approximate.,9C6B08
Games Workshop,Citadel,Balor Brown,,Scale75,,Leather 2,116,Dakka Chart Equivalency,,Medium,738184066-Paint-Range-Compatibility-Chart-Articles-DakkaDakka-Instinctive-behavior-m.txt,Parsed from Dakka paint compatibility chart; hex is approximate.,9C6B08
Games Workshop,Citadel,Balor Brown,,Games Workshop,Old Citadel,Tausept Ochre 1,,Dakka Chart Equivalency,,Medium,738184066-Paint-Range-Compatibility-Chart-Articles-DakkaDakka-Instinctive-behavior-m.txt,Parsed from Dakka paint compatibility chart; hex is approximate.,976F3C
Games Workshop,Citadel,Balor Brown,,Vallejo,Game Color,Heavy Ochre,150,Dakka Chart Equivalency,,Medium,738184066-Paint-Range-Compatibility-Chart-Articles-DakkaDakka-Instinctive-behavior-m.txt,Parsed from Dakka paint compatibility chart; hex is approximate.,976F3C
Games Workshop,Citadel,Balor Brown,,Vallejo,Model Color,Ochre Brown,856,Dakka Chart Equivalency,,Medium,738184066-Paint-Range-Compatibility-Chart-Articles-DakkaDakka-Instinctive-behavior-m.txt,Parsed from Dakka paint compatibility chart; hex is approximate.,976F3C
Games Workshop,Citadel,Skrag Brown,,Games Workshop,Old Citadel,Vermin Brown 1,,Dakka Chart Equivalency,,Medium,738184066-Paint-Range-Compatibility-Chart-Articles-DakkaDakka-Instinctive-behavior-m.txt,Parsed from Dakka paint compatibility chart; hex is approximate.,843910
Games Workshop,Citadel,Skrag Brown,,Vallejo,Game Color,Parasite Brown,042,Dakka Chart Equivalency,,Medium,738184066-Paint-Range-Compatibility-Chart-Articles-DakkaDakka-Instinctive-behavior-m.txt,Parsed from Dakka paint compatibility chart; hex is approximate.,843910
Games Workshop,Citadel,Skrag Brown,,Vallejo,Model Color,Orange Brown,981,Dakka Chart Equivalency,,Medium,738184066-Paint-Range-Compatibility-Chart-Articles-DakkaDakka-Instinctive-behavior-m.txt,Parsed from Dakka paint compatibility chart; hex is approximate.,843910
Games Workshop,Citadel,Skrag Brown,,Rackham,,,24,Dakka Chart Equivalency,,Medium,738184066-Paint-Range-Compatibility-Chart-Articles-DakkaDakka-Instinctive-behavior-m.txt,Parsed from Dakka paint compatibility chart; hex is approximate.,843910
Games Workshop,Citadel,Skrag Brown,,Reaper,Master Series,Chestnut Brown 2,9071,Dakka Chart Equivalency,,Medium,738184066-Paint-Range-Compatibility-Chart-Articles-DakkaDakka-Instinctive-behavior-m.txt,Parsed from Dakka paint compatibility chart; hex is approximate.,843910
Games Workshop,Citadel,Skrag Brown,,Privateer Press,P3,Rat Brown,119,Dakka Chart Equivalency,,Medium,738184066-Paint-Range-Compatibility-Chart-Articles-DakkaDakka-Instinctive-behavior-m.txt,Parsed from Dakka paint compatibility chart; hex is approximate.,843910
Games Workshop,Citadel,Skrag Brown,,Coat D'arms,,Mars Orange,,Dakka Chart Equivalency,,Medium,738184066-Paint-Range-Compatibility-Chart-Articles-DakkaDakka-Instinctive-behavior-m.txt,Parsed from Dakka paint compatibility chart; hex is approximate.,843910
Games Workshop,Citadel,Skrag Brown,,Army Painter,,Matt,,Dakka Chart Equivalency,,Medium,738184066-Paint-Range-Compatibility-Chart-Articles-DakkaDakka-Instinctive-behavior-m.txt,Parsed from Dakka paint compatibility chart; hex is approximate.,843910
Games Workshop,Citadel,Skrag Brown,,Scale75,,Dry Rust,,Dakka Chart Equivalency,,Medium,738184066-Paint-Range-Compatibility-Chart-Articles-DakkaDakka-Instinctive-behavior-m.txt,Parsed from Dakka paint compatibility chart; hex is approximate.,843910
Games Workshop,Citadel,Skrag Brown,,Two Thin Coats,,Brown,,Dakka Chart Equivalency,,Medium,738184066-Paint-Range-Compatibility-Chart-Articles-DakkaDakka-Instinctive-behavior-m.txt,Parsed from Dakka paint compatibility chart; hex is approximate.,843910
Games Workshop,Citadel,Rhinox Hide,,Games Workshop,Old Citadel,Scorched Brown,,Dakka Chart Equivalency,,Medium,738184066-Paint-Range-Compatibility-Chart-Articles-DakkaDakka-Instinctive-behavior-m.txt,Parsed from Dakka paint compatibility chart; hex is approximate.,390008
Games Workshop,Citadel,Rhinox Hide,,Vallejo,Game Color,1,,Dakka Chart Equivalency,,Medium,738184066-Paint-Range-Compatibility-Chart-Articles-DakkaDakka-Instinctive-behavior-m.txt,Parsed from Dakka paint compatibility chart; hex is approximate.,390008
Games Workshop,Citadel,Rhinox Hide,,Vallejo,Model Color,Charred Brown,045,Dakka Chart Equivalency,,Medium,738184066-Paint-Range-Compatibility-Chart-Articles-DakkaDakka-Instinctive-behavior-m.txt,Parsed from Dakka paint compatibility chart; hex is approximate.,390008
Games Workshop,Citadel,Rhinox Hide,,Rackham,,Brown,,Dakka Chart Equivalency,,Medium,738184066-Paint-Range-Compatibility-Chart-Articles-DakkaDakka-Instinctive-behavior-m.txt,Parsed from Dakka paint compatibility chart; hex is approximate.,390008
Games Workshop,Citadel,Rhinox Hide,,Reaper,Master Series,IV-37 7,,Dakka Chart Equivalency,,Medium,738184066-Paint-Range-Compatibility-Chart-Articles-DakkaDakka-Instinctive-behavior-m.txt,Parsed from Dakka paint compatibility chart; hex is approximate.,390008
Games Workshop,Citadel,Rhinox Hide,,Privateer Press,P3,Dirty Leather,,Dakka Chart Equivalency,,Medium,738184066-Paint-Range-Compatibility-Chart-Articles-DakkaDakka-Instinctive-behavior-m.txt,Parsed from Dakka paint compatibility chart; hex is approximate.,390008
Games Workshop,Citadel,Rhinox Hide,,Coat D'arms,,,20,Dakka Chart Equivalency,,Medium,738184066-Paint-Range-Compatibility-Chart-Articles-DakkaDakka-Instinctive-behavior-m.txt,Parsed from Dakka paint compatibility chart; hex is approximate.,390008
Games Workshop,Citadel,Rhinox Hide,,Army Painter,,Muddy Brown,9028,Dakka Chart Equivalency,,Medium,738184066-Paint-Range-Compatibility-Chart-Articles-DakkaDakka-Instinctive-behavior-m.txt,Parsed from Dakka paint compatibility chart; hex is approximate.,390008
Games Workshop,Citadel,Rhinox Hide,,Scale75,,Umbral,,Dakka Chart Equivalency,,Medium,738184066-Paint-Range-Compatibility-Chart-Articles-DakkaDakka-Instinctive-behavior-m.txt,Parsed from Dakka paint compatibility chart; hex is approximate.,390008
Games Workshop,Citadel,Rhinox Hide,,Two Thin Coats,,Umber2,,Dakka Chart Equivalency,,Medium,738184066-Paint-Range-Compatibility-Chart-Articles-DakkaDakka-Instinctive-behavior-m.txt,Parsed from Dakka paint compatibility chart; hex is approximate.,390008
Games Workshop,Citadel,Doombull Brown,,Games Workshop,Old Citadel,Dark Flesh 1,,Dakka Chart Equivalency,,Medium,738184066-Paint-Range-Compatibility-Chart-Articles-DakkaDakka-Instinctive-behavior-m.txt,Parsed from Dakka paint compatibility chart; hex is approximate.,630808
Games Workshop,Citadel,Doombull Brown,,Vallejo,Game Color,Dark Fleshtone,044,Dakka Chart Equivalency,,Medium,738184066-Paint-Range-Compatibility-Chart-Articles-DakkaDakka-Instinctive-behavior-m.txt,Parsed from Dakka paint compatibility chart; hex is approximate.,630808
Games Workshop,Citadel,Doombull Brown,,Vallejo,Model Color,Mahogany Brown,,Dakka Chart Equivalency,,Medium,738184066-Paint-Range-Compatibility-Chart-Articles-DakkaDakka-Instinctive-behavior-m.txt,Parsed from Dakka paint compatibility chart; hex is approximate.,630808
Games Workshop,Citadel,Doombull Brown,,Rackham,,,21,Dakka Chart Equivalency,,Medium,738184066-Paint-Range-Compatibility-Chart-Articles-DakkaDakka-Instinctive-behavior-m.txt,Parsed from Dakka paint compatibility chart; hex is approximate.,630808
Games Workshop,Citadel,Doombull Brown,,Reaper,Master Series,Chestnut Brown,9071,Dakka Chart Equivalency,,Medium,738184066-Paint-Range-Compatibility-Chart-Articles-DakkaDakka-Instinctive-behavior-m.txt,Parsed from Dakka paint compatibility chart; hex is approximate.,630808
Games Workshop,Citadel,Doombull Brown,,Privateer Press,P3,Boar Hide,,Dakka Chart Equivalency,,Medium,738184066-Paint-Range-Compatibility-Chart-Articles-DakkaDakka-Instinctive-behavior-m.txt,Parsed from Dakka paint compatibility chart; hex is approximate.,630808
Games Workshop,Citadel,Dryad Bark,,Games Workshop,Old Citadel,Oak Brown,,Dakka Chart Equivalency,,Medium,738184066-Paint-Range-Compatibility-Chart-Articles-DakkaDakka-Instinctive-behavior-m.txt,Parsed from Dakka paint compatibility chart; hex is approximate.,2B2A24
Games Workshop,Citadel,Dryad Bark,,Vallejo,Game Color,Scorched,,Dakka Chart Equivalency,,Medium,738184066-Paint-Range-Compatibility-Chart-Articles-DakkaDakka-Instinctive-behavior-m.txt,Parsed from Dakka paint compatibility chart; hex is approximate.,2B2A24
Games Workshop,Citadel,Dryad Bark,,Vallejo,Model Color,Earth,,Dakka Chart Equivalency,,Medium,738184066-Paint-Range-Compatibility-Chart-Articles-DakkaDakka-Instinctive-behavior-m.txt,Parsed from Dakka paint compatibility chart; hex is approximate.,2B2A24
Games Workshop,Citadel,Gorthor Brown,,Games Workshop,Old Citadel,Werewolf Fur,,Dakka Chart Equivalency,,Medium,738184066-Paint-Range-Compatibility-Chart-Articles-DakkaDakka-Instinctive-behavior-m.txt,Parsed from Dakka paint compatibility chart; hex is approximate.,5F463F
Games Workshop,Citadel,Gorthor Brown,,Vallejo,Game Color,Ancient,,Dakka Chart Equivalency,,Medium,738184066-Paint-Range-Compatibility-Chart-Articles-DakkaDakka-Instinctive-behavior-m.txt,Parsed from Dakka paint compatibility chart; hex is approximate.,5F463F
Games Workshop,Citadel,Gorthor Brown,,Vallejo,Model Color,Forest,,Dakka Chart Equivalency,,Medium,738184066-Paint-Range-Compatibility-Chart-Articles-DakkaDakka-Instinctive-behavior-m.txt,Parsed from Dakka paint compatibility chart; hex is approximate.,5F463F
Games Workshop,Citadel,Baneblade Brown,,Games Workshop,Old Citadel,Khemri Brown 1,,Dakka Chart Equivalency,,Medium,738184066-Paint-Range-Compatibility-Chart-Articles-DakkaDakka-Instinctive-behavior-m.txt,Parsed from Dakka paint compatibility chart; hex is approximate.,705E48
Games Workshop,Citadel,Baneblade Brown,,Vallejo,Game Color,Heavy Brown,153,Dakka Chart Equivalency,,Medium,738184066-Paint-Range-Compatibility-Chart-Articles-DakkaDakka-Instinctive-behavior-m.txt,Parsed from Dakka paint compatibility chart; hex is approximate.,705E48
Games Workshop,Citadel,Baneblade Brown,,Vallejo,Model Color,Green Brown,,Dakka Chart Equivalency,,Medium,738184066-Paint-Range-Compatibility-Chart-Articles-DakkaDakka-Instinctive-behavior-m.txt,Parsed from Dakka paint compatibility chart; hex is approximate.,705E48
Games Workshop,Citadel,Baneblade Brown,,Rackham,,Woodstain Brown,9160,Dakka Chart Equivalency,,Medium,738184066-Paint-Range-Compatibility-Chart-Articles-DakkaDakka-Instinctive-behavior-m.txt,Parsed from Dakka paint compatibility chart; hex is approximate.,705E48
Games Workshop,Citadel,Baneblade Brown,,Reaper,Master Series,Arabic,,Dakka Chart Equivalency,,Medium,738184066-Paint-Range-Compatibility-Chart-Articles-DakkaDakka-Instinctive-behavior-m.txt,Parsed from Dakka paint compatibility chart; hex is approximate.,705E48
Games Workshop,Citadel,Baneblade Brown,,Privateer Press,P3,Shadow Matt,,Dakka Chart Equivalency,,Medium,738184066-Paint-Range-Compatibility-Chart-Articles-DakkaDakka-Instinctive-behavior-m.txt,Parsed from Dakka paint compatibility chart; hex is approximate.,705E48
Games Workshop,Citadel,Baneblade Brown,,Coat D'arms,,Wasteland,,Dakka Chart Equivalency,,Medium,738184066-Paint-Range-Compatibility-Chart-Articles-DakkaDakka-Instinctive-behavior-m.txt,Parsed from Dakka paint compatibility chart; hex is approximate.,705E48
Games Workshop,Citadel,Baneblade Brown,,Army Painter,,Brown,,Dakka Chart Equivalency,,Medium,738184066-Paint-Range-Compatibility-Chart-Articles-DakkaDakka-Instinctive-behavior-m.txt,Parsed from Dakka paint compatibility chart; hex is approximate.,705E48
Games Workshop,Citadel,Mournfang Brown,,Games Workshop,Old Citadel,Bestial Brown 1,,Dakka Chart Equivalency,,Medium,738184066-Paint-Range-Compatibility-Chart-Articles-DakkaDakka-Instinctive-behavior-m.txt,Parsed from Dakka paint compatibility chart; hex is approximate.,663300
Games Workshop,Citadel,Mournfang Brown,,Vallejo,Game Color,Beasty Brown,043,Dakka Chart Equivalency,,Medium,738184066-Paint-Range-Compatibility-Chart-Articles-DakkaDakka-Instinctive-behavior-m.txt,Parsed from Dakka paint compatibility chart; hex is approximate.,663300
Games Workshop,Citadel,Mournfang Brown,,Vallejo,Model Color,Flat Brown,984,Dakka Chart Equivalency,,Medium,738184066-Paint-Range-Compatibility-Chart-Articles-DakkaDakka-Instinctive-behavior-m.txt,Parsed from Dakka paint compatibility chart; hex is approximate.,663300
Games Workshop,Citadel,Mournfang Brown,,Rackham,,Avagddu,22,Dakka Chart Equivalency,,Medium,738184066-Paint-Range-Compatibility-Chart-Articles-DakkaDakka-Instinctive-behavior-m.txt,Parsed from Dakka paint compatibility chart; hex is approximate.,663300
Games Workshop,Citadel,Mournfang Brown,,Reaper,Master Series,Intense Brown,9138,Dakka Chart Equivalency,,Medium,738184066-Paint-Range-Compatibility-Chart-Articles-DakkaDakka-Instinctive-behavior-m.txt,Parsed from Dakka paint compatibility chart; hex is approximate.,663300
Games Workshop,Citadel,Mournfang Brown,,Privateer Press,P3,Bloodtracker,,Dakka Chart Equivalency,,Medium,738184066-Paint-Range-Compatibility-Chart-Articles-DakkaDakka-Instinctive-behavior-m.txt,Parsed from Dakka paint compatibility chart; hex is approximate.,663300
Games Workshop,Citadel,Mournfang Brown,,Coat D'arms,,Brown,,Dakka Chart Equivalency,,Medium,738184066-Paint-Range-Compatibility-Chart-Articles-DakkaDakka-Instinctive-behavior-m.txt,Parsed from Dakka paint compatibility chart; hex is approximate.,663300
Games Workshop,Citadel,Mournfang Brown,,Army Painter,,Hairy Brown,,Dakka Chart Equivalency,,Medium,738184066-Paint-Range-Compatibility-Chart-Articles-DakkaDakka-Instinctive-behavior-m.txt,Parsed from Dakka paint compatibility chart; hex is approximate.,663300
Games Workshop,Citadel,Mournfang Brown,,Scale75,,,120,Dakka Chart Equivalency,,Medium,738184066-Paint-Range-Compatibility-Chart-Articles-DakkaDakka-Instinctive-behavior-m.txt,Parsed from Dakka paint compatibility chart; hex is approximate.,663300
Games Workshop,Citadel,Mournfang Brown,,Two Thin Coats,,Noble Steed,,Dakka Chart Equivalency,,Medium,738184066-Paint-Range-Compatibility-Chart-Articles-DakkaDakka-Instinctive-behavior-m.txt,Parsed from Dakka paint compatibility chart; hex is approximate.,663300
Games Workshop,Citadel,Mournfang Brown,,Games Workshop,Old Citadel,Calthan Brown 1,,Dakka Chart Equivalency,,Medium,738184066-Paint-Range-Compatibility-Chart-Articles-DakkaDakka-Instinctive-behavior-m.txt,Parsed from Dakka paint compatibility chart; hex is approximate.,6D5044
Games Workshop,Citadel,Mournfang Brown,,Vallejo,Game Color,Heavy Siena,154,Dakka Chart Equivalency,,Medium,738184066-Paint-Range-Compatibility-Chart-Articles-DakkaDakka-Instinctive-behavior-m.txt,Parsed from Dakka paint compatibility chart; hex is approximate.,6D5044
Games Workshop,Citadel,Mournfang Brown,,Vallejo,Model Color,Flat Brown,984,Dakka Chart Equivalency,,Medium,738184066-Paint-Range-Compatibility-Chart-Articles-DakkaDakka-Instinctive-behavior-m.txt,Parsed from Dakka paint compatibility chart; hex is approximate.,6D5044
Games Workshop,Citadel,Mournfang Brown,,Rackham,,Dark Highlight,9042,Dakka Chart Equivalency,,Medium,738184066-Paint-Range-Compatibility-Chart-Articles-DakkaDakka-Instinctive-behavior-m.txt,Parsed from Dakka paint compatibility chart; hex is approximate.,6D5044
Games Workshop,Citadel,XV-88,,Games Workshop,Old Citadel,Terracotta 1,,Dakka Chart Equivalency,,Medium,738184066-Paint-Range-Compatibility-Chart-Articles-DakkaDakka-Instinctive-behavior-m.txt,Parsed from Dakka paint compatibility chart; hex is approximate.,793721
Games Workshop,Citadel,XV-88,,Vallejo,Game Color,Terracotta,065,Dakka Chart Equivalency,,Medium,738184066-Paint-Range-Compatibility-Chart-Articles-DakkaDakka-Instinctive-behavior-m.txt,Parsed from Dakka paint compatibility chart; hex is approximate.,793721
Games Workshop,Citadel,XV-88,,Vallejo,Model Color,Sandstone,,Dakka Chart Equivalency,,Medium,738184066-Paint-Range-Compatibility-Chart-Articles-DakkaDakka-Instinctive-behavior-m.txt,Parsed from Dakka paint compatibility chart; hex is approximate.,793721
Games Workshop,Citadel,XV-88,,Rackham,,Gyzmo Fur,,Dakka Chart Equivalency,,Medium,738184066-Paint-Range-Compatibility-Chart-Articles-DakkaDakka-Instinctive-behavior-m.txt,Parsed from Dakka paint compatibility chart; hex is approximate.,793721
Games Workshop,Citadel,Steel Legion Drab,,Games Workshop,Old Citadel,Graveyard Earth,,Dakka Chart Equivalency,,Medium,738184066-Paint-Range-Compatibility-Chart-Articles-DakkaDakka-Instinctive-behavior-m.txt,Parsed from Dakka paint compatibility chart; hex is approximate.,655138
Games Workshop,Citadel,Steel Legion Drab,,Vallejo,Game Color,1,,Dakka Chart Equivalency,,Medium,738184066-Paint-Range-Compatibility-Chart-Articles-DakkaDakka-Instinctive-behavior-m.txt,Parsed from Dakka paint compatibility chart; hex is approximate.,655138
Games Workshop,Citadel,Steel Legion Drab,,Vallejo,Model Color,Earth,062,Dakka Chart Equivalency,,Medium,738184066-Paint-Range-Compatibility-Chart-Articles-DakkaDakka-Instinctive-behavior-m.txt,Parsed from Dakka paint compatibility chart; hex is approximate.,655138
Games Workshop,Citadel,Steel Legion Drab,,Rackham,,IV-36 7,,Dakka Chart Equivalency,,Medium,738184066-Paint-Range-Compatibility-Chart-Articles-DakkaDakka-Instinctive-behavior-m.txt,Parsed from Dakka paint compatibility chart; hex is approximate.,655138
Games Workshop,Citadel,Steel Legion Drab,,Reaper,Master Series,Uniform Brown,9127,Dakka Chart Equivalency,,Medium,738184066-Paint-Range-Compatibility-Chart-Articles-DakkaDakka-Instinctive-behavior-m.txt,Parsed from Dakka paint compatibility chart; hex is approximate.,655138
Games Workshop,Citadel,Steel Legion Drab,,Privateer Press,P3,Gun Corps,,Dakka Chart Equivalency,,Medium,738184066-Paint-Range-Compatibility-Chart-Articles-DakkaDakka-Instinctive-behavior-m.txt,Parsed from Dakka paint compatibility chart; hex is approximate.,655138
Games Workshop,Citadel,Steel Legion Drab,,Coat D'arms,,Brown,,Dakka Chart Equivalency,,Medium,738184066-Paint-Range-Compatibility-Chart-Articles-DakkaDakka-Instinctive-behavior-m.txt,Parsed from Dakka paint compatibility chart; hex is approximate.,655138
Games Workshop,Citadel,Steel Legion Drab,,Army Painter,,Leather Brown,WP1123,Dakka Chart Equivalency,,Medium,738184066-Paint-Range-Compatibility-Chart-Articles-DakkaDakka-Instinctive-behavior-m.txt,Parsed from Dakka paint compatibility chart; hex is approximate.,655138
Games Workshop,Citadel,Steel Legion Drab,,Scale75,,Gobi Brown,,Dakka Chart Equivalency,,Medium,738184066-Paint-Range-Compatibility-Chart-Articles-DakkaDakka-Instinctive-behavior-m.txt,Parsed from Dakka paint compatibility chart; hex is approximate.,655138
Games Workshop,Citadel,Steel Legion Drab,,Two Thin Coats,,Matt,,Dakka Chart Equivalency,,Medium,738184066-Paint-Range-Compatibility-Chart-Articles-DakkaDakka-Instinctive-behavior-m.txt,Parsed from Dakka paint compatibility chart; hex is approximate.,655138
Games Workshop,Citadel,Karak Stone,,Games Workshop,Old Citadel,Kommando,,Dakka Chart Equivalency,,Medium,738184066-Paint-Range-Compatibility-Chart-Articles-DakkaDakka-Instinctive-behavior-m.txt,Parsed from Dakka paint compatibility chart; hex is approximate.,9B8C7B
Games Workshop,Citadel,Karak Stone,,Vallejo,Game Color,Khaki 1,,Dakka Chart Equivalency,,Medium,738184066-Paint-Range-Compatibility-Chart-Articles-DakkaDakka-Instinctive-behavior-m.txt,Parsed from Dakka paint compatibility chart; hex is approximate.,9B8C7B
Games Workshop,Citadel,Karak Stone,,Vallejo,Model Color,Khaki,061,Dakka Chart Equivalency,,Medium,738184066-Paint-Range-Compatibility-Chart-Articles-DakkaDakka-Instinctive-behavior-m.txt,Parsed from Dakka paint compatibility chart; hex is approximate.,9B8C7B
Games Workshop,Citadel,Karak Stone,,Rackham,,Dirt Brown,,Dakka Chart Equivalency,,Medium,738184066-Paint-Range-Compatibility-Chart-Articles-DakkaDakka-Instinctive-behavior-m.txt,Parsed from Dakka paint compatibility chart; hex is approximate.,9B8C7B
Games Workshop,Citadel,Karak Stone,,Reaper,Master Series,Terran Khaki,9122,Dakka Chart Equivalency,,Medium,738184066-Paint-Range-Compatibility-Chart-Articles-DakkaDakka-Instinctive-behavior-m.txt,Parsed from Dakka paint compatibility chart; hex is approximate.,9B8C7B
Games Workshop,Citadel,Karak Stone,,Privateer Press,P3,Hammerfall,,Dakka Chart Equivalency,,Medium,738184066-Paint-Range-Compatibility-Chart-Articles-DakkaDakka-Instinctive-behavior-m.txt,Parsed from Dakka paint compatibility chart; hex is approximate.,9B8C7B
Games Workshop,Citadel,Karak Stone,,Coat D'arms,,Khaki,,Dakka Chart Equivalency,,Medium,738184066-Paint-Range-Compatibility-Chart-Articles-DakkaDakka-Instinctive-behavior-m.txt,Parsed from Dakka paint compatibility chart; hex is approximate.,9B8C7B
Games Workshop,Citadel,Karak Stone,,Army Painter,,Horse Tone,,Dakka Chart Equivalency,,Medium,738184066-Paint-Range-Compatibility-Chart-Articles-DakkaDakka-Instinctive-behavior-m.txt,Parsed from Dakka paint compatibility chart; hex is approximate.,9B8C7B
Games Workshop,Citadel,Karak Stone,,Scale75,,Roan,222,Dakka Chart Equivalency,,Medium,738184066-Paint-Range-Compatibility-Chart-Articles-DakkaDakka-Instinctive-behavior-m.txt,Parsed from Dakka paint compatibility chart; hex is approximate.,9B8C7B
Games Workshop,Citadel,Karak Stone,,Two Thin Coats,,Temple Stone,,Dakka Chart Equivalency,,Medium,738184066-Paint-Range-Compatibility-Chart-Articles-DakkaDakka-Instinctive-behavior-m.txt,Parsed from Dakka paint compatibility chart; hex is approximate.,9B8C7B
Games Workshop,Citadel,Ulthuan grey,,Games Workshop,Old Citadel,Ghostly Grey 1,,Dakka Chart Equivalency,,Medium,738184066-Paint-Range-Compatibility-Chart-Articles-DakkaDakka-Instinctive-behavior-m.txt,Parsed from Dakka paint compatibility chart; hex is approximate.,C3C6CD
Games Workshop,Citadel,Ulthuan grey,,Vallejo,Game Color,Ghost Grey,046,Dakka Chart Equivalency,,Medium,738184066-Paint-Range-Compatibility-Chart-Articles-DakkaDakka-Instinctive-behavior-m.txt,Parsed from Dakka paint compatibility chart; hex is approximate.,C3C6CD
Games Workshop,Citadel,Ulthuan grey,,Vallejo,Model Color,Flat Aluminum,993,Dakka Chart Equivalency,,Medium,738184066-Paint-Range-Compatibility-Chart-Articles-DakkaDakka-Instinctive-behavior-m.txt,Parsed from Dakka paint compatibility chart; hex is approximate.,C3C6CD
Games Workshop,Citadel,Fenrisian Grey,,Games Workshop,Old Citadel,Space Wolves,,Dakka Chart Equivalency,,Medium,738184066-Paint-Range-Compatibility-Chart-Articles-DakkaDakka-Instinctive-behavior-m.txt,Parsed from Dakka paint compatibility chart; hex is approximate.,CEDEE7
Games Workshop,Citadel,Fenrisian Grey,,Vallejo,Game Color,Grey 1,,Dakka Chart Equivalency,,Medium,738184066-Paint-Range-Compatibility-Chart-Articles-DakkaDakka-Instinctive-behavior-m.txt,Parsed from Dakka paint compatibility chart; hex is approximate.,CEDEE7
Games Workshop,Citadel,Fenrisian Grey,,Vallejo,Model Color,Wolf Grey,047,Dakka Chart Equivalency,,Medium,738184066-Paint-Range-Compatibility-Chart-Articles-DakkaDakka-Instinctive-behavior-m.txt,Parsed from Dakka paint compatibility chart; hex is approximate.,CEDEE7
Games Workshop,Citadel,Fenrisian Grey,,Rackham,,IV-05 7,,Dakka Chart Equivalency,,Medium,738184066-Paint-Range-Compatibility-Chart-Articles-DakkaDakka-Instinctive-behavior-m.txt,Parsed from Dakka paint compatibility chart; hex is approximate.,CEDEE7
Games Workshop,Citadel,Fenrisian Grey,,Reaper,Master Series,Snow Shadow,9021,Dakka Chart Equivalency,,Medium,738184066-Paint-Range-Compatibility-Chart-Articles-DakkaDakka-Instinctive-behavior-m.txt,Parsed from Dakka paint compatibility chart; hex is approximate.,CEDEE7
Games Workshop,Citadel,Fenrisian Grey,,Privateer Press,P3,Frostbite,,Dakka Chart Equivalency,,Medium,738184066-Paint-Range-Compatibility-Chart-Articles-DakkaDakka-Instinctive-behavior-m.txt,Parsed from Dakka paint compatibility chart; hex is approximate.,CEDEE7
Games Workshop,Citadel,Fenrisian Grey,,Coat D'arms,,Lupin Grey,,Dakka Chart Equivalency,,Medium,738184066-Paint-Range-Compatibility-Chart-Articles-DakkaDakka-Instinctive-behavior-m.txt,Parsed from Dakka paint compatibility chart; hex is approximate.,CEDEE7
Games Workshop,Citadel,Fenrisian Grey,,Army Painter,,,151,Dakka Chart Equivalency,,Medium,738184066-Paint-Range-Compatibility-Chart-Articles-DakkaDakka-Instinctive-behavior-m.txt,Parsed from Dakka paint compatibility chart; hex is approximate.,CEDEE7
Games Workshop,Citadel,Fenrisian Grey,,Scale75,,Bering Blue,,Dakka Chart Equivalency,,Medium,738184066-Paint-Range-Compatibility-Chart-Articles-DakkaDakka-Instinctive-behavior-m.txt,Parsed from Dakka paint compatibility chart; hex is approximate.,CEDEE7
Games Workshop,Citadel,Fenrisian Grey,,Two Thin Coats,,Matt,,Dakka Chart Equivalency,,Medium,738184066-Paint-Range-Compatibility-Chart-Articles-DakkaDakka-Instinctive-behavior-m.txt,Parsed from Dakka paint compatibility chart; hex is approximate.,CEDEE7
Games Workshop,Citadel,The Fang,,Games Workshop,Old Citadel,Shadow Grey 1,,Dakka Chart Equivalency,,Medium,738184066-Paint-Range-Compatibility-Chart-Articles-DakkaDakka-Instinctive-behavior-m.txt,Parsed from Dakka paint compatibility chart; hex is approximate.,4E5067
Games Workshop,Citadel,The Fang,,Vallejo,Game Color,Sombre Grey,048,Dakka Chart Equivalency,,Medium,738184066-Paint-Range-Compatibility-Chart-Articles-DakkaDakka-Instinctive-behavior-m.txt,Parsed from Dakka paint compatibility chart; hex is approximate.,4E5067
Games Workshop,Citadel,The Fang,,Vallejo,Model Color,Oxford Blue,807,Dakka Chart Equivalency,,Medium,738184066-Paint-Range-Compatibility-Chart-Articles-DakkaDakka-Instinctive-behavior-m.txt,Parsed from Dakka paint compatibility chart; hex is approximate.,4E5067
Games Workshop,Citadel,The Fang,,Rackham,,Twilight Blue,9020,Dakka Chart Equivalency,,Medium,738184066-Paint-Range-Compatibility-Chart-Articles-DakkaDakka-Instinctive-behavior-m.txt,Parsed from Dakka paint compatibility chart; hex is approximate.,4E5067
Games Workshop,Citadel,The Fang,,Reaper,Master Series,Shadow Grey,,Dakka Chart Equivalency,,Medium,738184066-Paint-Range-Compatibility-Chart-Articles-DakkaDakka-Instinctive-behavior-m.txt,Parsed from Dakka paint compatibility chart; hex is approximate.,4E5067
Games Workshop,Citadel,The Fang,,Privateer Press,P3,,150,Dakka Chart Equivalency,,Medium,738184066-Paint-Range-Compatibility-Chart-Articles-DakkaDakka-Instinctive-behavior-m.txt,Parsed from Dakka paint compatibility chart; hex is approximate.,4E5067
Games Workshop,Citadel,The Fang,,Coat D'arms,,Wolf Grey,WP1119,Dakka Chart Equivalency,,Medium,738184066-Paint-Range-Compatibility-Chart-Articles-DakkaDakka-Instinctive-behavior-m.txt,Parsed from Dakka paint compatibility chart; hex is approximate.,4E5067
Games Workshop,Citadel,The Fang,,Army Painter,,Cold Corpse,,Dakka Chart Equivalency,,Medium,738184066-Paint-Range-Compatibility-Chart-Articles-DakkaDakka-Instinctive-behavior-m.txt,Parsed from Dakka paint compatibility chart; hex is approximate.,4E5067
Games Workshop,Citadel,The Fang,,Scale75,,Blue,,Dakka Chart Equivalency,,Medium,738184066-Paint-Range-Compatibility-Chart-Articles-DakkaDakka-Instinctive-behavior-m.txt,Parsed from Dakka paint compatibility chart; hex is approximate.,4E5067
Games Workshop,Citadel,Administratum,,Games Workshop,Old Citadel,Grey,,Dakka Chart Equivalency,,Medium,738184066-Paint-Range-Compatibility-Chart-Articles-DakkaDakka-Instinctive-behavior-m.txt,Parsed from Dakka paint compatibility chart; hex is approximate.,B5B5B5
Games Workshop,Citadel,Administratum,,Vallejo,Game Color,Fortress Grey 1,,Dakka Chart Equivalency,,Medium,738184066-Paint-Range-Compatibility-Chart-Articles-DakkaDakka-Instinctive-behavior-m.txt,Parsed from Dakka paint compatibility chart; hex is approximate.,B5B5B5
Games Workshop,Citadel,Administratum,,Vallejo,Model Color,Stonewall Grey,049,Dakka Chart Equivalency,,Medium,738184066-Paint-Range-Compatibility-Chart-Articles-DakkaDakka-Instinctive-behavior-m.txt,Parsed from Dakka paint compatibility chart; hex is approximate.,B5B5B5
Games Workshop,Citadel,Administratum,,Rackham,,Sharp Gray,,Dakka Chart Equivalency,,Medium,738184066-Paint-Range-Compatibility-Chart-Articles-DakkaDakka-Instinctive-behavior-m.txt,Parsed from Dakka paint compatibility chart; hex is approximate.,B5B5B5
Games Workshop,Citadel,Administratum,,Reaper,Master Series,,43,Dakka Chart Equivalency,,Medium,738184066-Paint-Range-Compatibility-Chart-Articles-DakkaDakka-Instinctive-behavior-m.txt,Parsed from Dakka paint compatibility chart; hex is approximate.,B5B5B5
Games Workshop,Citadel,Administratum,,Privateer Press,P3,Weathered Stone,9087,Dakka Chart Equivalency,,Medium,738184066-Paint-Range-Compatibility-Chart-Articles-DakkaDakka-Instinctive-behavior-m.txt,Parsed from Dakka paint compatibility chart; hex is approximate.,B5B5B5
Games Workshop,Citadel,Administratum,,Coat D'arms,,Ash Grey,WP1117,Dakka Chart Equivalency,,Medium,738184066-Paint-Range-Compatibility-Chart-Articles-DakkaDakka-Instinctive-behavior-m.txt,Parsed from Dakka paint compatibility chart; hex is approximate.,B5B5B5
Games Workshop,Citadel,Administratum,,Army Painter,,Nacar Matt,,Dakka Chart Equivalency,,Medium,738184066-Paint-Range-Compatibility-Chart-Articles-DakkaDakka-Instinctive-behavior-m.txt,Parsed from Dakka paint compatibility chart; hex is approximate.,B5B5B5
Games Workshop,Citadel,Administratum,,Scale75,,Carcharodon,,Dakka Chart Equivalency,,Medium,738184066-Paint-Range-Compatibility-Chart-Articles-DakkaDakka-Instinctive-behavior-m.txt,Parsed from Dakka paint compatibility chart; hex is approximate.,B5B5B5
Games Workshop,Citadel,Administratum,,Two Thin Coats,,Grey,,Dakka Chart Equivalency,,Medium,738184066-Paint-Range-Compatibility-Chart-Articles-DakkaDakka-Instinctive-behavior-m.txt,Parsed from Dakka paint compatibility chart; hex is approximate.,B5B5B5
Games Workshop,Citadel,Dawnstone,,Games Workshop,Old Citadel,Cold Grey,050,Dakka Chart Equivalency,,Medium,738184066-Paint-Range-Compatibility-Chart-Articles-DakkaDakka-Instinctive-behavior-m.txt,Parsed from Dakka paint compatibility chart; hex is approximate.,999999
Games Workshop,Citadel,Dawnstone,,Vallejo,Game Color,Basalt Grey,869,Dakka Chart Equivalency,,Medium,738184066-Paint-Range-Compatibility-Chart-Articles-DakkaDakka-Instinctive-behavior-m.txt,Parsed from Dakka paint compatibility chart; hex is approximate.,999999
Games Workshop,Citadel,Dawnstone,,Vallejo,Model Color,Moon Grey,,Dakka Chart Equivalency,,Medium,738184066-Paint-Range-Compatibility-Chart-Articles-DakkaDakka-Instinctive-behavior-m.txt,Parsed from Dakka paint compatibility chart; hex is approximate.,999999
Games Workshop,Citadel,Dawnstone,,Rackham,,Rainy Grey,9038,Dakka Chart Equivalency,,Medium,738184066-Paint-Range-Compatibility-Chart-Articles-DakkaDakka-Instinctive-behavior-m.txt,Parsed from Dakka paint compatibility chart; hex is approximate.,999999
Games Workshop,Citadel,Dawnstone,,Reaper,Master Series,Uniform Grey,WP1118,Dakka Chart Equivalency,,Medium,738184066-Paint-Range-Compatibility-Chart-Articles-DakkaDakka-Instinctive-behavior-m.txt,Parsed from Dakka paint compatibility chart; hex is approximate.,999999
Games Workshop,Citadel,Dawnstone,,Privateer Press,P3,Artic Blue,,Dakka Chart Equivalency,,Medium,738184066-Paint-Range-Compatibility-Chart-Articles-DakkaDakka-Instinctive-behavior-m.txt,Parsed from Dakka paint compatibility chart; hex is approximate.,999999
Games Workshop,Citadel,Dawnstone,,Coat D'arms,,Matt,,Dakka Chart Equivalency,,Medium,738184066-Paint-Range-Compatibility-Chart-Articles-DakkaDakka-Instinctive-behavior-m.txt,Parsed from Dakka paint compatibility chart; hex is approximate.,999999
Games Workshop,Citadel,Dawnstone,,Army Painter,,Wizard Grey,,Dakka Chart Equivalency,,Medium,738184066-Paint-Range-Compatibility-Chart-Articles-DakkaDakka-Instinctive-behavior-m.txt,Parsed from Dakka paint compatibility chart; hex is approximate.,999999
Games Workshop,Citadel,Mechanicus,,Games Workshop,Old Citadel,Standard Grey,,Dakka Chart Equivalency,,Medium,738184066-Paint-Range-Compatibility-Chart-Articles-DakkaDakka-Instinctive-behavior-m.txt,Parsed from Dakka paint compatibility chart; hex is approximate.,7C8286
Games Workshop,Citadel,Mechanicus,,Vallejo,Game Color,Adeptus,,Dakka Chart Equivalency,,Medium,738184066-Paint-Range-Compatibility-Chart-Articles-DakkaDakka-Instinctive-behavior-m.txt,Parsed from Dakka paint compatibility chart; hex is approximate.,7C8286
Games Workshop,Citadel,Mechanicus,,Vallejo,Model Color,Battlegrey 1,,Dakka Chart Equivalency,,Medium,738184066-Paint-Range-Compatibility-Chart-Articles-DakkaDakka-Instinctive-behavior-m.txt,Parsed from Dakka paint compatibility chart; hex is approximate.,7C8286
Games Workshop,Citadel,Mechanicus,,Rackham,,Steel Grey,,Dakka Chart Equivalency,,Medium,738184066-Paint-Range-Compatibility-Chart-Articles-DakkaDakka-Instinctive-behavior-m.txt,Parsed from Dakka paint compatibility chart; hex is approximate.,7C8286
Games Workshop,Citadel,Mechanicus,,Reaper,Master Series,IV-18,,Dakka Chart Equivalency,,Medium,738184066-Paint-Range-Compatibility-Chart-Articles-DakkaDakka-Instinctive-behavior-m.txt,Parsed from Dakka paint compatibility chart; hex is approximate.,7C8286
Games Workshop,Citadel,Mechanicus,,Privateer Press,P3,Military Green 2,,Dakka Chart Equivalency,,Medium,738184066-Paint-Range-Compatibility-Chart-Articles-DakkaDakka-Instinctive-behavior-m.txt,Parsed from Dakka paint compatibility chart; hex is approximate.,7C8286
Games Workshop,Citadel,Mechanicus,,Coat D'arms,,Great Coat,,Dakka Chart Equivalency,,Medium,738184066-Paint-Range-Compatibility-Chart-Articles-DakkaDakka-Instinctive-behavior-m.txt,Parsed from Dakka paint compatibility chart; hex is approximate.,7C8286
Games Workshop,Citadel,Mechanicus,,Army Painter,,Grey,,Dakka Chart Equivalency,,Medium,738184066-Paint-Range-Compatibility-Chart-Articles-DakkaDakka-Instinctive-behavior-m.txt,Parsed from Dakka paint compatibility chart; hex is approximate.,7C8286
Games Workshop,Citadel,Mechanicus,,Scale75,,Dungeon,,Dakka Chart Equivalency,,Medium,738184066-Paint-Range-Compatibility-Chart-Articles-DakkaDakka-Instinctive-behavior-m.txt,Parsed from Dakka paint compatibility chart; hex is approximate.,7C8286
Games Workshop,Citadel,Mechanicus,,Two Thin Coats,,Stone Grey,,Dakka Chart Equivalency,,Medium,738184066-Paint-Range-Compatibility-Chart-Articles-DakkaDakka-Instinctive-behavior-m.txt,Parsed from Dakka paint compatibility chart; hex is approximate.,7C8286
Games Workshop,Citadel,Celestra Grey,,Games Workshop,Old Citadel,Astronomicon,,Dakka Chart Equivalency,,Medium,738184066-Paint-Range-Compatibility-Chart-Articles-DakkaDakka-Instinctive-behavior-m.txt,Parsed from Dakka paint compatibility chart; hex is approximate.,96A5A9
Games Workshop,Citadel,Celestra Grey,,Vallejo,Game Color,Grey 1,,Dakka Chart Equivalency,,Medium,738184066-Paint-Range-Compatibility-Chart-Articles-DakkaDakka-Instinctive-behavior-m.txt,Parsed from Dakka paint compatibility chart; hex is approximate.,96A5A9
Games Workshop,Citadel,Celestra Grey,,Vallejo,Model Color,Heavy Bluegrey,144,Dakka Chart Equivalency,,Medium,738184066-Paint-Range-Compatibility-Chart-Articles-DakkaDakka-Instinctive-behavior-m.txt,Parsed from Dakka paint compatibility chart; hex is approximate.,96A5A9
Games Workshop,Citadel,Celestra Grey,,Rackham,,IV-24,,Dakka Chart Equivalency,,Medium,738184066-Paint-Range-Compatibility-Chart-Articles-DakkaDakka-Instinctive-behavior-m.txt,Parsed from Dakka paint compatibility chart; hex is approximate.,96A5A9
Games Workshop,Citadel,Celestra Grey,,Reaper,Master Series,Weathered Stone,9087,Dakka Chart Equivalency,,Medium,738184066-Paint-Range-Compatibility-Chart-Articles-DakkaDakka-Instinctive-behavior-m.txt,Parsed from Dakka paint compatibility chart; hex is approximate.,96A5A9
Games Workshop,Citadel,Celestra Grey,,Privateer Press,P3,Underbelly,,Dakka Chart Equivalency,,Medium,738184066-Paint-Range-Compatibility-Chart-Articles-DakkaDakka-Instinctive-behavior-m.txt,Parsed from Dakka paint compatibility chart; hex is approximate.,96A5A9
Games Workshop,Citadel,Celestra Grey,,Coat D'arms,,Blue,,Dakka Chart Equivalency,,Medium,738184066-Paint-Range-Compatibility-Chart-Articles-DakkaDakka-Instinctive-behavior-m.txt,Parsed from Dakka paint compatibility chart; hex is approximate.,96A5A9
Games Workshop,Citadel,Abaddon Black,,Games Workshop,Old Citadel,Chaos Black 1,,Dakka Chart Equivalency,,Medium,738184066-Paint-Range-Compatibility-Chart-Articles-DakkaDakka-Instinctive-behavior-m.txt,Parsed from Dakka paint compatibility chart; hex is approximate.,000000
Games Workshop,Citadel,Abaddon Black,,Vallejo,Game Color,Chaos Black / Black,,Dakka Chart Equivalency,,Medium,738184066-Paint-Range-Compatibility-Chart-Articles-DakkaDakka-Instinctive-behavior-m.txt,Parsed from Dakka paint compatibility chart; hex is approximate.,000000
Games Workshop,Citadel,Abaddon Black,,Vallejo,Model Color,,051,Dakka Chart Equivalency,,Medium,738184066-Paint-Range-Compatibility-Chart-Articles-DakkaDakka-Instinctive-behavior-m.txt,Parsed from Dakka paint compatibility chart; hex is approximate.,000000
Games Workshop,Citadel,Abaddon Black,,Rackham,,Black,,Dakka Chart Equivalency,,Medium,738184066-Paint-Range-Compatibility-Chart-Articles-DakkaDakka-Instinctive-behavior-m.txt,Parsed from Dakka paint compatibility chart; hex is approximate.,000000
Games Workshop,Citadel,Abaddon Black,,Reaper,Master Series,Accursed,,Dakka Chart Equivalency,,Medium,738184066-Paint-Range-Compatibility-Chart-Articles-DakkaDakka-Instinctive-behavior-m.txt,Parsed from Dakka paint compatibility chart; hex is approximate.,000000
Games Workshop,Citadel,Abaddon Black,,Privateer Press,P3,Black,2,Dakka Chart Equivalency,,Medium,738184066-Paint-Range-Compatibility-Chart-Articles-DakkaDakka-Instinctive-behavior-m.txt,Parsed from Dakka paint compatibility chart; hex is approximate.,000000
Games Workshop,Citadel,Abaddon Black,,Coat D'arms,,Pure Black,9037,Dakka Chart Equivalency,,Medium,738184066-Paint-Range-Compatibility-Chart-Articles-DakkaDakka-Instinctive-behavior-m.txt,Parsed from Dakka paint compatibility chart; hex is approximate.,000000
Games Workshop,Citadel,Abaddon Black,,Army Painter,,Thamar Black,,Dakka Chart Equivalency,,Medium,738184066-Paint-Range-Compatibility-Chart-Articles-DakkaDakka-Instinctive-behavior-m.txt,Parsed from Dakka paint compatibility chart; hex is approximate.,000000
Games Workshop,Citadel,Abaddon Black,,Scale75,,Black,102,Dakka Chart Equivalency,,Medium,738184066-Paint-Range-Compatibility-Chart-Articles-DakkaDakka-Instinctive-behavior-m.txt,Parsed from Dakka paint compatibility chart; hex is approximate.,000000
Games Workshop,Citadel,Abaddon Black,,Two Thin Coats,,Matt Black,WP1101,Dakka Chart Equivalency,,Medium,738184066-Paint-Range-Compatibility-Chart-Articles-DakkaDakka-Instinctive-behavior-m.txt,Parsed from Dakka paint compatibility chart; hex is approximate.,000000
Games Workshop,Citadel,Corvus Black,,Games Workshop,Old Citadel,Necromancer Cloak,,Dakka Chart Equivalency,,Medium,738184066-Paint-Range-Compatibility-Chart-Articles-DakkaDakka-Instinctive-behavior-m.txt,Parsed from Dakka paint compatibility chart; hex is approximate.,171314
Games Workshop,Citadel,Corvus Black,,Vallejo,Game Color,Death Reaper,,Dakka Chart Equivalency,,Medium,738184066-Paint-Range-Compatibility-Chart-Articles-DakkaDakka-Instinctive-behavior-m.txt,Parsed from Dakka paint compatibility chart; hex is approximate.,171314
Games Workshop,Citadel,Runefang Steel,,Games Workshop,Old Citadel,Mithril Silver 1,,Dakka Chart Equivalency,,Medium,738184066-Paint-Range-Compatibility-Chart-Articles-DakkaDakka-Instinctive-behavior-m.txt,Parsed from Dakka paint compatibility chart; hex is approximate.,B5B5BD
Games Workshop,Citadel,Runefang Steel,,Vallejo,Game Color,Mithril Silver / Silver,,Dakka Chart Equivalency,,Medium,738184066-Paint-Range-Compatibility-Chart-Articles-DakkaDakka-Instinctive-behavior-m.txt,Parsed from Dakka paint compatibility chart; hex is approximate.,B5B5BD
Games Workshop,Citadel,Runefang Steel,,Vallejo,Model Color,,052,Dakka Chart Equivalency,,Medium,738184066-Paint-Range-Compatibility-Chart-Articles-DakkaDakka-Instinctive-behavior-m.txt,Parsed from Dakka paint compatibility chart; hex is approximate.,B5B5BD
Games Workshop,Citadel,Runefang Steel,,Rackham,,Silver,49,Dakka Chart Equivalency,,Medium,738184066-Paint-Range-Compatibility-Chart-Articles-DakkaDakka-Instinctive-behavior-m.txt,Parsed from Dakka paint compatibility chart; hex is approximate.,B5B5BD
Games Workshop,Citadel,Runefang Steel,,Reaper,Master Series,Polished Silver,9054,Dakka Chart Equivalency,,Medium,738184066-Paint-Range-Compatibility-Chart-Articles-DakkaDakka-Instinctive-behavior-m.txt,Parsed from Dakka paint compatibility chart; hex is approximate.,B5B5BD
Games Workshop,Citadel,Runefang Steel,,Privateer Press,P3,Quicksilver,,Dakka Chart Equivalency,,Medium,738184066-Paint-Range-Compatibility-Chart-Articles-DakkaDakka-Instinctive-behavior-m.txt,Parsed from Dakka paint compatibility chart; hex is approximate.,B5B5BD
Games Workshop,Citadel,Runefang Steel,,Coat D'arms,,Enchanted,,Dakka Chart Equivalency,,Medium,738184066-Paint-Range-Compatibility-Chart-Articles-DakkaDakka-Instinctive-behavior-m.txt,Parsed from Dakka paint compatibility chart; hex is approximate.,B5B5BD
Games Workshop,Citadel,Runefang Steel,,Army Painter,,Silver,106,Dakka Chart Equivalency,,Medium,738184066-Paint-Range-Compatibility-Chart-Articles-DakkaDakka-Instinctive-behavior-m.txt,Parsed from Dakka paint compatibility chart; hex is approximate.,B5B5BD
Games Workshop,Citadel,Runefang Steel,,Scale75,,Shining Silver,WP1129,Dakka Chart Equivalency,,Medium,738184066-Paint-Range-Compatibility-Chart-Articles-DakkaDakka-Instinctive-behavior-m.txt,Parsed from Dakka paint compatibility chart; hex is approximate.,B5B5BD
Games Workshop,Citadel,Polished,,Games Workshop,Old Citadel,26/03/2024 00:22,,Dakka Chart Equivalency,,Medium,738184066-Paint-Range-Compatibility-Chart-Articles-DakkaDakka-Instinctive-behavior-m.txt,Parsed from Dakka paint compatibility chart; hex is approximate.,7B737B
Games Workshop,Citadel,Polished,,Vallejo,Game Color,Ironbreaker,,Dakka Chart Equivalency,,Medium,738184066-Paint-Range-Compatibility-Chart-Articles-DakkaDakka-Instinctive-behavior-m.txt,Parsed from Dakka paint compatibility chart; hex is approximate.,7B737B
Games Workshop,Citadel,Polished,,Vallejo,Model Color,Chainmail 1,,Dakka Chart Equivalency,,Medium,738184066-Paint-Range-Compatibility-Chart-Articles-DakkaDakka-Instinctive-behavior-m.txt,Parsed from Dakka paint compatibility chart; hex is approximate.,7B737B
Games Workshop,Citadel,Polished,,Rackham,,Steel,,Dakka Chart Equivalency,,Medium,738184066-Paint-Range-Compatibility-Chart-Articles-DakkaDakka-Instinctive-behavior-m.txt,Parsed from Dakka paint compatibility chart; hex is approximate.,7B737B
Games Workshop,Citadel,Polished,,Reaper,Master Series,Honed Steel,9053,Dakka Chart Equivalency,,Medium,738184066-Paint-Range-Compatibility-Chart-Articles-DakkaDakka-Instinctive-behavior-m.txt,Parsed from Dakka paint compatibility chart; hex is approximate.,7B737B
Games Workshop,Citadel,Polished,,Privateer Press,P3,Cold steel,,Dakka Chart Equivalency,,Medium,738184066-Paint-Range-Compatibility-Chart-Articles-DakkaDakka-Instinctive-behavior-m.txt,Parsed from Dakka paint compatibility chart; hex is approximate.,7B737B
Games Workshop,Citadel,Polished,,Coat D'arms,,Chainmail,109,Dakka Chart Equivalency,,Medium,738184066-Paint-Range-Compatibility-Chart-Articles-DakkaDakka-Instinctive-behavior-m.txt,Parsed from Dakka paint compatibility chart; hex is approximate.,7B737B
Games Workshop,Citadel,Polished,,Army Painter,,Plate Mail Metal,WP1130,Dakka Chart Equivalency,,Medium,738184066-Paint-Range-Compatibility-Chart-Articles-DakkaDakka-Instinctive-behavior-m.txt,Parsed from Dakka paint compatibility chart; hex is approximate.,7B737B
Games Workshop,Citadel,Leadbelcher,,Games Workshop,Old Citadel,Boltgun Metal 1,,Dakka Chart Equivalency,,Medium,738184066-Paint-Range-Compatibility-Chart-Articles-DakkaDakka-Instinctive-behavior-m.txt,Parsed from Dakka paint compatibility chart; hex is approximate.,393939
Games Workshop,Citadel,Leadbelcher,,Vallejo,Game Color,Gunmetal / Gunmetal,,Dakka Chart Equivalency,,Medium,738184066-Paint-Range-Compatibility-Chart-Articles-DakkaDakka-Instinctive-behavior-m.txt,Parsed from Dakka paint compatibility chart; hex is approximate.,393939
Games Workshop,Citadel,Leadbelcher,,Vallejo,Model Color,Metal,054,Dakka Chart Equivalency,,Medium,738184066-Paint-Range-Compatibility-Chart-Articles-DakkaDakka-Instinctive-behavior-m.txt,Parsed from Dakka paint compatibility chart; hex is approximate.,393939
Games Workshop,Citadel,Leadbelcher,,Rackham,,Shadowed Steel,9052,Dakka Chart Equivalency,,Medium,738184066-Paint-Range-Compatibility-Chart-Articles-DakkaDakka-Instinctive-behavior-m.txt,Parsed from Dakka paint compatibility chart; hex is approximate.,393939
Games Workshop,Citadel,Leadbelcher,,Reaper,Master Series,Pig Iron,,Dakka Chart Equivalency,,Medium,738184066-Paint-Range-Compatibility-Chart-Articles-DakkaDakka-Instinctive-behavior-m.txt,Parsed from Dakka paint compatibility chart; hex is approximate.,393939
Games Workshop,Citadel,Leadbelcher,,Privateer Press,P3,Gun Metal,,Dakka Chart Equivalency,,Medium,738184066-Paint-Range-Compatibility-Chart-Articles-DakkaDakka-Instinctive-behavior-m.txt,Parsed from Dakka paint compatibility chart; hex is approximate.,393939
Games Workshop,Citadel,Leadbelcher,,Coat D'arms,,,142,Dakka Chart Equivalency,,Medium,738184066-Paint-Range-Compatibility-Chart-Articles-DakkaDakka-Instinctive-behavior-m.txt,Parsed from Dakka paint compatibility chart; hex is approximate.,393939
Games Workshop,Citadel,Leadbelcher,,Army Painter,,Machinegun Metal,,Dakka Chart Equivalency,,Medium,738184066-Paint-Range-Compatibility-Chart-Articles-DakkaDakka-Instinctive-behavior-m.txt,Parsed from Dakka paint compatibility chart; hex is approximate.,393939
Games Workshop,Citadel,Leadbelcher,,Scale75,,,WP1221,Dakka Chart Equivalency,,Medium,738184066-Paint-Range-Compatibility-Chart-Articles-DakkaDakka-Instinctive-behavior-m.txt,Parsed from Dakka paint compatibility chart; hex is approximate.,393939
Games Workshop,Citadel,Leadbelcher,,Two Thin Coats,,Petroleum,,Dakka Chart Equivalency,,Medium,738184066-Paint-Range-Compatibility-Chart-Articles-DakkaDakka-Instinctive-behavior-m.txt,Parsed from Dakka paint compatibility chart; hex is approximate.,393939
Games Workshop,Citadel,Auric Armour Gold,,Games Workshop,Old Citadel,Burnished Gold 1,,Dakka Chart Equivalency,,Medium,738184066-Paint-Range-Compatibility-Chart-Articles-DakkaDakka-Instinctive-behavior-m.txt,Parsed from Dakka paint compatibility chart; hex is approximate.,E7BD42
Games Workshop,Citadel,Auric Armour Gold,,Vallejo,Game Color,Glorious Gold,056,Dakka Chart Equivalency,,Medium,738184066-Paint-Range-Compatibility-Chart-Articles-DakkaDakka-Instinctive-behavior-m.txt,Parsed from Dakka paint compatibility chart; hex is approximate.,E7BD42
Games Workshop,Citadel,Auric Armour Gold,,Vallejo,Model Color,Gold,996,Dakka Chart Equivalency,,Medium,738184066-Paint-Range-Compatibility-Chart-Articles-DakkaDakka-Instinctive-behavior-m.txt,Parsed from Dakka paint compatibility chart; hex is approximate.,E7BD42
Games Workshop,Citadel,Auric Armour Gold,,Rackham,,Brass Balls 2,,Dakka Chart Equivalency,,Medium,738184066-Paint-Range-Compatibility-Chart-Articles-DakkaDakka-Instinctive-behavior-m.txt,Parsed from Dakka paint compatibility chart; hex is approximate.,E7BD42
Games Workshop,Citadel,Auric Armour Gold,,Reaper,Master Series,Bright Gold,WP1231,Dakka Chart Equivalency,,Medium,738184066-Paint-Range-Compatibility-Chart-Articles-DakkaDakka-Instinctive-behavior-m.txt,Parsed from Dakka paint compatibility chart; hex is approximate.,E7BD42
Games Workshop,Citadel,Auric Armour Gold,,Privateer Press,P3,Dwarven,,Dakka Chart Equivalency,,Medium,738184066-Paint-Range-Compatibility-Chart-Articles-DakkaDakka-Instinctive-behavior-m.txt,Parsed from Dakka paint compatibility chart; hex is approximate.,E7BD42
Games Workshop,Citadel,Auric Armour Gold,,Coat D'arms,,Gold,,Dakka Chart Equivalency,,Medium,738184066-Paint-Range-Compatibility-Chart-Articles-DakkaDakka-Instinctive-behavior-m.txt,Parsed from Dakka paint compatibility chart; hex is approximate.,E7BD42
Games Workshop,Citadel,Gehenna's Gold,,Games Workshop,Old Citadel,Shining Gold 1,,Dakka Chart Equivalency,,Medium,738184066-Paint-Range-Compatibility-Chart-Articles-DakkaDakka-Instinctive-behavior-m.txt,Parsed from Dakka paint compatibility chart; hex is approximate.,CCCC33
Games Workshop,Citadel,Gehenna's Gold,,Vallejo,Game Color,Polished Gold,055,Dakka Chart Equivalency,,Medium,738184066-Paint-Range-Compatibility-Chart-Articles-DakkaDakka-Instinctive-behavior-m.txt,Parsed from Dakka paint compatibility chart; hex is approximate.,CCCC33
Games Workshop,Citadel,Gehenna's Gold,,Vallejo,Model Color,Old Gold,878,Dakka Chart Equivalency,,Medium,738184066-Paint-Range-Compatibility-Chart-Articles-DakkaDakka-Instinctive-behavior-m.txt,Parsed from Dakka paint compatibility chart; hex is approximate.,CCCC33
Games Workshop,Citadel,Gehenna's Gold,,Rackham,,Bright Gold,,Dakka Chart Equivalency,,Medium,738184066-Paint-Range-Compatibility-Chart-Articles-DakkaDakka-Instinctive-behavior-m.txt,Parsed from Dakka paint compatibility chart; hex is approximate.,CCCC33
Games Workshop,Citadel,Gehenna's Gold,,Reaper,Master Series,,107,Dakka Chart Equivalency,,Medium,738184066-Paint-Range-Compatibility-Chart-Articles-DakkaDakka-Instinctive-behavior-m.txt,Parsed from Dakka paint compatibility chart; hex is approximate.,CCCC33
Games Workshop,Citadel,Gehenna's Gold,,Privateer Press,P3,Greedy Gold,WP1132,Dakka Chart Equivalency,,Medium,738184066-Paint-Range-Compatibility-Chart-Articles-DakkaDakka-Instinctive-behavior-m.txt,Parsed from Dakka paint compatibility chart; hex is approximate.,CCCC33
Games Workshop,Citadel,Gehenna's Gold,,Coat D'arms,,Elven Gold,,Dakka Chart Equivalency,,Medium,738184066-Paint-Range-Compatibility-Chart-Articles-DakkaDakka-Instinctive-behavior-m.txt,Parsed from Dakka paint compatibility chart; hex is approximate.,CCCC33
Games Workshop,Citadel,Hashut Copper,,Games Workshop,Old Citadel,Dwarf Bronze 1,,Dakka Chart Equivalency,,Medium,738184066-Paint-Range-Compatibility-Chart-Articles-DakkaDakka-Instinctive-behavior-m.txt,Parsed from Dakka paint compatibility chart; hex is approximate.,9C5221
Games Workshop,Citadel,Hashut Copper,,Vallejo,Game Color,Bright Bronze,057,Dakka Chart Equivalency,,Medium,738184066-Paint-Range-Compatibility-Chart-Articles-DakkaDakka-Instinctive-behavior-m.txt,Parsed from Dakka paint compatibility chart; hex is approximate.,9C5221
Games Workshop,Citadel,Hashut Copper,,Vallejo,Model Color,Bronze,998,Dakka Chart Equivalency,,Medium,738184066-Paint-Range-Compatibility-Chart-Articles-DakkaDakka-Instinctive-behavior-m.txt,Parsed from Dakka paint compatibility chart; hex is approximate.,9C5221
Games Workshop,Citadel,Hashut Copper,,Rackham,,Dwarven,,Dakka Chart Equivalency,,Medium,738184066-Paint-Range-Compatibility-Chart-Articles-DakkaDakka-Instinctive-behavior-m.txt,Parsed from Dakka paint compatibility chart; hex is approximate.,9C5221
Games Workshop,Citadel,Hashut Copper,,Reaper,Master Series,Bronze,143,Dakka Chart Equivalency,,Medium,738184066-Paint-Range-Compatibility-Chart-Articles-DakkaDakka-Instinctive-behavior-m.txt,Parsed from Dakka paint compatibility chart; hex is approximate.,9C5221
Games Workshop,Citadel,Hashut Copper,,Privateer Press,P3,Weapon Bronze,WP1133,Dakka Chart Equivalency,,Medium,738184066-Paint-Range-Compatibility-Chart-Articles-DakkaDakka-Instinctive-behavior-m.txt,Parsed from Dakka paint compatibility chart; hex is approximate.,9C5221
Games Workshop,Citadel,Runelord brass,,Games Workshop,Old Citadel,Brazen Brass 1,,Dakka Chart Equivalency,,Medium,738184066-Paint-Range-Compatibility-Chart-Articles-DakkaDakka-Instinctive-behavior-m.txt,Parsed from Dakka paint compatibility chart; hex is approximate.,735A21
Games Workshop,Citadel,Runelord brass,,Vallejo,Game Color,Brassy Brass,058,Dakka Chart Equivalency,,Medium,738184066-Paint-Range-Compatibility-Chart-Articles-DakkaDakka-Instinctive-behavior-m.txt,Parsed from Dakka paint compatibility chart; hex is approximate.,735A21
Games Workshop,Citadel,Runelord brass,,Vallejo,Model Color,Brass,801,Dakka Chart Equivalency,,Medium,738184066-Paint-Range-Compatibility-Chart-Articles-DakkaDakka-Instinctive-behavior-m.txt,Parsed from Dakka paint compatibility chart; hex is approximate.,735A21
Games Workshop,Citadel,Runelord brass,,Rackham,,Viking Gold,,Dakka Chart Equivalency,,Medium,738184066-Paint-Range-Compatibility-Chart-Articles-DakkaDakka-Instinctive-behavior-m.txt,Parsed from Dakka paint compatibility chart; hex is approximate.,735A21
Games Workshop,Citadel,Runelord brass,,Reaper,Master Series,Battle Axe,,Dakka Chart Equivalency,,Medium,738184066-Paint-Range-Compatibility-Chart-Articles-DakkaDakka-Instinctive-behavior-m.txt,Parsed from Dakka paint compatibility chart; hex is approximate.,735A21
Games Workshop,Citadel,Runelord brass,,Privateer Press,P3,Brass,,Dakka Chart Equivalency,,Medium,738184066-Paint-Range-Compatibility-Chart-Articles-DakkaDakka-Instinctive-behavior-m.txt,Parsed from Dakka paint compatibility chart; hex is approximate.,735A21
Games Workshop,Citadel,Brass scorpion,,Games Workshop,Old Citadel,Beaten Copper 1,,Dakka Chart Equivalency,,Medium,738184066-Paint-Range-Compatibility-Chart-Articles-DakkaDakka-Instinctive-behavior-m.txt,Parsed from Dakka paint compatibility chart; hex is approximate.,73372D
Games Workshop,Citadel,Brass scorpion,,Vallejo,Game Color,Hammered Copper,,Dakka Chart Equivalency,,Medium,738184066-Paint-Range-Compatibility-Chart-Articles-DakkaDakka-Instinctive-behavior-m.txt,Parsed from Dakka paint compatibility chart; hex is approximate.,73372D
Games Workshop,Citadel,Brass scorpion,,Vallejo,Model Color,,059,Dakka Chart Equivalency,,Medium,738184066-Paint-Range-Compatibility-Chart-Articles-DakkaDakka-Instinctive-behavior-m.txt,Parsed from Dakka paint compatibility chart; hex is approximate.,73372D
Games Workshop,Citadel,Warplock Bronze,,Games Workshop,Old Citadel,Tin Bitz 1,,Dakka Chart Equivalency,,Medium,738184066-Paint-Range-Compatibility-Chart-Articles-DakkaDakka-Instinctive-behavior-m.txt,Parsed from Dakka paint compatibility chart; hex is approximate.,393121
Games Workshop,Citadel,Warplock Bronze,,Vallejo,Game Color,Tinny Tin,060,Dakka Chart Equivalency,,Medium,738184066-Paint-Range-Compatibility-Chart-Articles-DakkaDakka-Instinctive-behavior-m.txt,Parsed from Dakka paint compatibility chart; hex is approximate.,393121
Games Workshop,Citadel,Warplock Bronze,,Vallejo,Model Color,Scorched Metal,9125,Dakka Chart Equivalency,,Medium,738184066-Paint-Range-Compatibility-Chart-Articles-DakkaDakka-Instinctive-behavior-m.txt,Parsed from Dakka paint compatibility chart; hex is approximate.,393121
Games Workshop,Citadel,Warplock Bronze,,Rackham,,Magic Metal,,Dakka Chart Equivalency,,Medium,738184066-Paint-Range-Compatibility-Chart-Articles-DakkaDakka-Instinctive-behavior-m.txt,Parsed from Dakka paint compatibility chart; hex is approximate.,393121
Games Workshop,Citadel,Warplock Bronze,,Reaper,Master Series,,113,Dakka Chart Equivalency,,Medium,738184066-Paint-Range-Compatibility-Chart-Articles-DakkaDakka-Instinctive-behavior-m.txt,Parsed from Dakka paint compatibility chart; hex is approximate.,393121
Games Workshop,Citadel,Warplock Bronze,,Privateer Press,P3,Necro Gold,,Dakka Chart Equivalency,,Medium,738184066-Paint-Range-Compatibility-Chart-Articles-DakkaDakka-Instinctive-behavior-m.txt,Parsed from Dakka paint compatibility chart; hex is approximate.,393121
Games Workshop,Citadel,Black Ink 1,,Games Workshop,Old Citadel,Black Ink,94,Dakka Chart Equivalency,,Medium,738184066-Paint-Range-Compatibility-Chart-Articles-DakkaDakka-Instinctive-behavior-m.txt,Parsed from Dakka paint compatibility chart; hex is approximate.,000000
Games Workshop,Citadel,Dark Green Ink 1,,Games Workshop,Old Citadel,Green Ink,89,Dakka Chart Equivalency,,Medium,738184066-Paint-Range-Compatibility-Chart-Articles-DakkaDakka-Instinctive-behavior-m.txt,Parsed from Dakka paint compatibility chart; hex is approximate.,108473
Games Workshop,Citadel,Flesh Wash 1,,Games Workshop,Old Citadel,Ink Wash -,,Dakka Chart Equivalency,,Medium,738184066-Paint-Range-Compatibility-Chart-Articles-DakkaDakka-Instinctive-behavior-m.txt,Parsed from Dakka paint compatibility chart; hex is approximate.,CE8C42
Games Workshop,Citadel,Flesh Wash 1,,Vallejo,Game Color,Flesh,133,Dakka Chart Equivalency,,Medium,738184066-Paint-Range-Compatibility-Chart-Articles-DakkaDakka-Instinctive-behavior-m.txt,Parsed from Dakka paint compatibility chart; hex is approximate.,CE8C42
Games Workshop,Citadel,Purple Ink 1,,Games Workshop,Old Citadel,Violet Ink,87,Dakka Chart Equivalency,,Medium,738184066-Paint-Range-Compatibility-Chart-Articles-DakkaDakka-Instinctive-behavior-m.txt,Parsed from Dakka paint compatibility chart; hex is approximate.,842994
Games Workshop,Citadel,Eshin Grey,,Games Workshop,Old Citadel,Necromancer Cloak,,Dakka Chart Equivalency,,Medium,738184066-Paint-Range-Compatibility-Chart-Articles-DakkaDakka-Instinctive-behavior-m.txt,Parsed from Dakka paint compatibility chart; hex is approximate.,484B4E
Games Workshop,Citadel,Eshin Grey,,Vallejo,Game Color,Ashen Grey,,Dakka Chart Equivalency,,Medium,738184066-Paint-Range-Compatibility-Chart-Articles-DakkaDakka-Instinctive-behavior-m.txt,Parsed from Dakka paint compatibility chart; hex is approximate.,484B4E
Games Workshop,Citadel,Skavenblight,,Games Workshop,Old Citadel,Dinge,,Dakka Chart Equivalency,,Medium,738184066-Paint-Range-Compatibility-Chart-Articles-DakkaDakka-Instinctive-behavior-m.txt,Parsed from Dakka paint compatibility chart; hex is approximate.,45413B
Games Workshop,Citadel,Skavenblight,,Vallejo,Game Color,Hardened Carapace,,Dakka Chart Equivalency,,Medium,738184066-Paint-Range-Compatibility-Chart-Articles-DakkaDakka-Instinctive-behavior-m.txt,Parsed from Dakka paint compatibility chart; hex is approximate.,45413B
Games Workshop,Citadel,Skavenblight,,Vallejo,Model Color,Eidolon Grey,,Dakka Chart Equivalency,,Medium,738184066-Paint-Range-Compatibility-Chart-Articles-DakkaDakka-Instinctive-behavior-m.txt,Parsed from Dakka paint compatibility chart; hex is approximate.,45413B
Games Workshop,Citadel,Stormvermin Fur,,Games Workshop,Old Citadel,Charadon,,Dakka Chart Equivalency,,Medium,738184066-Paint-Range-Compatibility-Chart-Articles-DakkaDakka-Instinctive-behavior-m.txt,Parsed from Dakka paint compatibility chart; hex is approximate.,4D4A4A
Games Workshop,Citadel,Stormvermin Fur,,Vallejo,Game Color,Granite 1,,Dakka Chart Equivalency,,Medium,738184066-Paint-Range-Compatibility-Chart-Articles-DakkaDakka-Instinctive-behavior-m.txt,Parsed from Dakka paint compatibility chart; hex is approximate.,4D4A4A
Games Workshop,Citadel,Stormvermin Fur,,Vallejo,Model Color,Heavy Charcoal,155,Dakka Chart Equivalency,,Medium,738184066-Paint-Range-Compatibility-Chart-Articles-DakkaDakka-Instinctive-behavior-m.txt,Parsed from Dakka paint compatibility chart; hex is approximate.,4D4A4A
Games Workshop,Citadel,Stormvermin Fur,,Rackham,,Pure Black  2,9103,Dakka Chart Equivalency,,Medium,738184066-Paint-Range-Compatibility-Chart-Articles-DakkaDakka-Instinctive-behavior-m.txt,Parsed from Dakka paint compatibility chart; hex is approximate.,4D4A4A
Games Workshop,Citadel,Stormvermin Fur,,Reaper,Master Series,Bastion grey,,Dakka Chart Equivalency,,Medium,738184066-Paint-Range-Compatibility-Chart-Articles-DakkaDakka-Instinctive-behavior-m.txt,Parsed from Dakka paint compatibility chart; hex is approximate.,4D4A4A
Games Workshop,Citadel,Stormvermin Fur,,Privateer Press,P3,Anthartic,,Dakka Chart Equivalency,,Medium,738184066-Paint-Range-Compatibility-Chart-Articles-DakkaDakka-Instinctive-behavior-m.txt,Parsed from Dakka paint compatibility chart; hex is approximate.,4D4A4A
Games Workshop,Citadel,Stormvermin Fur,,Coat D'arms,,Grey Matt,,Dakka Chart Equivalency,,Medium,738184066-Paint-Range-Compatibility-Chart-Articles-DakkaDakka-Instinctive-behavior-m.txt,Parsed from Dakka paint compatibility chart; hex is approximate.,4D4A4A
Games Workshop,Citadel,Stormvermin Fur,,Army Painter,,Rodent Grey,,Dakka Chart Equivalency,,Medium,738184066-Paint-Range-Compatibility-Chart-Articles-DakkaDakka-Instinctive-behavior-m.txt,Parsed from Dakka paint compatibility chart; hex is approximate.,4D4A4A
Games Workshop,Citadel,Rakarth Flesh,,Games Workshop,Old Citadel,Dheneb Stone 1,,Dakka Chart Equivalency,,Medium,738184066-Paint-Range-Compatibility-Chart-Articles-DakkaDakka-Instinctive-behavior-m.txt,Parsed from Dakka paint compatibility chart; hex is approximate.,B9ADA1
Games Workshop,Citadel,Rakarth Flesh,,Vallejo,Game Color,Heavy Warmgrey,,Dakka Chart Equivalency,,Medium,738184066-Paint-Range-Compatibility-Chart-Articles-DakkaDakka-Instinctive-behavior-m.txt,Parsed from Dakka paint compatibility chart; hex is approximate.,B9ADA1
Games Workshop,Citadel,Rakarth Flesh,,Vallejo,Model Color,2,148,Dakka Chart Equivalency,,Medium,738184066-Paint-Range-Compatibility-Chart-Articles-DakkaDakka-Instinctive-behavior-m.txt,Parsed from Dakka paint compatibility chart; hex is approximate.,B9ADA1
Games Workshop,Citadel,Rakarth Flesh,,Rackham,,Vampiric Shadow,9274,Dakka Chart Equivalency,,Medium,738184066-Paint-Range-Compatibility-Chart-Articles-DakkaDakka-Instinctive-behavior-m.txt,Parsed from Dakka paint compatibility chart; hex is approximate.,B9ADA1
Games Workshop,Citadel,Rakarth Flesh,,Reaper,Master Series,Drake Tooth ?,WP1417,Dakka Chart Equivalency,,Medium,738184066-Paint-Range-Compatibility-Chart-Articles-DakkaDakka-Instinctive-behavior-m.txt,Parsed from Dakka paint compatibility chart; hex is approximate.,B9ADA1
Games Workshop,Citadel,Rakarth Flesh,,Privateer Press,P3,Griffon Claw,,Dakka Chart Equivalency,,Medium,738184066-Paint-Range-Compatibility-Chart-Articles-DakkaDakka-Instinctive-behavior-m.txt,Parsed from Dakka paint compatibility chart; hex is approximate.,B9ADA1
Games Workshop,Citadel,Daemonette Hide,,Games Workshop,Old Citadel,Hormagaunt,,Dakka Chart Equivalency,,Medium,738184066-Paint-Range-Compatibility-Chart-Articles-DakkaDakka-Instinctive-behavior-m.txt,Parsed from Dakka paint compatibility chart; hex is approximate.,4F566C
Games Workshop,Citadel,Daemonette Hide,,Vallejo,Game Color,Purple 1,,Dakka Chart Equivalency,,Medium,738184066-Paint-Range-Compatibility-Chart-Articles-DakkaDakka-Instinctive-behavior-m.txt,Parsed from Dakka paint compatibility chart; hex is approximate.,4F566C
Games Workshop,Citadel,Daemonette Hide,,Vallejo,Model Color,Heavy Violet,142,Dakka Chart Equivalency,,Medium,738184066-Paint-Range-Compatibility-Chart-Articles-DakkaDakka-Instinctive-behavior-m.txt,Parsed from Dakka paint compatibility chart; hex is approximate.,4F566C
Games Workshop,Citadel,Daemonette Hide,,Rackham,,Purple,,Dakka Chart Equivalency,,Medium,738184066-Paint-Range-Compatibility-Chart-Articles-DakkaDakka-Instinctive-behavior-m.txt,Parsed from Dakka paint compatibility chart; hex is approximate.,4F566C
Games Workshop,Citadel,Daemonette Hide,,Reaper,Master Series,IV-26,,Dakka Chart Equivalency,,Medium,738184066-Paint-Range-Compatibility-Chart-Articles-DakkaDakka-Instinctive-behavior-m.txt,Parsed from Dakka paint compatibility chart; hex is approximate.,4F566C
Games Workshop,Citadel,Daemonette Hide,,Privateer Press,P3,Nightshade Purple,9022,Dakka Chart Equivalency,,Medium,738184066-Paint-Range-Compatibility-Chart-Articles-DakkaDakka-Instinctive-behavior-m.txt,Parsed from Dakka paint compatibility chart; hex is approximate.,4F566C
Games Workshop,Citadel,Daemonette Hide,,Coat D'arms,,Violet Blue,,Dakka Chart Equivalency,,Medium,738184066-Paint-Range-Compatibility-Chart-Articles-DakkaDakka-Instinctive-behavior-m.txt,Parsed from Dakka paint compatibility chart; hex is approximate.,4F566C
Games Workshop,Citadel,Daemonette Hide,,Army Painter,,Matt,,Dakka Chart Equivalency,,Medium,738184066-Paint-Range-Compatibility-Chart-Articles-DakkaDakka-Instinctive-behavior-m.txt,Parsed from Dakka paint compatibility chart; hex is approximate.,4F566C
Games Workshop,Citadel,Averland Sunset,,Games Workshop,Old Citadel,Iyanden Darksun,,Dakka Chart Equivalency,,Medium,738184066-Paint-Range-Compatibility-Chart-Articles-DakkaDakka-Instinctive-behavior-m.txt,Parsed from Dakka paint compatibility chart; hex is approximate.,9C8A53
Games Workshop,Citadel,Averland Sunset,,Vallejo,Game Color,1,,Dakka Chart Equivalency,,Medium,738184066-Paint-Range-Compatibility-Chart-Articles-DakkaDakka-Instinctive-behavior-m.txt,Parsed from Dakka paint compatibility chart; hex is approximate.,9C8A53
Games Workshop,Citadel,Averland Sunset,,Vallejo,Model Color,Heavy Goldbrown,151,Dakka Chart Equivalency,,Medium,738184066-Paint-Range-Compatibility-Chart-Articles-DakkaDakka-Instinctive-behavior-m.txt,Parsed from Dakka paint compatibility chart; hex is approximate.,9C8A53
Games Workshop,Citadel,Averland Sunset,,Rackham,,Yellow,,Dakka Chart Equivalency,,Medium,738184066-Paint-Range-Compatibility-Chart-Articles-DakkaDakka-Instinctive-behavior-m.txt,Parsed from Dakka paint compatibility chart; hex is approximate.,9C8A53
Games Workshop,Citadel,Averland Sunset,,Reaper,Master Series,IV-16,,Dakka Chart Equivalency,,Medium,738184066-Paint-Range-Compatibility-Chart-Articles-DakkaDakka-Instinctive-behavior-m.txt,Parsed from Dakka paint compatibility chart; hex is approximate.,9C8A53
Games Workshop,Citadel,Averland Sunset,,Privateer Press,P3,Green Ochre,9128,Dakka Chart Equivalency,,Medium,738184066-Paint-Range-Compatibility-Chart-Articles-DakkaDakka-Instinctive-behavior-m.txt,Parsed from Dakka paint compatibility chart; hex is approximate.,9C8A53
Games Workshop,Citadel,Averland Sunset,,Coat D'arms,,Sulferic yellow,,Dakka Chart Equivalency,,Medium,738184066-Paint-Range-Compatibility-Chart-Articles-DakkaDakka-Instinctive-behavior-m.txt,Parsed from Dakka paint compatibility chart; hex is approximate.,9C8A53
Games Workshop,Citadel,Averland Sunset,,Army Painter,,Dark Sun,,Dakka Chart Equivalency,,Medium,738184066-Paint-Range-Compatibility-Chart-Articles-DakkaDakka-Instinctive-behavior-m.txt,Parsed from Dakka paint compatibility chart; hex is approximate.,9C8A53
Games Workshop,Citadel,Averland Sunset,,Scale75,,Yellow,,Dakka Chart Equivalency,,Medium,738184066-Paint-Range-Compatibility-Chart-Articles-DakkaDakka-Instinctive-behavior-m.txt,Parsed from Dakka paint compatibility chart; hex is approximate.,9C8A53
Games Workshop,Citadel,Cadian Fleshtone,,Games Workshop,Old Citadel,Tallarn Flesh 1,,Dakka Chart Equivalency,,Medium,738184066-Paint-Range-Compatibility-Chart-Articles-DakkaDakka-Instinctive-behavior-m.txt,Parsed from Dakka paint compatibility chart; hex is approximate.,8D736C
Games Workshop,Citadel,Cadian Fleshtone,,Vallejo,Game Color,Heavy Skintone,140,Dakka Chart Equivalency,,Medium,738184066-Paint-Range-Compatibility-Chart-Articles-DakkaDakka-Instinctive-behavior-m.txt,Parsed from Dakka paint compatibility chart; hex is approximate.,8D736C
Games Workshop,Citadel,Cadian Fleshtone,,Vallejo,Model Color,Brown Rose,,Dakka Chart Equivalency,,Medium,738184066-Paint-Range-Compatibility-Chart-Articles-DakkaDakka-Instinctive-behavior-m.txt,Parsed from Dakka paint compatibility chart; hex is approximate.,8D736C
Games Workshop,Citadel,Cadian Fleshtone,,Rackham,,Dwarven Skin,,Dakka Chart Equivalency,,Medium,738184066-Paint-Range-Compatibility-Chart-Articles-DakkaDakka-Instinctive-behavior-m.txt,Parsed from Dakka paint compatibility chart; hex is approximate.,8D736C
Games Workshop,Citadel,Drakenhof,,Games Workshop,Old Citadel,Nightshade,,Dakka Chart Equivalency,,Medium,738184066-Paint-Range-Compatibility-Chart-Articles-DakkaDakka-Instinctive-behavior-m.txt,Parsed from Dakka paint compatibility chart; hex is approximate.,273E51
Games Workshop,Citadel,Drakenhof,,Vallejo,Game Color,Asurmen Blue,,Dakka Chart Equivalency,,Medium,738184066-Paint-Range-Compatibility-Chart-Articles-DakkaDakka-Instinctive-behavior-m.txt,Parsed from Dakka paint compatibility chart; hex is approximate.,273E51
Games Workshop,Citadel,Drakenhof,,Vallejo,Model Color,Wash 1,,Dakka Chart Equivalency,,Medium,738184066-Paint-Range-Compatibility-Chart-Articles-DakkaDakka-Instinctive-behavior-m.txt,Parsed from Dakka paint compatibility chart; hex is approximate.,273E51
Games Workshop,Citadel,Drakenhof,,Rackham,,Blue,,Dakka Chart Equivalency,,Medium,738184066-Paint-Range-Compatibility-Chart-Articles-DakkaDakka-Instinctive-behavior-m.txt,Parsed from Dakka paint compatibility chart; hex is approximate.,273E51
Games Workshop,Citadel,Drakenhof,,Reaper,Master Series,Blue,,Dakka Chart Equivalency,,Medium,738184066-Paint-Range-Compatibility-Chart-Articles-DakkaDakka-Instinctive-behavior-m.txt,Parsed from Dakka paint compatibility chart; hex is approximate.,273E51
Games Workshop,Citadel,Drakenhof,,Privateer Press,P3,Blue Tone Ink,WP1139,Dakka Chart Equivalency,,Medium,738184066-Paint-Range-Compatibility-Chart-Articles-DakkaDakka-Instinctive-behavior-m.txt,Parsed from Dakka paint compatibility chart; hex is approximate.,273E51
Games Workshop,Citadel,Drakenhof,,Coat D'arms,,Tempest Blue,,Dakka Chart Equivalency,,Medium,738184066-Paint-Range-Compatibility-Chart-Articles-DakkaDakka-Instinctive-behavior-m.txt,Parsed from Dakka paint compatibility chart; hex is approximate.,273E51
Games Workshop,Citadel,Drakenhof,,Army Painter,,Wash,,Dakka Chart Equivalency,,Medium,738184066-Paint-Range-Compatibility-Chart-Articles-DakkaDakka-Instinctive-behavior-m.txt,Parsed from Dakka paint compatibility chart; hex is approximate.,273E51
Games Workshop,Citadel,Carroburg,,Games Workshop,Old Citadel,Crimson,,Dakka Chart Equivalency,,Medium,738184066-Paint-Range-Compatibility-Chart-Articles-DakkaDakka-Instinctive-behavior-m.txt,Parsed from Dakka paint compatibility chart; hex is approximate.,630808
Games Workshop,Citadel,Carroburg,,Vallejo,Game Color,Baal Red Wash 1,,Dakka Chart Equivalency,,Medium,738184066-Paint-Range-Compatibility-Chart-Articles-DakkaDakka-Instinctive-behavior-m.txt,Parsed from Dakka paint compatibility chart; hex is approximate.,630808
Games Workshop,Citadel,Carroburg,,Vallejo,Model Color,Red Shade Wash,,Dakka Chart Equivalency,,Medium,738184066-Paint-Range-Compatibility-Chart-Articles-DakkaDakka-Instinctive-behavior-m.txt,Parsed from Dakka paint compatibility chart; hex is approximate.,630808
Games Workshop,Citadel,Carroburg,,Rackham,,Red,,Dakka Chart Equivalency,,Medium,738184066-Paint-Range-Compatibility-Chart-Articles-DakkaDakka-Instinctive-behavior-m.txt,Parsed from Dakka paint compatibility chart; hex is approximate.,630808
Games Workshop,Citadel,Carroburg,,Reaper,Master Series,Red Tone Ink,WP1138,Dakka Chart Equivalency,,Medium,738184066-Paint-Range-Compatibility-Chart-Articles-DakkaDakka-Instinctive-behavior-m.txt,Parsed from Dakka paint compatibility chart; hex is approximate.,630808
Games Workshop,Citadel,Carroburg,,Privateer Press,P3,Hellion Red,,Dakka Chart Equivalency,,Medium,738184066-Paint-Range-Compatibility-Chart-Articles-DakkaDakka-Instinctive-behavior-m.txt,Parsed from Dakka paint compatibility chart; hex is approximate.,630808
Games Workshop,Citadel,Carroburg,,Coat D'arms,,Wash,,Dakka Chart Equivalency,,Medium,738184066-Paint-Range-Compatibility-Chart-Articles-DakkaDakka-Instinctive-behavior-m.txt,Parsed from Dakka paint compatibility chart; hex is approximate.,630808
Games Workshop,Citadel,Nuln Oil,,Games Workshop,Old Citadel,Badab Black,,Dakka Chart Equivalency,,Medium,738184066-Paint-Range-Compatibility-Chart-Articles-DakkaDakka-Instinctive-behavior-m.txt,Parsed from Dakka paint compatibility chart; hex is approximate.,000000
Games Workshop,Citadel,Nuln Oil,,Vallejo,Game Color,Wash 1,,Dakka Chart Equivalency,,Medium,738184066-Paint-Range-Compatibility-Chart-Articles-DakkaDakka-Instinctive-behavior-m.txt,Parsed from Dakka paint compatibility chart; hex is approximate.,000000
Games Workshop,Citadel,Nuln Oil,,Vallejo,Model Color,Black Wash,73201,Dakka Chart Equivalency,,Medium,738184066-Paint-Range-Compatibility-Chart-Articles-DakkaDakka-Instinctive-behavior-m.txt,Parsed from Dakka paint compatibility chart; hex is approximate.,000000
Games Workshop,Citadel,Nuln Oil,,Rackham,,Armor Wash,,Dakka Chart Equivalency,,Medium,738184066-Paint-Range-Compatibility-Chart-Articles-DakkaDakka-Instinctive-behavior-m.txt,Parsed from Dakka paint compatibility chart; hex is approximate.,000000
Games Workshop,Citadel,Nuln Oil,,Reaper,Master Series,Dark Tone Ink,WP1136,Dakka Chart Equivalency,,Medium,738184066-Paint-Range-Compatibility-Chart-Articles-DakkaDakka-Instinctive-behavior-m.txt,Parsed from Dakka paint compatibility chart; hex is approximate.,000000
Games Workshop,Citadel,Nuln Oil,,Privateer Press,P3,Oblivion Black,,Dakka Chart Equivalency,,Medium,738184066-Paint-Range-Compatibility-Chart-Articles-DakkaDakka-Instinctive-behavior-m.txt,Parsed from Dakka paint compatibility chart; hex is approximate.,000000
Games Workshop,Citadel,Nuln Oil,,Coat D'arms,,Wash,,Dakka Chart Equivalency,,Medium,738184066-Paint-Range-Compatibility-Chart-Articles-DakkaDakka-Instinctive-behavior-m.txt,Parsed from Dakka paint compatibility chart; hex is approximate.,000000
Games Workshop,Citadel,Agrax Earthshade,,Games Workshop,Old Citadel,Devlan Mud,,Dakka Chart Equivalency,,Medium,738184066-Paint-Range-Compatibility-Chart-Articles-DakkaDakka-Instinctive-behavior-m.txt,Parsed from Dakka paint compatibility chart; hex is approximate.,393121
Games Workshop,Citadel,Agrax Earthshade,,Vallejo,Game Color,Wash 1,,Dakka Chart Equivalency,,Medium,738184066-Paint-Range-Compatibility-Chart-Articles-DakkaDakka-Instinctive-behavior-m.txt,Parsed from Dakka paint compatibility chart; hex is approximate.,393121
Games Workshop,Citadel,Agrax Earthshade,,Vallejo,Model Color,Umber Shade Wash,,Dakka Chart Equivalency,,Medium,738184066-Paint-Range-Compatibility-Chart-Articles-DakkaDakka-Instinctive-behavior-m.txt,Parsed from Dakka paint compatibility chart; hex is approximate.,393121
Games Workshop,Citadel,Agrax Earthshade,,Rackham,,Brown,,Dakka Chart Equivalency,,Medium,738184066-Paint-Range-Compatibility-Chart-Articles-DakkaDakka-Instinctive-behavior-m.txt,Parsed from Dakka paint compatibility chart; hex is approximate.,393121
Games Workshop,Citadel,Agrax Earthshade,,Reaper,Master Series,Muddy Wash,,Dakka Chart Equivalency,,Medium,738184066-Paint-Range-Compatibility-Chart-Articles-DakkaDakka-Instinctive-behavior-m.txt,Parsed from Dakka paint compatibility chart; hex is approximate.,393121
Games Workshop,Citadel,Agrax Earthshade,,Privateer Press,P3,Strong Tone Wash,,Dakka Chart Equivalency,,Medium,738184066-Paint-Range-Compatibility-Chart-Articles-DakkaDakka-Instinctive-behavior-m.txt,Parsed from Dakka paint compatibility chart; hex is approximate.,393121
Games Workshop,Citadel,Agrax Earthshade,,Coat D'arms,,,WP1135,Dakka Chart Equivalency,,Medium,738184066-Paint-Range-Compatibility-Chart-Articles-DakkaDakka-Instinctive-behavior-m.txt,Parsed from Dakka paint compatibility chart; hex is approximate.,393121
Games Workshop,Citadel,Agrax Earthshade,,Army Painter,,Battle Mud,,Dakka Chart Equivalency,,Medium,738184066-Paint-Range-Compatibility-Chart-Articles-DakkaDakka-Instinctive-behavior-m.txt,Parsed from Dakka paint compatibility chart; hex is approximate.,393121
Games Workshop,Citadel,Agrax Earthshade,,Scale75,,Wash,,Dakka Chart Equivalency,,Medium,738184066-Paint-Range-Compatibility-Chart-Articles-DakkaDakka-Instinctive-behavior-m.txt,Parsed from Dakka paint compatibility chart; hex is approximate.,393121
Games Workshop,Citadel,Seraphim Sepia,,Games Workshop,Old Citadel,Gryphonne,,Dakka Chart Equivalency,,Medium,738184066-Paint-Range-Compatibility-Chart-Articles-DakkaDakka-Instinctive-behavior-m.txt,Parsed from Dakka paint compatibility chart; hex is approximate.,843910
Games Workshop,Citadel,Seraphim Sepia,,Vallejo,Game Color,Sepia Wash 1,,Dakka Chart Equivalency,,Medium,738184066-Paint-Range-Compatibility-Chart-Articles-DakkaDakka-Instinctive-behavior-m.txt,Parsed from Dakka paint compatibility chart; hex is approximate.,843910
Games Workshop,Citadel,Seraphim Sepia,,Vallejo,Model Color,Sepia Wash,73200,Dakka Chart Equivalency,,Medium,738184066-Paint-Range-Compatibility-Chart-Articles-DakkaDakka-Instinctive-behavior-m.txt,Parsed from Dakka paint compatibility chart; hex is approximate.,843910
Games Workshop,Citadel,Seraphim Sepia,,Rackham,,Wash,,Dakka Chart Equivalency,,Medium,738184066-Paint-Range-Compatibility-Chart-Articles-DakkaDakka-Instinctive-behavior-m.txt,Parsed from Dakka paint compatibility chart; hex is approximate.,843910
Games Workshop,Citadel,Druchii Violet,,Games Workshop,Old Citadel,Leviathan Purple,,Dakka Chart Equivalency,,Medium,738184066-Paint-Range-Compatibility-Chart-Articles-DakkaDakka-Instinctive-behavior-m.txt,Parsed from Dakka paint compatibility chart; hex is approximate.,842994
Games Workshop,Citadel,Druchii Violet,,Vallejo,Game Color,Wash 1,,Dakka Chart Equivalency,,Medium,738184066-Paint-Range-Compatibility-Chart-Articles-DakkaDakka-Instinctive-behavior-m.txt,Parsed from Dakka paint compatibility chart; hex is approximate.,842994
Games Workshop,Citadel,Druchii Violet,,Vallejo,Model Color,4 Pale Grey Shade,,Dakka Chart Equivalency,,Medium,738184066-Paint-Range-Compatibility-Chart-Articles-DakkaDakka-Instinctive-behavior-m.txt,Parsed from Dakka paint compatibility chart; hex is approximate.,842994
Games Workshop,Citadel,Druchii Violet,,Rackham,,Purple Tone Ink,WP1140,Dakka Chart Equivalency,,Medium,738184066-Paint-Range-Compatibility-Chart-Articles-DakkaDakka-Instinctive-behavior-m.txt,Parsed from Dakka paint compatibility chart; hex is approximate.,842994
Games Workshop,Citadel,Druchii Violet,,Reaper,Master Series,Magi Purple,,Dakka Chart Equivalency,,Medium,738184066-Paint-Range-Compatibility-Chart-Articles-DakkaDakka-Instinctive-behavior-m.txt,Parsed from Dakka paint compatibility chart; hex is approximate.,842994
Games Workshop,Citadel,Druchii Violet,,Privateer Press,P3,Wash,,Dakka Chart Equivalency,,Medium,738184066-Paint-Range-Compatibility-Chart-Articles-DakkaDakka-Instinctive-behavior-m.txt,Parsed from Dakka paint compatibility chart; hex is approximate.,842994
Games Workshop,Citadel,Reikland,,Games Workshop,Old Citadel,Fleshshade,,Dakka Chart Equivalency,,Medium,738184066-Paint-Range-Compatibility-Chart-Articles-DakkaDakka-Instinctive-behavior-m.txt,Parsed from Dakka paint compatibility chart; hex is approximate.,CE8C42
Games Workshop,Citadel,Reikland,,Vallejo,Game Color,Ogryn Flesh,,Dakka Chart Equivalency,,Medium,738184066-Paint-Range-Compatibility-Chart-Articles-DakkaDakka-Instinctive-behavior-m.txt,Parsed from Dakka paint compatibility chart; hex is approximate.,CE8C42
Games Workshop,Citadel,Reikland,,Vallejo,Model Color,Wash 1,,Dakka Chart Equivalency,,Medium,738184066-Paint-Range-Compatibility-Chart-Articles-DakkaDakka-Instinctive-behavior-m.txt,Parsed from Dakka paint compatibility chart; hex is approximate.,CE8C42
Games Workshop,Citadel,Reikland,,Rackham,,Flesh,,Dakka Chart Equivalency,,Medium,738184066-Paint-Range-Compatibility-Chart-Articles-DakkaDakka-Instinctive-behavior-m.txt,Parsed from Dakka paint compatibility chart; hex is approximate.,CE8C42
Games Workshop,Citadel,Reikland,,Reaper,Master Series,Flesh Wash,WP1143,Dakka Chart Equivalency,,Medium,738184066-Paint-Range-Compatibility-Chart-Articles-DakkaDakka-Instinctive-behavior-m.txt,Parsed from Dakka paint compatibility chart; hex is approximate.,CE8C42
Games Workshop,Citadel,Reikland,,Privateer Press,P3,Flesh Wash,,Dakka Chart Equivalency,,Medium,738184066-Paint-Range-Compatibility-Chart-Articles-DakkaDakka-Instinctive-behavior-m.txt,Parsed from Dakka paint compatibility chart; hex is approximate.,CE8C42
Games Workshop,Citadel,Biel-Tan Green,,Games Workshop,Old Citadel,Green Wash,,Dakka Chart Equivalency,,Medium,738184066-Paint-Range-Compatibility-Chart-Articles-DakkaDakka-Instinctive-behavior-m.txt,Parsed from Dakka paint compatibility chart; hex is approximate.,547757
Games Workshop,Citadel,Biel-Tan Green,,Vallejo,Game Color,Green Tone Wash,,Dakka Chart Equivalency,,Medium,738184066-Paint-Range-Compatibility-Chart-Articles-DakkaDakka-Instinctive-behavior-m.txt,Parsed from Dakka paint compatibility chart; hex is approximate.,547757
Games Workshop,Citadel,Biel-Tan Green,,Vallejo,Model Color,,WP1137,Dakka Chart Equivalency,,Medium,738184066-Paint-Range-Compatibility-Chart-Articles-DakkaDakka-Instinctive-behavior-m.txt,Parsed from Dakka paint compatibility chart; hex is approximate.,547757
Games Workshop,Citadel,Athonian,,Games Workshop,Old Citadel,Camoshade,,Dakka Chart Equivalency,,Medium,738184066-Paint-Range-Compatibility-Chart-Articles-DakkaDakka-Instinctive-behavior-m.txt,Parsed from Dakka paint compatibility chart; hex is approximate.,8B8B66
Games Workshop,Citadel,Athonian,,Vallejo,Game Color,Military Shade,,Dakka Chart Equivalency,,Medium,738184066-Paint-Range-Compatibility-Chart-Articles-DakkaDakka-Instinctive-behavior-m.txt,Parsed from Dakka paint compatibility chart; hex is approximate.,8B8B66
Games Workshop,Citadel,Athonian,,Vallejo,Model Color,Necrosis,,Dakka Chart Equivalency,,Medium,738184066-Paint-Range-Compatibility-Chart-Articles-DakkaDakka-Instinctive-behavior-m.txt,Parsed from Dakka paint compatibility chart; hex is approximate.,8B8B66
Games Workshop,Citadel,Baharroth Blue,,Games Workshop,Old Citadel,Edge,Edge,Dakka Chart Equivalency,,Medium,738184066-Paint-Range-Compatibility-Chart-Articles-DakkaDakka-Instinctive-behavior-m.txt,Parsed from Dakka paint compatibility chart; hex is approximate.,59C1CE
Games Workshop,Citadel,Baharroth Blue,,Vallejo,Game Color,Arcane Blue,,Dakka Chart Equivalency,,Medium,738184066-Paint-Range-Compatibility-Chart-Articles-DakkaDakka-Instinctive-behavior-m.txt,Parsed from Dakka paint compatibility chart; hex is approximate.,59C1CE
Games Workshop,Citadel,Baharroth Blue,,Vallejo,Model Color,Toxic Mist,WP1437,Dakka Chart Equivalency,,Medium,738184066-Paint-Range-Compatibility-Chart-Articles-DakkaDakka-Instinctive-behavior-m.txt,Parsed from Dakka paint compatibility chart; hex is approximate.,59C1CE
Games Workshop,Citadel,Gauss Blaster,,Games Workshop,Old Citadel,Green,Edge,Dakka Chart Equivalency,,Medium,738184066-Paint-Range-Compatibility-Chart-Articles-DakkaDakka-Instinctive-behavior-m.txt,Parsed from Dakka paint compatibility chart; hex is approximate.,84C2A9
Games Workshop,Citadel,Dorn Yellow,,Games Workshop,Old Citadel,26/03/2024 00:22,,Dakka Chart Equivalency,,Medium,738184066-Paint-Range-Compatibility-Chart-Articles-DakkaDakka-Instinctive-behavior-m.txt,Parsed from Dakka paint compatibility chart; hex is approximate.,FFF685
Games Workshop,Citadel,Dorn Yellow,,Vallejo,Game Color,,Edge,Dakka Chart Equivalency,,Medium,738184066-Paint-Range-Compatibility-Chart-Articles-DakkaDakka-Instinctive-behavior-m.txt,Parsed from Dakka paint compatibility chart; hex is approximate.,FFF685
Games Workshop,Citadel,Fulgrim Pink,,Games Workshop,Old Citadel,,Edge,Dakka Chart Equivalency,,Medium,738184066-Paint-Range-Compatibility-Chart-Articles-DakkaDakka-Instinctive-behavior-m.txt,Parsed from Dakka paint compatibility chart; hex is approximate.,F5AECC
Games Workshop,Citadel,Fulgrim Pink,,Vallejo,Game Color,Neo Pink,,Dakka Chart Equivalency,,Medium,738184066-Paint-Range-Compatibility-Chart-Articles-DakkaDakka-Instinctive-behavior-m.txt,Parsed from Dakka paint compatibility chart; hex is approximate.,F5AECC
Games Workshop,Citadel,Flayed One Flesh,,Games Workshop,Old Citadel,,Edge,Dakka Chart Equivalency,,Medium,738184066-Paint-Range-Compatibility-Chart-Articles-DakkaDakka-Instinctive-behavior-m.txt,Parsed from Dakka paint compatibility chart; hex is approximate.,CDC586
Games Workshop,Citadel,Dechala Lilac,,Games Workshop,Old Citadel,,Edge,Dakka Chart Equivalency,,Medium,738184066-Paint-Range-Compatibility-Chart-Articles-DakkaDakka-Instinctive-behavior-m.txt,Parsed from Dakka paint compatibility chart; hex is approximate.,B69FCD
Games Workshop,Citadel,Dechala Lilac,,Vallejo,Game Color,Oozing Purple,WP1445,Dakka Chart Equivalency,,Medium,738184066-Paint-Range-Compatibility-Chart-Articles-DakkaDakka-Instinctive-behavior-m.txt,Parsed from Dakka paint compatibility chart; hex is approximate.,B69FCD
Games Workshop,Citadel,Kreig Khaki,,Games Workshop,Old Citadel,,Edge,Dakka Chart Equivalency,,Medium,738184066-Paint-Range-Compatibility-Chart-Articles-DakkaDakka-Instinctive-behavior-m.txt,Parsed from Dakka paint compatibility chart; hex is approximate.,BFBD82
Games Workshop,Citadel,Kreig Khaki,,Vallejo,Game Color,Necrotic Flesh,WP1108,Dakka Chart Equivalency,,Medium,738184066-Paint-Range-Compatibility-Chart-Articles-DakkaDakka-Instinctive-behavior-m.txt,Parsed from Dakka paint compatibility chart; hex is approximate.,BFBD82
Games Workshop,Citadel,Kreig Khaki,,Vallejo,Model Color,Kobold Grey,,Dakka Chart Equivalency,,Medium,738184066-Paint-Range-Compatibility-Chart-Articles-DakkaDakka-Instinctive-behavior-m.txt,Parsed from Dakka paint compatibility chart; hex is approximate.,BFBD82
Games Workshop,Citadel,Blue Horror,,Games Workshop,Old Citadel,,Edge,Dakka Chart Equivalency,,Medium,738184066-Paint-Range-Compatibility-Chart-Articles-DakkaDakka-Instinctive-behavior-m.txt,Parsed from Dakka paint compatibility chart; hex is approximate.,A4BAD2
Games Workshop,Citadel,Blue Horror,,Vallejo,Game Color,Gorgon Hide,WP1428,Dakka Chart Equivalency,,Medium,738184066-Paint-Range-Compatibility-Chart-Articles-DakkaDakka-Instinctive-behavior-m.txt,Parsed from Dakka paint compatibility chart; hex is approximate.,A4BAD2
Games Workshop,Citadel,Blue Horror,,Vallejo,Model Color,Celestial Blue,,Dakka Chart Equivalency,,Medium,738184066-Paint-Range-Compatibility-Chart-Articles-DakkaDakka-Instinctive-behavior-m.txt,Parsed from Dakka paint compatibility chart; hex is approximate.,A4BAD2
Games Workshop,Citadel,Lugganath,,Games Workshop,Old Citadel,Orange,Edge,Dakka Chart Equivalency,,Medium,738184066-Paint-Range-Compatibility-Chart-Articles-DakkaDakka-Instinctive-behavior-m.txt,Parsed from Dakka paint compatibility chart; hex is approximate.,F89E86
Games Workshop,Citadel,Lugganath,,Vallejo,Game Color,Centaur Skin,WP1408,Dakka Chart Equivalency,,Medium,738184066-Paint-Range-Compatibility-Chart-Articles-DakkaDakka-Instinctive-behavior-m.txt,Parsed from Dakka paint compatibility chart; hex is approximate.,F89E86
