Source_Company,Source_Product_Line,Source_Paint_Name,Source_Paint_ID,Equivalent_Company,Equivalent_Product_Line,Equivalent_Paint_Name,Equivalent_Paint_ID,Match_Type,Similarity_Percent,Confidence,Equivalent_Category,Source,Source_Document,Notes
Army Painter,Speedpaint 2.0,Gravelord Grey,,Citadel,Contrast,Basilicanum Grey,,Speedpaint Comparison,95.9,Medium,speed paints,ArmyCrafter Speedpaint 2.0 comparison document,speedpaint_grimblack_thru_absolution green      (1).docx,Parsed from uploaded Speedpaint comparison DOCX.
Army Painter,Speedpaint 2.0,Gravelord Grey,,Two Thin Coats,Wave 1,Oblivion Black Wash,,Speedpaint Comparison,97.5,Medium,washes,ArmyCrafter Speedpaint 2.0 comparison document,speedpaint_grimblack_thru_absolution green      (1).docx,Parsed from uploaded Speedpaint comparison DOCX.
Army Painter,Speedpaint 2.0,Gravelord Grey,,Vallejo,Game Color,Black (73.201),,Speedpaint Comparison,95.2,Medium,washes,ArmyCrafter Speedpaint 2.0 comparison document,speedpaint_grimblack_thru_absolution green      (1).docx,Parsed from uploaded Speedpaint comparison DOCX.
Army Painter,Speedpaint 2.0,Gravelord Grey,,Vallejo,Hobby Paint,Panzer Grey (28.002),,Speedpaint Comparison,97.6,Medium,spray paints,ArmyCrafter Speedpaint 2.0 comparison document,speedpaint_grimblack_thru_absolution green      (1).docx,Parsed from uploaded Speedpaint comparison DOCX.
Army Painter,Speedpaint 2.0,Gravelord Grey,,Scale75,Scalecolor,Graphene Grey (SC58),,Speedpaint Comparison,98.7,High,layer paints,ArmyCrafter Speedpaint 2.0 comparison document,speedpaint_grimblack_thru_absolution green      (1).docx,Parsed from uploaded Speedpaint comparison DOCX.
Army Painter,Speedpaint 2.0,Gravelord Grey,,Vallejo,Model Color,Dark Sea Green (70.868),,Speedpaint Comparison,98.2,High,layer paints,ArmyCrafter Speedpaint 2.0 comparison document,speedpaint_grimblack_thru_absolution green      (1).docx,Parsed from uploaded Speedpaint comparison DOCX.
Army Painter,Speedpaint 2.0,Gravelord Grey,,Two Thin Coats,Wave 1,Death Reaper,,Speedpaint Comparison,97.3,Medium,layer paints,ArmyCrafter Speedpaint 2.0 comparison document,speedpaint_grimblack_thru_absolution green      (1).docx,Parsed from uploaded Speedpaint comparison DOCX.
Army Painter,Speedpaint 2.0,Gravelord Grey,,Vallejo,Model Color,Luftwaffe Uniform (70.816),,Speedpaint Comparison,96.6,Medium,layer paints,ArmyCrafter Speedpaint 2.0 comparison document,speedpaint_grimblack_thru_absolution green      (1).docx,Parsed from uploaded Speedpaint comparison DOCX.
Army Painter,Speedpaint 2.0,Gravelord Grey,,Citadel,Layer,Eshin Grey,,Speedpaint Comparison,96.2,Medium,layer paints,ArmyCrafter Speedpaint 2.0 comparison document,speedpaint_grimblack_thru_absolution green      (1).docx,Parsed from uploaded Speedpaint comparison DOCX.
Army Painter,Speedpaint 2.0,Gravelord Grey,,Vallejo,Model Color,Dark Blue Grey (70.867),,Speedpaint Comparison,96.1,Medium,layer paints,ArmyCrafter Speedpaint 2.0 comparison document,speedpaint_grimblack_thru_absolution green      (1).docx,Parsed from uploaded Speedpaint comparison DOCX.
Army Painter,Speedpaint 2.0,Gravelord Grey,,Vallejo,Model Air,USN Sea Blue (71.295),,Speedpaint Comparison,98.6,High,airbrush paints,ArmyCrafter Speedpaint 2.0 comparison document,speedpaint_grimblack_thru_absolution green      (1).docx,Parsed from uploaded Speedpaint comparison DOCX.
Army Painter,Speedpaint 2.0,Gravelord Grey,,Vallejo,Model Air,Amt-12 Dark Grey (71.308),,Speedpaint Comparison,98.6,High,airbrush paints,ArmyCrafter Speedpaint 2.0 comparison document,speedpaint_grimblack_thru_absolution green      (1).docx,Parsed from uploaded Speedpaint comparison DOCX.
Army Painter,Speedpaint 2.0,Gravelord Grey,,Vallejo,Model Air,Blue Grey (71.115),,Speedpaint Comparison,98.6,High,airbrush paints,ArmyCrafter Speedpaint 2.0 comparison document,speedpaint_grimblack_thru_absolution green      (1).docx,Parsed from uploaded Speedpaint comparison DOCX.
Army Painter,Speedpaint 2.0,Gravelord Grey,,Vallejo,Model Air,Dark Brown RLM61 (71.042),,Speedpaint Comparison,98.1,High,airbrush paints,ArmyCrafter Speedpaint 2.0 comparison document,speedpaint_grimblack_thru_absolution green      (1).docx,Parsed from uploaded Speedpaint comparison DOCX.
Army Painter,Speedpaint 2.0,Gravelord Grey,,Vallejo,Model Air,Dark Grey Blue (71.054),,Speedpaint Comparison,97.9,Medium,airbrush paints,ArmyCrafter Speedpaint 2.0 comparison document,speedpaint_grimblack_thru_absolution green      (1).docx,Parsed from uploaded Speedpaint comparison DOCX.
Army Painter,Speedpaint 2.0,Gravelord Grey,,Vallejo,Game Air,Black (76.051),,Speedpaint Comparison,97.7,Medium,airbrush paints,ArmyCrafter Speedpaint 2.0 comparison document,speedpaint_grimblack_thru_absolution green      (1).docx,Parsed from uploaded Speedpaint comparison DOCX.
Army Painter,Speedpaint 2.0,Gravelord Grey,,Vallejo,Game Air,Black (70.602),,Speedpaint Comparison,97.7,Medium,airbrush paints,ArmyCrafter Speedpaint 2.0 comparison document,speedpaint_grimblack_thru_absolution green      (1).docx,Parsed from uploaded Speedpaint comparison DOCX.
Army Painter,Speedpaint 2.0,Gravelord Grey,,Vallejo,Model Air,6K Russian Brown (71.282),,Speedpaint Comparison,97.7,Medium,airbrush paints,ArmyCrafter Speedpaint 2.0 comparison document,speedpaint_grimblack_thru_absolution green      (1).docx,Parsed from uploaded Speedpaint comparison DOCX.
Army Painter,Speedpaint 2.0,Gravelord Grey,,Vallejo,Model Air,Panzer Dark Grey (71.056),,Speedpaint Comparison,97.4,Medium,airbrush paints,ArmyCrafter Speedpaint 2.0 comparison document,speedpaint_grimblack_thru_absolution green      (1).docx,Parsed from uploaded Speedpaint comparison DOCX.
Army Painter,Speedpaint 2.0,Gravelord Grey,,Vallejo,Model Air,Green RLM72 (71.263),,Speedpaint Comparison,97.3,Medium,airbrush paints,ArmyCrafter Speedpaint 2.0 comparison document,speedpaint_grimblack_thru_absolution green      (1).docx,Parsed from uploaded Speedpaint comparison DOCX.
Army Painter,Speedpaint 2.0,Gravelord Grey,,Vallejo,Model Air,Anthracite Grey (71.052),,Speedpaint Comparison,96.7,Medium,airbrush paints,ArmyCrafter Speedpaint 2.0 comparison document,speedpaint_grimblack_thru_absolution green      (1).docx,Parsed from uploaded Speedpaint comparison DOCX.
Army Painter,Speedpaint 2.0,Gravelord Grey,,Vallejo,Model Air,3B Russian Green (71.281),,Speedpaint Comparison,96.4,Medium,airbrush paints,ArmyCrafter Speedpaint 2.0 comparison document,speedpaint_grimblack_thru_absolution green      (1).docx,Parsed from uploaded Speedpaint comparison DOCX.
Army Painter,Speedpaint 2.0,Gravelord Grey,,Vallejo,Model Air,Tire Black (71.315),,Speedpaint Comparison,95.9,Medium,airbrush paints,ArmyCrafter Speedpaint 2.0 comparison document,speedpaint_grimblack_thru_absolution green      (1).docx,Parsed from uploaded Speedpaint comparison DOCX.
Army Painter,Speedpaint 2.0,Gravelord Grey,,Vallejo,Model Air,Grey Blue (71.005),,Speedpaint Comparison,95.8,Medium,airbrush paints,ArmyCrafter Speedpaint 2.0 comparison document,speedpaint_grimblack_thru_absolution green      (1).docx,Parsed from uploaded Speedpaint comparison DOCX.
Army Painter,Speedpaint 2.0,Gravelord Grey,,Vallejo,Model Air,German Panzer Grey (603),,Speedpaint Comparison,95.6,Medium,airbrush paints,ArmyCrafter Speedpaint 2.0 comparison document,speedpaint_grimblack_thru_absolution green      (1).docx,Parsed from uploaded Speedpaint comparison DOCX.
Army Painter,Speedpaint 2.0,Gravelord Grey,,Vallejo,Model Air,Black Grey RLM66 (71.055),,Speedpaint Comparison,95.3,Medium,airbrush paints,ArmyCrafter Speedpaint 2.0 comparison document,speedpaint_grimblack_thru_absolution green      (1).docx,Parsed from uploaded Speedpaint comparison DOCX.
Army Painter,Speedpaint 2.0,Occultist Cloak,,Vallejo,Model Air,Signal Blue (71.091),,Speedpaint Comparison,97.9,Medium,airbrush paints,ArmyCrafter Speedpaint 2.0 comparison document,speedpaint_grimblack_thru_absolution green      (1).docx,Parsed from uploaded Speedpaint comparison DOCX.
Army Painter,Speedpaint 2.0,Occultist Cloak,,Vallejo,Model Color,Dark Grey (70.994),,Speedpaint Comparison,97.7,Medium,layer paints,ArmyCrafter Speedpaint 2.0 comparison document,speedpaint_grimblack_thru_absolution green      (1).docx,Parsed from uploaded Speedpaint comparison DOCX.
Army Painter,Speedpaint 2.0,Occultist Cloak,,Scale75,Fantasy & Games,Necro Grey (SFG42),,Speedpaint Comparison,95.4,Medium,layer paints,ArmyCrafter Speedpaint 2.0 comparison document,speedpaint_grimblack_thru_absolution green      (1).docx,Parsed from uploaded Speedpaint comparison DOCX.
Army Painter,Speedpaint 2.0,Grim Black,,Scale75,Inktensity,Inktense Black (SC79),,Speedpaint Comparison,98.2,High,inks,ArmyCrafter Speedpaint 2.0 comparison document,speedpaint_grimblack_thru_absolution green      (1).docx,Parsed from uploaded Speedpaint comparison DOCX.
Army Painter,Speedpaint 2.0,Grim Black,,Vallejo,Game Color,Black (72.094),,Speedpaint Comparison,98.2,High,inks,ArmyCrafter Speedpaint 2.0 comparison document,speedpaint_grimblack_thru_absolution green      (1).docx,Parsed from uploaded Speedpaint comparison DOCX.
Army Painter,Speedpaint 2.0,Grim Black,,Citadel,Air,Abaddon Black,,Speedpaint Comparison,98.2,High,airbrush paints,ArmyCrafter Speedpaint 2.0 comparison document,speedpaint_grimblack_thru_absolution green      (1).docx,Parsed from uploaded Speedpaint comparison DOCX.
Army Painter,Speedpaint 2.0,Grim Black,,Vallejo,Model Air,Black (602),,Speedpaint Comparison,98.2,High,airbrush paints,ArmyCrafter Speedpaint 2.0 comparison document,speedpaint_grimblack_thru_absolution green      (1).docx,Parsed from uploaded Speedpaint comparison DOCX.
Army Painter,Speedpaint 2.0,Grim Black,,Citadel,Air,Corvus Black,,Speedpaint Comparison,96.2,Medium,airbrush paints,ArmyCrafter Speedpaint 2.0 comparison document,speedpaint_grimblack_thru_absolution green      (1).docx,Parsed from uploaded Speedpaint comparison DOCX.
Army Painter,Speedpaint 2.0,Grim Black,,Vallejo,Metal Color,Gloss Black Primer (77.660),,Speedpaint Comparison,95.8,Medium,airbrush paints,ArmyCrafter Speedpaint 2.0 comparison document,speedpaint_grimblack_thru_absolution green      (1).docx,Parsed from uploaded Speedpaint comparison DOCX.
Army Painter,Speedpaint 2.0,Grim Black,,Citadel,Spray,Chaos Black,,Speedpaint Comparison,98.2,High,spray paints,ArmyCrafter Speedpaint 2.0 comparison document,speedpaint_grimblack_thru_absolution green      (1).docx,Parsed from uploaded Speedpaint comparison DOCX.
Army Painter,Speedpaint 2.0,Grim Black,,Vallejo,Hobby Paint,Black (28.012),,Speedpaint Comparison,98.1,High,spray paints,ArmyCrafter Speedpaint 2.0 comparison document,speedpaint_grimblack_thru_absolution green      (1).docx,Parsed from uploaded Speedpaint comparison DOCX.
Army Painter,Speedpaint 2.0,Grim Black,,Citadel,Base,Abaddon Black,,Speedpaint Comparison,98.2,High,base paints,ArmyCrafter Speedpaint 2.0 comparison document,speedpaint_grimblack_thru_absolution green      (1).docx,Parsed from uploaded Speedpaint comparison DOCX.
Army Painter,Speedpaint 2.0,Grim Black,,Citadel,Base,Corvus Black,,Speedpaint Comparison,96.2,Medium,base paints,ArmyCrafter Speedpaint 2.0 comparison document,speedpaint_grimblack_thru_absolution green      (1).docx,Parsed from uploaded Speedpaint comparison DOCX.
Army Painter,Speedpaint 2.0,Grim Black,,Vallejo,Game Color,Black (72.051),,Speedpaint Comparison,98.2,High,layer paints,ArmyCrafter Speedpaint 2.0 comparison document,speedpaint_grimblack_thru_absolution green      (1).docx,Parsed from uploaded Speedpaint comparison DOCX.
Army Painter,Speedpaint 2.0,Grim Black,,Army Painter,Warpaints Fanatic,Matt Black,,Speedpaint Comparison,98.2,High,layer paints,ArmyCrafter Speedpaint 2.0 comparison document,speedpaint_grimblack_thru_absolution green      (1).docx,Parsed from uploaded Speedpaint comparison DOCX.
Army Painter,Speedpaint 2.0,Grim Black,,Scale75,Scalecolor,Black (SC00),,Speedpaint Comparison,98.2,High,layer paints,ArmyCrafter Speedpaint 2.0 comparison document,speedpaint_grimblack_thru_absolution green      (1).docx,Parsed from uploaded Speedpaint comparison DOCX.
Army Painter,Speedpaint 2.0,Grim Black,,Scale75,Fantasy & Games,Decay Black (SFG00),,Speedpaint Comparison,98.2,High,layer paints,ArmyCrafter Speedpaint 2.0 comparison document,speedpaint_grimblack_thru_absolution green      (1).docx,Parsed from uploaded Speedpaint comparison DOCX.
Army Painter,Speedpaint 2.0,Grim Black,,Army Painter,Warpaints,Dark Tone,,Speedpaint Comparison,97.2,Medium,washes,ArmyCrafter Speedpaint 2.0 comparison document,speedpaint_grimblack_thru_absolution green      (1).docx,Parsed from uploaded Speedpaint comparison DOCX.
Army Painter,Speedpaint 2.0,Holy White,,Army Painter,Speedpaint 2.0,Blinding Light,,Speedpaint Comparison,96.1,Medium,speed paints,ArmyCrafter Speedpaint 2.0 comparison document,speedpaint_grimblack_thru_absolution green      (1).docx,Parsed from uploaded Speedpaint comparison DOCX.
Army Painter,Speedpaint 2.0,Holy White,,Vallejo,Hobby Paint,White (28.010),,Speedpaint Comparison,97.8,Medium,spray paints,ArmyCrafter Speedpaint 2.0 comparison document,speedpaint_grimblack_thru_absolution green      (1).docx,Parsed from uploaded Speedpaint comparison DOCX.
Army Painter,Speedpaint 2.0,Holy White,,Citadel,Spray,White Scar,,Speedpaint Comparison,96.1,Medium,spray paints,ArmyCrafter Speedpaint 2.0 comparison document,speedpaint_grimblack_thru_absolution green      (1).docx,Parsed from uploaded Speedpaint comparison DOCX.
Army Painter,Speedpaint 2.0,Holy White,,Two Thin Coats,Wave 1,White Star,,Speedpaint Comparison,96.2,Medium,layer paints,ArmyCrafter Speedpaint 2.0 comparison document,speedpaint_grimblack_thru_absolution green      (1).docx,Parsed from uploaded Speedpaint comparison DOCX.
Army Painter,Speedpaint 2.0,Holy White,,Vallejo,Model Color,White (70.951),,Speedpaint Comparison,96.1,Medium,layer paints,ArmyCrafter Speedpaint 2.0 comparison document,speedpaint_grimblack_thru_absolution green      (1).docx,Parsed from uploaded Speedpaint comparison DOCX.
Army Painter,Speedpaint 2.0,Holy White,,Citadel,Layer,White Scar,,Speedpaint Comparison,96.1,Medium,layer paints,ArmyCrafter Speedpaint 2.0 comparison document,speedpaint_grimblack_thru_absolution green      (1).docx,Parsed from uploaded Speedpaint comparison DOCX.
Army Painter,Speedpaint 2.0,Holy White,,Army Painter,Warpaints Fanatic,Matt White,,Speedpaint Comparison,96.1,Medium,layer paints,ArmyCrafter Speedpaint 2.0 comparison document,speedpaint_grimblack_thru_absolution green      (1).docx,Parsed from uploaded Speedpaint comparison DOCX.
Army Painter,Speedpaint 2.0,Holy White,,Vallejo,Game Color,Dead White (72.001),,Speedpaint Comparison,96.1,Medium,layer paints,ArmyCrafter Speedpaint 2.0 comparison document,speedpaint_grimblack_thru_absolution green      (1).docx,Parsed from uploaded Speedpaint comparison DOCX.
Army Painter,Speedpaint 2.0,Holy White,,AK Interactive,3rd Gen Acrylic,White - Intense (AK11001),,Speedpaint Comparison,96.1,Medium,layer paints,ArmyCrafter Speedpaint 2.0 comparison document,speedpaint_grimblack_thru_absolution green      (1).docx,Parsed from uploaded Speedpaint comparison DOCX.
Army Painter,Speedpaint 2.0,Holy White,,Citadel,Base,Corax White,,Speedpaint Comparison,96.1,Medium,base paints,ArmyCrafter Speedpaint 2.0 comparison document,speedpaint_grimblack_thru_absolution green      (1).docx,Parsed from uploaded Speedpaint comparison DOCX.
Army Painter,Speedpaint 2.0,Holy White,,Citadel,Dry,Praxeti White,,Speedpaint Comparison,96.1,Medium,drybrush paints,ArmyCrafter Speedpaint 2.0 comparison document,speedpaint_grimblack_thru_absolution green      (1).docx,Parsed from uploaded Speedpaint comparison DOCX.
Army Painter,Speedpaint 2.0,Holy White,,Citadel,Air,White Scar,,Speedpaint Comparison,96.1,Medium,airbrush paints,ArmyCrafter Speedpaint 2.0 comparison document,speedpaint_grimblack_thru_absolution green      (1).docx,Parsed from uploaded Speedpaint comparison DOCX.
Army Painter,Speedpaint 2.0,Holy White,,Vallejo,Model Air,White (600),,Speedpaint Comparison,96.1,Medium,airbrush paints,ArmyCrafter Speedpaint 2.0 comparison document,speedpaint_grimblack_thru_absolution green      (1).docx,Parsed from uploaded Speedpaint comparison DOCX.
Army Painter,Speedpaint 2.0,Holy White,,Vallejo,Game Air,Dead White (76.001),,Speedpaint Comparison,96.1,Medium,airbrush paints,ArmyCrafter Speedpaint 2.0 comparison document,speedpaint_grimblack_thru_absolution green      (1).docx,Parsed from uploaded Speedpaint comparison DOCX.
Army Painter,Speedpaint 2.0,Holy White,,Vallejo,Game Air,White (70.600),,Speedpaint Comparison,96.1,Medium,airbrush paints,ArmyCrafter Speedpaint 2.0 comparison document,speedpaint_grimblack_thru_absolution green      (1).docx,Parsed from uploaded Speedpaint comparison DOCX.
Army Painter,Speedpaint 2.0,Holy White,,Vallejo,Model Air,White (71.001),,Speedpaint Comparison,96.0,Medium,airbrush paints,ArmyCrafter Speedpaint 2.0 comparison document,speedpaint_grimblack_thru_absolution green      (1).docx,Parsed from uploaded Speedpaint comparison DOCX.
Army Painter,Speedpaint 2.0,Holy White,,Vallejo,Game Color,White (72.082),,Speedpaint Comparison,96.1,Medium,inks,ArmyCrafter Speedpaint 2.0 comparison document,speedpaint_grimblack_thru_absolution green      (1).docx,Parsed from uploaded Speedpaint comparison DOCX.
Army Painter,Speedpaint 2.0,Holy White,,Scale75,Inktensity,Inktense White (SC102),,Speedpaint Comparison,96.1,Medium,inks,ArmyCrafter Speedpaint 2.0 comparison document,speedpaint_grimblack_thru_absolution green      (1).docx,Parsed from uploaded Speedpaint comparison DOCX.
Army Painter,Speedpaint 2.0,Blinding Light,,Army Painter,Speedpaint 2.0,Holy White,,Speedpaint Comparison,96.1,Medium,speed paints,ArmyCrafter Speedpaint 2.0 comparison document,speedpaint_grimblack_thru_absolution green      (1).docx,Parsed from uploaded Speedpaint comparison DOCX.
Army Painter,Speedpaint 2.0,Blinding Light,,Vallejo,Game Color,White (72.082),,Speedpaint Comparison,99.5,High,inks,ArmyCrafter Speedpaint 2.0 comparison document,speedpaint_grimblack_thru_absolution green      (1).docx,Parsed from uploaded Speedpaint comparison DOCX.
Army Painter,Speedpaint 2.0,Blinding Light,,Scale75,Inktensity,Inktense White (SC102),,Speedpaint Comparison,99.5,High,inks,ArmyCrafter Speedpaint 2.0 comparison document,speedpaint_grimblack_thru_absolution green      (1).docx,Parsed from uploaded Speedpaint comparison DOCX.
Army Painter,Speedpaint 2.0,Blinding Light,,Citadel,Spray,White Scar,,Speedpaint Comparison,99.5,High,spray paints,ArmyCrafter Speedpaint 2.0 comparison document,speedpaint_grimblack_thru_absolution green      (1).docx,Parsed from uploaded Speedpaint comparison DOCX.
Army Painter,Speedpaint 2.0,Blinding Light,,Vallejo,Hobby Paint,White (28.010),,Speedpaint Comparison,96.7,Medium,spray paints,ArmyCrafter Speedpaint 2.0 comparison document,speedpaint_grimblack_thru_absolution green      (1).docx,Parsed from uploaded Speedpaint comparison DOCX.
Army Painter,Speedpaint 2.0,Blinding Light,,Monument,Pro Acryl Signature,Heavy Titanium White (S21),,Speedpaint Comparison,99.5,High,layer paints,ArmyCrafter Speedpaint 2.0 comparison document,speedpaint_grimblack_thru_absolution green      (1).docx,Parsed from uploaded Speedpaint comparison DOCX.
Army Painter,Speedpaint 2.0,Blinding Light,,Vallejo,Model Color,White (70.951),,Speedpaint Comparison,99.5,High,layer paints,ArmyCrafter Speedpaint 2.0 comparison document,speedpaint_grimblack_thru_absolution green      (1).docx,Parsed from uploaded Speedpaint comparison DOCX.
Army Painter,Speedpaint 2.0,Blinding Light,,Citadel,Layer,White Scar,,Speedpaint Comparison,99.5,High,layer paints,ArmyCrafter Speedpaint 2.0 comparison document,speedpaint_grimblack_thru_absolution green      (1).docx,Parsed from uploaded Speedpaint comparison DOCX.
Army Painter,Speedpaint 2.0,Blinding Light,,Army Painter,Warpaints Fanatic,Matt White,,Speedpaint Comparison,99.5,High,layer paints,ArmyCrafter Speedpaint 2.0 comparison document,speedpaint_grimblack_thru_absolution green      (1).docx,Parsed from uploaded Speedpaint comparison DOCX.
Army Painter,Speedpaint 2.0,Blinding Light,,Vallejo,Game Color,Dead White (72.001),,Speedpaint Comparison,99.5,High,layer paints,ArmyCrafter Speedpaint 2.0 comparison document,speedpaint_grimblack_thru_absolution green      (1).docx,Parsed from uploaded Speedpaint comparison DOCX.
Army Painter,Speedpaint 2.0,Blinding Light,,AK Interactive,3rd Gen Acrylic,White - Intense (AK11001),,Speedpaint Comparison,99.5,High,layer paints,ArmyCrafter Speedpaint 2.0 comparison document,speedpaint_grimblack_thru_absolution green      (1).docx,Parsed from uploaded Speedpaint comparison DOCX.
Army Painter,Speedpaint 2.0,Blinding Light,,Citadel,Base,Corax White,,Speedpaint Comparison,99.5,High,base paints,ArmyCrafter Speedpaint 2.0 comparison document,speedpaint_grimblack_thru_absolution green      (1).docx,Parsed from uploaded Speedpaint comparison DOCX.
Army Painter,Speedpaint 2.0,Blinding Light,,Citadel,Dry,Praxeti White,,Speedpaint Comparison,99.5,High,drybrush paints,ArmyCrafter Speedpaint 2.0 comparison document,speedpaint_grimblack_thru_absolution green      (1).docx,Parsed from uploaded Speedpaint comparison DOCX.
Army Painter,Speedpaint 2.0,Blinding Light,,Vallejo,Game Air,Dead White (76.001),,Speedpaint Comparison,99.9,High,airbrush paints,ArmyCrafter Speedpaint 2.0 comparison document,speedpaint_grimblack_thru_absolution green      (1).docx,Parsed from uploaded Speedpaint comparison DOCX.
Army Painter,Speedpaint 2.0,Blinding Light,,Vallejo,Game Air,White (70.600),,Speedpaint Comparison,99.9,High,airbrush paints,ArmyCrafter Speedpaint 2.0 comparison document,speedpaint_grimblack_thru_absolution green      (1).docx,Parsed from uploaded Speedpaint comparison DOCX.
Army Painter,Speedpaint 2.0,Blinding Light,,Citadel,Air,White Scar,,Speedpaint Comparison,99.5,High,airbrush paints,ArmyCrafter Speedpaint 2.0 comparison document,speedpaint_grimblack_thru_absolution green      (1).docx,Parsed from uploaded Speedpaint comparison DOCX.
Army Painter,Speedpaint 2.0,Blinding Light,,Vallejo,Model Air,White (600),,Speedpaint Comparison,99.5,High,airbrush paints,ArmyCrafter Speedpaint 2.0 comparison document,speedpaint_grimblack_thru_absolution green      (1).docx,Parsed from uploaded Speedpaint comparison DOCX.
Army Painter,Speedpaint 2.0,Blinding Light,,Vallejo,Model Air,White (71.001),,Speedpaint Comparison,97.5,Medium,airbrush paints,ArmyCrafter Speedpaint 2.0 comparison document,speedpaint_grimblack_thru_absolution green      (1).docx,Parsed from uploaded Speedpaint comparison DOCX.
Army Painter,Speedpaint 2.0,Cloudburst Blue,,Vallejo,Model Color,Oxford Blue (70.807),,Speedpaint Comparison,95.9,Medium,layer paints,ArmyCrafter Speedpaint 2.0 comparison document,speedpaint_grimblack_thru_absolution green      (1).docx,Parsed from uploaded Speedpaint comparison DOCX.
Army Painter,Speedpaint 2.0,Cloudburst Blue,,Monument,Pro Acryl Signature,Payne's Grey (S02),,Speedpaint Comparison,95.6,Medium,layer paints,ArmyCrafter Speedpaint 2.0 comparison document,speedpaint_grimblack_thru_absolution green      (1).docx,Parsed from uploaded Speedpaint comparison DOCX.
Army Painter,Speedpaint 2.0,Cloudburst Blue,,Vallejo,Model Air,Deep Sky (71.090),,Speedpaint Comparison,99.3,High,airbrush paints,ArmyCrafter Speedpaint 2.0 comparison document,speedpaint_grimblack_thru_absolution green      (1).docx,Parsed from uploaded Speedpaint comparison DOCX.
Army Painter,Speedpaint 2.0,Battleship Grey,,Army Painter,Speedpaint 2.0,Ashen Stone,,Speedpaint Comparison,95.6,Medium,speed paints,ArmyCrafter Speedpaint 2.0 comparison document,speedpaint_grimblack_thru_absolution green      (1).docx,Parsed from uploaded Speedpaint comparison DOCX.
Army Painter,Speedpaint 2.0,Battleship Grey,,Vallejo,Game Color,Wolf Grey (72.047),,Speedpaint Comparison,97.8,Medium,layer paints,ArmyCrafter Speedpaint 2.0 comparison document,speedpaint_grimblack_thru_absolution green      (1).docx,Parsed from uploaded Speedpaint comparison DOCX.
Army Painter,Speedpaint 2.0,Battleship Grey,,Scale75,Scalecolor,Artic Blue (SC05),,Speedpaint Comparison,97.7,Medium,layer paints,ArmyCrafter Speedpaint 2.0 comparison document,speedpaint_grimblack_thru_absolution green      (1).docx,Parsed from uploaded Speedpaint comparison DOCX.
Army Painter,Speedpaint 2.0,Battleship Grey,,Two Thin Coats,Wave 3,Ion Blue,,Speedpaint Comparison,95.1,Medium,layer paints,ArmyCrafter Speedpaint 2.0 comparison document,speedpaint_grimblack_thru_absolution green      (1).docx,Parsed from uploaded Speedpaint comparison DOCX.
Army Painter,Speedpaint 2.0,Battleship Grey,,Vallejo,Game Air,Wolf Grey (76.047),,Speedpaint Comparison,97.3,Medium,airbrush paints,ArmyCrafter Speedpaint 2.0 comparison document,speedpaint_grimblack_thru_absolution green      (1).docx,Parsed from uploaded Speedpaint comparison DOCX.
Army Painter,Speedpaint 2.0,Battleship Grey,,Vallejo,Model Air,Underside Blue “Faded” (71.332),,Speedpaint Comparison,97.3,Medium,airbrush paints,ArmyCrafter Speedpaint 2.0 comparison document,speedpaint_grimblack_thru_absolution green      (1).docx,Parsed from uploaded Speedpaint comparison DOCX.
Army Painter,Speedpaint 2.0,Battleship Grey,,Vallejo,Model Air,Sky Blue (71.306),,Speedpaint Comparison,96.5,Medium,airbrush paints,ArmyCrafter Speedpaint 2.0 comparison document,speedpaint_grimblack_thru_absolution green      (1).docx,Parsed from uploaded Speedpaint comparison DOCX.
Army Painter,Speedpaint 2.0,Ashen Stone,,Army Painter,Speedpaint 2.0,Battleship Grey,,Speedpaint Comparison,95.6,Medium,speed paints,ArmyCrafter Speedpaint 2.0 comparison document,speedpaint_grimblack_thru_absolution green      (1).docx,Parsed from uploaded Speedpaint comparison DOCX.
Army Painter,Speedpaint 2.0,Ashen Stone,,Vallejo,Hobby Paint,Grey (28.011),,Speedpaint Comparison,95.9,Medium,spray paints,ArmyCrafter Speedpaint 2.0 comparison document,speedpaint_grimblack_thru_absolution green      (1).docx,Parsed from uploaded Speedpaint comparison DOCX.
Army Painter,Speedpaint 2.0,Ashen Stone,,Vallejo,Hobby Paint,Wolf Grey (28.020),,Speedpaint Comparison,95.4,Medium,spray paints,ArmyCrafter Speedpaint 2.0 comparison document,speedpaint_grimblack_thru_absolution green      (1).docx,Parsed from uploaded Speedpaint comparison DOCX.
Army Painter,Speedpaint 2.0,Ashen Stone,,AK Interactive,3rd Gen Acrylic,Spectrum Blue (AK11162),,Speedpaint Comparison,98.2,High,layer paints,ArmyCrafter Speedpaint 2.0 comparison document,speedpaint_grimblack_thru_absolution green      (1).docx,Parsed from uploaded Speedpaint comparison DOCX.
Army Painter,Speedpaint 2.0,Ashen Stone,,Scale75,Scalecolor,Artic Blue (SC05),,Speedpaint Comparison,96.2,Medium,layer paints,ArmyCrafter Speedpaint 2.0 comparison document,speedpaint_grimblack_thru_absolution green      (1).docx,Parsed from uploaded Speedpaint comparison DOCX.
Army Painter,Speedpaint 2.0,Ashen Stone,,Vallejo,Game Color,Wolf Grey (72.047),,Speedpaint Comparison,95.6,Medium,layer paints,ArmyCrafter Speedpaint 2.0 comparison document,speedpaint_grimblack_thru_absolution green      (1).docx,Parsed from uploaded Speedpaint comparison DOCX.
Army Painter,Speedpaint 2.0,Ashen Stone,,Vallejo,Model Air,USAF Light Gray (71.276),,Speedpaint Comparison,97.6,Medium,airbrush paints,ArmyCrafter Speedpaint 2.0 comparison document,speedpaint_grimblack_thru_absolution green      (1).docx,Parsed from uploaded Speedpaint comparison DOCX.
Army Painter,Speedpaint 2.0,Ashen Stone,,Vallejo,Model Air,Sky Blue (71.306),,Speedpaint Comparison,96.4,Medium,airbrush paints,ArmyCrafter Speedpaint 2.0 comparison document,speedpaint_grimblack_thru_absolution green      (1).docx,Parsed from uploaded Speedpaint comparison DOCX.
Army Painter,Speedpaint 2.0,Ashen Stone,,Vallejo,Model Air,Grey (601),,Speedpaint Comparison,96.3,Medium,airbrush paints,ArmyCrafter Speedpaint 2.0 comparison document,speedpaint_grimblack_thru_absolution green      (1).docx,Parsed from uploaded Speedpaint comparison DOCX.
Army Painter,Speedpaint 2.0,Ashen Stone,,Vallejo,Game Air,Wolf Grey (76.047),,Speedpaint Comparison,95.6,Medium,airbrush paints,ArmyCrafter Speedpaint 2.0 comparison document,speedpaint_grimblack_thru_absolution green      (1).docx,Parsed from uploaded Speedpaint comparison DOCX.
Army Painter,Speedpaint 2.0,Ashen Stone,,Vallejo,Model Air,Flanker Light Blue (71.334),,Speedpaint Comparison,95.1,Medium,airbrush paints,ArmyCrafter Speedpaint 2.0 comparison document,speedpaint_grimblack_thru_absolution green      (1).docx,Parsed from uploaded Speedpaint comparison DOCX.
Army Painter,Speedpaint 2.0,Runic Grey,,Vallejo,Model Color,Pastel Blue (70.901),,Speedpaint Comparison,96.8,Medium,layer paints,ArmyCrafter Speedpaint 2.0 comparison document,speedpaint_grimblack_thru_absolution green      (1).docx,Parsed from uploaded Speedpaint comparison DOCX.
Army Painter,Speedpaint 2.0,Runic Grey,,Citadel,Layer,Russ Grey,,Speedpaint Comparison,96.3,Medium,layer paints,ArmyCrafter Speedpaint 2.0 comparison document,speedpaint_grimblack_thru_absolution green      (1).docx,Parsed from uploaded Speedpaint comparison DOCX.
Army Painter,Speedpaint 2.0,Runic Grey,,Vallejo,Model Color,Grey Blue (70.943),,Speedpaint Comparison,96.2,Medium,layer paints,ArmyCrafter Speedpaint 2.0 comparison document,speedpaint_grimblack_thru_absolution green      (1).docx,Parsed from uploaded Speedpaint comparison DOCX.
Army Painter,Speedpaint 2.0,Runic Grey,,Army Painter,Warpaints,Wolf Grey,,Speedpaint Comparison,95.7,Medium,layer paints,ArmyCrafter Speedpaint 2.0 comparison document,speedpaint_grimblack_thru_absolution green      (1).docx,Parsed from uploaded Speedpaint comparison DOCX.
Army Painter,Speedpaint 2.0,Runic Grey,,Vallejo,Model Air,IDF Blue (71.113),,Speedpaint Comparison,96.3,Medium,airbrush paints,ArmyCrafter Speedpaint 2.0 comparison document,speedpaint_grimblack_thru_absolution green      (1).docx,Parsed from uploaded Speedpaint comparison DOCX.
Army Painter,Speedpaint 2.0,Runic Grey,,Citadel,Air,Russ Grey,,Speedpaint Comparison,96.3,Medium,airbrush paints,ArmyCrafter Speedpaint 2.0 comparison document,speedpaint_grimblack_thru_absolution green      (1).docx,Parsed from uploaded Speedpaint comparison DOCX.
Army Painter,Speedpaint 2.0,Runic Grey,,Vallejo,Model Air,Medium Gray (71.114),,Speedpaint Comparison,95.9,Medium,airbrush paints,ArmyCrafter Speedpaint 2.0 comparison document,speedpaint_grimblack_thru_absolution green      (1).docx,Parsed from uploaded Speedpaint comparison DOCX.
Army Painter,Speedpaint 2.0,Dusk Red,,Vallejo,Xpress Color,Dwarf Skin (72.402),,Speedpaint Comparison,95.6,Medium,speed paints,ArmyCrafter Speedpaint 2.0 comparison document,speedpaint_grimblack_thru_absolution green      (1).docx,Parsed from uploaded Speedpaint comparison DOCX.
Army Painter,Speedpaint 2.0,Dusk Red,,Vallejo,Hobby Paint,Gory Red (28.029),,Speedpaint Comparison,98.2,High,spray paints,ArmyCrafter Speedpaint 2.0 comparison document,speedpaint_grimblack_thru_absolution green      (1).docx,Parsed from uploaded Speedpaint comparison DOCX.
Army Painter,Speedpaint 2.0,Dusk Red,,Vallejo,Model Color,Burnt Red (70.814),,Speedpaint Comparison,97.9,Medium,layer paints,ArmyCrafter Speedpaint 2.0 comparison document,speedpaint_grimblack_thru_absolution green      (1).docx,Parsed from uploaded Speedpaint comparison DOCX.
Army Painter,Speedpaint 2.0,Dusk Red,,Scale75,Scalecolor,Indian Shadow (SC23),,Speedpaint Comparison,97.8,Medium,layer paints,ArmyCrafter Speedpaint 2.0 comparison document,speedpaint_grimblack_thru_absolution green      (1).docx,Parsed from uploaded Speedpaint comparison DOCX.
Army Painter,Speedpaint 2.0,Dusk Red,,Two Thin Coats,Wave 2,Dread Red,,Speedpaint Comparison,97.5,Medium,layer paints,ArmyCrafter Speedpaint 2.0 comparison document,speedpaint_grimblack_thru_absolution green      (1).docx,Parsed from uploaded Speedpaint comparison DOCX.
Army Painter,Speedpaint 2.0,Dusk Red,,Scale75,Scalecolor,Red Leather (SC30),,Speedpaint Comparison,96.5,Medium,layer paints,ArmyCrafter Speedpaint 2.0 comparison document,speedpaint_grimblack_thru_absolution green      (1).docx,Parsed from uploaded Speedpaint comparison DOCX.
Army Painter,Speedpaint 2.0,Dusk Red,,Two Thin Coats,Wave 3,Red Rage,,Speedpaint Comparison,95.8,Medium,layer paints,ArmyCrafter Speedpaint 2.0 comparison document,speedpaint_grimblack_thru_absolution green      (1).docx,Parsed from uploaded Speedpaint comparison DOCX.
Army Painter,Speedpaint 2.0,Dusk Red,,Army Painter,Warpaints Fanatic,Fur Brown,,Speedpaint Comparison,95.7,Medium,layer paints,ArmyCrafter Speedpaint 2.0 comparison document,speedpaint_grimblack_thru_absolution green      (1).docx,Parsed from uploaded Speedpaint comparison DOCX.
Army Painter,Speedpaint 2.0,Dusk Red,,Vallejo,Model Air,Brown RLM26 (71.105),,Speedpaint Comparison,95.2,Medium,airbrush paints,ArmyCrafter Speedpaint 2.0 comparison document,speedpaint_grimblack_thru_absolution green      (1).docx,Parsed from uploaded Speedpaint comparison DOCX.
Army Painter,Speedpaint 2.0,Satchel Brown,,Vallejo,Xpress Color,Tanned Skin (72.471),,Speedpaint Comparison,96.8,Medium,speed paints,ArmyCrafter Speedpaint 2.0 comparison document,speedpaint_grimblack_thru_absolution green      (1).docx,Parsed from uploaded Speedpaint comparison DOCX.
Army Painter,Speedpaint 2.0,Satchel Brown,,Army Painter,Speedpaint 2.0,Burnished Red,,Speedpaint Comparison,95.9,Medium,speed paints,ArmyCrafter Speedpaint 2.0 comparison document,speedpaint_grimblack_thru_absolution green      (1).docx,Parsed from uploaded Speedpaint comparison DOCX.
Army Painter,Speedpaint 2.0,Satchel Brown,,Citadel,Contrast,Cygor Brown,,Speedpaint Comparison,95.6,Medium,speed paints,ArmyCrafter Speedpaint 2.0 comparison document,speedpaint_grimblack_thru_absolution green      (1).docx,Parsed from uploaded Speedpaint comparison DOCX.
Army Painter,Speedpaint 2.0,Satchel Brown,,Vallejo,Xpress Color,Dwarf Skin (72.402),,Speedpaint Comparison,95.2,Medium,speed paints,ArmyCrafter Speedpaint 2.0 comparison document,speedpaint_grimblack_thru_absolution green      (1).docx,Parsed from uploaded Speedpaint comparison DOCX.
Army Painter,Speedpaint 2.0,Satchel Brown,,AK Interactive,3rd Gen Acrylic,Burnt Red (AK11097),,Speedpaint Comparison,98.8,High,layer paints,ArmyCrafter Speedpaint 2.0 comparison document,speedpaint_grimblack_thru_absolution green      (1).docx,Parsed from uploaded Speedpaint comparison DOCX.
Army Painter,Speedpaint 2.0,Satchel Brown,,Vallejo,Game Color,Dark Fleshtone (72.044),,Speedpaint Comparison,98.5,High,layer paints,ArmyCrafter Speedpaint 2.0 comparison document,speedpaint_grimblack_thru_absolution green      (1).docx,Parsed from uploaded Speedpaint comparison DOCX.
Army Painter,Speedpaint 2.0,Satchel Brown,,Vallejo,Game Color,Gorgon Brown (72.124),,Speedpaint Comparison,97.4,Medium,layer paints,ArmyCrafter Speedpaint 2.0 comparison document,speedpaint_grimblack_thru_absolution green      (1).docx,Parsed from uploaded Speedpaint comparison DOCX.
Army Painter,Speedpaint 2.0,Satchel Brown,,Army Painter,Warpaints Fanatic,Dryad Brown,,Speedpaint Comparison,96.4,Medium,layer paints,ArmyCrafter Speedpaint 2.0 comparison document,speedpaint_grimblack_thru_absolution green      (1).docx,Parsed from uploaded Speedpaint comparison DOCX.
Army Painter,Speedpaint 2.0,Satchel Brown,,Two Thin Coats,Wave 3,Red Rage,,Speedpaint Comparison,96.4,Medium,layer paints,ArmyCrafter Speedpaint 2.0 comparison document,speedpaint_grimblack_thru_absolution green      (1).docx,Parsed from uploaded Speedpaint comparison DOCX.
Army Painter,Speedpaint 2.0,Satchel Brown,,Vallejo,Model Color,Dark Red (70.946),,Speedpaint Comparison,96.3,Medium,layer paints,ArmyCrafter Speedpaint 2.0 comparison document,speedpaint_grimblack_thru_absolution green      (1).docx,Parsed from uploaded Speedpaint comparison DOCX.
Army Painter,Speedpaint 2.0,Satchel Brown,,Scale75,Inktensity,Inktense Wood (SC80),,Speedpaint Comparison,95.4,Medium,inks,ArmyCrafter Speedpaint 2.0 comparison document,speedpaint_grimblack_thru_absolution green      (1).docx,Parsed from uploaded Speedpaint comparison DOCX.
Army Painter,Speedpaint 2.0,Satchel Brown,,Citadel,Base,Thondia Brown,,Speedpaint Comparison,97.5,Medium,base paints,ArmyCrafter Speedpaint 2.0 comparison document,speedpaint_grimblack_thru_absolution green      (1).docx,Parsed from uploaded Speedpaint comparison DOCX.
Army Painter,Speedpaint 2.0,Satchel Brown,,Vallejo,Model Air,German Red Brown (71.271),,Speedpaint Comparison,96.7,Medium,airbrush paints,ArmyCrafter Speedpaint 2.0 comparison document,speedpaint_grimblack_thru_absolution green      (1).docx,Parsed from uploaded Speedpaint comparison DOCX.
Army Painter,Speedpaint 2.0,Dark Wood,,Army Painter,Warpaints,Oak Brown,,Speedpaint Comparison,96.3,Medium,layer paints,ArmyCrafter Speedpaint 2.0 comparison document,speedpaint_grimblack_thru_absolution green      (1).docx,Parsed from uploaded Speedpaint comparison DOCX.
Army Painter,Speedpaint 2.0,Dark Wood,,Army Painter,Warpaints Fanatic,Rust Tone,,Speedpaint Comparison,97.1,Medium,washes,ArmyCrafter Speedpaint 2.0 comparison document,speedpaint_grimblack_thru_absolution green      (1).docx,Parsed from uploaded Speedpaint comparison DOCX.
Army Painter,Speedpaint 2.0,Burnished Red,,Vallejo,Xpress Color,Dwarf Skin (72.402),,Speedpaint Comparison,96.2,Medium,speed paints,ArmyCrafter Speedpaint 2.0 comparison document,speedpaint_grimblack_thru_absolution green      (1).docx,Parsed from uploaded Speedpaint comparison DOCX.
Army Painter,Speedpaint 2.0,Burnished Red,,Army Painter,Speedpaint 2.0,Satchel Brown,,Speedpaint Comparison,95.9,Medium,speed paints,ArmyCrafter Speedpaint 2.0 comparison document,speedpaint_grimblack_thru_absolution green      (1).docx,Parsed from uploaded Speedpaint comparison DOCX.
Army Painter,Speedpaint 2.0,Burnished Red,,Vallejo,Xpress Color,Tanned Skin (72.471),,Speedpaint Comparison,95.6,Medium,speed paints,ArmyCrafter Speedpaint 2.0 comparison document,speedpaint_grimblack_thru_absolution green      (1).docx,Parsed from uploaded Speedpaint comparison DOCX.
Army Painter,Speedpaint 2.0,Burnished Red,,Army Painter,Warpaints Fanatic,Dryad Brown,,Speedpaint Comparison,98.7,High,layer paints,ArmyCrafter Speedpaint 2.0 comparison document,speedpaint_grimblack_thru_absolution green      (1).docx,Parsed from uploaded Speedpaint comparison DOCX.
Army Painter,Speedpaint 2.0,Burnished Red,,Army Painter,Warpaints Fanatic,Leather Brown,,Speedpaint Comparison,96.5,Medium,layer paints,ArmyCrafter Speedpaint 2.0 comparison document,speedpaint_grimblack_thru_absolution green      (1).docx,Parsed from uploaded Speedpaint comparison DOCX.
Army Painter,Speedpaint 2.0,Burnished Red,,AK Interactive,3rd Gen Acrylic,Burnt Red (AK11097),,Speedpaint Comparison,96.3,Medium,layer paints,ArmyCrafter Speedpaint 2.0 comparison document,speedpaint_grimblack_thru_absolution green      (1).docx,Parsed from uploaded Speedpaint comparison DOCX.
Army Painter,Speedpaint 2.0,Burnished Red,,Vallejo,Model Color,Flat Brown (70.984),,Speedpaint Comparison,96.1,Medium,layer paints,ArmyCrafter Speedpaint 2.0 comparison document,speedpaint_grimblack_thru_absolution green      (1).docx,Parsed from uploaded Speedpaint comparison DOCX.
Army Painter,Speedpaint 2.0,Burnished Red,,Two Thin Coats,Wave 1,Boar Hide,,Speedpaint Comparison,95.6,Medium,layer paints,ArmyCrafter Speedpaint 2.0 comparison document,speedpaint_grimblack_thru_absolution green      (1).docx,Parsed from uploaded Speedpaint comparison DOCX.
Army Painter,Speedpaint 2.0,Burnished Red,,Vallejo,Model Color,Dark Red (70.946),,Speedpaint Comparison,95.5,Medium,layer paints,ArmyCrafter Speedpaint 2.0 comparison document,speedpaint_grimblack_thru_absolution green      (1).docx,Parsed from uploaded Speedpaint comparison DOCX.
Army Painter,Speedpaint 2.0,Burnished Red,,Citadel,Base,Thondia Brown,,Speedpaint Comparison,96.4,Medium,base paints,ArmyCrafter Speedpaint 2.0 comparison document,speedpaint_grimblack_thru_absolution green      (1).docx,Parsed from uploaded Speedpaint comparison DOCX.
Army Painter,Speedpaint 2.0,Burnished Red,,Vallejo,Model Air,German Red Brown (605),,Speedpaint Comparison,98.1,High,airbrush paints,ArmyCrafter Speedpaint 2.0 comparison document,speedpaint_grimblack_thru_absolution green      (1).docx,Parsed from uploaded Speedpaint comparison DOCX.
Army Painter,Speedpaint 2.0,Burnished Red,,Vallejo,Model Air,German Red Brown (71.271),,Speedpaint Comparison,96.5,Medium,airbrush paints,ArmyCrafter Speedpaint 2.0 comparison document,speedpaint_grimblack_thru_absolution green      (1).docx,Parsed from uploaded Speedpaint comparison DOCX.
Army Painter,Speedpaint 2.0,Ruddy Fur,,Citadel,Contrast,Gryph-Hound Orange,,Speedpaint Comparison,95.7,Medium,speed paints,ArmyCrafter Speedpaint 2.0 comparison document,speedpaint_grimblack_thru_absolution green      (1).docx,Parsed from uploaded Speedpaint comparison DOCX.
Army Painter,Speedpaint 2.0,Ruddy Fur,,Vallejo,Xpress Color,Phoenix Orange - Intense (72.478),,Speedpaint Comparison,95.6,Medium,speed paints,ArmyCrafter Speedpaint 2.0 comparison document,speedpaint_grimblack_thru_absolution green      (1).docx,Parsed from uploaded Speedpaint comparison DOCX.
Army Painter,Speedpaint 2.0,Ruddy Fur,,AK Interactive,3rd Gen Acrylic,Beast Brown - Color Punch (AK11278),,Speedpaint Comparison,96.9,Medium,layer paints,ArmyCrafter Speedpaint 2.0 comparison document,speedpaint_grimblack_thru_absolution green      (1).docx,Parsed from uploaded Speedpaint comparison DOCX.
Army Painter,Speedpaint 2.0,Ruddy Fur,,AK Interactive,3rd Gen Acrylic,Medium Rust (AK11103),,Speedpaint Comparison,96.5,Medium,layer paints,ArmyCrafter Speedpaint 2.0 comparison document,speedpaint_grimblack_thru_absolution green      (1).docx,Parsed from uploaded Speedpaint comparison DOCX.
Army Painter,Speedpaint 2.0,Ruddy Fur,,AK Interactive,3rd Gen Acrylic,Brick Red (AK11093),,Speedpaint Comparison,95.5,Medium,layer paints,ArmyCrafter Speedpaint 2.0 comparison document,speedpaint_grimblack_thru_absolution green      (1).docx,Parsed from uploaded Speedpaint comparison DOCX.
Army Painter,Speedpaint 2.0,Hardened Leather,,Citadel,Layer,Balor Brown,,Speedpaint Comparison,97.1,Medium,layer paints,ArmyCrafter Speedpaint 2.0 comparison document,speedpaint_grimblack_thru_absolution green      (1).docx,Parsed from uploaded Speedpaint comparison DOCX.
Army Painter,Speedpaint 2.0,Hardened Leather,,Citadel,Layer,Skrag Brown,,Speedpaint Comparison,96.6,Medium,layer paints,ArmyCrafter Speedpaint 2.0 comparison document,speedpaint_grimblack_thru_absolution green      (1).docx,Parsed from uploaded Speedpaint comparison DOCX.
Army Painter,Speedpaint 2.0,Hardened Leather,,Scale75,Inktensity,Inktense Ochre (SC98),,Speedpaint Comparison,95.2,Medium,inks,ArmyCrafter Speedpaint 2.0 comparison document,speedpaint_grimblack_thru_absolution green      (1).docx,Parsed from uploaded Speedpaint comparison DOCX.
Army Painter,Speedpaint 2.0,Noble Skin,,Vallejo,Xpress Color,Battledress Brown (72.473),,Speedpaint Comparison,97.9,Medium,speed paints,ArmyCrafter Speedpaint 2.0 comparison document,speedpaint_grimblack_thru_absolution green      (1).docx,Parsed from uploaded Speedpaint comparison DOCX.
Army Painter,Speedpaint 2.0,Noble Skin,,Citadel,Layer,Skavenblight Dinge,,Speedpaint Comparison,97.8,Medium,layer paints,ArmyCrafter Speedpaint 2.0 comparison document,speedpaint_grimblack_thru_absolution green      (1).docx,Parsed from uploaded Speedpaint comparison DOCX.
Army Painter,Speedpaint 2.0,Noble Skin,,Two Thin Coats,Wave 1,Cuirass Leather,,Speedpaint Comparison,95.9,Medium,layer paints,ArmyCrafter Speedpaint 2.0 comparison document,speedpaint_grimblack_thru_absolution green      (1).docx,Parsed from uploaded Speedpaint comparison DOCX.
Army Painter,Speedpaint 2.0,Noble Skin,,Vallejo,Model Color,German Tank Crew (70.759),,Speedpaint Comparison,95.9,Medium,layer paints,ArmyCrafter Speedpaint 2.0 comparison document,speedpaint_grimblack_thru_absolution green      (1).docx,Parsed from uploaded Speedpaint comparison DOCX.
Army Painter,Speedpaint 2.0,Noble Skin,,Vallejo,Model Air,Dark Green RLM71 (71.015),,Speedpaint Comparison,97.7,Medium,airbrush paints,ArmyCrafter Speedpaint 2.0 comparison document,speedpaint_grimblack_thru_absolution green      (1).docx,Parsed from uploaded Speedpaint comparison DOCX.
Army Painter,Speedpaint 2.0,Noble Skin,,Vallejo,Model Air,IJA Olive Green (71.286),,Speedpaint Comparison,97.7,Medium,airbrush paints,ArmyCrafter Speedpaint 2.0 comparison document,speedpaint_grimblack_thru_absolution green      (1).docx,Parsed from uploaded Speedpaint comparison DOCX.
Army Painter,Speedpaint 2.0,Noble Skin,,Vallejo,Model Air,N. 41 Dark Olive Drab (71.316),,Speedpaint Comparison,97.7,Medium,airbrush paints,ArmyCrafter Speedpaint 2.0 comparison document,speedpaint_grimblack_thru_absolution green      (1).docx,Parsed from uploaded Speedpaint comparison DOCX.
Army Painter,Speedpaint 2.0,Noble Skin,,Vallejo,Model Air,Camouflage Medium Brown (71.038),,Speedpaint Comparison,96.0,Medium,airbrush paints,ArmyCrafter Speedpaint 2.0 comparison document,speedpaint_grimblack_thru_absolution green      (1).docx,Parsed from uploaded Speedpaint comparison DOCX.
Army Painter,Speedpaint 2.0,Noble Skin,,Vallejo,Model Air,Nato Brown (71.249),,Speedpaint Comparison,95.9,Medium,airbrush paints,ArmyCrafter Speedpaint 2.0 comparison document,speedpaint_grimblack_thru_absolution green      (1).docx,Parsed from uploaded Speedpaint comparison DOCX.
Army Painter,Speedpaint 2.0,Noble Skin,,Vallejo,Model Air,US Olive Drab (71.043),,Speedpaint Comparison,95.7,Medium,airbrush paints,ArmyCrafter Speedpaint 2.0 comparison document,speedpaint_grimblack_thru_absolution green      (1).docx,Parsed from uploaded Speedpaint comparison DOCX.
Army Painter,Speedpaint 2.0,Noble Skin,,Citadel,Dry,Sylvaneth Bark,,Speedpaint Comparison,96.1,Medium,drybrush paints,ArmyCrafter Speedpaint 2.0 comparison document,speedpaint_grimblack_thru_absolution green      (1).docx,Parsed from uploaded Speedpaint comparison DOCX.
Army Painter,Speedpaint 2.0,Goddess Glow,,Two Thin Coats,Wave 1,Fur Cloak,,Speedpaint Comparison,98.0,High,layer paints,ArmyCrafter Speedpaint 2.0 comparison document,speedpaint_grimblack_thru_absolution green      (1).docx,Parsed from uploaded Speedpaint comparison DOCX.
Army Painter,Speedpaint 2.0,Goddess Glow,,Army Painter,Warpaints Fanatic,Ruddy Umber,,Speedpaint Comparison,96.9,Medium,layer paints,ArmyCrafter Speedpaint 2.0 comparison document,speedpaint_grimblack_thru_absolution green      (1).docx,Parsed from uploaded Speedpaint comparison DOCX.
Army Painter,Speedpaint 2.0,Goddess Glow,,Army Painter,Warpaints Fanatic,Tiger's Eye Skin,,Speedpaint Comparison,96.3,Medium,layer paints,ArmyCrafter Speedpaint 2.0 comparison document,speedpaint_grimblack_thru_absolution green      (1).docx,Parsed from uploaded Speedpaint comparison DOCX.
Army Painter,Speedpaint 2.0,Goddess Glow,,Monument,Pro Acryl Signature,Advanced Flesh Tone (S17),,Speedpaint Comparison,95.8,Medium,layer paints,ArmyCrafter Speedpaint 2.0 comparison document,speedpaint_grimblack_thru_absolution green      (1).docx,Parsed from uploaded Speedpaint comparison DOCX.
Army Painter,Speedpaint 2.0,Goddess Glow,,Two Thin Coats,Wave 2,Asmodeus Red,,Speedpaint Comparison,95.7,Medium,layer paints,ArmyCrafter Speedpaint 2.0 comparison document,speedpaint_grimblack_thru_absolution green      (1).docx,Parsed from uploaded Speedpaint comparison DOCX.
Army Painter,Speedpaint 2.0,Warrior Skin,,Two Thin Coats,Wave 3,Vambrace Brown,,Speedpaint Comparison,98.1,High,layer paints,ArmyCrafter Speedpaint 2.0 comparison document,speedpaint_grimblack_thru_absolution green      (1).docx,Parsed from uploaded Speedpaint comparison DOCX.
Army Painter,Speedpaint 2.0,Warrior Skin,,Vallejo,Model Color,Cork Brown (70.843),,Speedpaint Comparison,97.9,Medium,layer paints,ArmyCrafter Speedpaint 2.0 comparison document,speedpaint_grimblack_thru_absolution green      (1).docx,Parsed from uploaded Speedpaint comparison DOCX.
Army Painter,Speedpaint 2.0,Warrior Skin,,Vallejo,Model Color,Beige Red (70.804),,Speedpaint Comparison,97.2,Medium,layer paints,ArmyCrafter Speedpaint 2.0 comparison document,speedpaint_grimblack_thru_absolution green      (1).docx,Parsed from uploaded Speedpaint comparison DOCX.
Army Painter,Speedpaint 2.0,Warrior Skin,,Army Painter,Warpaints,Tanned Flesh,,Speedpaint Comparison,96.6,Medium,layer paints,ArmyCrafter Speedpaint 2.0 comparison document,speedpaint_grimblack_thru_absolution green      (1).docx,Parsed from uploaded Speedpaint comparison DOCX.
Army Painter,Speedpaint 2.0,Warrior Skin,,Vallejo,Model Color,Orange Brown (70.981),,Speedpaint Comparison,95.4,Medium,layer paints,ArmyCrafter Speedpaint 2.0 comparison document,speedpaint_grimblack_thru_absolution green      (1).docx,Parsed from uploaded Speedpaint comparison DOCX.
Army Painter,Speedpaint 2.0,Warrior Skin,,Citadel,Base,Ratskin Flesh,,Speedpaint Comparison,96.2,Medium,base paints,ArmyCrafter Speedpaint 2.0 comparison document,speedpaint_grimblack_thru_absolution green      (1).docx,Parsed from uploaded Speedpaint comparison DOCX.
Army Painter,Speedpaint 2.0,Murder Scene,,Vallejo,Xpress Color,Velvet Red (72.407),,Speedpaint Comparison,95.5,Medium,speed paints,ArmyCrafter Speedpaint 2.0 comparison document,speedpaint_grimblack_thru_absolution green      (1).docx,Parsed from uploaded Speedpaint comparison DOCX.
Army Painter,Speedpaint 2.0,Murder Scene,,Citadel,Contrast,Volupus Pink,,Speedpaint Comparison,95.3,Medium,speed paints,ArmyCrafter Speedpaint 2.0 comparison document,speedpaint_grimblack_thru_absolution green      (1).docx,Parsed from uploaded Speedpaint comparison DOCX.
Army Painter,Speedpaint 2.0,Murder Scene,,Army Painter,Warpaints Fanatic,Basilisk Red,,Speedpaint Comparison,97.7,Medium,layer paints,ArmyCrafter Speedpaint 2.0 comparison document,speedpaint_grimblack_thru_absolution green      (1).docx,Parsed from uploaded Speedpaint comparison DOCX.
Army Painter,Speedpaint 2.0,Murder Scene,,Monument,Pro Acryl Standard,Burnt Red (008),,Speedpaint Comparison,96.9,Medium,layer paints,ArmyCrafter Speedpaint 2.0 comparison document,speedpaint_grimblack_thru_absolution green      (1).docx,Parsed from uploaded Speedpaint comparison DOCX.
Army Painter,Speedpaint 2.0,Murder Scene,,AK Interactive,3rd Gen Acrylic,Laser Magenta (AK11066),,Speedpaint Comparison,95.6,Medium,layer paints,ArmyCrafter Speedpaint 2.0 comparison document,speedpaint_grimblack_thru_absolution green      (1).docx,Parsed from uploaded Speedpaint comparison DOCX.
Army Painter,Speedpaint 2.0,Slaughter Red,,Vallejo,Xpress Color,Plasma Red (72.406),,Speedpaint Comparison,95.7,Medium,speed paints,ArmyCrafter Speedpaint 2.0 comparison document,speedpaint_grimblack_thru_absolution green      (1).docx,Parsed from uploaded Speedpaint comparison DOCX.
Army Painter,Speedpaint 2.0,Slaughter Red,,Citadel,Contrast,Blood Angels Red,,Speedpaint Comparison,95.1,Medium,speed paints,ArmyCrafter Speedpaint 2.0 comparison document,speedpaint_grimblack_thru_absolution green      (1).docx,Parsed from uploaded Speedpaint comparison DOCX.
Army Painter,Speedpaint 2.0,Slaughter Red,,Vallejo,Model Color,Carmine Red (70.908),,Speedpaint Comparison,97.4,Medium,layer paints,ArmyCrafter Speedpaint 2.0 comparison document,speedpaint_grimblack_thru_absolution green      (1).docx,Parsed from uploaded Speedpaint comparison DOCX.
Army Painter,Speedpaint 2.0,Slaughter Red,,Army Painter,Warpaints Fanatic,Resplendent Red,,Speedpaint Comparison,97.4,Medium,layer paints,ArmyCrafter Speedpaint 2.0 comparison document,speedpaint_grimblack_thru_absolution green      (1).docx,Parsed from uploaded Speedpaint comparison DOCX.
Army Painter,Speedpaint 2.0,Slaughter Red,,Monument,Pro Acryl Standard,Burnt Orange (037),,Speedpaint Comparison,96.2,Medium,layer paints,ArmyCrafter Speedpaint 2.0 comparison document,speedpaint_grimblack_thru_absolution green      (1).docx,Parsed from uploaded Speedpaint comparison DOCX.
Army Painter,Speedpaint 2.0,Slaughter Red,,Vallejo,Model Color,Flat Red (70.957),,Speedpaint Comparison,95.8,Medium,layer paints,ArmyCrafter Speedpaint 2.0 comparison document,speedpaint_grimblack_thru_absolution green      (1).docx,Parsed from uploaded Speedpaint comparison DOCX.
Army Painter,Speedpaint 2.0,Blood Red,,Vallejo,Game Color,Hot Orange (72.009),,Speedpaint Comparison,97.8,Medium,layer paints,ArmyCrafter Speedpaint 2.0 comparison document,speedpaint_grimblack_thru_absolution green      (1).docx,Parsed from uploaded Speedpaint comparison DOCX.
Army Painter,Speedpaint 2.0,Blood Red,,Scale75,Scalecolor,Aldebaran Red (SC38),,Speedpaint Comparison,97.4,Medium,layer paints,ArmyCrafter Speedpaint 2.0 comparison document,speedpaint_grimblack_thru_absolution green      (1).docx,Parsed from uploaded Speedpaint comparison DOCX.
Army Painter,Speedpaint 2.0,Blood Red,,Scale75,Fantasy & Games,Beherit Red (SFG05),,Speedpaint Comparison,97.1,Medium,layer paints,ArmyCrafter Speedpaint 2.0 comparison document,speedpaint_grimblack_thru_absolution green      (1).docx,Parsed from uploaded Speedpaint comparison DOCX.
Army Painter,Speedpaint 2.0,Blood Red,,Citadel,Layer,Wild Rider Red,,Speedpaint Comparison,96.6,Medium,layer paints,ArmyCrafter Speedpaint 2.0 comparison document,speedpaint_grimblack_thru_absolution green      (1).docx,Parsed from uploaded Speedpaint comparison DOCX.
Army Painter,Speedpaint 2.0,Blood Red,,Two Thin Coats,Wave 1,Fanatic Orange,,Speedpaint Comparison,96.0,Medium,layer paints,ArmyCrafter Speedpaint 2.0 comparison document,speedpaint_grimblack_thru_absolution green      (1).docx,Parsed from uploaded Speedpaint comparison DOCX.
Army Painter,Speedpaint 2.0,Blood Red,,AK Interactive,3rd Gen Acrylic,Deep Red - Intense (AK11088),,Speedpaint Comparison,95.6,Medium,layer paints,ArmyCrafter Speedpaint 2.0 comparison document,speedpaint_grimblack_thru_absolution green      (1).docx,Parsed from uploaded Speedpaint comparison DOCX.
Army Painter,Speedpaint 2.0,Blood Red,,Scale75,Inktensity,Inktense Red (SC85),,Speedpaint Comparison,96.0,Medium,inks,ArmyCrafter Speedpaint 2.0 comparison document,speedpaint_grimblack_thru_absolution green      (1).docx,Parsed from uploaded Speedpaint comparison DOCX.
Army Painter,Speedpaint 2.0,Blood Red,,Citadel,Base,Jokaero Orange,,Speedpaint Comparison,98.5,High,base paints,ArmyCrafter Speedpaint 2.0 comparison document,speedpaint_grimblack_thru_absolution green      (1).docx,Parsed from uploaded Speedpaint comparison DOCX.
Army Painter,Speedpaint 2.0,Poppy Red,,AK Interactive,3rd Gen Acrylic,Ruby (AK11084),,Speedpaint Comparison,97.4,Medium,layer paints,ArmyCrafter Speedpaint 2.0 comparison document,speedpaint_grimblack_thru_absolution green      (1).docx,Parsed from uploaded Speedpaint comparison DOCX.
Army Painter,Speedpaint 2.0,Poppy Red,,Vallejo,Model Color,Scarlet (70.817),,Speedpaint Comparison,97.2,Medium,layer paints,ArmyCrafter Speedpaint 2.0 comparison document,speedpaint_grimblack_thru_absolution green      (1).docx,Parsed from uploaded Speedpaint comparison DOCX.
Army Painter,Speedpaint 2.0,Poppy Red,,Vallejo,Model Color,Clear Orange (70.956),,Speedpaint Comparison,96.8,Medium,layer paints,ArmyCrafter Speedpaint 2.0 comparison document,speedpaint_grimblack_thru_absolution green      (1).docx,Parsed from uploaded Speedpaint comparison DOCX.
Army Painter,Speedpaint 2.0,Poppy Red,,Vallejo,Game Color,Bloody Red (72.010),,Speedpaint Comparison,96.2,Medium,layer paints,ArmyCrafter Speedpaint 2.0 comparison document,speedpaint_grimblack_thru_absolution green      (1).docx,Parsed from uploaded Speedpaint comparison DOCX.
Army Painter,Speedpaint 2.0,Poppy Red,,AK Interactive,3rd Gen Acrylic,Scarlet Red (AK11087),,Speedpaint Comparison,96.2,Medium,layer paints,ArmyCrafter Speedpaint 2.0 comparison document,speedpaint_grimblack_thru_absolution green      (1).docx,Parsed from uploaded Speedpaint comparison DOCX.
Army Painter,Speedpaint 2.0,Poppy Red,,Vallejo,Model Color,Vermilion (70.909),,Speedpaint Comparison,96.2,Medium,layer paints,ArmyCrafter Speedpaint 2.0 comparison document,speedpaint_grimblack_thru_absolution green      (1).docx,Parsed from uploaded Speedpaint comparison DOCX.
Army Painter,Speedpaint 2.0,Poppy Red,,Vallejo,Game Air,Bloody Red (76.010),,Speedpaint Comparison,96.2,Medium,airbrush paints,ArmyCrafter Speedpaint 2.0 comparison document,speedpaint_grimblack_thru_absolution green      (1).docx,Parsed from uploaded Speedpaint comparison DOCX.
Army Painter,Speedpaint 2.0,Poppy Red,,Vallejo,Game Air,Bloody Red (70.632),,Speedpaint Comparison,96.2,Medium,airbrush paints,ArmyCrafter Speedpaint 2.0 comparison document,speedpaint_grimblack_thru_absolution green      (1).docx,Parsed from uploaded Speedpaint comparison DOCX.
Army Painter,Speedpaint 2.0,Poppy Red,,Citadel,Air,Angron Red Clear,,Speedpaint Comparison,95.1,Medium,airbrush paints,ArmyCrafter Speedpaint 2.0 comparison document,speedpaint_grimblack_thru_absolution green      (1).docx,Parsed from uploaded Speedpaint comparison DOCX.
Army Painter,Speedpaint 2.0,Poppy Red,,Vallejo,Model Air,Red RLM23 (71.003),,Speedpaint Comparison,95.0,Medium,airbrush paints,ArmyCrafter Speedpaint 2.0 comparison document,speedpaint_grimblack_thru_absolution green      (1).docx,Parsed from uploaded Speedpaint comparison DOCX.
Army Painter,Speedpaint 2.0,Poppy Red,,Vallejo,Game Color,Red (72.086),,Speedpaint Comparison,95.0,Medium,inks,ArmyCrafter Speedpaint 2.0 comparison document,speedpaint_grimblack_thru_absolution green      (1).docx,Parsed from uploaded Speedpaint comparison DOCX.
Army Painter,Speedpaint 2.0,Bright Red,,Army Painter,Speedpaint 2.0,Aged Hide,,Speedpaint Comparison,95.6,Medium,speed paints,ArmyCrafter Speedpaint 2.0 comparison document,speedpaint_grimblack_thru_absolution green      (1).docx,Parsed from uploaded Speedpaint comparison DOCX.
Army Painter,Speedpaint 2.0,Bright Red,,Army Painter,Warpaints Fanatic,Sacred Scarlet,,Speedpaint Comparison,98.3,High,layer paints,ArmyCrafter Speedpaint 2.0 comparison document,speedpaint_grimblack_thru_absolution green      (1).docx,Parsed from uploaded Speedpaint comparison DOCX.
Army Painter,Speedpaint 2.0,Bright Red,,Vallejo,Game Color,Hot Orange (72.009),,Speedpaint Comparison,97.5,Medium,layer paints,ArmyCrafter Speedpaint 2.0 comparison document,speedpaint_grimblack_thru_absolution green      (1).docx,Parsed from uploaded Speedpaint comparison DOCX.
Army Painter,Speedpaint 2.0,Bright Red,,AK Interactive,3rd Gen Acrylic,Cadmium Red (AK11085),,Speedpaint Comparison,96.9,Medium,layer paints,ArmyCrafter Speedpaint 2.0 comparison document,speedpaint_grimblack_thru_absolution green      (1).docx,Parsed from uploaded Speedpaint comparison DOCX.
Army Painter,Speedpaint 2.0,Bright Red,,Army Painter,Warpaints Fanatic,Legendary Red,,Speedpaint Comparison,96.5,Medium,layer paints,ArmyCrafter Speedpaint 2.0 comparison document,speedpaint_grimblack_thru_absolution green      (1).docx,Parsed from uploaded Speedpaint comparison DOCX.
Army Painter,Speedpaint 2.0,Bright Red,,AK Interactive,3rd Gen Acrylic,Sun Red - Color Punch (AK11279),,Speedpaint Comparison,96.4,Medium,layer paints,ArmyCrafter Speedpaint 2.0 comparison document,speedpaint_grimblack_thru_absolution green      (1).docx,Parsed from uploaded Speedpaint comparison DOCX.
Army Painter,Speedpaint 2.0,Bright Red,,Two Thin Coats,Wave 3,Apocalypse Sky,,Speedpaint Comparison,96.1,Medium,layer paints,ArmyCrafter Speedpaint 2.0 comparison document,speedpaint_grimblack_thru_absolution green      (1).docx,Parsed from uploaded Speedpaint comparison DOCX.
Army Painter,Speedpaint 2.0,Bright Red,,Vallejo,Model Air,Light Red (71.086),,Speedpaint Comparison,97.6,Medium,airbrush paints,ArmyCrafter Speedpaint 2.0 comparison document,speedpaint_grimblack_thru_absolution green      (1).docx,Parsed from uploaded Speedpaint comparison DOCX.
Army Painter,Speedpaint 2.0,Bright Red,,Vallejo,Model Air,Orange (71.083),,Speedpaint Comparison,96.9,Medium,airbrush paints,ArmyCrafter Speedpaint 2.0 comparison document,speedpaint_grimblack_thru_absolution green      (1).docx,Parsed from uploaded Speedpaint comparison DOCX.
Army Painter,Speedpaint 2.0,Maize Yellow,,AK Interactive,3rd Gen Acrylic,Lemon Yellow (AK11047),,Speedpaint Comparison,99.3,High,layer paints,ArmyCrafter Speedpaint 2.0 comparison document,speedpaint_grimblack_thru_absolution green      (1).docx,Parsed from uploaded Speedpaint comparison DOCX.
Army Painter,Speedpaint 2.0,Maize Yellow,,Army Painter,Warpaints,Babe Blonde,,Speedpaint Comparison,99.2,High,layer paints,ArmyCrafter Speedpaint 2.0 comparison document,speedpaint_grimblack_thru_absolution green      (1).docx,Parsed from uploaded Speedpaint comparison DOCX.
Army Painter,Speedpaint 2.0,Maize Yellow,,Monument,Pro Acryl Standard,Golden Yellow (006),,Speedpaint Comparison,98.6,High,layer paints,ArmyCrafter Speedpaint 2.0 comparison document,speedpaint_grimblack_thru_absolution green      (1).docx,Parsed from uploaded Speedpaint comparison DOCX.
Army Painter,Speedpaint 2.0,Maize Yellow,,Citadel,Layer,Phalanx Yellow,,Speedpaint Comparison,98.5,High,layer paints,ArmyCrafter Speedpaint 2.0 comparison document,speedpaint_grimblack_thru_absolution green      (1).docx,Parsed from uploaded Speedpaint comparison DOCX.
Army Painter,Speedpaint 2.0,Maize Yellow,,Army Painter,Warpaints,Daemonic Yellow,,Speedpaint Comparison,98.1,High,layer paints,ArmyCrafter Speedpaint 2.0 comparison document,speedpaint_grimblack_thru_absolution green      (1).docx,Parsed from uploaded Speedpaint comparison DOCX.
Army Painter,Speedpaint 2.0,Maize Yellow,,Citadel,Layer,Yriel Yellow,,Speedpaint Comparison,97.3,Medium,layer paints,ArmyCrafter Speedpaint 2.0 comparison document,speedpaint_grimblack_thru_absolution green      (1).docx,Parsed from uploaded Speedpaint comparison DOCX.
Army Painter,Speedpaint 2.0,Maize Yellow,,Citadel,Air,Phalanx Yellow,,Speedpaint Comparison,98.5,High,airbrush paints,ArmyCrafter Speedpaint 2.0 comparison document,speedpaint_grimblack_thru_absolution green      (1).docx,Parsed from uploaded Speedpaint comparison DOCX.
Army Painter,Speedpaint 2.0,Ancient Honey,,Citadel,Contrast,Bad Moon Yellow,,Speedpaint Comparison,97.6,Medium,speed paints,ArmyCrafter Speedpaint 2.0 comparison document,speedpaint_grimblack_thru_absolution green      (1).docx,Parsed from uploaded Speedpaint comparison DOCX.
Army Painter,Speedpaint 2.0,Ancient Honey,,Army Painter,Speedpaint 2.0,Zealot Yellow,,Speedpaint Comparison,96.7,Medium,speed paints,ArmyCrafter Speedpaint 2.0 comparison document,speedpaint_grimblack_thru_absolution green      (1).docx,Parsed from uploaded Speedpaint comparison DOCX.
Army Painter,Speedpaint 2.0,Ancient Honey,,Citadel,Base,Averland Sunset,,Speedpaint Comparison,95.5,Medium,base paints,ArmyCrafter Speedpaint 2.0 comparison document,speedpaint_grimblack_thru_absolution green      (1).docx,Parsed from uploaded Speedpaint comparison DOCX.
Army Painter,Speedpaint 2.0,Ancient Honey,,Vallejo,Game Air,Moon Yellow (76.005),,Speedpaint Comparison,96.9,Medium,airbrush paints,ArmyCrafter Speedpaint 2.0 comparison document,speedpaint_grimblack_thru_absolution green      (1).docx,Parsed from uploaded Speedpaint comparison DOCX.
Army Painter,Speedpaint 2.0,Ancient Honey,,Citadel,Air,Averland Sunset,,Speedpaint Comparison,95.6,Medium,airbrush paints,ArmyCrafter Speedpaint 2.0 comparison document,speedpaint_grimblack_thru_absolution green      (1).docx,Parsed from uploaded Speedpaint comparison DOCX.
Army Painter,Speedpaint 2.0,Ancient Honey,,AK Interactive,3rd Gen Acrylic,Sand Yellow (AK11035),,Speedpaint Comparison,97.8,Medium,layer paints,ArmyCrafter Speedpaint 2.0 comparison document,speedpaint_grimblack_thru_absolution green      (1).docx,Parsed from uploaded Speedpaint comparison DOCX.
Army Painter,Speedpaint 2.0,Ancient Honey,,AK Interactive,3rd Gen Acrylic,Deep Yellow - Intense (AK11045),,Speedpaint Comparison,97.7,Medium,layer paints,ArmyCrafter Speedpaint 2.0 comparison document,speedpaint_grimblack_thru_absolution green      (1).docx,Parsed from uploaded Speedpaint comparison DOCX.
Army Painter,Speedpaint 2.0,Ancient Honey,,Army Painter,Warpaints Fanatic,Daemonic Yellow,,Speedpaint Comparison,97.2,Medium,layer paints,ArmyCrafter Speedpaint 2.0 comparison document,speedpaint_grimblack_thru_absolution green      (1).docx,Parsed from uploaded Speedpaint comparison DOCX.
Army Painter,Speedpaint 2.0,Ancient Honey,,Vallejo,Game Color,Moon Yellow (72.005),,Speedpaint Comparison,96.7,Medium,layer paints,ArmyCrafter Speedpaint 2.0 comparison document,speedpaint_grimblack_thru_absolution green      (1).docx,Parsed from uploaded Speedpaint comparison DOCX.
Army Painter,Speedpaint 2.0,Ancient Honey,,Vallejo,Model Color,Deep Yellow (70.915),,Speedpaint Comparison,96.6,Medium,layer paints,ArmyCrafter Speedpaint 2.0 comparison document,speedpaint_grimblack_thru_absolution green      (1).docx,Parsed from uploaded Speedpaint comparison DOCX.
Army Painter,Speedpaint 2.0,Ancient Honey,,Monument,Pro Acryl Standard,Warm Yellow (072),,Speedpaint Comparison,96.5,Medium,layer paints,ArmyCrafter Speedpaint 2.0 comparison document,speedpaint_grimblack_thru_absolution green      (1).docx,Parsed from uploaded Speedpaint comparison DOCX.
Army Painter,Speedpaint 2.0,Ancient Honey,,Scale75,Inktensity,Inktense Yellow (SC86),,Speedpaint Comparison,98.1,High,inks,ArmyCrafter Speedpaint 2.0 comparison document,speedpaint_grimblack_thru_absolution green      (1).docx,Parsed from uploaded Speedpaint comparison DOCX.
Army Painter,Speedpaint 2.0,Zealot Yellow,,Citadel,Contrast,Bad Moon Yellow,,Speedpaint Comparison,97.5,Medium,speed paints,ArmyCrafter Speedpaint 2.0 comparison document,speedpaint_grimblack_thru_absolution green      (1).docx,Parsed from uploaded Speedpaint comparison DOCX.
Army Painter,Speedpaint 2.0,Zealot Yellow,,Army Painter,Speedpaint 2.0,Ancient Honey,,Speedpaint Comparison,96.7,Medium,speed paints,ArmyCrafter Speedpaint 2.0 comparison document,speedpaint_grimblack_thru_absolution green      (1).docx,Parsed from uploaded Speedpaint comparison DOCX.
Army Painter,Speedpaint 2.0,Zealot Yellow,,Scale75,Scalecolor,Sol Yellow (SC40),,Speedpaint Comparison,99.0,High,layer paints,ArmyCrafter Speedpaint 2.0 comparison document,speedpaint_grimblack_thru_absolution green      (1).docx,Parsed from uploaded Speedpaint comparison DOCX.
Army Painter,Speedpaint 2.0,Zealot Yellow,,Army Painter,Warpaints Fanatic,Daemonic Yellow,,Speedpaint Comparison,98.7,High,layer paints,ArmyCrafter Speedpaint 2.0 comparison document,speedpaint_grimblack_thru_absolution green      (1).docx,Parsed from uploaded Speedpaint comparison DOCX.
Army Painter,Speedpaint 2.0,Zealot Yellow,,AK Interactive,3rd Gen Acrylic,Deep Yellow - Intense (AK11045),,Speedpaint Comparison,97.3,Medium,layer paints,ArmyCrafter Speedpaint 2.0 comparison document,speedpaint_grimblack_thru_absolution green      (1).docx,Parsed from uploaded Speedpaint comparison DOCX.
Army Painter,Speedpaint 2.0,Zealot Yellow,,AK Interactive,3rd Gen Acrylic,Yellow (AK11044),,Speedpaint Comparison,96.0,Medium,layer paints,ArmyCrafter Speedpaint 2.0 comparison document,speedpaint_grimblack_thru_absolution green      (1).docx,Parsed from uploaded Speedpaint comparison DOCX.
Army Painter,Speedpaint 2.0,Zealot Yellow,,Vallejo,Game Color,Moon Yellow (72.005),,Speedpaint Comparison,95.9,Medium,layer paints,ArmyCrafter Speedpaint 2.0 comparison document,speedpaint_grimblack_thru_absolution green      (1).docx,Parsed from uploaded Speedpaint comparison DOCX.
Army Painter,Speedpaint 2.0,Zealot Yellow,,Vallejo,Model Color,Deep Yellow (70.915),,Speedpaint Comparison,95.3,Medium,layer paints,ArmyCrafter Speedpaint 2.0 comparison document,speedpaint_grimblack_thru_absolution green      (1).docx,Parsed from uploaded Speedpaint comparison DOCX.
Army Painter,Speedpaint 2.0,Zealot Yellow,,Citadel,Base,Averland Sunset,,Speedpaint Comparison,95.9,Medium,base paints,ArmyCrafter Speedpaint 2.0 comparison document,speedpaint_grimblack_thru_absolution green      (1).docx,Parsed from uploaded Speedpaint comparison DOCX.
Army Painter,Speedpaint 2.0,Zealot Yellow,,Citadel,Air,Averland Sunset,,Speedpaint Comparison,95.9,Medium,airbrush paints,ArmyCrafter Speedpaint 2.0 comparison document,speedpaint_grimblack_thru_absolution green      (1).docx,Parsed from uploaded Speedpaint comparison DOCX.
Army Painter,Speedpaint 2.0,Zealot Yellow,,Vallejo,Game Air,Moon Yellow (76.005),,Speedpaint Comparison,95.9,Medium,airbrush paints,ArmyCrafter Speedpaint 2.0 comparison document,speedpaint_grimblack_thru_absolution green      (1).docx,Parsed from uploaded Speedpaint comparison DOCX.
Army Painter,Speedpaint 2.0,Zealot Yellow,,Scale75,Inktensity,Inktense Yellow (SC86),,Speedpaint Comparison,97.0,Medium,inks,ArmyCrafter Speedpaint 2.0 comparison document,speedpaint_grimblack_thru_absolution green      (1).docx,Parsed from uploaded Speedpaint comparison DOCX.
Army Painter,Speedpaint 2.0,Sand Golem,,Citadel,Contrast,Ironjawz Yellow,,Speedpaint Comparison,98.0,High,speed paints,ArmyCrafter Speedpaint 2.0 comparison document,speedpaint_grimblack_thru_absolution green      (1).docx,Parsed from uploaded Speedpaint comparison DOCX.
Army Painter,Speedpaint 2.0,Sand Golem,,AK Interactive,3rd Gen Acrylic,Medium Sand (AK11034),,Speedpaint Comparison,98.8,High,layer paints,ArmyCrafter Speedpaint 2.0 comparison document,speedpaint_grimblack_thru_absolution green      (1).docx,Parsed from uploaded Speedpaint comparison DOCX.
Army Painter,Speedpaint 2.0,Sand Golem,,Monument,Pro Acryl Standard,Yellow Ochre (038),,Speedpaint Comparison,98.4,High,layer paints,ArmyCrafter Speedpaint 2.0 comparison document,speedpaint_grimblack_thru_absolution green      (1).docx,Parsed from uploaded Speedpaint comparison DOCX.
Army Painter,Speedpaint 2.0,Sand Golem,,AK Interactive,3rd Gen Acrylic,Ochre (AK11118),,Speedpaint Comparison,97.0,Medium,layer paints,ArmyCrafter Speedpaint 2.0 comparison document,speedpaint_grimblack_thru_absolution green      (1).docx,Parsed from uploaded Speedpaint comparison DOCX.
Army Painter,Speedpaint 2.0,Sand Golem,,Citadel,Layer,Zamesi Desert,,Speedpaint Comparison,96.8,Medium,layer paints,ArmyCrafter Speedpaint 2.0 comparison document,speedpaint_grimblack_thru_absolution green      (1).docx,Parsed from uploaded Speedpaint comparison DOCX.
Army Painter,Speedpaint 2.0,Sand Golem,,Army Painter,Warpaints,Phoenix Flames,,Speedpaint Comparison,95.6,Medium,layer paints,ArmyCrafter Speedpaint 2.0 comparison document,speedpaint_grimblack_thru_absolution green      (1).docx,Parsed from uploaded Speedpaint comparison DOCX.
Army Painter,Speedpaint 2.0,Nuclear Sunrise,,Army Painter,Speedpaint 2.0,Fire Giant Orange,,Speedpaint Comparison,96.7,Medium,speed paints,ArmyCrafter Speedpaint 2.0 comparison document,speedpaint_grimblack_thru_absolution green      (1).docx,Parsed from uploaded Speedpaint comparison DOCX.
Army Painter,Speedpaint 2.0,Nuclear Sunrise,,AK Interactive,3rd Gen Acrylic,Light Orange (AK11077),,Speedpaint Comparison,98.0,High,layer paints,ArmyCrafter Speedpaint 2.0 comparison document,speedpaint_grimblack_thru_absolution green      (1).docx,Parsed from uploaded Speedpaint comparison DOCX.
Army Painter,Speedpaint 2.0,Nuclear Sunrise,,Citadel,Layer,Troll Slayer Orange,,Speedpaint Comparison,97.9,Medium,layer paints,ArmyCrafter Speedpaint 2.0 comparison document,speedpaint_grimblack_thru_absolution green      (1).docx,Parsed from uploaded Speedpaint comparison DOCX.
Army Painter,Speedpaint 2.0,Nuclear Sunrise,,Vallejo,Model Color,Light Orange (70.911),,Speedpaint Comparison,96.9,Medium,layer paints,ArmyCrafter Speedpaint 2.0 comparison document,speedpaint_grimblack_thru_absolution green      (1).docx,Parsed from uploaded Speedpaint comparison DOCX.
Army Painter,Speedpaint 2.0,Nuclear Sunrise,,AK Interactive,3rd Gen Acrylic,Medium Orange (AK11078),,Speedpaint Comparison,96.0,Medium,layer paints,ArmyCrafter Speedpaint 2.0 comparison document,speedpaint_grimblack_thru_absolution green      (1).docx,Parsed from uploaded Speedpaint comparison DOCX.
Army Painter,Speedpaint 2.0,Nuclear Sunrise,,AK Interactive,3rd Gen Acrylic,Clear Orange (AK11218),,Speedpaint Comparison,95.6,Medium,layer paints,ArmyCrafter Speedpaint 2.0 comparison document,speedpaint_grimblack_thru_absolution green      (1).docx,Parsed from uploaded Speedpaint comparison DOCX.
Army Painter,Speedpaint 2.0,Nuclear Sunrise,,Scale75,Fantasy & Games,Tiamat Orange (SFG06),,Speedpaint Comparison,95.3,Medium,layer paints,ArmyCrafter Speedpaint 2.0 comparison document,speedpaint_grimblack_thru_absolution green      (1).docx,Parsed from uploaded Speedpaint comparison DOCX.
Army Painter,Speedpaint 2.0,Nuclear Sunrise,,Citadel,Dry,Ryza Rust,,Speedpaint Comparison,97.9,Medium,drybrush paints,ArmyCrafter Speedpaint 2.0 comparison document,speedpaint_grimblack_thru_absolution green      (1).docx,Parsed from uploaded Speedpaint comparison DOCX.
Army Painter,Speedpaint 2.0,Nuclear Sunrise,,Citadel,Air,Troll Slayer Orange,,Speedpaint Comparison,97.9,Medium,airbrush paints,ArmyCrafter Speedpaint 2.0 comparison document,speedpaint_grimblack_thru_absolution green      (1).docx,Parsed from uploaded Speedpaint comparison DOCX.
Army Painter,Speedpaint 2.0,Fire Giant Orange,,Army Painter,Speedpaint 2.0,Nuclear Sunrise,,Speedpaint Comparison,96.7,Medium,speed paints,ArmyCrafter Speedpaint 2.0 comparison document,speedpaint_grimblack_thru_absolution green      (1).docx,Parsed from uploaded Speedpaint comparison DOCX.
Army Painter,Speedpaint 2.0,Fire Giant Orange,,Army Painter,Warpaints Fanatic,Lava Orange,,Speedpaint Comparison,97.6,Medium,layer paints,ArmyCrafter Speedpaint 2.0 comparison document,speedpaint_grimblack_thru_absolution green      (1).docx,Parsed from uploaded Speedpaint comparison DOCX.
Army Painter,Speedpaint 2.0,Fire Giant Orange,,Two Thin Coats,Wave 3,Solar Flare,,Speedpaint Comparison,97.5,Medium,layer paints,ArmyCrafter Speedpaint 2.0 comparison document,speedpaint_grimblack_thru_absolution green      (1).docx,Parsed from uploaded Speedpaint comparison DOCX.
Army Painter,Speedpaint 2.0,Fire Giant Orange,,Army Painter,Warpaints Fanatic,Flickering Flame,,Speedpaint Comparison,97.2,Medium,layer paints,ArmyCrafter Speedpaint 2.0 comparison document,speedpaint_grimblack_thru_absolution green      (1).docx,Parsed from uploaded Speedpaint comparison DOCX.
Army Painter,Speedpaint 2.0,Fire Giant Orange,,Scale75,Fantasy & Games,Tiamat Orange (SFG06),,Speedpaint Comparison,95.7,Medium,layer paints,ArmyCrafter Speedpaint 2.0 comparison document,speedpaint_grimblack_thru_absolution green      (1).docx,Parsed from uploaded Speedpaint comparison DOCX.
Army Painter,Speedpaint 2.0,Fire Giant Orange,,Vallejo,Game Color,Gold Yellow (72.007),,Speedpaint Comparison,95.4,Medium,layer paints,ArmyCrafter Speedpaint 2.0 comparison document,speedpaint_grimblack_thru_absolution green      (1).docx,Parsed from uploaded Speedpaint comparison DOCX.
Army Painter,Speedpaint 2.0,Fire Giant Orange,,Vallejo,Model Color,Light Orange (70.911),,Speedpaint Comparison,95.0,Medium,layer paints,ArmyCrafter Speedpaint 2.0 comparison document,speedpaint_grimblack_thru_absolution green      (1).docx,Parsed from uploaded Speedpaint comparison DOCX.
Army Painter,Speedpaint 2.0,Fire Giant Orange,,Vallejo,Game Air,Gold Yellow (76.007),,Speedpaint Comparison,95.4,Medium,airbrush paints,ArmyCrafter Speedpaint 2.0 comparison document,speedpaint_grimblack_thru_absolution green      (1).docx,Parsed from uploaded Speedpaint comparison DOCX.
Army Painter,Speedpaint 2.0,Fire Drake,,Kimera Kolors,Expansion Set 1,Diarylide Yellow,,Speedpaint Comparison,96.9,Medium,layer paints,ArmyCrafter Speedpaint 2.0 comparison document,speedpaint_grimblack_thru_absolution green      (1).docx,Parsed from uploaded Speedpaint comparison DOCX.
Army Painter,Speedpaint 2.0,Fire Drake,,Scale75,Scalecolor,Mars Orange (SC39),,Speedpaint Comparison,96.3,Medium,layer paints,ArmyCrafter Speedpaint 2.0 comparison document,speedpaint_grimblack_thru_absolution green      (1).docx,Parsed from uploaded Speedpaint comparison DOCX.
Army Painter,Speedpaint 2.0,Fire Drake,,AK Interactive,3rd Gen Acrylic,Burn Orange (AK11079),,Speedpaint Comparison,95.8,Medium,layer paints,ArmyCrafter Speedpaint 2.0 comparison document,speedpaint_grimblack_thru_absolution green      (1).docx,Parsed from uploaded Speedpaint comparison DOCX.
Army Painter,Speedpaint 2.0,Fire Drake,,Citadel,Layer,Cadian Fleshtone,,Speedpaint Comparison,95.8,Medium,layer paints,ArmyCrafter Speedpaint 2.0 comparison document,speedpaint_grimblack_thru_absolution green      (1).docx,Parsed from uploaded Speedpaint comparison DOCX.
Army Painter,Speedpaint 2.0,Fire Drake,,Vallejo,Model Color,Bright Orange (70.851),,Speedpaint Comparison,95.1,Medium,layer paints,ArmyCrafter Speedpaint 2.0 comparison document,speedpaint_grimblack_thru_absolution green      (1).docx,Parsed from uploaded Speedpaint comparison DOCX.
Army Painter,Speedpaint 2.0,Fire Drake,,Vallejo,Model Air,Orange Rust (71.130),,Speedpaint Comparison,95.6,Medium,airbrush paints,ArmyCrafter Speedpaint 2.0 comparison document,speedpaint_grimblack_thru_absolution green      (1).docx,Parsed from uploaded Speedpaint comparison DOCX.
Army Painter,Speedpaint 2.0,Aged Hide,,Army Painter,Speedpaint 2.0,Bright Red,,Speedpaint Comparison,95.6,Medium,speed paints,ArmyCrafter Speedpaint 2.0 comparison document,speedpaint_grimblack_thru_absolution green      (1).docx,Parsed from uploaded Speedpaint comparison DOCX.
Army Painter,Speedpaint 2.0,Aged Hide,,Vallejo,Model Air,Fluorescent Red (71.082),,Speedpaint Comparison,96.0,Medium,airbrush paints,ArmyCrafter Speedpaint 2.0 comparison document,speedpaint_grimblack_thru_absolution green      (1).docx,Parsed from uploaded Speedpaint comparison DOCX.
Army Painter,Speedpaint 2.0,Aged Hide,,Army Painter,Warpaints Fanatic,Sacred Scarlet,,Speedpaint Comparison,96.4,Medium,layer paints,ArmyCrafter Speedpaint 2.0 comparison document,speedpaint_grimblack_thru_absolution green      (1).docx,Parsed from uploaded Speedpaint comparison DOCX.
Army Painter,Speedpaint 2.0,Aged Hide,,Vallejo,Model Color,Amaranth Red (70.829),,Speedpaint Comparison,95.2,Medium,layer paints,ArmyCrafter Speedpaint 2.0 comparison document,speedpaint_grimblack_thru_absolution green      (1).docx,Parsed from uploaded Speedpaint comparison DOCX.
Army Painter,Speedpaint 2.0,Peachy Flesh,,Citadel,Shade,Casandora Yellow,,Speedpaint Comparison,95.6,Medium,washes,ArmyCrafter Speedpaint 2.0 comparison document,speedpaint_grimblack_thru_absolution green      (1).docx,Parsed from uploaded Speedpaint comparison DOCX.
Army Painter,Speedpaint 2.0,Peachy Flesh,,Vallejo,Model Color,Sunny Skin Tone (70.845),,Speedpaint Comparison,96.4,Medium,layer paints,ArmyCrafter Speedpaint 2.0 comparison document,speedpaint_grimblack_thru_absolution green      (1).docx,Parsed from uploaded Speedpaint comparison DOCX.
Army Painter,Speedpaint 2.0,Peachy Flesh,,AK Interactive,3rd Gen Acrylic,Ocher Orange (AK11099),,Speedpaint Comparison,96.3,Medium,layer paints,ArmyCrafter Speedpaint 2.0 comparison document,speedpaint_grimblack_thru_absolution green      (1).docx,Parsed from uploaded Speedpaint comparison DOCX.
Army Painter,Speedpaint 2.0,Peachy Flesh,,AK Interactive,3rd Gen Acrylic,Pastel Peach (AK11076),,Speedpaint Comparison,95.7,Medium,layer paints,ArmyCrafter Speedpaint 2.0 comparison document,speedpaint_grimblack_thru_absolution green      (1).docx,Parsed from uploaded Speedpaint comparison DOCX.
Army Painter,Speedpaint 2.0,Peachy Flesh,,AK Interactive,3rd Gen Acrylic,Basic Skin Tone (AK11052),,Speedpaint Comparison,95.5,Medium,layer paints,ArmyCrafter Speedpaint 2.0 comparison document,speedpaint_grimblack_thru_absolution green      (1).docx,Parsed from uploaded Speedpaint comparison DOCX.
Army Painter,Speedpaint 2.0,Peachy Flesh,,AK Interactive,3rd Gen Acrylic,Sunny Skin Tone (AK11055),,Speedpaint Comparison,95.3,Medium,layer paints,ArmyCrafter Speedpaint 2.0 comparison document,speedpaint_grimblack_thru_absolution green      (1).docx,Parsed from uploaded Speedpaint comparison DOCX.
Army Painter,Speedpaint 2.0,Crusader Skin,,AK Interactive,3rd Gen Acrylic,Salmon (AK11061),,Speedpaint Comparison,98.1,High,layer paints,ArmyCrafter Speedpaint 2.0 comparison document,speedpaint_grimblack_thru_absolution green      (1).docx,Parsed from uploaded Speedpaint comparison DOCX.
Army Painter,Speedpaint 2.0,Crusader Skin,,AK Interactive,3rd Gen Acrylic,Sickly Pink (AK11060),,Speedpaint Comparison,96.3,Medium,layer paints,ArmyCrafter Speedpaint 2.0 comparison document,speedpaint_grimblack_thru_absolution green      (1).docx,Parsed from uploaded Speedpaint comparison DOCX.
Army Painter,Speedpaint 2.0,Crusader Skin,,Vallejo,Model Color,Basic Skin Tone (70.815),,Speedpaint Comparison,95.9,Medium,layer paints,ArmyCrafter Speedpaint 2.0 comparison document,speedpaint_grimblack_thru_absolution green      (1).docx,Parsed from uploaded Speedpaint comparison DOCX.
Army Painter,Speedpaint 2.0,Crusader Skin,,Vallejo,Game Color,Skin Tone (72.099),,Speedpaint Comparison,95.2,Medium,layer paints,ArmyCrafter Speedpaint 2.0 comparison document,speedpaint_grimblack_thru_absolution green      (1).docx,Parsed from uploaded Speedpaint comparison DOCX.
Army Painter,Speedpaint 2.0,Bony Matter,,Vallejo,Xpress Color,Mummy White (72.449),,Speedpaint Comparison,95.7,Medium,speed paints,ArmyCrafter Speedpaint 2.0 comparison document,speedpaint_grimblack_thru_absolution green      (1).docx,Parsed from uploaded Speedpaint comparison DOCX.
Army Painter,Speedpaint 2.0,Bony Matter,,Vallejo,Xpress Color,Bag of Bones (72.450),,Speedpaint Comparison,95.2,Medium,speed paints,ArmyCrafter Speedpaint 2.0 comparison document,speedpaint_grimblack_thru_absolution green      (1).docx,Parsed from uploaded Speedpaint comparison DOCX.
Army Painter,Speedpaint 2.0,Bony Matter,,Two Thin Coats,Wave 1,Skeleton Legion,,Speedpaint Comparison,98.2,High,layer paints,ArmyCrafter Speedpaint 2.0 comparison document,speedpaint_grimblack_thru_absolution green      (1).docx,Parsed from uploaded Speedpaint comparison DOCX.
Army Painter,Speedpaint 2.0,Bony Matter,,Scale75,Scalecolor,Thar Brown (SC61),,Speedpaint Comparison,97.3,Medium,layer paints,ArmyCrafter Speedpaint 2.0 comparison document,speedpaint_grimblack_thru_absolution green      (1).docx,Parsed from uploaded Speedpaint comparison DOCX.
Army Painter,Speedpaint 2.0,Bony Matter,,Vallejo,Game Color,Bone White (72.034),,Speedpaint Comparison,97.0,Medium,layer paints,ArmyCrafter Speedpaint 2.0 comparison document,speedpaint_grimblack_thru_absolution green      (1).docx,Parsed from uploaded Speedpaint comparison DOCX.
Army Painter,Speedpaint 2.0,Bony Matter,,Vallejo,Model Color,Iraqi Sand (70.819),,Speedpaint Comparison,96.9,Medium,layer paints,ArmyCrafter Speedpaint 2.0 comparison document,speedpaint_grimblack_thru_absolution green      (1).docx,Parsed from uploaded Speedpaint comparison DOCX.
Army Painter,Speedpaint 2.0,Bony Matter,,Army Painter,Warpaints Fanatic,Tomb King Tan,,Speedpaint Comparison,95.5,Medium,layer paints,ArmyCrafter Speedpaint 2.0 comparison document,speedpaint_grimblack_thru_absolution green      (1).docx,Parsed from uploaded Speedpaint comparison DOCX.
Army Painter,Speedpaint 2.0,Bony Matter,,Two Thin Coats,Wave 2,Argonaut Skin,,Speedpaint Comparison,95.4,Medium,layer paints,ArmyCrafter Speedpaint 2.0 comparison document,speedpaint_grimblack_thru_absolution green      (1).docx,Parsed from uploaded Speedpaint comparison DOCX.
Army Painter,Speedpaint 2.0,Bony Matter,,Two Thin Coats,Wave 1,Flesh Wash,,Speedpaint Comparison,95.6,Medium,washes,ArmyCrafter Speedpaint 2.0 comparison document,speedpaint_grimblack_thru_absolution green      (1).docx,Parsed from uploaded Speedpaint comparison DOCX.
Army Painter,Speedpaint 2.0,Bony Matter,,Vallejo,Model Air,USAF Tan (71.348),,Speedpaint Comparison,98.1,High,airbrush paints,ArmyCrafter Speedpaint 2.0 comparison document,speedpaint_grimblack_thru_absolution green      (1).docx,Parsed from uploaded Speedpaint comparison DOCX.
Army Painter,Speedpaint 2.0,Bony Matter,,Vallejo,Model Air,US Earth Yellow (71.291),,Speedpaint Comparison,97.1,Medium,airbrush paints,ArmyCrafter Speedpaint 2.0 comparison document,speedpaint_grimblack_thru_absolution green      (1).docx,Parsed from uploaded Speedpaint comparison DOCX.
Army Painter,Speedpaint 2.0,Bony Matter,,Vallejo,Game Air,Bone White (76.034),,Speedpaint Comparison,97.0,Medium,airbrush paints,ArmyCrafter Speedpaint 2.0 comparison document,speedpaint_grimblack_thru_absolution green      (1).docx,Parsed from uploaded Speedpaint comparison DOCX.
Army Painter,Speedpaint 2.0,Bony Matter,,Vallejo,Model Air,UK Light Stone (71.143),,Speedpaint Comparison,96.9,Medium,airbrush paints,ArmyCrafter Speedpaint 2.0 comparison document,speedpaint_grimblack_thru_absolution green      (1).docx,Parsed from uploaded Speedpaint comparison DOCX.
Army Painter,Speedpaint 2.0,Bony Matter,,Vallejo,Model Air,Light Brown (71.027),,Speedpaint Comparison,96.8,Medium,airbrush paints,ArmyCrafter Speedpaint 2.0 comparison document,speedpaint_grimblack_thru_absolution green      (1).docx,Parsed from uploaded Speedpaint comparison DOCX.
Army Painter,Speedpaint 2.0,Pallid Bone,,AK Interactive,3rd Gen Acrylic,Grimy Grey (AK11008),,Speedpaint Comparison,98.0,High,layer paints,ArmyCrafter Speedpaint 2.0 comparison document,speedpaint_grimblack_thru_absolution green      (1).docx,Parsed from uploaded Speedpaint comparison DOCX.
Army Painter,Speedpaint 2.0,Pallid Bone,,Two Thin Coats,Wave 2,Ares Flesh,,Speedpaint Comparison,96.9,Medium,layer paints,ArmyCrafter Speedpaint 2.0 comparison document,speedpaint_grimblack_thru_absolution green      (1).docx,Parsed from uploaded Speedpaint comparison DOCX.
Army Painter,Speedpaint 2.0,Pallid Bone,,Scale75,Fantasy & Games,Moonray Flesh (SFG17),,Speedpaint Comparison,96.8,Medium,layer paints,ArmyCrafter Speedpaint 2.0 comparison document,speedpaint_grimblack_thru_absolution green      (1).docx,Parsed from uploaded Speedpaint comparison DOCX.
Army Painter,Speedpaint 2.0,Pallid Bone,,Monument,Pro Acryl Signature,Heavy Warm White (S18),,Speedpaint Comparison,95.6,Medium,layer paints,ArmyCrafter Speedpaint 2.0 comparison document,speedpaint_grimblack_thru_absolution green      (1).docx,Parsed from uploaded Speedpaint comparison DOCX.
Army Painter,Speedpaint 2.0,Pallid Bone,,Scale75,Fantasy & Games,Hykey Yellow (SFG41),,Speedpaint Comparison,95.1,Medium,layer paints,ArmyCrafter Speedpaint 2.0 comparison document,speedpaint_grimblack_thru_absolution green      (1).docx,Parsed from uploaded Speedpaint comparison DOCX.
Army Painter,Speedpaint 2.0,Burnt Moss,,Vallejo,Model Air,Gunship Green (71.014),,Speedpaint Comparison,97.0,Medium,airbrush paints,ArmyCrafter Speedpaint 2.0 comparison document,speedpaint_grimblack_thru_absolution green      (1).docx,Parsed from uploaded Speedpaint comparison DOCX.
Army Painter,Speedpaint 2.0,Burnt Moss,,Vallejo,Model Air,Green RLM62 (71.104),,Speedpaint Comparison,96.5,Medium,airbrush paints,ArmyCrafter Speedpaint 2.0 comparison document,speedpaint_grimblack_thru_absolution green      (1).docx,Parsed from uploaded Speedpaint comparison DOCX.
Army Painter,Speedpaint 2.0,Burnt Moss,,Vallejo,Model Air,Nato Green (71.093),,Speedpaint Comparison,96.0,Medium,airbrush paints,ArmyCrafter Speedpaint 2.0 comparison document,speedpaint_grimblack_thru_absolution green      (1).docx,Parsed from uploaded Speedpaint comparison DOCX.
Army Painter,Speedpaint 2.0,Burnt Moss,,Vallejo,Model Air,Green Grey (71.341),,Speedpaint Comparison,95.8,Medium,airbrush paints,ArmyCrafter Speedpaint 2.0 comparison document,speedpaint_grimblack_thru_absolution green      (1).docx,Parsed from uploaded Speedpaint comparison DOCX.
Army Painter,Speedpaint 2.0,Burnt Moss,,Vallejo,Model Air,Medium Olive (71.092),,Speedpaint Comparison,95.4,Medium,airbrush paints,ArmyCrafter Speedpaint 2.0 comparison document,speedpaint_grimblack_thru_absolution green      (1).docx,Parsed from uploaded Speedpaint comparison DOCX.
Army Painter,Speedpaint 2.0,Burnt Moss,,Vallejo,Model Air,NATO Green (612),,Speedpaint Comparison,95.2,Medium,airbrush paints,ArmyCrafter Speedpaint 2.0 comparison document,speedpaint_grimblack_thru_absolution green      (1).docx,Parsed from uploaded Speedpaint comparison DOCX.
Army Painter,Speedpaint 2.0,Burnt Moss,,AK Interactive,3rd Gen Acrylic,Dark Blue-Grey (AK11164),,Speedpaint Comparison,97.9,Medium,layer paints,ArmyCrafter Speedpaint 2.0 comparison document,speedpaint_grimblack_thru_absolution green      (1).docx,Parsed from uploaded Speedpaint comparison DOCX.
Army Painter,Speedpaint 2.0,Burnt Moss,,Vallejo,Model Color,German Uniform (70.920),,Speedpaint Comparison,96.5,Medium,layer paints,ArmyCrafter Speedpaint 2.0 comparison document,speedpaint_grimblack_thru_absolution green      (1).docx,Parsed from uploaded Speedpaint comparison DOCX.
Army Painter,Speedpaint 2.0,Burnt Moss,,Vallejo,Model Color,Gunship Green (70.895),,Speedpaint Comparison,96.3,Medium,layer paints,ArmyCrafter Speedpaint 2.0 comparison document,speedpaint_grimblack_thru_absolution green      (1).docx,Parsed from uploaded Speedpaint comparison DOCX.
Army Painter,Speedpaint 2.0,Gunner Camo,,Monument,Pro Acryl Standard,Dark Camo Green (036),,Speedpaint Comparison,96.3,Medium,layer paints,ArmyCrafter Speedpaint 2.0 comparison document,speedpaint_grimblack_thru_absolution green      (1).docx,Parsed from uploaded Speedpaint comparison DOCX.
Army Painter,Speedpaint 2.0,Gunner Camo,,AK Interactive,3rd Gen Acrylic,Dark Green-Grey (AK11133),,Speedpaint Comparison,96.0,Medium,layer paints,ArmyCrafter Speedpaint 2.0 comparison document,speedpaint_grimblack_thru_absolution green      (1).docx,Parsed from uploaded Speedpaint comparison DOCX.
Army Painter,Speedpaint 2.0,Gunner Camo,,Two Thin Coats,Wave 1,Emerald Green,,Speedpaint Comparison,95.1,Medium,layer paints,ArmyCrafter Speedpaint 2.0 comparison document,speedpaint_grimblack_thru_absolution green      (1).docx,Parsed from uploaded Speedpaint comparison DOCX.
Army Painter,Speedpaint 2.0,Absolution Green,,AK Interactive,3rd Gen Acrylic,Dark Green (AK11146),,Speedpaint Comparison,95.4,Medium,layer paints,ArmyCrafter Speedpaint 2.0 comparison document,speedpaint_grimblack_thru_absolution green      (1).docx,Parsed from uploaded Speedpaint comparison DOCX.
Army Painter,Speedpaint 2.0,Absolution Green,,Citadel,Base,Caliban Green,,Speedpaint Comparison,95.6,Medium,base paints,ArmyCrafter Speedpaint 2.0 comparison document,speedpaint_grimblack_thru_absolution green      (1).docx,Parsed from uploaded Speedpaint comparison DOCX.
Army Painter,Speedpaint 2.0,Absolution Green,,Citadel,Air,Caliban Green,,Speedpaint Comparison,95.6,Medium,airbrush paints,ArmyCrafter Speedpaint 2.0 comparison document,speedpaint_grimblack_thru_absolution green      (1).docx,Parsed from uploaded Speedpaint comparison DOCX.
Army Painter,Speedpaint 2.0,Orc Skin,,Citadel,Air,Mortarion Green Clear,,Speedpaint Comparison,97.0,Medium,airbrush paints,ArmyCrafter Speedpaint 2.0 comparison document,speedpaint_orkskin_thru_periwinklepurple(1).docx,Parsed from uploaded Speedpaint comparison DOCX.
Army Painter,Speedpaint 2.0,Mummified Grime,,Army Painter,Warpaints Fanatic,Prairie Ochre,,Speedpaint Comparison,97.0,Medium,layer paints,ArmyCrafter Speedpaint 2.0 comparison document,speedpaint_orkskin_thru_periwinklepurple(1).docx,Parsed from uploaded Speedpaint comparison DOCX.
Army Painter,Speedpaint 2.0,Mummified Grime,,Vallejo,Model Color,Khaki (70.988),,Speedpaint Comparison,96.8,Medium,layer paints,ArmyCrafter Speedpaint 2.0 comparison document,speedpaint_orkskin_thru_periwinklepurple(1).docx,Parsed from uploaded Speedpaint comparison DOCX.
Army Painter,Speedpaint 2.0,Mummified Grime,,Vallejo,Game Color,Dirty Grey (72.145),,Speedpaint Comparison,95.3,Medium,layer paints,ArmyCrafter Speedpaint 2.0 comparison document,speedpaint_orkskin_thru_periwinklepurple(1).docx,Parsed from uploaded Speedpaint comparison DOCX.
Army Painter,Speedpaint 2.0,Mummified Grime,,Army Painter,Warpaints,Venom Wyrm,,Speedpaint Comparison,95.2,Medium,layer paints,ArmyCrafter Speedpaint 2.0 comparison document,speedpaint_orkskin_thru_periwinklepurple(1).docx,Parsed from uploaded Speedpaint comparison DOCX.
Army Painter,Speedpaint 2.0,Mummified Grime,,Citadel,Base,Steel Legion Drab,,Speedpaint Comparison,95.2,Medium,base paints,ArmyCrafter Speedpaint 2.0 comparison document,speedpaint_orkskin_thru_periwinklepurple(1).docx,Parsed from uploaded Speedpaint comparison DOCX.
Army Painter,Speedpaint 2.0,Mummified Grime,,Vallejo,Model Air,USAF Olive Drab (71.016),,Speedpaint Comparison,98.7,High,airbrush paints,ArmyCrafter Speedpaint 2.0 comparison document,speedpaint_orkskin_thru_periwinklepurple(1).docx,Parsed from uploaded Speedpaint comparison DOCX.
Army Painter,Speedpaint 2.0,Mummified Grime,,Vallejo,Model Air,Interior Green (71.010),,Speedpaint Comparison,97.8,Medium,airbrush paints,ArmyCrafter Speedpaint 2.0 comparison document,speedpaint_orkskin_thru_periwinklepurple(1).docx,Parsed from uploaded Speedpaint comparison DOCX.
Army Painter,Speedpaint 2.0,Mummified Grime,,Vallejo,Model Air,Amt-4 Camouflage Green (71.301),,Speedpaint Comparison,96.7,Medium,airbrush paints,ArmyCrafter Speedpaint 2.0 comparison document,speedpaint_orkskin_thru_periwinklepurple(1).docx,Parsed from uploaded Speedpaint comparison DOCX.
Army Painter,Speedpaint 2.0,Mummified Grime,,Vallejo,Model Air,Earth Green (Early) (611),,Speedpaint Comparison,96.5,Medium,airbrush paints,ArmyCrafter Speedpaint 2.0 comparison document,speedpaint_orkskin_thru_periwinklepurple(1).docx,Parsed from uploaded Speedpaint comparison DOCX.
Army Painter,Speedpaint 2.0,Mummified Grime,,Vallejo,Model Air,US Light Green (71.137),,Speedpaint Comparison,95.5,Medium,airbrush paints,ArmyCrafter Speedpaint 2.0 comparison document,speedpaint_orkskin_thru_periwinklepurple(1).docx,Parsed from uploaded Speedpaint comparison DOCX.
Army Painter,Speedpaint 2.0,Camo Cloak,,Vallejo,Xpress Color,Orc Skin (72.415),,Speedpaint Comparison,97.0,Medium,speed paints,ArmyCrafter Speedpaint 2.0 comparison document,speedpaint_orkskin_thru_periwinklepurple(1).docx,Parsed from uploaded Speedpaint comparison DOCX.
Army Painter,Speedpaint 2.0,Camo Cloak,,Army Painter,Warpaints,Military Shader,,Speedpaint Comparison,95.3,Medium,washes,ArmyCrafter Speedpaint 2.0 comparison document,speedpaint_orkskin_thru_periwinklepurple(1).docx,Parsed from uploaded Speedpaint comparison DOCX.
Army Painter,Speedpaint 2.0,Camo Cloak,,Citadel,Base,Deathworld Forest,,Speedpaint Comparison,95.4,Medium,base paints,ArmyCrafter Speedpaint 2.0 comparison document,speedpaint_orkskin_thru_periwinklepurple(1).docx,Parsed from uploaded Speedpaint comparison DOCX.
Army Painter,Speedpaint 2.0,Camo Cloak,,Army Painter,Warpaints,Army Green,,Speedpaint Comparison,96.6,Medium,layer paints,ArmyCrafter Speedpaint 2.0 comparison document,speedpaint_orkskin_thru_periwinklepurple(1).docx,Parsed from uploaded Speedpaint comparison DOCX.
Army Painter,Speedpaint 2.0,Camo Cloak,,Citadel,Layer,Loren Forest,,Speedpaint Comparison,95.8,Medium,layer paints,ArmyCrafter Speedpaint 2.0 comparison document,speedpaint_orkskin_thru_periwinklepurple(1).docx,Parsed from uploaded Speedpaint comparison DOCX.
Army Painter,Speedpaint 2.0,Camo Cloak,,Army Painter,Warpaints,Mouldy Clothes,,Speedpaint Comparison,95.7,Medium,layer paints,ArmyCrafter Speedpaint 2.0 comparison document,speedpaint_orkskin_thru_periwinklepurple(1).docx,Parsed from uploaded Speedpaint comparison DOCX.
Army Painter,Speedpaint 2.0,Camo Cloak,,AK Interactive,3rd Gen Acrylic,Intermediate Green (AK11149),,Speedpaint Comparison,95.7,Medium,layer paints,ArmyCrafter Speedpaint 2.0 comparison document,speedpaint_orkskin_thru_periwinklepurple(1).docx,Parsed from uploaded Speedpaint comparison DOCX.
Army Painter,Speedpaint 2.0,Camo Cloak,,Citadel,Air,Deathworld Forest,,Speedpaint Comparison,95.4,Medium,airbrush paints,ArmyCrafter Speedpaint 2.0 comparison document,speedpaint_orkskin_thru_periwinklepurple(1).docx,Parsed from uploaded Speedpaint comparison DOCX.
Army Painter,Speedpaint 2.0,Camo Cloak,,Citadel,Spray,Death Guard Green,,Speedpaint Comparison,95.4,Medium,spray paints,ArmyCrafter Speedpaint 2.0 comparison document,speedpaint_orkskin_thru_periwinklepurple(1).docx,Parsed from uploaded Speedpaint comparison DOCX.
Army Painter,Speedpaint 2.0,Shamrock Green,,Scale75,Scalecolor,Spring Green (SC47),,Speedpaint Comparison,97.5,Medium,layer paints,ArmyCrafter Speedpaint 2.0 comparison document,speedpaint_orkskin_thru_periwinklepurple(1).docx,Parsed from uploaded Speedpaint comparison DOCX.
Army Painter,Speedpaint 2.0,Shamrock Green,,Scale75,Fantasy & Games,Goblin Flesh (SFG24),,Speedpaint Comparison,96.3,Medium,layer paints,ArmyCrafter Speedpaint 2.0 comparison document,speedpaint_orkskin_thru_periwinklepurple(1).docx,Parsed from uploaded Speedpaint comparison DOCX.
Army Painter,Speedpaint 2.0,Shamrock Green,,Monument,Pro Acryl Standard,Green (004),,Speedpaint Comparison,95.4,Medium,layer paints,ArmyCrafter Speedpaint 2.0 comparison document,speedpaint_orkskin_thru_periwinklepurple(1).docx,Parsed from uploaded Speedpaint comparison DOCX.
Army Painter,Speedpaint 2.0,Ghoul Green,,Citadel,Layer,Sybarite Green,,Speedpaint Comparison,95.6,Medium,layer paints,ArmyCrafter Speedpaint 2.0 comparison document,speedpaint_orkskin_thru_periwinklepurple(1).docx,Parsed from uploaded Speedpaint comparison DOCX.
Army Painter,Speedpaint 2.0,Forest Sprite,,Scale75,Inktensity,Inktense Lime (SC100),,Speedpaint Comparison,96.4,Medium,inks,ArmyCrafter Speedpaint 2.0 comparison document,speedpaint_orkskin_thru_periwinklepurple(1).docx,Parsed from uploaded Speedpaint comparison DOCX.
Army Painter,Speedpaint 2.0,Brownish Decay,,AK Interactive,3rd Gen Acrylic,Green-Brown (AK11126),,Speedpaint Comparison,96.3,Medium,layer paints,ArmyCrafter Speedpaint 2.0 comparison document,speedpaint_orkskin_thru_periwinklepurple(1).docx,Parsed from uploaded Speedpaint comparison DOCX.
Army Painter,Speedpaint 2.0,Brownish Decay,,AK Interactive,3rd Gen Acrylic,British Khaki (AK11127),,Speedpaint Comparison,95.9,Medium,layer paints,ArmyCrafter Speedpaint 2.0 comparison document,speedpaint_orkskin_thru_periwinklepurple(1).docx,Parsed from uploaded Speedpaint comparison DOCX.
Army Painter,Speedpaint 2.0,Brownish Decay,,AK Interactive,3rd Gen Acrylic,Brownish Green (AK11151),,Speedpaint Comparison,95.2,Medium,layer paints,ArmyCrafter Speedpaint 2.0 comparison document,speedpaint_orkskin_thru_periwinklepurple(1).docx,Parsed from uploaded Speedpaint comparison DOCX.
Army Painter,Speedpaint 2.0,Brownish Decay,,Vallejo,Model Air,Earth Green (Early) (611),,Speedpaint Comparison,98.0,High,airbrush paints,ArmyCrafter Speedpaint 2.0 comparison document,speedpaint_orkskin_thru_periwinklepurple(1).docx,Parsed from uploaded Speedpaint comparison DOCX.
Army Painter,Speedpaint 2.0,Desolate Brown,,Vallejo,Xpress Color,Rotten Flesh (72.452),,Speedpaint Comparison,95.0,Medium,speed paints,ArmyCrafter Speedpaint 2.0 comparison document,speedpaint_orkskin_thru_periwinklepurple(1).docx,Parsed from uploaded Speedpaint comparison DOCX.
Army Painter,Speedpaint 2.0,Desolate Brown,,Vallejo,Model Air,Ochre (71.081),,Speedpaint Comparison,95.0,Medium,airbrush paints,ArmyCrafter Speedpaint 2.0 comparison document,speedpaint_orkskin_thru_periwinklepurple(1).docx,Parsed from uploaded Speedpaint comparison DOCX.
Army Painter,Speedpaint 2.0,Desolate Brown,,Vallejo,Model Color,Green Brown (70.879),,Speedpaint Comparison,96.4,Medium,layer paints,ArmyCrafter Speedpaint 2.0 comparison document,speedpaint_orkskin_thru_periwinklepurple(1).docx,Parsed from uploaded Speedpaint comparison DOCX.
Army Painter,Speedpaint 2.0,Algae Green,,Citadel,Layer,Ogryn Camo,,Speedpaint Comparison,97.3,Medium,layer paints,ArmyCrafter Speedpaint 2.0 comparison document,speedpaint_orkskin_thru_periwinklepurple(1).docx,Parsed from uploaded Speedpaint comparison DOCX.
Army Painter,Speedpaint 2.0,Algae Green,,Citadel,Air,Ogryn Camo,,Speedpaint Comparison,97.3,Medium,airbrush paints,ArmyCrafter Speedpaint 2.0 comparison document,speedpaint_orkskin_thru_periwinklepurple(1).docx,Parsed from uploaded Speedpaint comparison DOCX.
Army Painter,Speedpaint 2.0,Ghillie Dew,,Army Painter,Warpaints Fanatic,Rainforest,,Speedpaint Comparison,99.7,High,layer paints,ArmyCrafter Speedpaint 2.0 comparison document,speedpaint_orkskin_thru_periwinklepurple(1).docx,Parsed from uploaded Speedpaint comparison DOCX.
Army Painter,Speedpaint 2.0,Ghillie Dew,,AK Interactive,3rd Gen Acrylic,Slime Green - Color Punch (AK11275),,Speedpaint Comparison,97.0,Medium,layer paints,ArmyCrafter Speedpaint 2.0 comparison document,speedpaint_orkskin_thru_periwinklepurple(1).docx,Parsed from uploaded Speedpaint comparison DOCX.
Army Painter,Speedpaint 2.0,Ghillie Dew,,AK Interactive,3rd Gen Acrylic,Frog Green (AK11136),,Speedpaint Comparison,97.0,Medium,layer paints,ArmyCrafter Speedpaint 2.0 comparison document,speedpaint_orkskin_thru_periwinklepurple(1).docx,Parsed from uploaded Speedpaint comparison DOCX.
Army Painter,Speedpaint 2.0,Ghillie Dew,,AK Interactive,3rd Gen Acrylic,Fluorescent Green (AK11129),,Speedpaint Comparison,95.8,Medium,layer paints,ArmyCrafter Speedpaint 2.0 comparison document,speedpaint_orkskin_thru_periwinklepurple(1).docx,Parsed from uploaded Speedpaint comparison DOCX.
Army Painter,Speedpaint 2.0,Charming Chartreuse,,Army Painter,Speedpaint 2.0,Malignant Green,,Speedpaint Comparison,96.6,Medium,speed paints,ArmyCrafter Speedpaint 2.0 comparison document,speedpaint_orkskin_thru_periwinklepurple(1).docx,Parsed from uploaded Speedpaint comparison DOCX.
Army Painter,Speedpaint 2.0,Charming Chartreuse,,Vallejo,Game Color,Yellow (73.208),,Speedpaint Comparison,98.8,High,washes,ArmyCrafter Speedpaint 2.0 comparison document,speedpaint_orkskin_thru_periwinklepurple(1).docx,Parsed from uploaded Speedpaint comparison DOCX.
Army Painter,Speedpaint 2.0,Charming Chartreuse,,Army Painter,Warpaints Fanatic,Vivid Volt,,Speedpaint Comparison,98.9,High,layer paints,ArmyCrafter Speedpaint 2.0 comparison document,speedpaint_orkskin_thru_periwinklepurple(1).docx,Parsed from uploaded Speedpaint comparison DOCX.
Army Painter,Speedpaint 2.0,Charming Chartreuse,,Vallejo,Model Color,Yellow Green (70.954),,Speedpaint Comparison,98.7,High,layer paints,ArmyCrafter Speedpaint 2.0 comparison document,speedpaint_orkskin_thru_periwinklepurple(1).docx,Parsed from uploaded Speedpaint comparison DOCX.
Army Painter,Speedpaint 2.0,Charming Chartreuse,,Vallejo,Game Color,Bile Green (72.122),,Speedpaint Comparison,98.1,High,layer paints,ArmyCrafter Speedpaint 2.0 comparison document,speedpaint_orkskin_thru_periwinklepurple(1).docx,Parsed from uploaded Speedpaint comparison DOCX.
Army Painter,Speedpaint 2.0,Charming Chartreuse,,AK Interactive,3rd Gen Acrylic,Luminous Green (AK11128),,Speedpaint Comparison,97.9,Medium,layer paints,ArmyCrafter Speedpaint 2.0 comparison document,speedpaint_orkskin_thru_periwinklepurple(1).docx,Parsed from uploaded Speedpaint comparison DOCX.
Army Painter,Speedpaint 2.0,Charming Chartreuse,,Army Painter,Warpaints,Poisonous Cloud,,Speedpaint Comparison,97.8,Medium,layer paints,ArmyCrafter Speedpaint 2.0 comparison document,speedpaint_orkskin_thru_periwinklepurple(1).docx,Parsed from uploaded Speedpaint comparison DOCX.
Army Painter,Speedpaint 2.0,Charming Chartreuse,,Army Painter,Warpaints Fanatic,Electric Lime,,Speedpaint Comparison,96.1,Medium,layer paints,ArmyCrafter Speedpaint 2.0 comparison document,speedpaint_orkskin_thru_periwinklepurple(1).docx,Parsed from uploaded Speedpaint comparison DOCX.
Army Painter,Speedpaint 2.0,Charming Chartreuse,,Vallejo,Game Air,Bile Green (76.122),,Speedpaint Comparison,98.1,High,airbrush paints,ArmyCrafter Speedpaint 2.0 comparison document,speedpaint_orkskin_thru_periwinklepurple(1).docx,Parsed from uploaded Speedpaint comparison DOCX.
Army Painter,Speedpaint 2.0,Malignant Green,,Army Painter,Speedpaint 2.0,Charming Chartreuse,,Speedpaint Comparison,96.6,Medium,speed paints,ArmyCrafter Speedpaint 2.0 comparison document,speedpaint_orkskin_thru_periwinklepurple(1).docx,Parsed from uploaded Speedpaint comparison DOCX.
Army Painter,Speedpaint 2.0,Malignant Green,,Army Painter,Speedpaint 2.0,Maggot Skin,,Speedpaint Comparison,95.7,Medium,speed paints,ArmyCrafter Speedpaint 2.0 comparison document,speedpaint_orkskin_thru_periwinklepurple(1).docx,Parsed from uploaded Speedpaint comparison DOCX.
Army Painter,Speedpaint 2.0,Malignant Green,,Vallejo,Game Color,Yellow (73.208),,Speedpaint Comparison,95.5,Medium,washes,ArmyCrafter Speedpaint 2.0 comparison document,speedpaint_orkskin_thru_periwinklepurple(1).docx,Parsed from uploaded Speedpaint comparison DOCX.
Army Painter,Speedpaint 2.0,Malignant Green,,Vallejo,Model Color,Yellow Green (70.954),,Speedpaint Comparison,97.8,Medium,layer paints,ArmyCrafter Speedpaint 2.0 comparison document,speedpaint_orkskin_thru_periwinklepurple(1).docx,Parsed from uploaded Speedpaint comparison DOCX.
Army Painter,Speedpaint 2.0,Malignant Green,,Army Painter,Warpaints Fanatic,Vivid Volt,,Speedpaint Comparison,97.7,Medium,layer paints,ArmyCrafter Speedpaint 2.0 comparison document,speedpaint_orkskin_thru_periwinklepurple(1).docx,Parsed from uploaded Speedpaint comparison DOCX.
Army Painter,Speedpaint 2.0,Malignant Green,,Scale75,Scalecolor,Fall Green (SC48),,Speedpaint Comparison,97.4,Medium,layer paints,ArmyCrafter Speedpaint 2.0 comparison document,speedpaint_orkskin_thru_periwinklepurple(1).docx,Parsed from uploaded Speedpaint comparison DOCX.
Army Painter,Speedpaint 2.0,Malignant Green,,AK Interactive,3rd Gen Acrylic,Luminous Green (AK11128),,Speedpaint Comparison,96.3,Medium,layer paints,ArmyCrafter Speedpaint 2.0 comparison document,speedpaint_orkskin_thru_periwinklepurple(1).docx,Parsed from uploaded Speedpaint comparison DOCX.
Army Painter,Speedpaint 2.0,Malignant Green,,Army Painter,Warpaints,Poisonous Cloud,,Speedpaint Comparison,96.1,Medium,layer paints,ArmyCrafter Speedpaint 2.0 comparison document,speedpaint_orkskin_thru_periwinklepurple(1).docx,Parsed from uploaded Speedpaint comparison DOCX.
Army Painter,Speedpaint 2.0,Malignant Green,,Army Painter,Warpaints Fanatic,Electric Lime,,Speedpaint Comparison,96.0,Medium,layer paints,ArmyCrafter Speedpaint 2.0 comparison document,speedpaint_orkskin_thru_periwinklepurple(1).docx,Parsed from uploaded Speedpaint comparison DOCX.
Army Painter,Speedpaint 2.0,Malignant Green,,Vallejo,Game Air,Bile Green (76.122),,Speedpaint Comparison,97.8,Medium,airbrush paints,ArmyCrafter Speedpaint 2.0 comparison document,speedpaint_orkskin_thru_periwinklepurple(1).docx,Parsed from uploaded Speedpaint comparison DOCX.
Army Painter,Speedpaint 2.0,Maggot Skin,,Army Painter,Speedpaint 2.0,Malignant Green,,Speedpaint Comparison,95.7,Medium,speed paints,ArmyCrafter Speedpaint 2.0 comparison document,speedpaint_orkskin_thru_periwinklepurple(1).docx,Parsed from uploaded Speedpaint comparison DOCX.
Army Painter,Speedpaint 2.0,Maggot Skin,,Scale75,Fantasy & Games,Toxic Waste Green (SFG25),,Speedpaint Comparison,97.6,Medium,layer paints,ArmyCrafter Speedpaint 2.0 comparison document,speedpaint_orkskin_thru_periwinklepurple(1).docx,Parsed from uploaded Speedpaint comparison DOCX.
Army Painter,Speedpaint 2.0,Maggot Skin,,Scale75,Scalecolor,Fall Green (SC48),,Speedpaint Comparison,97.3,Medium,layer paints,ArmyCrafter Speedpaint 2.0 comparison document,speedpaint_orkskin_thru_periwinklepurple(1).docx,Parsed from uploaded Speedpaint comparison DOCX.
Army Painter,Speedpaint 2.0,Maggot Skin,,Army Painter,Warpaints,Poisonous Cloud,,Speedpaint Comparison,95.6,Medium,layer paints,ArmyCrafter Speedpaint 2.0 comparison document,speedpaint_orkskin_thru_periwinklepurple(1).docx,Parsed from uploaded Speedpaint comparison DOCX.
Army Painter,Speedpaint 2.0,Maggot Skin,,Vallejo,Game Color,Toxic Yellow (72.109),,Speedpaint Comparison,95.4,Medium,layer paints,ArmyCrafter Speedpaint 2.0 comparison document,speedpaint_orkskin_thru_periwinklepurple(1).docx,Parsed from uploaded Speedpaint comparison DOCX.
Army Painter,Speedpaint 2.0,Maggot Skin,,AK Interactive,3rd Gen Acrylic,Luminous Green (AK11128),,Speedpaint Comparison,95.4,Medium,layer paints,ArmyCrafter Speedpaint 2.0 comparison document,speedpaint_orkskin_thru_periwinklepurple(1).docx,Parsed from uploaded Speedpaint comparison DOCX.
Army Painter,Speedpaint 2.0,Maggot Skin,,Vallejo,Game Air,Toxic Yellow (76.109),,Speedpaint Comparison,95.4,Medium,airbrush paints,ArmyCrafter Speedpaint 2.0 comparison document,speedpaint_orkskin_thru_periwinklepurple(1).docx,Parsed from uploaded Speedpaint comparison DOCX.
Army Painter,Speedpaint 2.0,Rigor Mortis,,Two Thin Coats,Wave 3,Zombie Rot,,Speedpaint Comparison,97.1,Medium,layer paints,ArmyCrafter Speedpaint 2.0 comparison document,speedpaint_orkskin_thru_periwinklepurple(1).docx,Parsed from uploaded Speedpaint comparison DOCX.
Army Painter,Speedpaint 2.0,Rigor Mortis,,Scale75,Fantasy & Games,Undead Flesh (SFG13),,Speedpaint Comparison,96.2,Medium,layer paints,ArmyCrafter Speedpaint 2.0 comparison document,speedpaint_orkskin_thru_periwinklepurple(1).docx,Parsed from uploaded Speedpaint comparison DOCX.
Army Painter,Speedpaint 2.0,Rigor Mortis,,Monument,Pro Acryl Standard,Khaki (061),,Speedpaint Comparison,95.3,Medium,layer paints,ArmyCrafter Speedpaint 2.0 comparison document,speedpaint_orkskin_thru_periwinklepurple(1).docx,Parsed from uploaded Speedpaint comparison DOCX.
Army Painter,Speedpaint 2.0,Rigor Mortis,,Citadel,Layer,Krieg Khaki,,Speedpaint Comparison,95.1,Medium,layer paints,ArmyCrafter Speedpaint 2.0 comparison document,speedpaint_orkskin_thru_periwinklepurple(1).docx,Parsed from uploaded Speedpaint comparison DOCX.
Army Painter,Speedpaint 2.0,Rigor Mortis,,Citadel,Dry,Underhive Ash,,Speedpaint Comparison,95.1,Medium,drybrush paints,ArmyCrafter Speedpaint 2.0 comparison document,speedpaint_orkskin_thru_periwinklepurple(1).docx,Parsed from uploaded Speedpaint comparison DOCX.
Army Painter,Speedpaint 2.0,Ochre Clay,,AK Interactive,3rd Gen Acrylic,Interior Yellow Green (AK11138),,Speedpaint Comparison,97.2,Medium,layer paints,ArmyCrafter Speedpaint 2.0 comparison document,speedpaint_orkskin_thru_periwinklepurple(1).docx,Parsed from uploaded Speedpaint comparison DOCX.
Army Painter,Speedpaint 2.0,Tyrian Navy,,AK Interactive,3rd Gen Acrylic,Medium Blue (AK11184),,Speedpaint Comparison,98.4,High,layer paints,ArmyCrafter Speedpaint 2.0 comparison document,speedpaint_orkskin_thru_periwinklepurple(1).docx,Parsed from uploaded Speedpaint comparison DOCX.
Army Painter,Speedpaint 2.0,Tyrian Navy,,Kimera Kolors,Expansion Set 1,Cobalt Bluegreen,,Speedpaint Comparison,98.1,High,layer paints,ArmyCrafter Speedpaint 2.0 comparison document,speedpaint_orkskin_thru_periwinklepurple(1).docx,Parsed from uploaded Speedpaint comparison DOCX.
Army Painter,Speedpaint 2.0,Tyrian Navy,,Monument,Pro Acryl Signature,Dark Jade (S01),,Speedpaint Comparison,97.1,Medium,layer paints,ArmyCrafter Speedpaint 2.0 comparison document,speedpaint_orkskin_thru_periwinklepurple(1).docx,Parsed from uploaded Speedpaint comparison DOCX.
Army Painter,Speedpaint 2.0,Tyrian Navy,,Army Painter,Warpaints Fanatic,Scarab Green,,Speedpaint Comparison,96.0,Medium,layer paints,ArmyCrafter Speedpaint 2.0 comparison document,speedpaint_orkskin_thru_periwinklepurple(1).docx,Parsed from uploaded Speedpaint comparison DOCX.
Army Painter,Speedpaint 2.0,Beowulf Blue,,Citadel,Contrast,Celestium Blue,,Speedpaint Comparison,97.9,Medium,speed paints,ArmyCrafter Speedpaint 2.0 comparison document,speedpaint_orkskin_thru_periwinklepurple(1).docx,Parsed from uploaded Speedpaint comparison DOCX.
Army Painter,Speedpaint 2.0,Beowulf Blue,,Vallejo,Xpress Color,Storm Blue (72.412),,Speedpaint Comparison,95.7,Medium,speed paints,ArmyCrafter Speedpaint 2.0 comparison document,speedpaint_orkskin_thru_periwinklepurple(1).docx,Parsed from uploaded Speedpaint comparison DOCX.
Army Painter,Speedpaint 2.0,Beowulf Blue,,Army Painter,Warpaints Fanatic,Ultramarine Blue,,Speedpaint Comparison,97.7,Medium,layer paints,ArmyCrafter Speedpaint 2.0 comparison document,speedpaint_orkskin_thru_periwinklepurple(1).docx,Parsed from uploaded Speedpaint comparison DOCX.
Army Painter,Speedpaint 2.0,Beowulf Blue,,Citadel,Layer,Calgar Blue,,Speedpaint Comparison,96.4,Medium,layer paints,ArmyCrafter Speedpaint 2.0 comparison document,speedpaint_orkskin_thru_periwinklepurple(1).docx,Parsed from uploaded Speedpaint comparison DOCX.
Army Painter,Speedpaint 2.0,Beowulf Blue,,Citadel,Layer,Altdorf Guard Blue,,Speedpaint Comparison,95.6,Medium,layer paints,ArmyCrafter Speedpaint 2.0 comparison document,speedpaint_orkskin_thru_periwinklepurple(1).docx,Parsed from uploaded Speedpaint comparison DOCX.
Army Painter,Speedpaint 2.0,Beowulf Blue,,Monument,Pro Acryl Standard,Dark Grey Blue (014),,Speedpaint Comparison,95.4,Medium,layer paints,ArmyCrafter Speedpaint 2.0 comparison document,speedpaint_orkskin_thru_periwinklepurple(1).docx,Parsed from uploaded Speedpaint comparison DOCX.
Army Painter,Speedpaint 2.0,Beowulf Blue,,AK Interactive,3rd Gen Acrylic,Deep Blue - Intense (AK11182),,Speedpaint Comparison,95.1,Medium,layer paints,ArmyCrafter Speedpaint 2.0 comparison document,speedpaint_orkskin_thru_periwinklepurple(1).docx,Parsed from uploaded Speedpaint comparison DOCX.
Army Painter,Speedpaint 2.0,Beowulf Blue,,Citadel,Base,Macragge Blue,,Speedpaint Comparison,95.4,Medium,base paints,ArmyCrafter Speedpaint 2.0 comparison document,speedpaint_orkskin_thru_periwinklepurple(1).docx,Parsed from uploaded Speedpaint comparison DOCX.
Army Painter,Speedpaint 2.0,Beowulf Blue,,Citadel,Air,Macragge Blue,,Speedpaint Comparison,95.4,Medium,airbrush paints,ArmyCrafter Speedpaint 2.0 comparison document,speedpaint_orkskin_thru_periwinklepurple(1).docx,Parsed from uploaded Speedpaint comparison DOCX.
Army Painter,Speedpaint 2.0,Beowulf Blue,,Citadel,Spray,Macragge Blue,,Speedpaint Comparison,95.4,Medium,spray paints,ArmyCrafter Speedpaint 2.0 comparison document,speedpaint_orkskin_thru_periwinklepurple(1).docx,Parsed from uploaded Speedpaint comparison DOCX.
Army Painter,Speedpaint 2.0,Highlord Blue,,Citadel,Contrast,Stormfiend,,Speedpaint Comparison,98.5,High,speed paints,ArmyCrafter Speedpaint 2.0 comparison document,speedpaint_orkskin_thru_periwinklepurple(1).docx,Parsed from uploaded Speedpaint comparison DOCX.
Army Painter,Speedpaint 2.0,Highlord Blue,,Citadel,Contrast,Asurmen Blue,,Speedpaint Comparison,97.4,Medium,speed paints,ArmyCrafter Speedpaint 2.0 comparison document,speedpaint_orkskin_thru_periwinklepurple(1).docx,Parsed from uploaded Speedpaint comparison DOCX.
Army Painter,Speedpaint 2.0,Highlord Blue,,Citadel,Contrast,Talassar Blue,,Speedpaint Comparison,97.1,Medium,speed paints,ArmyCrafter Speedpaint 2.0 comparison document,speedpaint_orkskin_thru_periwinklepurple(1).docx,Parsed from uploaded Speedpaint comparison DOCX.
Army Painter,Speedpaint 2.0,Highlord Blue,,Citadel,Contrast,Frostheart,,Speedpaint Comparison,97.0,Medium,speed paints,ArmyCrafter Speedpaint 2.0 comparison document,speedpaint_orkskin_thru_periwinklepurple(1).docx,Parsed from uploaded Speedpaint comparison DOCX.
Army Painter,Speedpaint 2.0,Highlord Blue,,Vallejo,Xpress Color,Mystic Blue (72.411),,Speedpaint Comparison,96.8,Medium,speed paints,ArmyCrafter Speedpaint 2.0 comparison document,speedpaint_orkskin_thru_periwinklepurple(1).docx,Parsed from uploaded Speedpaint comparison DOCX.
Army Painter,Speedpaint 2.0,Highlord Blue,,Citadel,Contrast,Celestium Blue,,Speedpaint Comparison,95.3,Medium,speed paints,ArmyCrafter Speedpaint 2.0 comparison document,speedpaint_orkskin_thru_periwinklepurple(1).docx,Parsed from uploaded Speedpaint comparison DOCX.
Army Painter,Speedpaint 2.0,Highlord Blue,,Vallejo,Game Color,Blue (72.088),,Speedpaint Comparison,97.7,Medium,inks,ArmyCrafter Speedpaint 2.0 comparison document,speedpaint_orkskin_thru_periwinklepurple(1).docx,Parsed from uploaded Speedpaint comparison DOCX.
Army Painter,Speedpaint 2.0,Highlord Blue,,Scale75,Inktensity,Inktense Cyan (SC99),,Speedpaint Comparison,97.2,Medium,inks,ArmyCrafter Speedpaint 2.0 comparison document,speedpaint_orkskin_thru_periwinklepurple(1).docx,Parsed from uploaded Speedpaint comparison DOCX.
Army Painter,Speedpaint 2.0,Highlord Blue,,Army Painter,Warpaints,Viking Blue,,Speedpaint Comparison,97.6,Medium,layer paints,ArmyCrafter Speedpaint 2.0 comparison document,speedpaint_orkskin_thru_periwinklepurple(1).docx,Parsed from uploaded Speedpaint comparison DOCX.
Army Painter,Speedpaint 2.0,Highlord Blue,,Army Painter,Warpaints Fanatic,Regal Blue,,Speedpaint Comparison,96.8,Medium,layer paints,ArmyCrafter Speedpaint 2.0 comparison document,speedpaint_orkskin_thru_periwinklepurple(1).docx,Parsed from uploaded Speedpaint comparison DOCX.
Army Painter,Speedpaint 2.0,Highlord Blue,,Vallejo,Model Color,Royal Blue (70.809),,Speedpaint Comparison,96.6,Medium,layer paints,ArmyCrafter Speedpaint 2.0 comparison document,speedpaint_orkskin_thru_periwinklepurple(1).docx,Parsed from uploaded Speedpaint comparison DOCX.
Army Painter,Speedpaint 2.0,Highlord Blue,,Vallejo,Model Color,Medium Blue (70.963),,Speedpaint Comparison,95.6,Medium,layer paints,ArmyCrafter Speedpaint 2.0 comparison document,speedpaint_orkskin_thru_periwinklepurple(1).docx,Parsed from uploaded Speedpaint comparison DOCX.
Army Painter,Speedpaint 2.0,Highlord Blue,,Army Painter,Warpaints,Ultramarine Blue,,Speedpaint Comparison,95.6,Medium,layer paints,ArmyCrafter Speedpaint 2.0 comparison document,speedpaint_orkskin_thru_periwinklepurple(1).docx,Parsed from uploaded Speedpaint comparison DOCX.
Army Painter,Speedpaint 2.0,Highlord Blue,,Scale75,Scalecolor,Cantabric Blue (SC53),,Speedpaint Comparison,95.3,Medium,layer paints,ArmyCrafter Speedpaint 2.0 comparison document,speedpaint_orkskin_thru_periwinklepurple(1).docx,Parsed from uploaded Speedpaint comparison DOCX.
Army Painter,Speedpaint 2.0,Highlord Blue,,Vallejo,Model Air,French Blue (71.088),,Speedpaint Comparison,96.2,Medium,airbrush paints,ArmyCrafter Speedpaint 2.0 comparison document,speedpaint_orkskin_thru_periwinklepurple(1).docx,Parsed from uploaded Speedpaint comparison DOCX.
Army Painter,Speedpaint 2.0,Plasmatic Bolt,,Scale75,Scalecolor,Caribbean Blue (SC49),,Speedpaint Comparison,97.8,Medium,layer paints,ArmyCrafter Speedpaint 2.0 comparison document,speedpaint_orkskin_thru_periwinklepurple(1).docx,Parsed from uploaded Speedpaint comparison DOCX.
Army Painter,Speedpaint 2.0,Thunderbird Blue,,Vallejo,Game Color,Verdigris (72.096),,Speedpaint Comparison,97.2,Medium,layer paints,ArmyCrafter Speedpaint 2.0 comparison document,speedpaint_orkskin_thru_periwinklepurple(1).docx,Parsed from uploaded Speedpaint comparison DOCX.
Army Painter,Speedpaint 2.0,Thunderbird Blue,,Two Thin Coats,Wave 2,Ghoul Green,,Speedpaint Comparison,96.9,Medium,layer paints,ArmyCrafter Speedpaint 2.0 comparison document,speedpaint_orkskin_thru_periwinklepurple(1).docx,Parsed from uploaded Speedpaint comparison DOCX.
Army Painter,Speedpaint 2.0,Thunderbird Blue,,Army Painter,Warpaints Fanatic,Aqua Alchemy,,Speedpaint Comparison,96.0,Medium,layer paints,ArmyCrafter Speedpaint 2.0 comparison document,speedpaint_orkskin_thru_periwinklepurple(1).docx,Parsed from uploaded Speedpaint comparison DOCX.
Army Painter,Speedpaint 2.0,Thunderbird Blue,,Citadel,Layer,Gauss Blaster Green,,Speedpaint Comparison,95.8,Medium,layer paints,ArmyCrafter Speedpaint 2.0 comparison document,speedpaint_orkskin_thru_periwinklepurple(1).docx,Parsed from uploaded Speedpaint comparison DOCX.
Army Painter,Speedpaint 2.0,Lizardfolk Cyan,,Army Painter,Speedpaint 2.0,Raging Sea,,Speedpaint Comparison,98.3,High,speed paints,ArmyCrafter Speedpaint 2.0 comparison document,speedpaint_orkskin_thru_periwinklepurple(1).docx,Parsed from uploaded Speedpaint comparison DOCX.
Army Painter,Speedpaint 2.0,Lizardfolk Cyan,,Vallejo,Model Color,Light Blue Green (70.753),,Speedpaint Comparison,98.5,High,layer paints,ArmyCrafter Speedpaint 2.0 comparison document,speedpaint_orkskin_thru_periwinklepurple(1).docx,Parsed from uploaded Speedpaint comparison DOCX.
Army Painter,Speedpaint 2.0,Lizardfolk Cyan,,Two Thin Coats,Wave 3,Mythic Turquoise,,Speedpaint Comparison,95.7,Medium,layer paints,ArmyCrafter Speedpaint 2.0 comparison document,speedpaint_orkskin_thru_periwinklepurple(1).docx,Parsed from uploaded Speedpaint comparison DOCX.
Army Painter,Speedpaint 2.0,Lizardfolk Cyan,,Army Painter,Warpaints Fanatic,Hydra Turquoise,,Speedpaint Comparison,95.4,Medium,layer paints,ArmyCrafter Speedpaint 2.0 comparison document,speedpaint_orkskin_thru_periwinklepurple(1).docx,Parsed from uploaded Speedpaint comparison DOCX.
Army Painter,Speedpaint 2.0,Lizardfolk Cyan,,Scale75,Scalecolor,Adriatic Blue (SC15),,Speedpaint Comparison,95.4,Medium,layer paints,ArmyCrafter Speedpaint 2.0 comparison document,speedpaint_orkskin_thru_periwinklepurple(1).docx,Parsed from uploaded Speedpaint comparison DOCX.
Army Painter,Speedpaint 2.0,Raging Sea,,Army Painter,Speedpaint 2.0,Lizardfolk Cyan,,Speedpaint Comparison,98.3,High,speed paints,ArmyCrafter Speedpaint 2.0 comparison document,speedpaint_orkskin_thru_periwinklepurple(1).docx,Parsed from uploaded Speedpaint comparison DOCX.
Army Painter,Speedpaint 2.0,Raging Sea,,Citadel,Contrast,Aethermatic Blue,,Speedpaint Comparison,95.4,Medium,speed paints,ArmyCrafter Speedpaint 2.0 comparison document,speedpaint_orkskin_thru_periwinklepurple(1).docx,Parsed from uploaded Speedpaint comparison DOCX.
Army Painter,Speedpaint 2.0,Raging Sea,,Vallejo,Model Color,Light Blue Green (70.753),,Speedpaint Comparison,97.3,Medium,layer paints,ArmyCrafter Speedpaint 2.0 comparison document,speedpaint_orkskin_thru_periwinklepurple(1).docx,Parsed from uploaded Speedpaint comparison DOCX.
Army Painter,Speedpaint 2.0,Raging Sea,,Scale75,Scalecolor,Adriatic Blue (SC15),,Speedpaint Comparison,96.9,Medium,layer paints,ArmyCrafter Speedpaint 2.0 comparison document,speedpaint_orkskin_thru_periwinklepurple(1).docx,Parsed from uploaded Speedpaint comparison DOCX.
Army Painter,Speedpaint 2.0,Raging Sea,,Army Painter,Warpaints Fanatic,Hydra Turquoise,,Speedpaint Comparison,95.4,Medium,layer paints,ArmyCrafter Speedpaint 2.0 comparison document,speedpaint_orkskin_thru_periwinklepurple(1).docx,Parsed from uploaded Speedpaint comparison DOCX.
Army Painter,Speedpaint 2.0,Caribbean Ocean,,Two Thin Coats,Wave 2,Ray Gun Glow,,Speedpaint Comparison,97.4,Medium,layer paints,ArmyCrafter Speedpaint 2.0 comparison document,speedpaint_orkskin_thru_periwinklepurple(1).docx,Parsed from uploaded Speedpaint comparison DOCX.
Army Painter,Speedpaint 2.0,Caribbean Ocean,,Scale75,Scalecolor,Adriatic Blue (SC15),,Speedpaint Comparison,97.2,Medium,layer paints,ArmyCrafter Speedpaint 2.0 comparison document,speedpaint_orkskin_thru_periwinklepurple(1).docx,Parsed from uploaded Speedpaint comparison DOCX.
Army Painter,Speedpaint 2.0,Caribbean Ocean,,Scale75,Fantasy & Games,Hiril Blue (SFG33),,Speedpaint Comparison,96.0,Medium,layer paints,ArmyCrafter Speedpaint 2.0 comparison document,speedpaint_orkskin_thru_periwinklepurple(1).docx,Parsed from uploaded Speedpaint comparison DOCX.
Army Painter,Speedpaint 2.0,Caribbean Ocean,,Army Painter,Warpaints Fanatic,Turquoise Siren,,Speedpaint Comparison,95.9,Medium,layer paints,ArmyCrafter Speedpaint 2.0 comparison document,speedpaint_orkskin_thru_periwinklepurple(1).docx,Parsed from uploaded Speedpaint comparison DOCX.
Army Painter,Speedpaint 2.0,Magic Blue,,Army Painter,Speedpaint 2.0,Tidal Wave,,Speedpaint Comparison,99.3,High,speed paints,ArmyCrafter Speedpaint 2.0 comparison document,speedpaint_orkskin_thru_periwinklepurple(1).docx,Parsed from uploaded Speedpaint comparison DOCX.
Army Painter,Speedpaint 2.0,Magic Blue,,Vallejo,Model Color,Andrea Blue (70.841),,Speedpaint Comparison,98.1,High,layer paints,ArmyCrafter Speedpaint 2.0 comparison document,speedpaint_orkskin_thru_periwinklepurple(1).docx,Parsed from uploaded Speedpaint comparison DOCX.
Army Painter,Speedpaint 2.0,Magic Blue,,Vallejo,Game Color,Magic Blue (72.021),,Speedpaint Comparison,97.0,Medium,layer paints,ArmyCrafter Speedpaint 2.0 comparison document,speedpaint_orkskin_thru_periwinklepurple(1).docx,Parsed from uploaded Speedpaint comparison DOCX.
Army Painter,Speedpaint 2.0,Magic Blue,,Two Thin Coats,Wave 3,Relic Blue,,Speedpaint Comparison,96.6,Medium,layer paints,ArmyCrafter Speedpaint 2.0 comparison document,speedpaint_orkskin_thru_periwinklepurple(1).docx,Parsed from uploaded Speedpaint comparison DOCX.
Army Painter,Speedpaint 2.0,Magic Blue,,Army Painter,Warpaints Fanatic,Crystal Blue,,Speedpaint Comparison,95.5,Medium,layer paints,ArmyCrafter Speedpaint 2.0 comparison document,speedpaint_orkskin_thru_periwinklepurple(1).docx,Parsed from uploaded Speedpaint comparison DOCX.
Army Painter,Speedpaint 2.0,Magic Blue,,Army Painter,Warpaints,Crystal Blue,,Speedpaint Comparison,95.2,Medium,layer paints,ArmyCrafter Speedpaint 2.0 comparison document,speedpaint_orkskin_thru_periwinklepurple(1).docx,Parsed from uploaded Speedpaint comparison DOCX.
Army Painter,Speedpaint 2.0,Magic Blue,,Vallejo,Hobby Paint,Magic Blue (28.030),,Speedpaint Comparison,95.8,Medium,spray paints,ArmyCrafter Speedpaint 2.0 comparison document,speedpaint_orkskin_thru_periwinklepurple(1).docx,Parsed from uploaded Speedpaint comparison DOCX.
Army Painter,Speedpaint 2.0,Magic Blue,,Vallejo,Game Air,Magic Blue (76.021),,Speedpaint Comparison,97.0,Medium,airbrush paints,ArmyCrafter Speedpaint 2.0 comparison document,speedpaint_orkskin_thru_periwinklepurple(1).docx,Parsed from uploaded Speedpaint comparison DOCX.
Army Painter,Speedpaint 2.0,Tidal Wave,,Army Painter,Speedpaint 2.0,Magic Blue,,Speedpaint Comparison,99.3,High,speed paints,ArmyCrafter Speedpaint 2.0 comparison document,speedpaint_orkskin_thru_periwinklepurple(1).docx,Parsed from uploaded Speedpaint comparison DOCX.
Army Painter,Speedpaint 2.0,Tidal Wave,,Vallejo,Game Color,Blue (73.207),,Speedpaint Comparison,98.0,High,washes,ArmyCrafter Speedpaint 2.0 comparison document,speedpaint_orkskin_thru_periwinklepurple(1).docx,Parsed from uploaded Speedpaint comparison DOCX.
Army Painter,Speedpaint 2.0,Tidal Wave,,Vallejo,Model Color,Andrea Blue (70.841),,Speedpaint Comparison,97.3,Medium,layer paints,ArmyCrafter Speedpaint 2.0 comparison document,speedpaint_orkskin_thru_periwinklepurple(1).docx,Parsed from uploaded Speedpaint comparison DOCX.
Army Painter,Speedpaint 2.0,Tidal Wave,,Two Thin Coats,Wave 3,Relic Blue,,Speedpaint Comparison,97.2,Medium,layer paints,ArmyCrafter Speedpaint 2.0 comparison document,speedpaint_orkskin_thru_periwinklepurple(1).docx,Parsed from uploaded Speedpaint comparison DOCX.
Army Painter,Speedpaint 2.0,Tidal Wave,,Army Painter,Warpaints Fanatic,Crystal Blue,,Speedpaint Comparison,97.0,Medium,layer paints,ArmyCrafter Speedpaint 2.0 comparison document,speedpaint_orkskin_thru_periwinklepurple(1).docx,Parsed from uploaded Speedpaint comparison DOCX.
Army Painter,Speedpaint 2.0,Tidal Wave,,Vallejo,Game Color,Magic Blue (72.021),,Speedpaint Comparison,96.3,Medium,layer paints,ArmyCrafter Speedpaint 2.0 comparison document,speedpaint_orkskin_thru_periwinklepurple(1).docx,Parsed from uploaded Speedpaint comparison DOCX.
Army Painter,Speedpaint 2.0,Tidal Wave,,Two Thin Coats,Wave 2,Leviathan Blue,,Speedpaint Comparison,95.9,Medium,layer paints,ArmyCrafter Speedpaint 2.0 comparison document,speedpaint_orkskin_thru_periwinklepurple(1).docx,Parsed from uploaded Speedpaint comparison DOCX.
Army Painter,Speedpaint 2.0,Tidal Wave,,Army Painter,Warpaints,Crystal Blue,,Speedpaint Comparison,95.9,Medium,layer paints,ArmyCrafter Speedpaint 2.0 comparison document,speedpaint_orkskin_thru_periwinklepurple(1).docx,Parsed from uploaded Speedpaint comparison DOCX.
Army Painter,Speedpaint 2.0,Tidal Wave,,Vallejo,Hobby Paint,Magic Blue (28.030),,Speedpaint Comparison,97.4,Medium,spray paints,ArmyCrafter Speedpaint 2.0 comparison document,speedpaint_orkskin_thru_periwinklepurple(1).docx,Parsed from uploaded Speedpaint comparison DOCX.
Army Painter,Speedpaint 2.0,Tidal Wave,,Vallejo,Game Air,Magic Blue (76.021),,Speedpaint Comparison,96.3,Medium,airbrush paints,ArmyCrafter Speedpaint 2.0 comparison document,speedpaint_orkskin_thru_periwinklepurple(1).docx,Parsed from uploaded Speedpaint comparison DOCX.
Army Painter,Speedpaint 2.0,Royal Robes,,Citadel,Base,Caledor Sky,,Speedpaint Comparison,96.5,Medium,base paints,ArmyCrafter Speedpaint 2.0 comparison document,speedpaint_orkskin_thru_periwinklepurple(1).docx,Parsed from uploaded Speedpaint comparison DOCX.
Army Painter,Speedpaint 2.0,Royal Robes,,Two Thin Coats,Wave 2,Witching Hour Blue,,Speedpaint Comparison,97.9,Medium,layer paints,ArmyCrafter Speedpaint 2.0 comparison document,speedpaint_orkskin_thru_periwinklepurple(1).docx,Parsed from uploaded Speedpaint comparison DOCX.
Army Painter,Speedpaint 2.0,Royal Robes,,Army Painter,Warpaints Fanatic,Royal Blue,,Speedpaint Comparison,96.3,Medium,layer paints,ArmyCrafter Speedpaint 2.0 comparison document,speedpaint_orkskin_thru_periwinklepurple(1).docx,Parsed from uploaded Speedpaint comparison DOCX.
Army Painter,Speedpaint 2.0,Royal Robes,,Two Thin Coats,Wave 3,Eldar Robe,,Speedpaint Comparison,95.6,Medium,layer paints,ArmyCrafter Speedpaint 2.0 comparison document,speedpaint_orkskin_thru_periwinklepurple(1).docx,Parsed from uploaded Speedpaint comparison DOCX.
Army Painter,Speedpaint 2.0,Periwinkle Purple,,Army Painter,Warpaints Fanatic,Alien Purple,,Speedpaint Comparison,95.6,Medium,layer paints,ArmyCrafter Speedpaint 2.0 comparison document,speedpaint_orkskin_thru_periwinklepurple(1).docx,Parsed from uploaded Speedpaint comparison DOCX.
Army Painter,Speedpaint 2.0,Purple Swarm,,Scale75,Inktensity,Inktense Violet (SC82),,Speedpaint Comparison,97.6,Medium,inks,ArmyCrafter Speedpaint 2.0 comparison document,speedpaint_purpleswarm_thru_medium(1).docx,Parsed from uploaded Speedpaint comparison DOCX.
Army Painter,Speedpaint 2.0,Purple Swarm,,Army Painter,Warpaints Fanatic,Diabolic Plum,,Speedpaint Comparison,96.4,Medium,layer paints,ArmyCrafter Speedpaint 2.0 comparison document,speedpaint_purpleswarm_thru_medium(1).docx,Parsed from uploaded Speedpaint comparison DOCX.
Army Painter,Speedpaint 2.0,Hive Dweller Purple,,Vallejo,Xpress Color,Vampiric Purple (72.461),,Speedpaint Comparison,95.6,Medium,speed paints,ArmyCrafter Speedpaint 2.0 comparison document,speedpaint_purpleswarm_thru_medium(1).docx,Parsed from uploaded Speedpaint comparison DOCX.
Army Painter,Speedpaint 2.0,Hive Dweller Purple,,Vallejo,Xpress Color,Gloomy Violet (72.410),,Speedpaint Comparison,95.3,Medium,speed paints,ArmyCrafter Speedpaint 2.0 comparison document,speedpaint_purpleswarm_thru_medium(1).docx,Parsed from uploaded Speedpaint comparison DOCX.
Army Painter,Speedpaint 2.0,Hive Dweller Purple,,Army Painter,Warpaints Fanatic,Diabolic Plum,,Speedpaint Comparison,97.3,Medium,layer paints,ArmyCrafter Speedpaint 2.0 comparison document,speedpaint_purpleswarm_thru_medium(1).docx,Parsed from uploaded Speedpaint comparison DOCX.
Army Painter,Speedpaint 2.0,Hive Dweller Purple,,Army Painter,Warpaints,Alien Purple,,Speedpaint Comparison,96.3,Medium,layer paints,ArmyCrafter Speedpaint 2.0 comparison document,speedpaint_purpleswarm_thru_medium(1).docx,Parsed from uploaded Speedpaint comparison DOCX.
Army Painter,Speedpaint 2.0,Hive Dweller Purple,,Vallejo,Game Color,Hexed Lichen (72.015),,Speedpaint Comparison,95.3,Medium,layer paints,ArmyCrafter Speedpaint 2.0 comparison document,speedpaint_purpleswarm_thru_medium(1).docx,Parsed from uploaded Speedpaint comparison DOCX.
Army Painter,Speedpaint 2.0,Hive Dweller Purple,,AK Interactive,3rd Gen Acrylic,King Purple - Color Punch (AK11271),,Speedpaint Comparison,95.3,Medium,layer paints,ArmyCrafter Speedpaint 2.0 comparison document,speedpaint_purpleswarm_thru_medium(1).docx,Parsed from uploaded Speedpaint comparison DOCX.
Army Painter,Speedpaint 2.0,Moody Mauve,,Vallejo,Xpress Color,Fluid Pink (72.459),,Speedpaint Comparison,97.0,Medium,speed paints,ArmyCrafter Speedpaint 2.0 comparison document,speedpaint_purpleswarm_thru_medium(1).docx,Parsed from uploaded Speedpaint comparison DOCX.
Army Painter,Speedpaint 2.0,Moody Mauve,,Two Thin Coats,Wave 1,Glistening Gums,,Speedpaint Comparison,96.4,Medium,layer paints,ArmyCrafter Speedpaint 2.0 comparison document,speedpaint_purpleswarm_thru_medium(1).docx,Parsed from uploaded Speedpaint comparison DOCX.
Army Painter,Speedpaint 2.0,Moody Mauve,,Vallejo,Model Color,Pink (70.958),,Speedpaint Comparison,95.6,Medium,layer paints,ArmyCrafter Speedpaint 2.0 comparison document,speedpaint_purpleswarm_thru_medium(1).docx,Parsed from uploaded Speedpaint comparison DOCX.
Army Painter,Speedpaint 2.0,Moody Mauve,,Army Painter,Warpaints Fanatic,Elder Flower,,Speedpaint Comparison,95.4,Medium,layer paints,ArmyCrafter Speedpaint 2.0 comparison document,speedpaint_purpleswarm_thru_medium(1).docx,Parsed from uploaded Speedpaint comparison DOCX.
Army Painter,Speedpaint 2.0,Moonlake Coral,,Army Painter,Speedpaint 2.0,Purple Alchemy,,Speedpaint Comparison,95.3,Medium,speed paints,ArmyCrafter Speedpaint 2.0 comparison document,speedpaint_purpleswarm_thru_medium(1).docx,Parsed from uploaded Speedpaint comparison DOCX.
Army Painter,Speedpaint 2.0,Moonlake Coral,,Army Painter,Warpaints,Warlock Purple,,Speedpaint Comparison,95.6,Medium,layer paints,ArmyCrafter Speedpaint 2.0 comparison document,speedpaint_purpleswarm_thru_medium(1).docx,Parsed from uploaded Speedpaint comparison DOCX.
Army Painter,Speedpaint 2.0,Moonlake Coral,,Citadel,Layer,Emperor's Children,,Speedpaint Comparison,95.4,Medium,layer paints,ArmyCrafter Speedpaint 2.0 comparison document,speedpaint_purpleswarm_thru_medium(1).docx,Parsed from uploaded Speedpaint comparison DOCX.
Army Painter,Speedpaint 2.0,Moonlake Coral,,Vallejo,Game Color,Magenta (72.083),,Speedpaint Comparison,96.0,Medium,inks,ArmyCrafter Speedpaint 2.0 comparison document,speedpaint_purpleswarm_thru_medium(1).docx,Parsed from uploaded Speedpaint comparison DOCX.
Army Painter,Speedpaint 2.0,Purple Alchemy,,Army Painter,Speedpaint 2.0,Moonlake Coral,,Speedpaint Comparison,95.3,Medium,speed paints,ArmyCrafter Speedpaint 2.0 comparison document,speedpaint_purpleswarm_thru_medium(1).docx,Parsed from uploaded Speedpaint comparison DOCX.
Army Painter,Speedpaint 2.0,Purple Alchemy,,Citadel,Layer,Emperor's Children,,Speedpaint Comparison,97.6,Medium,layer paints,ArmyCrafter Speedpaint 2.0 comparison document,speedpaint_purpleswarm_thru_medium(1).docx,Parsed from uploaded Speedpaint comparison DOCX.
Army Painter,Speedpaint 2.0,Purple Alchemy,,AK Interactive,3rd Gen Acrylic,Magenta (AK11067),,Speedpaint Comparison,96.7,Medium,layer paints,ArmyCrafter Speedpaint 2.0 comparison document,speedpaint_purpleswarm_thru_medium(1).docx,Parsed from uploaded Speedpaint comparison DOCX.
Army Painter,Speedpaint 2.0,Purple Alchemy,,Scale75,Scalecolor,Fuchsia (SC34),,Speedpaint Comparison,95.9,Medium,layer paints,ArmyCrafter Speedpaint 2.0 comparison document,speedpaint_purpleswarm_thru_medium(1).docx,Parsed from uploaded Speedpaint comparison DOCX.
Army Painter,Speedpaint 2.0,Purple Alchemy,,Vallejo,Game Color,Magenta (72.083),,Speedpaint Comparison,96.5,Medium,inks,ArmyCrafter Speedpaint 2.0 comparison document,speedpaint_purpleswarm_thru_medium(1).docx,Parsed from uploaded Speedpaint comparison DOCX.
Army Painter,Speedpaint 2.0,Howling Sand,,AK Interactive,3rd Gen Acrylic,Green-Grey (AK11132),,Speedpaint Comparison,95.6,Medium,layer paints,ArmyCrafter Speedpaint 2.0 comparison document,speedpaint_purpleswarm_thru_medium(1).docx,Parsed from uploaded Speedpaint comparison DOCX.
Army Painter,Speedpaint 2.0,Howling Sand,,Army Painter,Warpaints,Drake Tooth,,Speedpaint Comparison,95.1,Medium,layer paints,ArmyCrafter Speedpaint 2.0 comparison document,speedpaint_purpleswarm_thru_medium(1).docx,Parsed from uploaded Speedpaint comparison DOCX.
Army Painter,Speedpaint 2.0,Howling Sand,,Citadel,Dry,Longbeard Grey,,Speedpaint Comparison,95.2,Medium,drybrush paints,ArmyCrafter Speedpaint 2.0 comparison document,speedpaint_purpleswarm_thru_medium(1).docx,Parsed from uploaded Speedpaint comparison DOCX.
Army Painter,Speedpaint 2.0,Pastel Yellow,,AK Interactive,3rd Gen Acrylic,Ice Yellow (AK11036),,Speedpaint Comparison,98.2,High,layer paints,ArmyCrafter Speedpaint 2.0 comparison document,speedpaint_purpleswarm_thru_medium(1).docx,Parsed from uploaded Speedpaint comparison DOCX.
Army Painter,Speedpaint 2.0,Pastel Yellow,,Army Painter,Warpaints Fanatic,Space Dust,,Speedpaint Comparison,97.0,Medium,layer paints,ArmyCrafter Speedpaint 2.0 comparison document,speedpaint_purpleswarm_thru_medium(1).docx,Parsed from uploaded Speedpaint comparison DOCX.
Army Painter,Speedpaint 2.0,Pastel Yellow,,AK Interactive,3rd Gen Acrylic,Pastel Yellow (AK11037),,Speedpaint Comparison,96.3,Medium,layer paints,ArmyCrafter Speedpaint 2.0 comparison document,speedpaint_purpleswarm_thru_medium(1).docx,Parsed from uploaded Speedpaint comparison DOCX.
Army Painter,Speedpaint 2.0,Pastel Yellow,,AK Interactive,3rd Gen Acrylic,Pale Yellow (AK11038),,Speedpaint Comparison,95.9,Medium,layer paints,ArmyCrafter Speedpaint 2.0 comparison document,speedpaint_purpleswarm_thru_medium(1).docx,Parsed from uploaded Speedpaint comparison DOCX.
Army Painter,Speedpaint 2.0,Pastel Yellow,,Army Painter,Warpaints,Moon Dust,,Speedpaint Comparison,95.3,Medium,layer paints,ArmyCrafter Speedpaint 2.0 comparison document,speedpaint_purpleswarm_thru_medium(1).docx,Parsed from uploaded Speedpaint comparison DOCX.
Army Painter,Speedpaint 2.0,Pastel Yellow,,AK Interactive,3rd Gen Acrylic,Pale Sand (AK11032),,Speedpaint Comparison,95.0,Medium,layer paints,ArmyCrafter Speedpaint 2.0 comparison document,speedpaint_purpleswarm_thru_medium(1).docx,Parsed from uploaded Speedpaint comparison DOCX.
Army Painter,Speedpaint 2.0,Pastel Salmon,,Scale75,Scalecolor,Golden Skin (SC19),,Speedpaint Comparison,99.7,High,layer paints,ArmyCrafter Speedpaint 2.0 comparison document,speedpaint_purpleswarm_thru_medium(1).docx,Parsed from uploaded Speedpaint comparison DOCX.
Army Painter,Speedpaint 2.0,Pastel Salmon,,Monument,Pro Acryl Standard,Warm Flesh (073),,Speedpaint Comparison,96.8,Medium,layer paints,ArmyCrafter Speedpaint 2.0 comparison document,speedpaint_purpleswarm_thru_medium(1).docx,Parsed from uploaded Speedpaint comparison DOCX.
Army Painter,Speedpaint 2.0,Pastel Salmon,,Army Painter,Warpaints,Elven Flesh,,Speedpaint Comparison,96.7,Medium,layer paints,ArmyCrafter Speedpaint 2.0 comparison document,speedpaint_purpleswarm_thru_medium(1).docx,Parsed from uploaded Speedpaint comparison DOCX.
Army Painter,Speedpaint 2.0,Pastel Salmon,,Scale75,Scalecolor,Light Skin (SC18),,Speedpaint Comparison,96.7,Medium,layer paints,ArmyCrafter Speedpaint 2.0 comparison document,speedpaint_purpleswarm_thru_medium(1).docx,Parsed from uploaded Speedpaint comparison DOCX.
Army Painter,Speedpaint 2.0,Pastel Salmon,,Army Painter,Warpaints Fanatic,Dorado Skin,,Speedpaint Comparison,96.1,Medium,layer paints,ArmyCrafter Speedpaint 2.0 comparison document,speedpaint_purpleswarm_thru_medium(1).docx,Parsed from uploaded Speedpaint comparison DOCX.
Army Painter,Speedpaint 2.0,Pastel Salmon,,AK Interactive,3rd Gen Acrylic,Basic Skin Tone (AK11052),,Speedpaint Comparison,95.1,Medium,layer paints,ArmyCrafter Speedpaint 2.0 comparison document,speedpaint_purpleswarm_thru_medium(1).docx,Parsed from uploaded Speedpaint comparison DOCX.
Army Painter,Speedpaint 2.0,Pastel Salmon,,Vallejo,Model Air,Skin Tone (71.076),,Speedpaint Comparison,97.4,Medium,airbrush paints,ArmyCrafter Speedpaint 2.0 comparison document,speedpaint_purpleswarm_thru_medium(1).docx,Parsed from uploaded Speedpaint comparison DOCX.
Army Painter,Speedpaint 2.0,Princess Pink,,Citadel,Layer,Fulgrim Pink,,Speedpaint Comparison,95.5,Medium,layer paints,ArmyCrafter Speedpaint 2.0 comparison document,speedpaint_purpleswarm_thru_medium(1).docx,Parsed from uploaded Speedpaint comparison DOCX.
Army Painter,Speedpaint 2.0,Pastel Indigo,,Army Painter,Warpaints Fanatic,Frost Blue,,Speedpaint Comparison,96.3,Medium,layer paints,ArmyCrafter Speedpaint 2.0 comparison document,speedpaint_purpleswarm_thru_medium(1).docx,Parsed from uploaded Speedpaint comparison DOCX.
Army Painter,Speedpaint 2.0,Pastel Indigo,,Citadel,Layer,Blue Horror,,Speedpaint Comparison,95.7,Medium,layer paints,ArmyCrafter Speedpaint 2.0 comparison document,speedpaint_purpleswarm_thru_medium(1).docx,Parsed from uploaded Speedpaint comparison DOCX.
Army Painter,Speedpaint 2.0,Pastel Indigo,,Citadel,Dry,Etherium Blue,,Speedpaint Comparison,95.7,Medium,drybrush paints,ArmyCrafter Speedpaint 2.0 comparison document,speedpaint_purpleswarm_thru_medium(1).docx,Parsed from uploaded Speedpaint comparison DOCX.
Army Painter,Speedpaint 2.0,Pastel Seafoam,,Citadel,Layer,Ulthuan Grey,,Speedpaint Comparison,96.0,Medium,layer paints,ArmyCrafter Speedpaint 2.0 comparison document,speedpaint_purpleswarm_thru_medium(1).docx,Parsed from uploaded Speedpaint comparison DOCX.
Army Painter,Speedpaint 2.0,Pastel Seafoam,,Army Painter,Warpaints Fanatic,Mossy Green,,Speedpaint Comparison,95.3,Medium,layer paints,ArmyCrafter Speedpaint 2.0 comparison document,speedpaint_purpleswarm_thru_medium(1).docx,Parsed from uploaded Speedpaint comparison DOCX.
Army Painter,Speedpaint 2.0,Pastel Seafoam,,Citadel,Air,Ulthuan Grey,,Speedpaint Comparison,96.0,Medium,airbrush paints,ArmyCrafter Speedpaint 2.0 comparison document,speedpaint_purpleswarm_thru_medium(1).docx,Parsed from uploaded Speedpaint comparison DOCX.
Army Painter,Speedpaint 2.0,Familiar Pink,,Two Thin Coats,Wave 3,Cyber Pink,,Speedpaint Comparison,95.0,Medium,layer paints,ArmyCrafter Speedpaint 2.0 comparison document,speedpaint_purpleswarm_thru_medium(1).docx,Parsed from uploaded Speedpaint comparison DOCX.
